# NH3API v2.1 IDB functions; hd_va is the HD pressing; retail_rva only where the hdmap
# masked-identity bridge lands (crossbuild-verified correspondence, name still external).
hd_va,name,readable,prototype,retail_rva
0x401000,init_adventuremapwindow_cpp_401000,,,
0x401060,init_adventuremapwindow_cpp_401060,,,
0x4010c0,init_adventuremapwindow_cpp_4010C0,,,
0x401130,init_adventuremapwindow_cpp_401130,,,
0x401190,init_adventuremapwindow_cpp_401190,,,
0x4011f0,init_adventuremapwindow_cpp_4011F0,,,
0x401250,init_adventuremapwindow_cpp_401250,,,
0x4012b0,init_adventuremapwindow_cpp_4012B0,,,
0x401310,init_adventuremapwindow_cpp_401310,,,
0x401370,init_adventuremapwindow_cpp_401370,,,
0x4013d0,zlib_4013D0,,,
0x401400,?Open@TAdventureMapWindow@@UAAHH_N@Z,TAdventureMapWindow_Open,"int (__thiscall ?Open@TAdventureMapWindow@@UAAHH_N@Z)(TAdventureMapWindow* this, int newPriority, bool update)",
0x4014d0,?Close@TAdventureMapWindow@@UAAX_N@Z,TAdventureMapWindow_Close,"void (__thiscall ?Close@TAdventureMapWindow@@UAAX_N@Z)(TAdventureMapWindow* this, bool update)",
0x401510,??0TAdventureMapWindow@@QAA@XZ,TAdventureMapWindow_ctor,TAdventureMapWindow* (__thiscall ??0TAdventureMapWindow@@QAA@XZ)(TAdventureMapWindow* this),0x1510
0x4021d0,?GetRealHeight@widget@@UBAHXZ,widget_GetRealHeight,int (__thiscall ?GetRealHeight@widget@@UBAHXZ)(widget* this),
0x4021e0,?GetRealWidth@widget@@UBAHXZ,widget_GetRealWidth,int (__thiscall ?GetRealWidth@widget@@UBAHXZ)(widget* this),
0x4021f0,?OnKeyPress@CGameChatEdit@@UAAHAAUmessage@@@Z,CGameChatEdit_OnKeyPress,"int (__thiscall ?OnKeyPress@CGameChatEdit@@UAAHAAUmessage@@@Z)(CGameChatEdit* this, message* msg)",
0x402240,?OnEscape@CGameChatEdit@@UAAHUmessage@@@Z,CGameChatEdit_OnEscape,"int (__thiscall ?OnEscape@CGameChatEdit@@UAAHUmessage@@@Z)(CGameChatEdit* this, message msg)",
0x402280,?SendChatCleanup@CGameChatEdit@@UAAXXZ,CGameChatEdit_SendChatCleanup,void (__thiscall ?SendChatCleanup@CGameChatEdit@@UAAXXZ)(CGameChatEdit* this),
0x4022b0,?Activate@CGameChatEdit@@UAAXXZ,CGameChatEdit_Activate,void (__thiscall ?Activate@CGameChatEdit@@UAAXXZ)(CGameChatEdit* this),
0x4022e0,?SendChat@CAdventurMapChatEdit@@UAAXPBDH@Z,CAdventurMapChatEdit_SendChat,"void (__thiscall ?SendChat@CAdventurMapChatEdit@@UAAXPBDH@Z)(CAdventurMapChatEdit* this, int8* sChat, int toWho)",
0x402450,CheckAdvCheatCode,,void (__fastcall CheckAdvCheatCode)(std::string* chatString),
0x402a30,?encode@TCheatCode@@AAAXPBD@Z,TCheatCode_encode,"void (__thiscall ?encode@TCheatCode@@AAAXPBD@Z)(TCheatCode* this, int8* _code)",
0x402ae0,??_GTAdventureMapWindow@@UAAPAXI@Z,op_GTAdventureMapWindow,"TAdventureMapWindow* (__thiscall ??_GTAdventureMapWindow@@UAAPAXI@Z)(TAdventureMapWindow* this, int8 flag)",
0x402b10,??1TAdventureMapWindow@@UAA@XZ,TAdventureMapWindow_dtor,void (__thiscall ??1TAdventureMapWindow@@UAA@XZ)(TAdventureMapWindow* this),0x2b10
0x402b90,?animate_bottom_view@TAdventureMapWindow@@QAAX_N@Z,TAdventureMapWindow_animate_bottom_view,"void (__thiscall ?animate_bottom_view@TAdventureMapWindow@@QAAX_N@Z)(TAdventureMapWindow* this, bool in_background)",0x2b90
0x402bc0,?draw_bottom_view@TAdventureMapWindow@@QAAX_N@Z,TAdventureMapWindow_draw_bottom_view,"void (__thiscall ?draw_bottom_view@TAdventureMapWindow@@QAAX_N@Z)(TAdventureMapWindow* this, bool update)",0x2bc0
0x402c10,?set_bottom_view@TAdventureMapWindow@@QAAXPAVtype_bottom_view_window@@@Z,TAdventureMapWindow_set_bottom_view,"void (__thiscall ?set_bottom_view@TAdventureMapWindow@@QAAXPAVtype_bottom_view_window@@@Z)(TAdventureMapWindow* this, type_bottom_view_window* new_view)",0x2c10
0x402c50,?convertID2HelpID@TAdventureMapWindow@@ABAHH@Z,TAdventureMapWindow_convertID2HelpID,"int (__thiscall ?convertID2HelpID@TAdventureMapWindow@@ABAHH@Z)(TAdventureMapWindow* this, int id)",0x2c50
0x402e70,?ProcessRightSelect@TAdventureMapWindow@@QAA_NABUmessage@@@Z,TAdventureMapWindow_ProcessRightSelect,"bool (__thiscall ?ProcessRightSelect@TAdventureMapWindow@@QAA_NABUmessage@@@Z)(TAdventureMapWindow* this, message* msg)",0x2e70
0x403010,?ProcessHover@TAdventureMapWindow@@QAA_NHH@Z,TAdventureMapWindow_ProcessHover,"bool (__thiscall ?ProcessHover@TAdventureMapWindow@@QAA_NHH@Z)(TAdventureMapWindow* this, int hx, int hy)",0x3010
0x403220,?DoHeroKnob@TAdventureMapWindow@@QAAX_N@Z,TAdventureMapWindow_DoHeroKnob,"void (__thiscall ?DoHeroKnob@TAdventureMapWindow@@QAAX_N@Z)(TAdventureMapWindow* this, bool update)",0x3220
0x403280,?DoTownKnob@TAdventureMapWindow@@QAAX_N@Z,TAdventureMapWindow_DoTownKnob,"void (__thiscall ?DoTownKnob@TAdventureMapWindow@@QAAX_N@Z)(TAdventureMapWindow* this, bool update)",0x3280
0x4032e0,?UpdateHeroLocators@TAdventureMapWindow@@QAAXH_N0@Z,TAdventureMapWindow_UpdateHeroLocators,"void (__thiscall ?UpdateHeroLocators@TAdventureMapWindow@@QAAXH_N0@Z)(TAdventureMapWindow* this, int top, bool drawWin, bool updateFlag)",0x32e0
0x403420,?UpdateTownLocators@TAdventureMapWindow@@QAAXH_N0@Z,TAdventureMapWindow_UpdateTownLocators,"void (__thiscall ?UpdateTownLocators@TAdventureMapWindow@@QAAXH_N0@Z)(TAdventureMapWindow* this, int top, bool drawWin, bool updateFlag)",0x3420
0x403560,?UpdateHeroLocator@TAdventureMapWindow@@QAAXH_N0@Z,TAdventureMapWindow_UpdateHeroLocator,"void (__thiscall ?UpdateHeroLocator@TAdventureMapWindow@@QAAXH_N0@Z)(TAdventureMapWindow* this, int iWhich, bool drawWinSect, bool updateFlag)",0x3560
0x4037a0,?UpdateTownLocator@TAdventureMapWindow@@QAAXH_N0@Z,TAdventureMapWindow_UpdateTownLocator,"void (__thiscall ?UpdateTownLocator@TAdventureMapWindow@@QAAXH_N0@Z)(TAdventureMapWindow* this, int iWhich, bool drawWinSect, bool updateFlag)",0x37a0
0x4038c0,?HighlightLocators@TAdventureMapWindow@@QAAX_N@Z,TAdventureMapWindow_HighlightLocators,"void (__thiscall ?HighlightLocators@TAdventureMapWindow@@QAAX_N@Z)(TAdventureMapWindow* this, bool update)",0x38c0
0x4039b0,?UpdateQuestLogButton@TAdventureMapWindow@@QAAX_N@Z,TAdventureMapWindow_UpdateQuestLogButton,"void (__thiscall ?UpdateQuestLogButton@TAdventureMapWindow@@QAAX_N@Z)(TAdventureMapWindow* this, bool update)",0x39b0
0x403ba0,?UpdateSleepButton@TAdventureMapWindow@@QAAXPBVhero@@@Z,TAdventureMapWindow_UpdateSleepButton,"void (__thiscall ?UpdateSleepButton@TAdventureMapWindow@@QAAXPBVhero@@@Z)(TAdventureMapWindow* this, hero* this_hero)",0x3ba0
0x403bf0,?UpdateSpellButton@TAdventureMapWindow@@QAAXPBVhero@@@Z,TAdventureMapWindow_UpdateSpellButton,"void (__thiscall ?UpdateSpellButton@TAdventureMapWindow@@QAAXPBVhero@@@Z)(TAdventureMapWindow* this, hero* this_hero)",0x3bf0
0x403c40,?SetElevationToggleImage@TAdventureMapWindow@@QAA_NH@Z,TAdventureMapWindow_SetElevationToggleImage,"bool (__thiscall ?SetElevationToggleImage@TAdventureMapWindow@@QAA_NH@Z)(TAdventureMapWindow* this, int level)",0x3c40
0x403cc0,?SetSleepImage@TAdventureMapWindow@@QAAXH@Z,TAdventureMapWindow_SetSleepImage,"void (__thiscall ?SetSleepImage@TAdventureMapWindow@@QAAXH@Z)(TAdventureMapWindow* this, int image)",0x3cc0
0x403ee0,?ClearBottomView@TAdventureMapWindow@@QAAXXZ,TAdventureMapWindow_ClearBottomView,void (__thiscall ?ClearBottomView@TAdventureMapWindow@@QAAXXZ)(TAdventureMapWindow* this),0x3ee0
0x403f00,?UpdateResourceDisplay@TAdventureMapWindow@@QAAX_N0@Z,TAdventureMapWindow_UpdateResourceDisplay,"void (__thiscall ?UpdateResourceDisplay@TAdventureMapWindow@@QAAX_N0@Z)(TAdventureMapWindow* this, bool draw, bool update)",0x3f00
0x403f20,?DrawChatText@TAdventureMapWindow@@QAAX_N@Z,TAdventureMapWindow_DrawChatText,"void (__thiscall ?DrawChatText@TAdventureMapWindow@@QAAX_N@Z)(TAdventureMapWindow* this, bool update)",0x3f20
0x403f60,?UpdateButtons@TAdventureMapWindow@@QAAX_N0@Z,TAdventureMapWindow_UpdateButtons,"void (__thiscall ?UpdateButtons@TAdventureMapWindow@@QAAX_N0@Z)(TAdventureMapWindow* this, bool draw, bool update)",0x3f60
0x4040b0,TAdventureMapWindow::sleep,,"void (__thiscall TAdventureMapWindow::sleep)(TAdventureMapWindow* this, bool arg)",
0x4040f0,??1?$basic_string@DU?$char_traits@D@std@@V?$allocator@D@2@@std@@QAE@XZ,std_D_DU_char_traits_basic_string_dtor,void (__thiscall ??1?$basic_string@DU?$char_traits@D@std@@V?$allocator@D@2@@std@@QAE@XZ)(std::string* this),
0x404130,?_Tidy@?$basic_string@DU?$char_traits@D@std@@V?$allocator@D@2@@std@@AAEX_N@Z,std_D_DU_char_traits_basic_string_Tidy,"void (__thiscall ?_Tidy@?$basic_string@DU?$char_traits@D@std@@V?$allocator@D@2@@std@@AAEX_N@Z)(std::string* this, bool destroy)",
0x404180,?assign@?$basic_string@DU?$char_traits@D@std@@V?$allocator@D@2@@std@@QAEAAV12@PBDI@Z,std_D_DU_char_traits_basic_string_assign,"std::string* (__thiscall ?assign@?$basic_string@DU?$char_traits@D@std@@V?$allocator@D@2@@std@@QAEAAV12@PBDI@Z)(std::string* this, int8* src, unsigned int num)",
0x404230,?set_hotkey@button@@QAAXH@Z,button_set_hotkey,"void (__thiscall ?set_hotkey@button@@QAAXH@Z)(button* this, int key)",0x4200
0x404440,std::_Xpos,,,
0x404510,??0logic_error@std@@QAE@ABV01@@Z,std_logic_error_ctor,"std::length_error* (__thiscall ??0logic_error@std@@QAE@ABV01@@Z)(std::length_error* this, std::length_error* other)",
0x404670,j_?_Doraise@logic_error@std@@MBEXXZ,,void (__thiscall j_?_Doraise@logic_error@std@@MBEXXZ)(std::logic_error* this),
0x404690,?_Doraise@out_of_range@std@@MBEXXZ,std_out_of_range_Doraise,void (__thiscall ?_Doraise@out_of_range@std@@MBEXXZ)(std::out_of_range* this),
0x4046b0,??0out_of_range@std@@QAE@ABV01@@Z,std_out_of_range_ctor,"std::exception* (__thiscall ??0out_of_range@std@@QAE@ABV01@@Z)(std::exception* this, std::out_of_range* src)",
0x404810,?append@?$basic_string@DU?$char_traits@D@std@@V?$allocator@D@2@@std@@QAEAAV12@ABV12@II@Z,std_D_DU_char_traits_basic_string_append,"std::string* (__thiscall ?append@?$basic_string@DU?$char_traits@D@std@@V?$allocator@D@2@@std@@QAEAAV12@ABV12@II@Z)(std::string* this, std::string* str, uint subpos, uint sublen)",
0x404a20,?_Eos@?$basic_string@DU?$char_traits@D@std@@V?$allocator@D@2@@std@@AAEXI@Z,std_D_DU_char_traits_basic_string_Eos,"void (__thiscall ?_Eos@?$basic_string@DU?$char_traits@D@std@@V?$allocator@D@2@@std@@AAEXI@Z)(std::string* this, uint _X)",
0x404a40,?_Grow@?$basic_string@DU?$char_traits@D@std@@V?$allocator@D@2@@std@@AAE_NI_N@Z,std_D_DU_char_traits_basic_string_Grow,"bool (__thiscall ?_Grow@?$basic_string@DU?$char_traits@D@std@@V?$allocator@D@2@@std@@AAE_NI_N@Z)(std::string* this, unsigned int N, bool Trim)",
0x404b70,?max_size@?$basic_string@DU?$char_traits@D@std@@V?$allocator@D@2@@std@@QBEIXZ,std_D_DU_char_traits_basic_string_max_size,uint (__thiscall ?max_size@?$basic_string@DU?$char_traits@D@std@@V?$allocator@D@2@@std@@QBEIXZ)(std::string* this),
0x404b80,?_Copy@?$basic_string@DU?$char_traits@D@std@@V?$allocator@D@2@@std@@AAEXI@Z,std_D_DU_char_traits_basic_string_Copy,"void (__thiscall ?_Copy@?$basic_string@DU?$char_traits@D@std@@V?$allocator@D@2@@std@@AAEXI@Z)(std::string* this, unsigned int _N)",
0x404c90,?_Split@?$basic_string@DU?$char_traits@D@std@@V?$allocator@D@2@@std@@AAEXXZ,std_D_DU_char_traits_basic_string_Split,void (__thiscall ?_Split@?$basic_string@DU?$char_traits@D@std@@V?$allocator@D@2@@std@@AAEXXZ)(std::string* this),
0x404d70,init_bitset_404D70,,,
0x404d90,init_bitset_404D90,,,
0x404df0,init_bitset_404DF0,,,
0x404e50,init_bitset_404E50,,,
0x404ec0,init_bitset_404EC0,,,
0x404f20,init_bitset_404F20,,,
0x404f80,init_bitset_404F80,,,
0x404fe0,init_bitset_404FE0,,,
0x405040,init_bitset_405040,,,
0x4050a0,init_bitset_4050A0,,,
0x405100,init_bitset_405100,,,
0x405160,??0TAdventureOptionsWindow@@QAA@XZ,TAdventureOptionsWindow_ctor,TAdventureOptionsWindow* (__thiscall ??0TAdventureOptionsWindow@@QAA@XZ)(TAdventureOptionsWindow* this),
0x405610,?handle_message@CHeroWindowEx@@UAAHAAUmessage@@@Z,CHeroWindowEx_handle_message,"int (__thiscall ?handle_message@CHeroWindowEx@@UAAHAAUmessage@@@Z)(CHeroWindowEx* this, message* msg)",
0x405620,??_GTAdventureOptionsWindow@@UAAPAXI@Z,op_GTAdventureOptionsWindow,"void (__thiscall ??_GTAdventureOptionsWindow@@UAAPAXI@Z)(TAdventureOptionsWindow* this, bool flag)",
0x405650,??1TAdventureOptionsWindow@@UAA@XZ,TAdventureOptionsWindow_dtor,void (__thiscall ??1TAdventureOptionsWindow@@UAA@XZ)(TAdventureOptionsWindow* this),
0x4056c0,?WindowHandler@TAdventureOptionsWindow@@UAAHAAUmessage@@@Z,TAdventureOptionsWindow_WindowHandler,"int (__thiscall ?WindowHandler@TAdventureOptionsWindow@@UAAHAAUmessage@@@Z)(TAdventureOptionsWindow* this, message* msg)",
0x4058c0,init_bitset_4058C0,,,
0x4058e0,init_bitset_4058E0,,,
0x405940,init_bitset_405940,,,
0x4059a0,init_bitset_4059A0,,,
0x405a10,init_bitset_405A10,,,
0x405a70,init_bitset_405A70,,,
0x405ad0,init_bitset_405AD0,,,
0x405b30,init_bitset_405B30,,,
0x405b90,init_bitset_405B90,,,
0x405bf0,init_bitset_405BF0,,,
0x405c50,init_bitset_405C50,,,
0x405cb0,?InitializeCreatureGeneratorNames@@YA_NXZ,InitializeCreatureGeneratorNames,,
0x405d10,?InitializeExtraInfoText@@YA_NXZ,InitializeExtraInfoText,,
0x405d40,init_405D40,,,
0x405d70,?get_black_box@ExtraInfoUnion@@QBAPAVBlackBoxData@@XZ,ExtraInfoUnion_get_black_box,BlackBoxData* (__thiscall ?get_black_box@ExtraInfoUnion@@QBAPAVBlackBoxData@@XZ)(ExtraInfoUnion* this),0x5de0
0x405d80,?get_creature_bank@ExtraInfoUnion@@QBAAAUtype_creature_bank@@XZ,ExtraInfoUnion_get_creature_bank,type_creature_bank* (__thiscall ?get_creature_bank@ExtraInfoUnion@@QBAAAUtype_creature_bank@@XZ)(ExtraInfoUnion* this),0x5df0
0x405da0,?get_university@ExtraInfoUnion@@QBAPAUtype_university@@XZ,ExtraInfoUnion_get_university,type_university* (__thiscall ?get_university@ExtraInfoUnion@@QBAPAUtype_university@@XZ)(ExtraInfoUnion* this),0x5e10
0x405dc0,?HandleNetMsg@CAdvMgrNetMsgHandler@@UAAPAVCNetMsg@@PAV2@@Z,CAdvMgrNetMsgHandler_HandleNetMsg,"int (__thiscall ?HandleNetMsg@CAdvMgrNetMsgHandler@@UAAPAVCNetMsg@@PAV2@@Z)(CAdvMgrNetMsgHandler* this, CNetMsg* msg)",
0x406410,hero::Copy,,"void (__thiscall hero::Copy)(hero* this, hero* other)",0x6480
0x4069b0,?HandleGiftRequestMsg@CAdvMgrNetMsgHandler@@IAAXPAVCNetMsg@@@Z,CAdvMgrNetMsgHandler_HandleGiftRequestMsg,"void (__thiscall ?HandleGiftRequestMsg@CAdvMgrNetMsgHandler@@IAAXPAVCNetMsg@@@Z)(CAdvMgrNetMsgHandler* this, CGiftMsg* pNetMsg)",
0x406b80,?HandleGiftMsg@CAdvMgrNetMsgHandler@@MAAXPAVCNetMsg@@@Z,CAdvMgrNetMsgHandler_HandleGiftMsg,"void (__thiscall ?HandleGiftMsg@CAdvMgrNetMsgHandler@@MAAXPAVCNetMsg@@@Z)(CAdvMgrNetMsgHandler* this, CGiftMsg* msg)",
0x406d80,??0advManager@@QAA@XZ,advManager_ctor,advManager* (__thiscall ??0advManager@@QAA@XZ)(advManager* this),0x6df0
0x406f60,?Open@advManager@@UAAHH@Z,advManager_Open,"int (__thiscall ?Open@advManager@@UAAHH@Z)(advManager* this, int priority)",
0x407740,?Close@advManager@@UAAXXZ,advManager_Close,void (__thiscall ?Close@advManager@@UAAXXZ)(advManager* this),
0x407a20,?InMapArea@advManager@@QAAHHH@Z,advManager_InMapArea,"int (__thiscall ?InMapArea@advManager@@QAAHHH@Z)(advManager* this, int x, int y)",0x7ac0
0x407a70,?get_mouse_map_point@advManager@@QBA?AUtype_point@@XZ,advManager_get_mouse_map_point,"type_point (__thiscall ?get_mouse_map_point@advManager@@QBA?AUtype_point@@XZ)(advManager* this, type_point* result)",0x7b10
0x407ae0,?DoAdvCommand@advManager@@QAAPAVNewmapCell@@AAUtype_point@@@Z,advManager_DoAdvCommand,"NewmapCell* (__thiscall ?DoAdvCommand@advManager@@QAAPAVNewmapCell@@AAUtype_point@@@Z)(advManager* this, type_point* trigger_point)",0x7b80
0x4086d0,?cell@NewfullMap@@QAAPAVNewmapCell@@HHH@Z,NewfullMap_cell,"NewmapCell* (__thiscall ?cell@NewfullMap@@QAAPAVNewmapCell@@HHH@Z)(NewfullMap* this, int x, int y, int z)",0x8770
0x408710,?Main@advManager@@UAAHAAUmessage@@@Z,advManager_Main,"int (__thiscall ?Main@advManager@@UAAHAAUmessage@@@Z)(advManager* this, message*)",
0x408ba0,?ProcessKeyPress@advManager@@QAAHABUmessage@@AA_NAAUtype_point@@AAPAVNewmapCell@@@Z,advManager_ProcessKeyPress,"int (__thiscall ?ProcessKeyPress@advManager@@QAAHABUmessage@@AA_NAAUtype_point@@AAPAVNewmapCell@@@Z)(advManager* this, message* msg, bool* exitFlag, type_point* trigger_point, NewmapCell** peventCell)",
0x409740,?ProcessSelect@advManager@@QAAHABUmessage@@AAUtype_point@@AAPAVNewmapCell@@@Z,advManager_ProcessSelect,"int (__thiscall ?ProcessSelect@advManager@@QAAHABUmessage@@AAUtype_point@@AAPAVNewmapCell@@@Z)(advManager* this, message* msg, type_point* trigger_point, NewmapCell** peventCell)",
0x4099d0,?ProcessDeSelect@advManager@@QAAHABUmessage@@AA_NAAUtype_point@@AAPAVNewmapCell@@@Z,advManager_ProcessDeSelect,"int (__thiscall ?ProcessDeSelect@advManager@@QAAHABUmessage@@AA_NAAUtype_point@@AAPAVNewmapCell@@@Z)(advManager* this, message* msg, bool* exitFlag, type_point* trigger_point, NewmapCell** peventCell)",
0x40a020,?ProcessRadarSelect@advManager@@QAAXABUmessage@@@Z,advManager_ProcessRadarSelect,"void (__thiscall ?ProcessRadarSelect@advManager@@QAAXABUmessage@@@Z)(advManager* this, message* msg)",
0x40a530,?ProcessMapSelect@advManager@@QAAXABUmessage@@AAUtype_point@@AAPAVNewmapCell@@@Z,advManager_ProcessMapSelect,"void (__thiscall ?ProcessMapSelect@advManager@@QAAXABUmessage@@AAUtype_point@@AAPAVNewmapCell@@@Z)(advManager* this, message* msg, type_point* trigger_point, NewmapCell** peventCell)",
0x40ab40,sub_40AB40,,"int8* (__fastcall sub_40AB40)(int8* buffer, NewmapCell* cell, int type)",
0x40aec0,sub_40AEC0,,,
0x40af10,?get_trigger_cell@type_cell_adjuster@@QAAPAVNewmapCell@@PAV2@HH@Z,type_cell_adjuster_get_trigger_cell,"NewmapCell* (__thiscall ?get_trigger_cell@type_cell_adjuster@@QAAPAVNewmapCell@@PAV2@HH@Z)(type_cell_adjuster* this, NewmapCell* map_cell, int x, int y)",
0x40b040,?DrawRolloverText@advManager@@QAAXPAD@Z,advManager_DrawRolloverText,"void (__thiscall ?DrawRolloverText@advManager@@QAAXPAD@Z)(advManager* this, int8* text)",0xb0e0
0x40b0b0,?SetRolloverText@advManager@@QAAXPAVNewmapCell@@HH@Z,advManager_SetRolloverText,"void (__thiscall ?SetRolloverText@advManager@@QAAXPAVNewmapCell@@HH@Z)(advManager* this, NewmapCell* testCell, int rx, int ry)",0xb150
0x40d350,get_creature_bank_help_text,,"void (__fastcall get_creature_bank_help_text)(int8* buffer, NewmapCell* cell, type_creature_bank_type type, int player_id, int8* separator, bool show_full_list)",
0x40d5d0,sub_40D5D0,,"void (__fastcall sub_40D5D0)(int8*, void*, int* cell, int8*, int type)",
0x40d830,sub_40D830,,,
0x40da60,SetTreeHelpText,,"void (__fastcall SetTreeHelpText)(int8* buffer, hero* current_hero, NewmapCell* cell, int8* separator_1, int8* separator_2)",
0x40dc20,sub_40DC20,,"int8 (__fastcall sub_40DC20)(int8* a1, int a2, int* a3, int8* a4, int8* a5)",
0x40de10,?ProcessWaitingHover@advManager@@QAAHHH@Z,advManager_ProcessWaitingHover,"int (__thiscall ?ProcessWaitingHover@advManager@@QAAHHH@Z)(advManager* this, int x, int y)",
0x40e1e0,?get_normal_cursor@advManager@@AAA?AW4type_adventure_cursor@@PAVNewmapCell@@@Z,advManager_get_normal_cursor,"type_adventure_cursor (__thiscall ?get_normal_cursor@advManager@@AAA?AW4type_adventure_cursor@@PAVNewmapCell@@@Z)(advManager* this, NewmapCell* currCell)",0xe280
0x40e2c0,?ProcessHover@advManager@@QAAHHH@Z,advManager_ProcessHover,"int (__thiscall ?ProcessHover@advManager@@QAAHHH@Z)(advManager* this, int mouseX, int mouseY)",
0x40ebe0,?Reseed@advManager@@QAAXHH@Z,advManager_Reseed,"void (__thiscall ?Reseed@advManager@@QAAXHH@Z)(advManager* this, int targetX, int targetY)",
0x40ebf0,?ProcessSearch@advManager@@QAAHHHH@Z,advManager_ProcessSearch,"int (__thiscall ?ProcessSearch@advManager@@QAAHHHH@Z)(advManager* this, int x, int y, int z)",
0x40f1a0,dynamic_initializer_USMsg_40F1A0,,,
0x40f1d0,?UpdateScreen@advManager@@QAAXHH@Z,advManager_UpdateScreen,"void (__thiscall ?UpdateScreen@advManager@@QAAXHH@Z)(advManager* this, int bAllowIntermediateMouse, int bForceDraw)",0xf270
0x40f250,?DrawAdventureMapGems@advManager@@QAAXXZ,advManager_DrawAdventureMapGems,void (__thiscall ?DrawAdventureMapGems@advManager@@QAAXXZ)(advManager* this),
0x40f350,?CompleteDraw@advManager@@QAAXHHH_N0@Z,advManager_CompleteDraw,"void (__thiscall ?CompleteDraw@advManager@@QAAXHHH_N0@Z)(advManager* this, int startX, int startY, int z, bool bForceDraw, bool bUpdateBottomView)",
0x40f7d0,?CompleteDraw@advManager@@QAAX_N@Z,advManager_CompleteDraw,"void (__thiscall ?CompleteDraw@advManager@@QAAX_N@Z)(advManager* this, bool bForceDraw)",
0x40f820,?GetCloudLookup@advManager@@QAAHHHH@Z,advManager_GetCloudLookup,"int (__thiscall ?GetCloudLookup@advManager@@QAAHHHH@Z)(advManager* this, int srcX, int scrY, int Z)",0xf8c0
0x40fa90,?ScanForHeroOrBoat@advManager@@QAA_NHHHGAAY05UTDrawParts@@@Z,advManager_ScanForHeroOrBoat,"bool (__thiscall ?ScanForHeroOrBoat@advManager@@QAA_NHHHGAAY05UTDrawParts@@@Z)(advManager* this, int srcX, int srcY, int z, unsigned int16 type, TDrawParts[6]* parts)",
0x40fc00,?hasFlag@@YA_NH@Z,hasFlag,bool (__fastcall ?hasFlag@@YA_NH@Z)(TAdventureObjectType objType),0xfca0
0x40fc80,?GetFlaggedObjectOwner@@YAHPAVNewmapCell@@@Z,GetFlaggedObjectOwner,int (__fastcall ?GetFlaggedObjectOwner@@YAHPAVNewmapCell@@@Z)(NewmapCell* thisCell),0xfd20
0x40fd90,?DrawHeroPart@advManager@@QAAXHAAUTDrawParts@@HHHHHH@Z,advManager_DrawHeroPart,"void (__thiscall ?DrawHeroPart@advManager@@QAAXHAAUTDrawParts@@HHHHHH@Z)(advManager* this, int part, TDrawParts* heroParts, int baseX, int baseY, int tileX, int tileY, int tileW, int tileH)",
0x410220,?DrawHeroPartShadow@advManager@@QAAXHAAUTDrawParts@@HHHHHH@Z,advManager_DrawHeroPartShadow,"void (__thiscall ?DrawHeroPartShadow@advManager@@QAAXHAAUTDrawParts@@HHHHHH@Z)(advManager* this, int part, TDrawParts* heroParts, int baseX, int baseY, int tileX, int tileY, int tileW, int tileH)",
0x4106c0,?DrawBoatPart@advManager@@QAAXHAAUTDrawParts@@HHHHHH@Z,advManager_DrawBoatPart,"void (__thiscall ?DrawBoatPart@advManager@@QAAXHAAUTDrawParts@@HHHHHH@Z)(advManager* this, int part, TDrawParts* boarParts, int baseX, int baseY, int tileX, int tileY, int tileW, int tileH)",
0x410910,?DrawBoatPartShadow@advManager@@QAAXHAAUTDrawParts@@HHHHHH@Z,advManager_DrawBoatPartShadow,"void (__thiscall ?DrawBoatPartShadow@advManager@@QAAXHAAUTDrawParts@@HHHHHH@Z)(advManager* this, int part, TDrawParts* boatParts, int baseX, int baseY, int tilex, int tiley, int tilew, int tileh)",
0x410b60,?DrawAdvObj@advManager@@QAAXHHHHH@Z,advManager_DrawAdvObj,"void (__thiscall ?DrawAdvObj@advManager@@QAAXHHHHH@Z)(advManager* this, int srcX, int srcY, int z, int destX, int destY)",
0x4114f0,?DrawAdvObjShadow@advManager@@QAAXHHHHH@Z,advManager_DrawAdvObjShadow,"void (__thiscall ?DrawAdvObjShadow@advManager@@QAAXHHHHH@Z)(advManager* this, int srcX, int srcY, int Z, int destX, int destY)",
0x411ae0,?DrawRiver@advManager@@QAAXHHHHH@Z,advManager_DrawRiver,"void (__thiscall ?DrawRiver@advManager@@QAAXHHHHH@Z)(advManager* this, int srcX, int srcY, int Z, int destX, int destY)",
0x411cc0,?DrawRoad@advManager@@QAAXHHHHH@Z,advManager_DrawRoad,"void (__thiscall ?DrawRoad@advManager@@QAAXHHHHH@Z)(advManager* this, int srcX, int srcY, int8 Z, int destX, int destY)",
0x411eb0,?DrawArrowShadow@advManager@@QAAXHHHHH@Z,advManager_DrawArrowShadow,"void (__thiscall ?DrawArrowShadow@advManager@@QAAXHHHHH@Z)(advManager* this, int srcX, int srcY, int z, int destX, int destY)",
0x412010,?DrawArrow@advManager@@QAAXHHHHH@Z,advManager_DrawArrow,"void (__thiscall ?DrawArrow@advManager@@QAAXHHHHH@Z)(advManager* this, int srcX, int srcY, int z, int destX, int destY)",
0x412180,?DrawShroud@advManager@@QAAXHHHHH@Z,advManager_DrawShroud,"void (__thiscall ?DrawShroud@advManager@@QAAXHHHHH@Z)(advManager* this, int srcX, int scrY, int Z, int destX, int destY)",
0x4123d0,?DrawUnderlay@advManager@@QAAXHHHHH@Z,advManager_DrawUnderlay,"void (__thiscall ?DrawUnderlay@advManager@@QAAXHHHHH@Z)(advManager* this, int srcX, int srcY, int z, int destX, int destY)",
0x412860,?DrawGround@advManager@@QAAXHHHHH@Z,advManager_DrawGround,"void (__thiscall ?DrawGround@advManager@@QAAXHHHHH@Z)(advManager* this, int srcX, int srcY, int z, int destX, int destY)",
0x412b30,?GetCell@advManager@@QAAPAVNewmapCell@@Utype_point@@@Z,advManager_GetCell,"NewmapCell* (__thiscall ?GetCell@advManager@@QAAPAVNewmapCell@@Utype_point@@@Z)(advManager* this, type_point point)",0x12bd0
0x412ba0,?UpdateRadar@advManager@@QAAXUtype_point@@_N1111@Z,advManager_UpdateRadar,"void (__thiscall ?UpdateRadar@advManager@@QAAXUtype_point@@_N1111@Z)(advManager* this, type_point origin, bool updateFlag, bool bPartialUpdate, bool view_mines, bool view_heros, bool view_towns)",0x12c40
0x4136f0,?UpdateRadar@advManager@@QAAX_N0000@Z,advManager_UpdateRadar,"void (__thiscall ?UpdateRadar@advManager@@QAAX_N0000@Z)(advManager* this, bool updateFlag, bool bPartialUpdate, bool view_mines, bool view_heroes, bool view_towns)",0x13790
0x413720,?QuickInfo@advManager@@QAAXHHH@Z,advManager_QuickInfo,"void (__thiscall ?QuickInfo@advManager@@QAAXHHH@Z)(advManager* this, int cellX, int cellY, int z)",
0x415cc0,?OverrideBottomView@advManager@@QAAXW4EBottomViewType@1@H@Z,advManager_OverrideBottomView,"void (__thiscall ?OverrideBottomView@advManager@@QAAXW4EBottomViewType@1@H@Z)(advManager* this, advManager::EBottomViewType view, int time)",0x15d60
0x415d40,?UpdBottomView@advManager@@QAAX_N00@Z,advManager_UpdBottomView,"void (__thiscall ?UpdBottomView@advManager@@QAAX_N00@Z)(advManager* this, bool force_update, bool bDrawWindow, bool bUpdate)",0x15de0
0x415e80,?UpdBottomViewEnemyTurn@advManager@@AAA_N_N@Z,advManager_UpdBottomViewEnemyTurn,"bool (__thiscall ?UpdBottomViewEnemyTurn@advManager@@AAA_N_N@Z)(advManager* this, bool force_update)",
0x415f10,?UpdBottomViewNewTurn@advManager@@AAA_N_N@Z,advManager_UpdBottomViewNewTurn,"bool (__thiscall ?UpdBottomViewNewTurn@advManager@@AAA_N_N@Z)(advManager* this, bool force_update)",
0x415fc0,?BVResMsg@advManager@@QAAXPBDHH@Z,advManager_BVResMsg,"void (__thiscall ?BVResMsg@advManager@@QAAXPBDHH@Z)(advManager* this, int8* cMsg, int iResType, int iResQty)",0x16060
0x4160c0,?UpdBottomViewResMsg@advManager@@AAA_N_N@Z,advManager_UpdBottomViewResMsg,"bool (__thiscall ?UpdBottomViewResMsg@advManager@@AAA_N_N@Z)(advManager* this, bool force_update)",
0x416170,?BVMessage@advManager@@QAAXPBD@Z,advManager_BVMessage,"void (__thiscall ?BVMessage@advManager@@QAAXPBD@Z)(advManager* this, int8* cMsg)",0x16210
0x416250,?UpdBottomViewMessage@advManager@@AAA_N_N@Z,advManager_UpdBottomViewMessage,"bool (__thiscall ?UpdBottomViewMessage@advManager@@AAA_N_N@Z)(advManager* this, bool force_update)",
0x416300,?UpdBottomViewKingdom@advManager@@AAA_N_N@Z,advManager_UpdBottomViewKingdom,"bool (__thiscall ?UpdBottomViewKingdom@advManager@@AAA_N_N@Z)(advManager* this, bool force_update)",
0x4163b0,?UpdBottomViewHero@advManager@@AAA_N_N@Z,advManager_UpdBottomViewHero,"bool (__thiscall ?UpdBottomViewHero@advManager@@AAA_N_N@Z)(advManager* this, bool force_update)",
0x416450,?UpdBottomViewTown@advManager@@AAA_N_N@Z,advManager_UpdBottomViewTown,"bool (__thiscall ?UpdBottomViewTown@advManager@@AAA_N_N@Z)(advManager* this, bool force_update)",
0x4164f0,?HeroQuickView@advManager@@QAAXHHH_N@Z,advManager_HeroQuickView,"void (__thiscall ?HeroQuickView@advManager@@QAAXHHH_N@Z)(advManager* this, int heroId, int x, int y, bool display_drop_shadow)",
0x416700,?TownQuickView@advManager@@QAAXHHH_N@Z,advManager_TownQuickView,"void (__thiscall ?TownQuickView@advManager@@QAAXHHH_N@Z)(advManager* this, int townId, int x, int y, BOOL display_drop_shadow)",
0x416ee0,?garrison_quick_view@advManager@@AAAXHHH@Z,advManager_garrison_quick_view,"void (__thiscall ?garrison_quick_view@advManager@@AAAXHHH@Z)(advManager* this, int id, int x, int y)",
0x4170b0,?MonsterQuickView@advManager@@QAAXPBVNewmapCell@@HH@Z,advManager_MonsterQuickView,"int (__thiscall ?MonsterQuickView@advManager@@QAAXPBVNewmapCell@@HH@Z)(advManager* this, NewmapCell* cell, int cellX, int cellY)",
0x417380,?RedrawAdvScreen@advManager@@QAAX_N0@Z,advManager_RedrawAdvScreen,"void (__thiscall ?RedrawAdvScreen@advManager@@QAAX_N0@Z)(advManager* this, bool bUpdate, bool bForceSaveBorder)",0x17420
0x4174d0,?DeactivateCurrTown@advManager@@QAAX_N@Z,advManager_DeactivateCurrTown,"void (__thiscall ?DeactivateCurrTown@advManager@@QAAX_N@Z)(advManager* this, bool32 waitingPlayer)",0x17570
0x417500,?DeactivateCurrHero@advManager@@QAAX_N@Z,advManager_DeactivateCurrHero,"void (__thiscall ?DeactivateCurrHero@advManager@@QAAX_N@Z)(advManager* this, bool32 waitingPlayer)",0x175a0
0x417540,?MobilizeCurrHero@advManager@@QAAXH_N0@Z,advManager_MobilizeCurrHero,"void (__thiscall ?MobilizeCurrHero@advManager@@QAAXH_N0@Z)(advManager* this, bool32 bInMove, bool waitingPlayer, bool draw_changes)",0x175e0
0x4175e0,?DemobilizeCurrHero@advManager@@QAEXXZ,advManager_DemobilizeCurrHero,void (__thiscall ?DemobilizeCurrHero@advManager@@QAEXXZ)(advManager* this),0x17680
0x417790,?SetTownContext@advManager@@QAAXH_N0@Z,advManager_SetTownContext,"void (__thiscall ?SetTownContext@advManager@@QAAXH_N0@Z)(advManager* this, int townId, bool waitingPlayer, bool update)",0x17830
0x417a80,?SetHeroContext@advManager@@QAAXHH_N0@Z,advManager_SetHeroContext,"void (__thiscall ?SetHeroContext@advManager@@QAAXHH_N0@Z)(advManager* this, int heroId, bool32 bInMove, bool waitingPlayer, bool32 draw_changes)",0x17b20
0x4180c0,?SaveGame@@YA_N_N@Z,SaveGame,bool (__fastcall ?SaveGame@@YA_N_N@Z)(bool flag),
0x418330,?SetEnvironmentOrigin@advManager@@QAAXUtype_point@@H@Z,advManager_SetEnvironmentOrigin,"void (__thiscall ?SetEnvironmentOrigin@advManager@@QAAXUtype_point@@H@Z)(advManager* this, type_point point, int reset)",0x183d0
0x418580,?GetSoundId@advManager@@QAA?AW4e_looping_sound_id@@HHH@Z,advManager_GetSoundId,"e_looping_sound_id (__thiscall ?GetSoundId@advManager@@QAA?AW4e_looping_sound_id@@HHH@Z)(advManager* this, int x, int y, int z)",0x18620
0x418b70,?InsertSound@advManager@@QAAXHHHHH@Z,advManager_InsertSound,"void (__thiscall ?InsertSound@advManager@@QAAXHHHHH@Z)(advManager* this, int x, int y, int z, int soundPriority, int soundsType)",0x18c10
0x418d30,?ShowRoute@advManager@@QAAXHHH@Z,advManager_ShowRoute,"void (__thiscall ?ShowRoute@advManager@@QAAXHHH@Z)(advManager* this, bool32 bUpdateScreen, bool32 bReseed, bool32 bChangeButton)",
0x419210,??0type_point@@QAA@FFF@Z,type_point_ctor,"type_point* (__thiscall ??0type_point@@QAA@FFF@Z)(type_point* this, int16 new_x, int16 new_y, int16 new_z)",
0x419260,?HideRoute@advManager@@QAAXHHH@Z,advManager_HideRoute,"void (__thiscall ?HideRoute@advManager@@QAAXHHH@Z)(advManager* this, int bUpdateScreen, int bRemoveTarget, int bChangeButton)",
0x4193b0,?CheckDimNextHeroBut@advManager@@QAAXXZ,advManager_CheckDimNextHeroBut,void (__thiscall ?CheckDimNextHeroBut@advManager@@QAAXXZ)(advManager* this),
0x419400,?SeedTo@advManager@@QAAXUtype_point@@@Z,advManager_SeedTo,"void (__thiscall ?SeedTo@advManager@@QAAXUtype_point@@@Z)(advManager* this, type_point target)",0x194a0
0x4194d0,?ForceNewHover@advManager@@QAAXXZ,advManager_ForceNewHover,void (__thiscall ?ForceNewHover@advManager@@QAAXXZ)(advManager* this),0x19570
0x419520,?ScreenScroll@advManager@@QAAXHH@Z,advManager_ScreenScroll,"void (__thiscall ?ScreenScroll@advManager@@QAAXHH@Z)(advManager* this, int iDir, int bChangeMouse)",
0x419780,?CheckScreenScroll@advManager@@QAAXXZ,advManager_CheckScreenScroll,void (__thiscall ?CheckScreenScroll@advManager@@QAAXXZ)(advManager* this),
0x4198f0,?SetInitialMapOrigin@advManager@@QAAXXZ,advManager_SetInitialMapOrigin,void (__thiscall ?SetInitialMapOrigin@advManager@@QAAXXZ)(advManager* this),
0x419be0,?PopupPlayerTurnInfo@@YAXXZ,PopupPlayerTurnInfo,,
0x419d60,?StartLocalPlayerTurn@advManager@@QAAXXZ,advManager_StartLocalPlayerTurn,void (__thiscall ?StartLocalPlayerTurn@advManager@@QAAXXZ)(advManager* this),
0x41a060,?LoadRemote@advManager@@QAAX_N@Z,advManager_LoadRemote,"void (__thiscall ?LoadRemote@advManager@@QAAX_N@Z)(advManager* this, bool makeOrig)",
0x41a140,?TrimLoopingSounds@advManager@@QAAXH@Z,advManager_TrimLoopingSounds,"void (__thiscall ?TrimLoopingSounds@advManager@@QAAXH@Z)(advManager* this, int iMaxSoundsAllowed)",0x1a1e0
0x41a240,?DisableButtons@advManager@@QAAXXZ,advManager_DisableButtons,void (__thiscall ?DisableButtons@advManager@@QAAXXZ)(advManager* this),
0x41a300,?EnableButtons@advManager@@QAAXXZ,advManager_EnableButtons,void (__thiscall ?EnableButtons@advManager@@QAAXXZ)(advManager* this),
0x41a3c0,?FindAdjacentMonster@advManager@@QAA_NUtype_point@@AAU2@0@Z,advManager_FindAdjacentMonster,"bool (__thiscall ?FindAdjacentMonster@advManager@@QAA_NUtype_point@@AAU2@0@Z)(advManager* this, type_point point, type_point* result, type_point excluded)",0x1a460
0x41a5c0,?ComputeAdvNetControl@@YAXXZ,ComputeAdvNetControl,,
0x41a6b0,?MapExtraPosAndAdjacentsSet@@YAHHHHE@Z,MapExtraPosAndAdjacentsSet,"int (__fastcall ?MapExtraPosAndAdjacentsSet@@YAHHHHE@Z)(int x, int y, int z, uchar bit)",
0x41a750,?ViewPuzzle@advManager@@QAEXH@Z,advManager_ViewPuzzle,void (__thiscall ?ViewPuzzle@advManager@@QAEXH@Z)(advManager* this),
0x41aa60,?DoAdventureOptions@advManager@@QAAXXZ,advManager_DoAdventureOptions,void (__thiscall ?DoAdventureOptions@advManager@@QAAXXZ)(advManager* this),
0x41ab60,?DoSystemOptions@advManager@@QAA_NXZ,advManager_DoSystemOptions,bool (__thiscall ?DoSystemOptions@advManager@@QAA_NXZ)(advManager* this),
0x41ad10,?MoreTreesNear@advManager@@QAAHUtype_point@@@Z,advManager_MoreTreesNear,"int (__thiscall ?MoreTreesNear@advManager@@QAAHUtype_point@@@Z)(advManager* this, type_point point)",
0x41af70,?GetRouteArrayPtr@advManager@@QAAPAGHHH@Z,advManager_GetRouteArrayPtr,"ushort* (__thiscall ?GetRouteArrayPtr@advManager@@QAAPAGHHH@Z)(advManager* this, int x, int y, int z)",
0x41afa0,??0CAdvPopup@@QAA@HHHHI@Z,CAdvPopup_ctor,"CAdvPopup* (__thiscall ??0CAdvPopup@@QAA@HHHHI@Z)(CAdvPopup* this, int winX, int winY, int winWidth, int winHeight, heroWindow::TAttribute winType)",0x1b040
0x41b040,??_GCAdvPopup@@UAAPAXI@Z,op_GCAdvPopup,"void (__thiscall ??_GCAdvPopup@@UAAPAXI@Z)(CAdvPopup* this, int8 flag)",
0x41b070,??1CHeroWindowEx@@UAA@XZ,CHeroWindowEx_dtor,void (__thiscall ??1CHeroWindowEx@@UAA@XZ)(CHeroWindowEx* this),0x1b110
0x41b080,??1CAdvPopup@@UAA@XZ,CAdvPopup_dtor,void (__thiscall ??1CAdvPopup@@UAA@XZ)(CAdvPopup* this),0x1b120
0x41b0f0,?ExitDialog@CAdvPopup@@MAAHAAUmessage@@@Z,CAdvPopup_ExitDialog,"int (__thiscall ?ExitDialog@CAdvPopup@@MAAHAAUmessage@@@Z)(CAdvPopup* this, message* msg)",
0x41b120,?WindowHandler@CAdvPopup@@UAAHAAUmessage@@@Z,CAdvPopup_WindowHandler,"int (__thiscall ?WindowHandler@CAdvPopup@@UAAHAAUmessage@@@Z)(CAdvPopup* this, message* msg)",
0x41b1b0,??Y?$basic_string@DU?$char_traits@D@std@@V?$allocator@D@2@@std@@QAAAAV01@ABV01@@Z,std_D_DU_char_traits_op_Y_basic_string,"std::string* (__thiscall ??Y?$basic_string@DU?$char_traits@D@std@@V?$allocator@D@2@@std@@QAAAAV01@ABV01@@Z)(std::string* this, std::string* other, uint a3, unsigned int a4)",
0x41b2a0,std::string::append,,"std::string* (__thiscall std::string::append)(std::string* this, void*, unsigned int)",
0x41b370,throw_invalid_bitset_position,,,
0x41b440,vector_insert_41B440,,"void (__thiscall vector_insert_41B440)(std::vector* this, void* P, unsigned int M, void* X)",
0x41b690,init_bitset_41B690,,,
0x41b6b0,sub_41B6B0,,,
0x41b940,sub_41B940,,,
0x41b960,sub_41B960,,"std::exception* (__thiscall sub_41B960)(std::exception* this, std::exception*)",
0x41bad0,sub_41BAD0,,"std::exception* (__thiscall sub_41BAD0)(std::exception* this, std::exception*)",
0x41bc40,sub_41BC40,,"std::exception* (__thiscall sub_41BC40)(std::runtime_error* this, std::string*)",
0x41bdb0,?what@logic_error@std@@UBEPBDXZ,std_logic_error_what,int8* (__thiscall ?what@logic_error@std@@UBEPBDXZ)(void* this),
0x41bdc0,?_Doraise@runtime_error@std@@MBEXXZ,std_runtime_error_Doraise,,
0x41bde0,sub_41BDE0,,"std::exception* (__thiscall sub_41BDE0)(std::exception* this, std::exception*)",
0x41bf40,sub_41BF40,,,
0x41bf60,sub_41BF60,,"std::string* (__thiscall sub_41BF60)(std::string* this, uint, unsigned int)",
0x41c080,init_bitset_41C080,,,
0x41c0a0,init_bitset_41C0A0,,,
0x41c100,init_bitset_41C100,,,
0x41c160,init_bitset_41C160,,,
0x41c1d0,sub_41C1D0,,,
0x41c230,sub_41C230,,,
0x41c290,sub_41C290,,,
0x41c2f0,sub_41C2F0,,,
0x41c350,sub_41C350,,,
0x41c3b0,sub_41C3B0,,,
0x41c410,sub_41C410,,,
0x41c470,?CheckCastSpell@advManager@@QAAXXZ,advManager_CheckCastSpell,void (__thiscall ?CheckCastSpell@advManager@@QAAXXZ)(advManager* this),
0x41c610,?CastSpell@advManager@@QAAXW4SpellID@@@Z,advManager_CastSpell,"void (__thiscall ?CastSpell@advManager@@QAAXW4SpellID@@@Z)(advManager* this, SpellID spell)",
0x41ca20,?SummonBoat@advManager@@QAAXW4TSkillMastery@@@Z,advManager_SummonBoat,"void (__thiscall ?SummonBoat@advManager@@QAAXW4TSkillMastery@@@Z)(advManager* this, TSkillMastery mastery)",
0x41cf70,?SkuttleBoat@advManager@@QAAXW4TSkillMastery@@@Z,advManager_SkuttleBoat,"void (__thiscall ?SkuttleBoat@advManager@@QAAXW4TSkillMastery@@@Z)(advManager* this, TSkillMastery mastery)",
0x41d210,?DimensionDoor@advManager@@QAAXW4TSkillMastery@@@Z,advManager_DimensionDoor,"void (__thiscall ?DimensionDoor@advManager@@QAAXW4TSkillMastery@@@Z)(advManager* this, TSkillMastery mastery)",
0x41d4e0,?TownGate@advManager@@QAAXW4TSkillMastery@@@Z,advManager_TownGate,"void (__thiscall ?TownGate@advManager@@QAAXW4TSkillMastery@@@Z)(advManager* this, TSkillMastery mastery)",
0x41dab0,?TeleportTo@advManager@@QAAXPAVhero@@Utype_point@@PBD_N33@Z,advManager_TeleportTo,"void (__thiscall ?TeleportTo@advManager@@QAAXPAVhero@@Utype_point@@PBD_N33@Z)(advManager* this, hero* who, type_point destination, int8* sample_name, bool bIsRemoteMove, bool draw_changes, bool32 is_replay)",
0x41df20,init_41DF20,,,
0x41df40,init_bitset_41DF40,,,
0x41dfa0,init_bitset_41DFA0,,,
0x41e000,init_bitset_41E000,,,
0x41e070,init_bitset_41E070,,,
0x41e0d0,init_bitset_41E0D0,,,
0x41e130,init_bitset_41E130,,,
0x41e190,init_bitset_41E190,,,
0x41e1f0,init_bitset_41E1F0,,,
0x41e250,init_bitset_41E250,,,
0x41e2b0,init_bitset_41E2B0,,,
0x41e310,?ChooseBallistaTarget@combatManager@@QAAHHHH@Z,combatManager_ChooseBallistaTarget,"int (__thiscall ?ChooseBallistaTarget@combatManager@@QAAHHHH@Z)(combatManager* this, int target_group, int attack_skill, int average_damage)",
0x41e5c0,?failed_siege@combatManager@@QAA_NXZ,combatManager_failed_siege,bool (__thiscall ?failed_siege@combatManager@@QAA_NXZ)(combatManager* this),
0x41e6f0,?AICheckRetreat@combatManager@@QAA_NXZ,combatManager_AICheckRetreat,bool (__thiscall ?AICheckRetreat@combatManager@@QAA_NXZ)(combatManager* this),
0x41ec40,?get_total_combat_value@combatManager@@QBAJJJJ_N@Z,combatManager_get_total_combat_value,"int (__thiscall ?get_total_combat_value@combatManager@@QBAJJJJ_N@Z)(combatManager* this, int side, int lowest_attack, int lowest_defense, bool include_cripples)",0x1eac0
0x41ed00,?choose_shooter_target@combatManager@@ABAJPBVarmy@@AAVtype_AI_combat_parameters@@AAJ@Z,combatManager_choose_shooter_target,"int (__thiscall ?choose_shooter_target@combatManager@@ABAJPBVarmy@@AAVtype_AI_combat_parameters@@AAJ@Z)(combatManager* this, army* current_army, type_AI_combat_parameters* data, int* best_value)",
0x41ef20,get_area_attack_value,,"int (__fastcall get_area_attack_value)(army* current_army, int hex, int our_group, type_AI_combat_parameters* data)",
0x41f020,?choose_cyclops_action@combatManager@@QAA_NJJAAVtype_AI_combat_parameters@@@Z,combatManager_choose_cyclops_action,"bool (__thiscall ?choose_cyclops_action@combatManager@@QAA_NJJAAVtype_AI_combat_parameters@@@Z)(combatManager* this, int best_value, int side, type_AI_combat_parameters* estimate)",
0x41f1e0,?choose_shooter_action@combatManager@@AAAXPBVarmy@@_NJ@Z,combatManager_choose_shooter_action,"bool (__thiscall ?choose_shooter_action@combatManager@@AAAXPBVarmy@@_NJ@Z)(combatManager* this, army* current_army, bool simulated, int side)",
0x41f2c0,?find_move_order@combatManager@@QAAXPAV?$vector@PAVarmy@@V?$allocator@PAVarmy@@@std@@@std@@@Z,combatManager_find_move_order,"void (__thiscall ?find_move_order@combatManager@@QAAXPAV?$vector@PAVarmy@@V?$allocator@PAVarmy@@@std@@@std@@@Z)(combatManager* this, std::vector* order)",0x1f140
0x41f500,army::cannot_move,,bool (__thiscall army::cannot_move)(army* this),
0x41f530,?get_attack_change@combatManager@@AAAJPBVarmy@@0AAVtype_AI_combat_parameters@@@Z,combatManager_get_attack_change,"int (__thiscall ?get_attack_change@combatManager@@AAAJPBVarmy@@0AAVtype_AI_combat_parameters@@@Z)(combatManager* this, army* current_army, army* enemy, type_AI_combat_parameters* data)",
0x41f700,?move_toward@combatManager@@AAA_NPBVarmy@@JPBJ_N@Z,combatManager_move_toward,"bool (__thiscall ?move_toward@combatManager@@AAA_NPBVarmy@@JPBJ_N@Z)(combatManager* this, army* current_army, int target_hex, int* enemy_attacks, bool consider_waiting)",
0x41fa10,?can_cast_spells@combatManager@@QBA_NJ_N@Z,combatManager_can_cast_spells,"bool (__thiscall ?can_cast_spells@combatManager@@QBA_NJ_N@Z)(combatManager* this, int side, bool hero_spell)",0x1f890
0x41faa0,?get_area_effect@combatManager@@ABAJJPBVarmy@@JABVtype_AI_combat_parameters@@@Z,combatManager_get_area_effect,"int (__thiscall ?get_area_effect@combatManager@@ABAJJPBVarmy@@JABVtype_AI_combat_parameters@@@Z)(combatManager* this, int side, army* our_army, int marked_enemies, type_AI_combat_parameters* estimate)",
0x41fce0,?mark_friendly_armies@combatManager@@ABAXPBVarmy@@PAJJABVtype_AI_combat_parameters@@@Z,combatManager_mark_friendly_armies,"void (__thiscall ?mark_friendly_armies@combatManager@@ABAXPBVarmy@@PAJJABVtype_AI_combat_parameters@@@Z)(combatManager* this, army* our_army, int* enemy_attacks, int marked_enemies, type_AI_combat_parameters* estimates)",
0x41fee0,?mark_multiheaded_enemy@combatManager@@ABAXPBVarmy@@0PAJJPAVsearchArray@@ABVtype_AI_combat_parameters@@@Z,combatManager_mark_multiheaded_enemy,"void (__thiscall ?mark_multiheaded_enemy@combatManager@@ABAXPBVarmy@@0PAJJPAVsearchArray@@ABVtype_AI_combat_parameters@@@Z)(combatManager* this, army* our_army, army* enemy, int* enemy_attacks, int limit_value, searchArray* search_array, type_AI_combat_parameters* estimate)",
0x4201e0,army_004201E0,,"void (__fastcall army_004201E0)(army* this, int grid_index, int adjacent_first, int adjacent_last, int speed, searchArray* search_array, std::vector_int_* attack_hexes)",
0x4203e0,?mark_enemy_attacks@combatManager@@ABAXPBVarmy@@PAJAAJABVtype_AI_combat_parameters@@@Z,combatManager_mark_enemy_attacks,"void (__thiscall ?mark_enemy_attacks@combatManager@@ABAXPBVarmy@@PAJAAJABVtype_AI_combat_parameters@@@Z)(combatManager* this, army* our_army, int* enemy_attacks, int* dangerous_enemies, type_AI_combat_parameters* estimate)",
0x420750,?choose_defense_hex@combatManager@@AAA_NPBVarmy@@0AAJ1PBVsearchArray@@@Z,combatManager_choose_defense_hex,"bool (__thiscall ?choose_defense_hex@combatManager@@AAA_NPBVarmy@@0AAJ1PBVsearchArray@@@Z)(combatManager* this, army* current_army, army* client, int* best_hex, int* open_hexes, searchArray* search_array)",
0x4208e0,?attempt_shooter_defense@combatManager@@AAA_NPBVarmy@@PBVsearchArray@@ABVtype_AI_combat_parameters@@@Z,combatManager_attempt_shooter_defense,"bool (__thiscall ?attempt_shooter_defense@combatManager@@AAA_NPBVarmy@@PBVsearchArray@@ABVtype_AI_combat_parameters@@@Z)(combatManager* this, army* current_army, searchArray* search_array, type_AI_combat_parameters* estimate)",
0x420a70,?choose_to_run@combatManager@@AAA_NPBVarmy@@PBJPBVsearchArray@@@Z,combatManager_choose_to_run,"bool (__thiscall ?choose_to_run@combatManager@@AAA_NPBVarmy@@PBJPBVsearchArray@@@Z)(combatManager* this, army* our_army, int* enemy_attacks, searchArray* search_array)",
0x420c00,?has_ranged_advantage@combatManager@@AAA_NAAVtype_AI_combat_parameters@@@Z,combatManager_has_ranged_advantage,bool (__fastcall ?has_ranged_advantage@combatManager@@AAA_NAAVtype_AI_combat_parameters@@@Z)(combatManager* this),
0x420e70,unwind_420E70,,int (__thiscall unwind_420E70)(void* this),
0x420ea0,?choose_creature_spell@combatManager@@AAA_NPBVarmy@@AAJAAVtype_AI_combat_parameters@@@Z,combatManager_choose_creature_spell,"bool (__thiscall ?choose_creature_spell@combatManager@@AAA_NPBVarmy@@AAJAAVtype_AI_combat_parameters@@@Z)(combatManager* this, army* current_army, int* best_value, type_AI_combat_parameters* estimate)",
0x421080,?SOD_choose_faerie_dragon_spell@combatManager@@AAA_NPBVarmy@@AAJAAVtype_AI_combat_parameters@@@Z,combatManager_SOD_choose_faerie_dragon_spell,"bool (__thiscall ?SOD_choose_faerie_dragon_spell@combatManager@@AAA_NPBVarmy@@AAJAAVtype_AI_combat_parameters@@@Z)(combatManager* this, army* current_army, int* best_value, type_AI_combat_parameters* estimate)",
0x421180,?choose_resurrect_action@combatManager@@AAA_NPBVarmy@@AAJAAVtype_AI_combat_parameters@@@Z,combatManager_choose_resurrect_action,"bool (__thiscall ?choose_resurrect_action@combatManager@@AAA_NPBVarmy@@AAJAAVtype_AI_combat_parameters@@@Z)(combatManager* this, army* current_army, int* best_value, type_AI_combat_parameters* estimate)",
0x421400,?choose_spell_action@combatManager@@AAA_NPBVarmy@@AAJAAVtype_AI_combat_parameters@@@Z,combatManager_choose_spell_action,"bool (__thiscall ?choose_spell_action@combatManager@@AAA_NPBVarmy@@AAJAAVtype_AI_combat_parameters@@@Z)(combatManager* this, army* current_army, int* best_value, type_AI_combat_parameters* estimate)",
0x421570,?should_stay_in_castle@combatManager@@AAA_NAAVtype_AI_combat_parameters@@@Z,combatManager_should_stay_in_castle,"bool (__thiscall ?should_stay_in_castle@combatManager@@AAA_NAAVtype_AI_combat_parameters@@@Z)(combatManager* this, type_AI_combat_parameters* params)",
0x421670,?mark_firewalls@combatManager@@AAAXPBVarmy@@PAJAAVtype_AI_combat_parameters@@@Z,combatManager_mark_firewalls,"void (__thiscall ?mark_firewalls@combatManager@@AAAXPBVarmy@@PAJAAVtype_AI_combat_parameters@@@Z)(combatManager* this, army* current_army, int* enemy_attacks, type_AI_combat_parameters* estimate)",
0x421710,combatManager::SoD_mark_moat,,"void (__thiscall combatManager::SoD_mark_moat)(combatManager* this, army* target, int[187]* enemy_attacks, type_AI_combat_parameters* estimate)",
0x421800,?choose_melee_target@combatManager@@AAA_NPBVarmy@@_NAAJAAVtype_AI_combat_parameters@@@Z,combatManager_choose_melee_target,"bool (__thiscall ?choose_melee_target@combatManager@@AAA_NPBVarmy@@_NAAJAAVtype_AI_combat_parameters@@@Z)(combatManager* this, army* current_army, bool teleport, int* action_value, type_AI_combat_parameters* estimate)",
0x422100,?choose_melee_action@combatManager@@QAAJPBVarmy@@_N1J@Z,combatManager_choose_melee_action,"int (__thiscall ?choose_melee_action@combatManager@@QAAJPBVarmy@@_N1J@Z)(combatManager* this, army* current_army, bool teleport, bool simulated, int side)",
0x4221e0,?place_shooter@combatManager@@AAAXPBVarmy@@@Z,combatManager_place_shooter,"void (__thiscall ?place_shooter@combatManager@@AAAXPBVarmy@@@Z)(combatManager* this, army* current_army)",
0x422370,?DoCompAI@combatManager@@QAAXH@Z,combatManager_DoCompAI,void (__thiscall ?DoCompAI@combatManager@@QAAXH@Z)(combatManager* this),
0x422440,?berserk_attack@combatManager@@QAAXPAVarmy@@PBV2@@Z,combatManager_berserk_attack,"void (__thiscall ?berserk_attack@combatManager@@QAAXPAVarmy@@PBV2@@Z)(combatManager* this, army* current_army, army* target)",
0x4225c0,?compute_fire_shield_damage@combatManager@@QBAJJPBVarmy@@0J@Z,combatManager_compute_fire_shield_damage,"int (__thiscall ?compute_fire_shield_damage@combatManager@@QBAJJPBVarmy@@0J@Z)(combatManager* this, int damage, army* attacker, army* target, int target_hits)",0x22440
0x422660,?simulate_melee_attack@combatManager@@AAAXPAVarmy@@J0JJ@Z,combatManager_simulate_melee_attack,"void (__thiscall ?simulate_melee_attack@combatManager@@AAAXPAVarmy@@J0JJ@Z)(combatManager* this, army* current_army, int hex, army* target, int enemy_hex, int our_group)",
0x422920,?simulate_melee_attack@combatManager@@AAAXPAVarmy@@0J@Z,combatManager_simulate_melee_attack,"void (__thiscall ?simulate_melee_attack@combatManager@@AAAXPAVarmy@@0J@Z)(combatManager* this, army* current_army, army* target, int our_group)",
0x422a00,?simulate_actions@combatManager@@AAAJAAV?$vector@PAVarmy@@V?$allocator@PAVarmy@@@std@@@std@@JJ@Z,combatManager_simulate_actions,"int (__thiscall ?simulate_actions@combatManager@@AAAJAAV?$vector@PAVarmy@@V?$allocator@PAVarmy@@@std@@@std@@JJ@Z)(combatManager* this, std::vector* list, int i, int our_group)",
0x422bc0,?simulate_combat@combatManager@@QAAXJ_N@Z,combatManager_simulate_combat,"void (__thiscall ?simulate_combat@combatManager@@QAAXJ_N@Z)(combatManager* this, int our_group, int checking_surrender)",
0x422ca0,?find_AI_targets@combatManager@@QAAXJPBVarmy@@_NABVtype_AI_combat_parameters@@PAVsearchArray@@@Z,combatManager_find_AI_targets,"void (__thiscall ?find_AI_targets@combatManager@@QAAXJPBVarmy@@_NABVtype_AI_combat_parameters@@PAVsearchArray@@@Z)(combatManager* this, int our_group, army* current_army, bool melee_only, type_AI_combat_parameters* data, searchArray* search_array)",
0x422f20,?DoSpellAI@combatManager@@QAA_NXZ,combatManager_DoSpellAI,bool (__thiscall ?DoSpellAI@combatManager@@QAA_NXZ)(combatManager* this),
0x4230d0,?insert@?$vector@PAVarmy@@V?$allocator@PAVarmy@@@std@@@std@@QAAXPAPAVarmy@@IABQAV3@@Z,PAVarmy_vector_insert,"void (__thiscall ?insert@?$vector@PAVarmy@@V?$allocator@PAVarmy@@@std@@@std@@QAAXPAPAVarmy@@IABQAV3@@Z)(std::vector_army_ptr_* this, army** P, unsigned int M, army** X)",
0x4232e0,std::vector::_Ucopy,,"int* (__stdcall std::vector::_Ucopy)(int* first, int* last, int* d_first)",
0x423310,std::vector::_Ufill,,,
0x423340,sub_423340,,,
0x4235c0,sub_4235C0,,,
0x423610,sub_423610,,,
0x423630,sub_423630,,,
0x4237c0,sub_4237C0,,,
0x423820,sub_423820,,,
0x4238b0,sub_4238B0,,,
0x423910,sub_423910,,,
0x423970,sub_423970,,,
0x4239e0,sub_4239E0,,,
0x423a40,sub_423A40,,,
0x423aa0,sub_423AA0,,,
0x423b00,sub_423B00,,,
0x423b60,sub_423B60,,,
0x423bc0,sub_423BC0,,,
0x423c20,sub_423C20,,,
0x423c80,?get_enchantment_value@type_monster_data@@QBAJAAUtype_spell_choice@@PBVhero@@1@Z,type_monster_data_get_enchantment_value,"int (__thiscall ?get_enchantment_value@type_monster_data@@QBAJAAUtype_spell_choice@@PBVhero@@1@Z)(type_monster_data* this, type_spell_choice* choice, hero* casting_hero, hero* target_hero)",0x23c80
0x423d00,?get_resurrection_value@type_monster_data@@QBAJAAUtype_spell_choice@@PBVhero@@@Z,type_monster_data_get_resurrection_value,"int (__thiscall ?get_resurrection_value@type_monster_data@@QBAJAAUtype_spell_choice@@PBVhero@@@Z)(type_monster_data* this, type_spell_choice* choice, hero* casting_hero)",0x23d00
0x423de0,?get_spell_damage@type_monster_data@@QBAJW4SpellID@@PBVhero@@1J@Z,type_monster_data_get_spell_damage,"int (__thiscall ?get_spell_damage@type_monster_data@@QBAJW4SpellID@@PBVhero@@1J@Z)(type_monster_data* this, SpellID spell, hero* casting_hero, hero* target_hero, int damage)",0x23de0
0x423ea0,?take_damage@type_monster_data@@QAAJJ@Z,type_monster_data_take_damage,"int (__thiscall ?take_damage@type_monster_data@@QAAJJ@Z)(type_monster_data* this, int damage)",0x23ea0
0x423ee0,??0type_AI_combat_data@@QAA@PBVhero@@PBVarmyGroup@@N0PBVtown@@PAVNewmapCell@@@Z,type_AI_combat_data_ctor,"type_AI_combat_data* (__thiscall ??0type_AI_combat_data@@QAA@PBVhero@@PBVarmyGroup@@N0PBVtown@@PAVNewmapCell@@@Z)(type_AI_combat_data* this, hero* new_hero, armyGroup* new_army, unknown float base_modifier, hero* enemy_hero, town* enemy_town, NewmapCell* map_cell)",0x23ee0
0x424120,?initialize_creatures@type_AI_combat_data@@IAAXNPBVhero@@@Z,type_AI_combat_data_initialize_creatures,"unsigned int (__thiscall ?initialize_creatures@type_AI_combat_data@@IAAXNPBVhero@@@Z)(type_AI_combat_data* this, unknown float base_modifier, hero* enemy_hero)",
0x424790,?check_wall_archery_penalty@type_AI_combat_data@@IAAXPBVtown@@@Z,type_AI_combat_data_check_wall_archery_penalty,"void (__thiscall ?check_wall_archery_penalty@type_AI_combat_data@@IAAXPBVtown@@@Z)(type_AI_combat_data* this, town* enemy_town)",
0x424880,?adjust_army@type_AI_combat_data@@QAAX_N@Z,type_AI_combat_data_adjust_army,"void (__thiscall ?adjust_army@type_AI_combat_data@@QAAX_N@Z)(type_AI_combat_data* this, bool dismiss_hero)",0x24880
0x424960,?get_fastest_speed@type_AI_combat_data@@IBAJXZ,type_AI_combat_data_get_fastest_speed,int (__thiscall ?get_fastest_speed@type_AI_combat_data@@IBAJXZ)(type_AI_combat_data* this),0x24960
0x4249d0,?get_next_chain_lightning_target@type_AI_combat_data@@IBAJJABV1@JJ@Z,type_AI_combat_data_get_next_chain_lightning_target,"int (__thiscall ?get_next_chain_lightning_target@type_AI_combat_data@@IBAJJABV1@JJ@Z)(type_AI_combat_data* this, int excluded, type_AI_combat_data* defender, int start, int damage)",0x249d0
0x424bf0,?get_area_value@type_AI_combat_data@@IBAXAAUtype_spell_choice@@ABV1@JJ@Z,type_AI_combat_data_get_area_value,"void (__thiscall ?get_area_value@type_AI_combat_data@@IBAXAAUtype_spell_choice@@ABV1@JJ@Z)(type_AI_combat_data* this, type_spell_choice* choice, type_AI_combat_data* defender, int damage, int extra_targets)",0x24bf0
0x424d20,?get_damage_spell_value@type_AI_combat_data@@IBAXAAUtype_spell_choice@@ABV1@@Z,type_AI_combat_data_get_damage_spell_value,"void (__thiscall ?get_damage_spell_value@type_AI_combat_data@@IBAXAAUtype_spell_choice@@ABV1@@Z)(type_AI_combat_data* this, type_spell_choice* choice, type_AI_combat_data* defender)",0x24d20
0x424fb0,?cast_chain_lightning@type_AI_combat_data@@IBAXAAUtype_spell_choice@@AAV1@J@Z,type_AI_combat_data_cast_chain_lightning,"void (__thiscall ?cast_chain_lightning@type_AI_combat_data@@IBAXAAUtype_spell_choice@@AAV1@J@Z)(type_AI_combat_data* this, type_spell_choice* choice, type_AI_combat_data* defender, int damage)",0x24fb0
0x425100,?cast_area_effect@type_AI_combat_data@@IBAXAAUtype_spell_choice@@AAV1@JJ@Z,type_AI_combat_data_cast_area_effect,"void (__thiscall ?cast_area_effect@type_AI_combat_data@@IBAXAAUtype_spell_choice@@AAV1@JJ@Z)(type_AI_combat_data* this, type_spell_choice* choice, type_AI_combat_data* defender, int damage, int extra_targets)",0x25100
0x425260,?cast_damage_spell@type_AI_combat_data@@IBAXAAUtype_spell_choice@@AAV1@@Z,type_AI_combat_data_cast_damage_spell,"void (__thiscall ?cast_damage_spell@type_AI_combat_data@@IBAXAAUtype_spell_choice@@AAV1@@Z)(type_AI_combat_data* this, type_spell_choice* choice, type_AI_combat_data* defender)",0x25260
0x4253e0,?get_mass_damage_value@type_AI_combat_data@@IBAJAAUtype_spell_choice@@PBVhero@@@Z,type_AI_combat_data_get_mass_damage_value,"int (__thiscall ?get_mass_damage_value@type_AI_combat_data@@IBAJAAUtype_spell_choice@@PBVhero@@@Z)(type_AI_combat_data* this, type_spell_choice* choice, hero* casting_hero)",0x253e0
0x425510,?get_enchantment_value@type_AI_combat_data@@IBAXAAUtype_spell_choice@@AAV1@@Z,type_AI_combat_data_get_enchantment_value,"void (__thiscall ?get_enchantment_value@type_AI_combat_data@@IBAXAAUtype_spell_choice@@AAV1@@Z)(type_AI_combat_data* this, type_spell_choice* choice)",0x25510
0x4258a0,?cast_enchantment@type_AI_combat_data@@IAAXAAUtype_spell_choice@@PBVhero@@_N@Z,type_AI_combat_data_cast_enchantment,"void (__thiscall ?cast_enchantment@type_AI_combat_data@@IAAXAAUtype_spell_choice@@PBVhero@@_N@Z)(type_AI_combat_data* this, type_spell_choice* choice, hero* casting_hero, bool increase)",0x258a0
0x425b10,?cast_enchantment@type_AI_combat_data@@IAAXAAUtype_spell_choice@@AAV1@@Z,type_AI_combat_data_cast_enchantment,"void (__thiscall ?cast_enchantment@type_AI_combat_data@@IAAXAAUtype_spell_choice@@AAV1@@Z)(type_AI_combat_data* this, type_spell_choice* choice, type_AI_combat_data* defender)",0x25b10
0x425bd0,?cast_spell@type_AI_combat_data@@IAAXAAV1@W4type_speed_catagory@@@Z,type_AI_combat_data_cast_spell,"void (__thiscall ?cast_spell@type_AI_combat_data@@IAAXAAV1@W4type_speed_catagory@@@Z)(type_AI_combat_data* this, type_AI_combat_data* defender, type_speed_category round)",0x25bd0
0x426170,?inflict_melee_damage@type_AI_combat_data@@IAAJJJJ@Z,type_AI_combat_data_inflict_melee_damage,"int (__thiscall ?inflict_melee_damage@type_AI_combat_data@@IAAJJJJ@Z)(type_AI_combat_data* this, int damage, int start, int speed_limit)",0x26170
0x4262b0,?kill@type_AI_combat_data@@IAAXXZ,type_AI_combat_data_kill,void (__thiscall ?kill@type_AI_combat_data@@IAAXXZ)(type_AI_combat_data* this),0x262b0
0x426300,?inflict_damage@type_AI_combat_data@@IAAXJJ@Z,type_AI_combat_data_inflict_damage,"void (__thiscall ?inflict_damage@type_AI_combat_data@@IAAXJJ@Z)(type_AI_combat_data* this, int damage, int blocker_speed)",0x26300
0x426390,?get_attack@type_AI_combat_data@@IBAJW4type_speed_catagory@@_N@Z,type_AI_combat_data_get_attack,"int (__thiscall ?get_attack@type_AI_combat_data@@IBAJW4type_speed_catagory@@_N@Z)(type_AI_combat_data* this, type_speed_category speed_limit, bool shooters_blocked)",0x26390
0x426450,?get_final_melee_value@type_AI_combat_data@@IBAJXZ,type_AI_combat_data_get_final_melee_value,int (__thiscall ?get_final_melee_value@type_AI_combat_data@@IBAJXZ)(type_AI_combat_data* this),0x26450
0x4264d0,?do_general_melee@type_AI_combat_data@@IAAXAAV1@@Z,type_AI_combat_data_do_general_melee,"void (__thiscall ?do_general_melee@type_AI_combat_data@@IAAXAAV1@@Z)(type_AI_combat_data* this, type_AI_combat_data* defender)",0x264d0
0x4267c0,?choose_melee@type_AI_combat_data@@IBA_NABV1@W4type_speed_category@@@Z,type_AI_combat_data_choose_melee,"bool (__thiscall ?choose_melee@type_AI_combat_data@@IBA_NABV1@W4type_speed_category@@@Z)(type_AI_combat_data* this, type_AI_combat_data* enemy, type_speed_category current_round)",0x267c0
0x426bc0,?simulate_combat@type_AI_combat_data@@QAAXAAV1@@Z,type_AI_combat_data_simulate_combat,"void (__thiscall ?simulate_combat@type_AI_combat_data@@QAAXAAV1@@Z)(type_AI_combat_data* this, type_AI_combat_data* defender)",0x26bc0
0x426df0,?create_skeletons@@YAXPBVhero@@FAAVarmyGroup@@@Z,create_skeletons,"void (__fastcall ?create_skeletons@@YAXPBVhero@@FAAVarmyGroup@@@Z)(hero* current_hero, armyGroup* source, armyGroup* destination)",
0x426ee0,?do_aftermath@type_AI_combat_data@@QAAXAAV1@PAVtown@@@Z,type_AI_combat_data_do_aftermath,"void (__thiscall ?do_aftermath@type_AI_combat_data@@QAAXAAV1@PAVtown@@@Z)(type_AI_combat_data* this, type_AI_combat_data* defender, town* enemy_town)",0x26ee0
0x4270c0,?AI_quick_combat@@YA_NPAVhero@@0AAVarmyGroup@@PAVtown@@PAVNewmapCell@@@Z,AI_quick_combat,"int8 (__fastcall ?AI_quick_combat@@YA_NPAVhero@@0AAVarmyGroup@@PAVtown@@PAVNewmapCell@@@Z)(hero* attacking_hero, hero* defending_hero, armyGroup* defending_army, town* defending_town, NewmapCell* map_cell)",0x270c0
0x427210,?AI_auto_combat@@YAXPAVhero@@0AAVarmyGroup@@1PBVtown@@PAVNewmapCell@@@Z,AI_auto_combat,"void (__fastcall ?AI_auto_combat@@YAXPAVhero@@0AAVarmyGroup@@1PBVtown@@PAVNewmapCell@@@Z)(hero* attacking_hero, hero* defending_hero, armyGroup* attacking_army, armyGroup* defending_army, town* defending_town, NewmapCell* cell)",0x27210
0x427330,?AI_value_of_combat@@YAJPBVhero@@0ABVarmyGroup@@PBVtown@@PAVNewmapCell@@@Z,AI_value_of_combat,"int (__fastcall ?AI_value_of_combat@@YAJPBVhero@@0ABVarmyGroup@@PBVtown@@PAVNewmapCell@@@Z)(hero* attacking_hero, hero* defending_hero, armyGroup* defending_army, town* defending_town, NewmapCell* cell)",0x27330
0x427650,?AI_approximate_strength@@YAJPBVhero@@@Z,AI_approximate_strength,int (__fastcall ?AI_approximate_strength@@YAJPBVhero@@@Z)(hero* current_hero),0x27650
0x427690,?AI_approximate_strength@@YAJPBVhero@@ABVarmyGroup@@@Z,AI_approximate_strength,"int (__fastcall ?AI_approximate_strength@@YAJPBVhero@@ABVarmyGroup@@@Z)(hero* current_hero, armyGroup* current_army)",0x27690
0x4276c0,??0type_AI_combat_data@@QAA@ABV0@@Z,type_AI_combat_data_ctor,"type_AI_combat_data* (__thiscall ??0type_AI_combat_data@@QAA@ABV0@@Z)(type_AI_combat_data* this, type_AI_combat_data* that)",0x276c0
0x427750,?get_total@type_AI_combat_data@@QBAJXZ,type_AI_combat_data_get_total,int (__thiscall ?get_total@type_AI_combat_data@@QBAJXZ)(type_AI_combat_data* this),0x27750
0x427780,sort_427780,,,
0x427a70,sub_427A70,,,
0x427a90,sub_427A90,,,
0x427c30,sub_427C30,,,
0x427ca0,sub_427CA0,,,
0x427d00,sub_427D00,,,
0x427d60,sub_427D60,,,
0x427dd0,sub_427DD0,,,
0x427e30,sub_427E30,,,
0x427e90,sub_427E90,,,
0x427ef0,sub_427EF0,,,
0x427f50,sub_427F50,,,
0x427fb0,sub_427FB0,,,
0x428010,sub_428010,,,
0x428070,??0type_AI_initializer@@QAA@XZ,type_AI_initializer_ctor,,
0x4280e0,?check_towns@type_town_threat_checker@@QAAXXZ,type_town_threat_checker_check_towns,void (__thiscall ?check_towns@type_town_threat_checker@@QAAXXZ)(type_town_threat_checker* this),
0x428260,?clear_marks@type_town_threat_checker@@MBAXXZ,type_town_threat_checker_clear_marks,void (__thiscall ?clear_marks@type_town_threat_checker@@MBAXXZ)(type_town_threat_checker* this),
0x4282b0,?mark_towns@type_town_threat_checker@@IAAXPAVhero@@PAVsearchArray@@@Z,type_town_threat_checker_mark_towns,"void (__thiscall ?mark_towns@type_town_threat_checker@@IAAXPAVhero@@PAVsearchArray@@@Z)(type_town_threat_checker* this, hero* enemy_hero, searchArray* search_array)",
0x428410,can_take_town,,"bool (__fastcall can_take_town)(hero* attacking_hero, town* defending_town)",0x28410
0x428570,?mark_town@type_town_threat_checker@@MBAXPAVtown@@@Z,type_town_threat_checker_mark_town,"void (__thiscall ?mark_town@type_town_threat_checker@@MBAXPAVtown@@@Z)(type_town_threat_checker* this, town* our_town)",
0x428580,?mark_town@type_garrison_purchaser@@MBAXPAVtown@@@Z,type_garrison_purchaser_mark_town,"void (__thiscall ?mark_town@type_garrison_purchaser@@MBAXPAVtown@@@Z)(type_garrison_purchaser* this, town* our_town)",
0x4286b0,sub_4286B0,,"void* (__thiscall sub_4286B0)(void* this, int, unknown*, int8)",
0x4286e0,cleanup_4286E0,,int (__thiscall cleanup_4286E0)(int this),
0x428710,?get_attack_bonus@type_AI_player@@SAMF@Z,type_AI_player_get_attack_bonus,,0x28710
0x428740,?calculate_demand@type_AI_player@@QAAXXZ,type_AI_player_calculate_demand,void (__thiscall ?calculate_demand@type_AI_player@@QAAXXZ)(type_AI_player* this),
0x428dd0,?end_turn@type_AI_player@@QAAXXZ,type_AI_player_end_turn,void (__thiscall ?end_turn@type_AI_player@@QAAXXZ)(type_AI_player* this),
0x429110,?make_gift@type_AI_player@@IAAXJ@Z,type_AI_player_make_gift,"void (__thiscall ?make_gift@type_AI_player@@IAAXJ@Z)(type_AI_player* this, int player_id)",
0x4297c0,?start_turn@type_AI_player@@QAAXXZ,type_AI_player_start_turn,void (__thiscall ?start_turn@type_AI_player@@QAAXXZ)(type_AI_player* this),
0x429910,find_magus_hut_value,,"int (__fastcall find_magus_hut_value)(int player_id, bool explore_more)",
0x429ab0,?reset_magus_hut_value@type_AI_player@@QAAXXZ,type_AI_player_reset_magus_hut_value,void (__thiscall ?reset_magus_hut_value@type_AI_player@@QAAXXZ)(type_AI_player* this),0x29ab0
0x429ad0,?calculate_reserve@type_AI_player@@IAAXXZ,type_AI_player_calculate_reserve,void (__thiscall ?calculate_reserve@type_AI_player@@IAAXXZ)(type_AI_player* this),
0x429d50,fill_prohibited_array,,"void (__fastcall fill_prohibited_array)(playerData* player, bool* prohibited)",
0x42a150,?get_total_value@type_AI_player@@IAAJJQAH@Z,type_AI_player_get_total_value,"int (__thiscall ?get_total_value@type_AI_player@@IAAJJQAH@Z)(type_AI_player* this, int basic_value, int* cost)",0x2a150
0x42a2b0,?check_trade_supply@type_AI_player@@IAA_NQBHJQAHAAV?$vector@JV?$allocator@J@std@@@std@@@Z,type_AI_player_check_trade_supply,"bool (__thiscall ?check_trade_supply@type_AI_player@@IAA_NQBHJQAHAAV?$vector@JV?$allocator@J@std@@@std@@@Z)(type_AI_player* this, int* cost, int number, int* supply, std::vector* trade_qty)",
0x42a470,?trade_resources@type_AI_player@@QAAXQBHJ@Z,type_AI_player_trade_resources,"void (__thiscall ?trade_resources@type_AI_player@@QAAXQBHJ@Z)(type_AI_player* this, int* cost, int number)",
0x42a580,?can_trade_resources@type_AI_player@@IAA_NQBHQAHAAV?$vector@JV?$allocator@J@std@@@std@@@Z,type_AI_player_can_trade_resources,"bool (__thiscall ?can_trade_resources@type_AI_player@@IAA_NQBHQAHAAV?$vector@JV?$allocator@J@std@@@std@@@Z)(type_AI_player* this, int* cost, int* supply, std::vector_int_* trade_qty)",
0x42ab40,?build_markets@type_AI_player@@IAA_NQAH@Z,type_AI_player_build_markets,bool (__thiscall ?build_markets@type_AI_player@@IAA_NQAH@Z)(int* resources),
0x42ac20,?do_resource_trade@type_AI_player@@IAAXQAH@Z,type_AI_player_do_resource_trade,"void (__thiscall ?do_resource_trade@type_AI_player@@IAAXQAH@Z)(type_AI_player* this, int* supply)",
0x42ae00,?purchase_building@type_AI_player@@IAA_NPA_N@Z,type_AI_player_purchase_building,"bool (__thiscall ?purchase_building@type_AI_player@@IAA_NPA_N@Z)(type_AI_player* this, bool* prohibited_creatures)",
0x42b520,value_of_dwelling,,"int (__fastcall value_of_dwelling)(town* current_town, int16 dwelling, bool* prohibited, int* extra_cost)",
0x42b5b0,value_of_dwelling_upgrade,,"int (__fastcall value_of_dwelling_upgrade)(town* current_town, int16 dwelling, int* extra_cost)",
0x42b670,value_of_castle_upgrade,,"int (__fastcall value_of_castle_upgrade)(town* current_town, int* extra_cost)",
0x42b790,value_of_horde,,"int (__fastcall value_of_horde)(town* current_town, type_building_id building, bool* prohibited, int* extra_cost)",
0x42b800,value_of_horde_upgrade,,"int (__fastcall value_of_horde_upgrade)(town* current_town, type_building_id building, bool* prohibited, int* extra_cost)",
0x42b8b0,value_of_hall,,"int (__fastcall value_of_hall)(town* current_town, type_building_id building)",
0x42b9e0,?is_human_ally@game@@QBA_NH@Z,game_is_human_ally,"bool (__thiscall ?is_human_ally@game@@QBA_NH@Z)(game* this, int player_number)",0x2b9e0
0x42ba30,?GetTown@game@@QAAPAVtown@@H@Z,game_GetTown,"town* (__thiscall ?GetTown@game@@QAAPAVtown@@H@Z)(game* this, int whichTown)",0x2ba30
0x42ba60,?buy_creatures@type_AI_player@@QAAXPAVhero@@PAVtown@@@Z,type_AI_player_buy_creatures,"void (__thiscall ?buy_creatures@type_AI_player@@QAAXPAVhero@@PAVtown@@@Z)(type_AI_player* this, hero* current_hero, town* current_town)",
0x42beb0,?buy_mage_guild@type_AI_player@@QAAXPAVhero@@PAVtown@@@Z,type_AI_player_buy_mage_guild,"void (__thiscall ?buy_mage_guild@type_AI_player@@QAAXPAVhero@@PAVtown@@@Z)(type_AI_player* this, hero* current_hero, town* current_town)",
0x42c040,??0type_AI_creature_swapper@@QAA@XZ,type_AI_creature_swapper_ctor,type_AI_creature_swapper* (__thiscall ??0type_AI_creature_swapper@@QAA@XZ)(type_AI_creature_swapper* this),
0x42c060,type_AI_creature_swapper::get_alignments,,int (__thiscall type_AI_creature_swapper::get_alignments)(type_AI_creature_swapper* this),
0x42c130,?add_creatures@type_AI_creature_swapper@@IAAXW4TCreatureType@@FF@Z,type_AI_creature_swapper_add_creatures,"int (__thiscall ?add_creatures@type_AI_creature_swapper@@IAAXW4TCreatureType@@FF@Z)(type_AI_creature_swapper* this, TCreatureType type, int16 amount, int16 slot)",
0x42c280,?do_best_swap@type_AI_creature_swapper@@IAAJ_N@Z,type_AI_creature_swapper_do_best_swap,"int (__thiscall ?do_best_swap@type_AI_creature_swapper@@IAAJ_N@Z)(type_AI_creature_swapper* this, bool can_take_all)",
0x42c3b0,?do_swap@type_AI_creature_swapper@@QAAXPAVhero@@PAVarmyGroup@@0@Z,type_AI_creature_swapper_do_swap,"void (__thiscall ?do_swap@type_AI_creature_swapper@@QAAXPAVhero@@PAVarmyGroup@@0@Z)(type_AI_creature_swapper* this, hero* current_hero, armyGroup* source_army, hero* second_hero, bool angelic_alliance)",
0x42c4a0,?get_swap_value@type_AI_creature_swapper@@QAAJPBVhero@@PBVarmyGroup@@0@Z,type_AI_creature_swapper_get_swap_value,"int (__thiscall ?get_swap_value@type_AI_creature_swapper@@QAAJPBVhero@@PBVarmyGroup@@0@Z)(type_AI_creature_swapper* this, hero* current_hero, armyGroup* source_army, hero* second_hero)",
0x42c5b0,?dump_extra_creature@type_AI_creature_swapper@@IAAXXZ,type_AI_creature_swapper_dump_extra_creature,void (__thiscall ?dump_extra_creature@type_AI_creature_swapper@@IAAXXZ)(type_AI_creature_swapper* this),
0x42c690,?choose_weakest_army@type_AI_creature_swapper@@IAAJ_N0@Z,type_AI_creature_swapper_choose_weakest_army,"int (__thiscall ?choose_weakest_army@type_AI_creature_swapper@@IAAJ_N0@Z)(type_AI_creature_swapper* this, bool is_shooter, bool check_alignments)",
0x42c830,?value_of_adding_army@type_AI_creature_swapper@@IAAJW4TCreatureType@@FAAF_N@Z,type_AI_creature_swapper_value_of_adding_army,"int (__thiscall ?value_of_adding_army@type_AI_creature_swapper@@IAAJW4TCreatureType@@FAAF_N@Z)(type_AI_creature_swapper* this, TCreatureType type, int16 count, int16* slot, bool must_replace_creature)",
0x42cb70,??0type_AI_creature_purchaser@@QAA@JPAVgenerator@@@Z,type_AI_creature_purchaser_ctor,"void (__thiscall ??0type_AI_creature_purchaser@@QAA@JPAVgenerator@@@Z)(type_AI_creature_purchaser* this, int player, generator* current_generator)",
0x42ce30,??0type_AI_creature_purchaser@@QAA@JPAVtown@@@Z,type_AI_creature_purchaser_ctor,"void (__thiscall ??0type_AI_creature_purchaser@@QAA@JPAVtown@@@Z)(type_AI_creature_purchaser* this, int player, town* current_town)",
0x42cf50,??0type_AI_creature_purchaser@@QAA@JW4TCreatureType@@PAF_N@Z,type_AI_creature_purchaser_ctor,"void (__thiscall ??0type_AI_creature_purchaser@@QAA@JW4TCreatureType@@PAF_N@Z)(type_AI_creature_purchaser* this, int player, TCreatureType type, int16* amount, bool32 is_free)",
0x42d1b0,?set@type_AI_creature_purchaser@@QAAXPAVtown@@@Z,type_AI_creature_purchaser_set,"void (__thiscall ?set@type_AI_creature_purchaser@@QAAXPAVtown@@@Z)(type_AI_creature_purchaser* this, town* current_town)",
0x42d420,?do_best_purchase@type_AI_creature_purchaser@@IAAJ_N@Z,type_AI_creature_purchaser_do_best_purchase,"int (__thiscall ?do_best_purchase@type_AI_creature_purchaser@@IAAJ_N@Z)(type_AI_creature_purchaser* this, bool trade_allowed)",
0x42d690,?do_purchase@type_AI_creature_purchaser@@QAAXPAVarmyGroup@@F0QAJ_N@Z,type_AI_creature_purchaser_do_purchase,"int (__thiscall ?do_purchase@type_AI_creature_purchaser@@QAAXPAVarmyGroup@@F0QAJ_N@Z)(type_AI_creature_purchaser* this, armyGroup* new_army, int16 new_morale, armyGroup* new_adjacent_army, int* new_funds, bool allow_trade, bool has_angelic_alliance)",
0x42d780,?get_purchase_value@type_AI_creature_purchaser@@QAAJPBVarmyGroup@@F0QBJ@Z,type_AI_creature_purchaser_get_purchase_value,"int (__thiscall ?get_purchase_value@type_AI_creature_purchaser@@QAAJPBVarmyGroup@@F0QBJ@Z)(type_AI_creature_purchaser* this, armyGroup* new_army, int16 new_morale, armyGroup* new_adjacent_army, int* new_funds)",
0x42d870,?AI_consolidate_army@@YAXAAVarmyGroup@@@Z,AI_consolidate_army,void (__fastcall ?AI_consolidate_army@@YAXAAVarmyGroup@@@Z)(armyGroup* current_army),
0x42d8e0,?AI_arrange_army@@YAXAAVarmyGroup@@@Z,AI_arrange_army,void (__fastcall ?AI_arrange_army@@YAXAAVarmyGroup@@@Z)(armyGroup* current_army),
0x42db20,split_armies,,"void (__fastcall split_armies)(hero* current_hero, hero* enemy_hero, armyGroup* enemy)",
0x42dd70,split_army,,"int (__fastcall split_army)(armyGroup* current_army, int16 index, int16 limit, int16 open_slots)",
0x42de50,?AI_mark_danger_zones@@YAXPAVhero@@PAJ@Z,AI_mark_danger_zones,"void (__fastcall ?AI_mark_danger_zones@@YAXPAVhero@@PAJ@Z)(hero* current_hero, int* danger_zones)",
0x42e0b0,?AI_choose_destination@@YAHPAVhero@@JAAUHeroDestination@@AAJ_N3@Z,AI_choose_destination,"int (__fastcall ?AI_choose_destination@@YAHPAVhero@@JAAUHeroDestination@@AAJ_N3@Z)(hero* current_hero, int max_distance, HeroDestination* best_point, int* best_raw_value, int allow_spells, int explore_mode)",
0x42ec20,??8type_point@@QBA_NABU0@@Z,op_8type_point,"bool (__thiscall ??8type_point@@QBA_NABU0@@Z)(type_point* this, type_point* arg)",
0x42ec70,hero::get_location,,"type_point* (__thiscall hero::get_location)(hero* this, type_point* retstr)",
0x42ecc0,?get_cell@searchArray@@QBAPAUpathCell@@Utype_point@@_N@Z,searchArray_get_cell,"pathCell* (__thiscall ?get_cell@searchArray@@QBAPAUpathCell@@Utype_point@@_N@Z)(searchArray* this, type_point point, bool flying)",0x2ecc0
0x42ed30,?get_danger_value@searchArray@@QBAJUtype_point@@@Z,searchArray_get_danger_value,"int (__thiscall ?get_danger_value@searchArray@@QBAJUtype_point@@@Z)(searchArray* this, type_point point)",0x2ed30
0x42ed80,?get_cell@game@@QAAPAVNewmapCell@@Utype_point@@@Z,game_get_cell,"NewmapCell* (__thiscall ?get_cell@game@@QAAPAVNewmapCell@@Utype_point@@@Z)(game* this, type_point point)",0x2ed80
0x42edd0,find_all_destinations,,"int (__fastcall find_all_destinations)(hero* current_hero, searchArray* search_array, std::vector_HeroDestination_* destinations, int max_distance, bool32 hiring_hero, bool32 allow_spells, bool32 explore_mode)",
0x42f570,mark_destinations,,"int (__fastcall mark_destinations)(hero* current_hero, int max_distance, searchArray* search_array, ushort* friendly_distances, type_search_type search_type)",
0x42f980,net_value_of_location,,"int (__fastcall net_value_of_location)(hero* current_hero, HeroDestination* destination, int* strategic_map, pathCell* path_cell, searchArray* search_array)",
0x42fc50,?attempt_step@@YA_NPAVhero@@AAUpathCell@@_N2@Z,attempt_step,,
0x42fee0,?AI_AttemptMove@@YAXPAVhero@@AAUHeroDestination@@AAJ_N@Z,AI_AttemptMove,"void (__fastcall ?AI_AttemptMove@@YAXPAVhero@@AAUHeroDestination@@AAJ_N@Z)(hero* current_hero, HeroDestination* best_point, int* best_raw_value, int explore_mode)",
0x4305a0,?HasBuilding@town@@QBA_NH_N@Z,town_HasBuilding,"bool (__thiscall ?HasBuilding@town@@QBA_NH_N@Z)(town* this, type_building_id buildingId, bool check_included)",0x305a0
0x430610,build_path,,"void (__fastcall build_path)(hero* current_hero, searchArray* search_array, std::vector_pathCell_* path, HeroDestination* destination)",
0x4309a0,check_move_spell,,"bool (__fastcall check_move_spell)(hero* current_hero, std::vector* path, int step, SpellID spell, bool already_active)",
0x430ab0,attempt_teleport,,"bool (__fastcall attempt_teleport)(hero* current_hero, std::vector_pathCell_* path, int step)",
0x430f80,?AI_build_ship@@YAXPBVhero@@JJJ@Z,AI_build_ship,"void (__fastcall ?AI_build_ship@@YAXPBVhero@@JJJ@Z)(hero* our_hero, int x, int y, int z)",
0x431160,?AI_get_ship_cost@@YAJPBVhero@@Utype_point@@@Z,AI_get_ship_cost,"int (__fastcall ?AI_get_ship_cost@@YAJPBVhero@@Utype_point@@@Z)(hero* our_hero, type_point point)",
0x431360,?hire_heroes@type_AI_player@@QAA_NXZ,type_AI_player_hire_heroes,bool (__thiscall ?hire_heroes@type_AI_player@@QAA_NXZ)(type_AI_player* this),
0x4317d0,?GetHero@game@@QAAPAVhero@@H@Z,game_GetHero,"hero* (__thiscall ?GetHero@game@@QAAPAVhero@@H@Z)(game* this, int which)",0x317d0
0x431800,consider_hiring,,"bool (__fastcall consider_hiring)(int player_id, hero* candidate)",
0x431bd0,value_of_hiring,,"int (__fastcall value_of_hiring)(town* current_town, hero* candidate, searchArray* search_array)",
0x432220,?AI_value_of_observatory@@YAJUtype_point@@JJ@Z,AI_value_of_observatory,"int (__fastcall ?AI_value_of_observatory@@YAJUtype_point@@JJ@Z)(type_point origin, int player_id, int range)",
0x432460,init_432460,,,
0x432490,init_432490,,,
0x4324b0,initializer_4324B0,,void (__thiscall initializer_4324B0)(std::vector_type_artifact_effect_ptr_* this),
0x4324d0,sub_4324D0,,"void* (__thiscall sub_4324D0)(void* Memory, int8)",
0x432500,??1type_artifact_effect@@UAA@XZ,type_artifact_effect_dtor,void (__thiscall ??1type_artifact_effect@@UAA@XZ)(type_artifact_effect* this),0x32500
0x432510,?get_value@type_scouting_artifact@@UBAJPBVhero@@_N1@Z,type_scouting_artifact_get_value,"int (__thiscall ?get_value@type_scouting_artifact@@UBAJPBVhero@@_N1@Z)(type_scouting_artifact* this, hero* owner, bool equipped, bool exact)",
0x432540,??0type_combat_artifact@@QAA@J@Z,type_combat_artifact_ctor,"type_combat_artifact* (__thiscall ??0type_combat_artifact@@QAA@J@Z)(type_combat_artifact* this, int bonus)",
0x432560,?get_value@type_combat_artifact@@UBAJPBVhero@@_N1@Z,type_combat_artifact_get_value,"unsigned int (__thiscall ?get_value@type_combat_artifact@@UBAJPBVhero@@_N1@Z)(type_combat_artifact* this, hero* a2, int a3, int a4)",
0x4325a0,?get_value@type_might_artifact@@UBAJPBVhero@@_N1@Z,type_might_artifact_get_value,"int (__thiscall ?get_value@type_might_artifact@@UBAJPBVhero@@_N1@Z)(type_might_artifact* this, hero* owner, bool equipped, bool exact)",
0x4325e0,?get_value@type_power_artifact@@UBAJPBVhero@@_N1@Z,type_power_artifact_get_value,"int (__thiscall ?get_value@type_power_artifact@@UBAJPBVhero@@_N1@Z)(type_power_artifact* this, hero* owner, bool equipped, bool exact)",
0x432610,?get_value@type_knowledge_artifact@@UBAJPBVhero@@_N1@Z,type_knowledge_artifact_get_value,"int (__thiscall ?get_value@type_knowledge_artifact@@UBAJPBVhero@@_N1@Z)(type_knowledge_artifact* this, hero* owner, bool equipped, bool exact)",
0x432640,?get_value@type_necromancy_artifact@@UBAJPBVhero@@_N1@Z,type_necromancy_artifact_get_value,"int (__thiscall ?get_value@type_necromancy_artifact@@UBAJPBVhero@@_N1@Z)(type_necromancy_artifact* this, hero* owner, BOOL eqquiped)",
0x4326e0,??_Gtype_artifact_effect@@UAAPAXI@Z,op_Gtype_artifact_effect,"void* (__thiscall ??_Gtype_artifact_effect@@UAAPAXI@Z)(type_artifact_effect* Memory, int8 a2)",
0x432710,?get_value@type_movement_artifact@@UBAJPBVhero@@_N1@Z,type_movement_artifact_get_value,"unsigned int (__thiscall ?get_value@type_movement_artifact@@UBAJPBVhero@@_N1@Z)(void* this, int, int, int)",
0x432750,?get_value@type_spellcaster_artifact@@UBAJPBVhero@@_N1@Z,type_spellcaster_artifact_get_value,"unsigned int (__thiscall ?get_value@type_spellcaster_artifact@@UBAJPBVhero@@_N1@Z)(void* this, int, int, int)",
0x4327b0,?get_value@type_morale_artifact@@UBAJPBVhero@@_N1@Z,type_morale_artifact_get_value,"int (__thiscall ?get_value@type_morale_artifact@@UBAJPBVhero@@_N1@Z)(type_morale_artifact* this, hero* a2, bool a3, bool a4)",
0x432820,?get_value@type_luck_artifact@@UBAJPBVhero@@_N1@Z,type_luck_artifact_get_value,"int (__thiscall ?get_value@type_luck_artifact@@UBAJPBVhero@@_N1@Z)(type_luck_artifact* this, hero* a2, int8 a3, int8 a4)",
0x432890,?get_value@type_duration_artifact@@UBAJPBVhero@@_N1@Z,type_duration_artifact_get_value,"int (__thiscall ?get_value@type_duration_artifact@@UBAJPBVhero@@_N1@Z)(void* this, int, int, int8)",
0x4328c0,?get_value@type_school_artifact@@UBAJPBVhero@@_N1@Z,type_school_artifact_get_value,"int (__thiscall ?get_value@type_school_artifact@@UBAJPBVhero@@_N1@Z)(type_school_artifact* this, hero* owner, bool equipped, BOOL exact)",
0x432a80,?get_value@type_antimagic_artifact@@UBAJPBVhero@@_N1@Z,type_antimagic_artifact_get_value,"int (__thiscall ?get_value@type_antimagic_artifact@@UBAJPBVhero@@_N1@Z)(void* this, int, int8, int8)",
0x432b50,?get_value@type_antimorale_artifact@@UBAJPBVhero@@_N1@Z,type_antimorale_artifact_get_value,"int (__thiscall ?get_value@type_antimorale_artifact@@UBAJPBVhero@@_N1@Z)(type_antimorale_artifact* this, hero* owner, bool equipped, bool exact)",
0x432bd0,?get_value@type_antiluck_artifact@@UBAJPBVhero@@_N1@Z,type_antiluck_artifact_get_value,,
0x432c50,?get_value@type_tome_artifact@@UBAJPBVhero@@_N1@Z,type_tome_artifact_get_value,"int (__thiscall ?get_value@type_tome_artifact@@UBAJPBVhero@@_N1@Z)(void* this, hero*, bool, BOOL)",
0x432d50,?get_value@type_income_artifact@@UBAJPBVhero@@_N1@Z,type_income_artifact_get_value,"int64 (__thiscall ?get_value@type_income_artifact@@UBAJPBVhero@@_N1@Z)(int* this, int, int, int)",
0x432da0,?get_value@type_creature_growth_artifact@@UBAJPBVhero@@_N1@Z,type_creature_growth_artifact_get_value,"int (__thiscall ?get_value@type_creature_growth_artifact@@UBAJPBVhero@@_N1@Z)(type_creature_growth_artifact* this, hero* owner, bool equipped, bool exact)",
0x432fc0,?get_value@type_spell_artifact@@UBAJPBVhero@@_N1@Z,type_spell_artifact_get_value,"int (__thiscall ?get_value@type_spell_artifact@@UBAJPBVhero@@_N1@Z)(void* this, hero* new_hero, int8, int8)",
0x4330b0,?get_value@type_shooter_bonus_artifact@@UBAJPBVhero@@_N1@Z,type_shooter_bonus_artifact_get_value,"int (__thiscall ?get_value@type_shooter_bonus_artifact@@UBAJPBVhero@@_N1@Z)(void* this, int, int, int)",
0x433130,?get_value@type_angelic_alliance_artifact@@UBAJPBVhero@@_N1@Z,type_angelic_alliance_artifact_get_value,"int (__thiscall ?get_value@type_angelic_alliance_artifact@@UBAJPBVhero@@_N1@Z)(void* this, int, int, int8)",
0x4333a0,?get_value@type_undead_king_cloak_artifact@@UBAJPBVhero@@_N1@Z,type_undead_king_cloak_artifact_get_value,"int (__thiscall ?get_value@type_undead_king_cloak_artifact@@UBAJPBVhero@@_N1@Z)(type_undead_king_cloak_artifact* this, hero* owner, int creatureType, bool exact)",
0x433520,?get_value@type_elixir_of_life_artifact@@UBAJPBVhero@@_N1@Z,type_elixir_of_life_artifact_get_value,"int (__thiscall ?get_value@type_elixir_of_life_artifact@@UBAJPBVhero@@_N1@Z)(type_elixir_of_life_artifact* this, hero* owner, bool equipped, bool exact)",
0x433580,?get_value@type_statue_of_legion_artifact@@UBAJPBVhero@@_N1@Z,type_statue_of_legion_artifact_get_value,"int (__thiscall ?get_value@type_statue_of_legion_artifact@@UBAJPBVhero@@_N1@Z)(type_statue_of_legion_artifact* this, hero* owner, bool equipped, bool exact)",
0x4336c0,?AI_get_value_of_artifact@@YAJUtype_artifact@@PBVhero@@_N2@Z,AI_get_value_of_artifact,"int (__fastcall ?AI_get_value_of_artifact@@YAJUtype_artifact@@PBVhero@@_N2@Z)(type_artifact artifact, hero* owner, bool equipped, bool exact)",0x336c0
0x4339e0,total_artifact_value,,"int (__fastcall total_artifact_value)(hero* candidate, int player_id)",0x339e0
0x433aa0,?AI_get_value_of_artifact@@YAJABUtype_artifact@@J@Z,AI_get_value_of_artifact,"int (__fastcall ?AI_get_value_of_artifact@@YAJABUtype_artifact@@J@Z)(type_artifact* artifact, int player_id)",0x33aa0
0x433b40,?AI_equip_artifacts@@YAXPAVhero@@@Z,AI_equip_artifacts,void (__fastcall ?AI_equip_artifacts@@YAXPAVhero@@@Z)(hero* this),
0x433bb0,remove_negative_artifacts,,int (__thiscall remove_negative_artifacts)(hero* this),
0x433c60,get_full_value,,int (__thiscall get_full_value)(hero* new_hero),
0x433e20,add_artifact,,"bool (__fastcall add_artifact)(hero* our_hero, type_artifact artifact, int* base_value, hero* source_hero, TArtifactSlot source_slot, int* source_value, int best_change)",
0x433fe0,?AI_swap_artifacts@@YAXPAVhero@@0@Z,AI_swap_artifacts,"void (__fastcall ?AI_swap_artifacts@@YAXPAVhero@@0@Z)(hero* source, hero* dest)",
0x4340e0,?AI_initialize@@YAXXZ,AI_initialize,,
0x434590,?AI_shut_down@@YAXXZ,AI_shut_down,,
0x434600,??0?$basic_string@DU?$char_traits@D@std@@V?$allocator@D@2@@std@@QAA@PBDABV?$allocator@D@1@@Z,std_D_DU_char_traits_basic_string_ctor,"std::string* (__thiscall ??0?$basic_string@DU?$char_traits@D@std@@V?$allocator@D@2@@std@@QAA@PBDABV?$allocator@D@1@@Z)(std::string* this, int8* allocator)",
0x434620,std::vector::size,,int (__thiscall std::vector::size)(void* this),
0x434640,std::vector_pathCell_::size,,void* (__thiscall std::vector_pathCell_::size)(std::vector* this),
0x434670,const_artifact_effect_destructor,,void (__thiscall const_artifact_effect_destructor)(std::vector* this),
0x4346a0,Exception_004346A0,,,
0x434770,std::bitset_434770,,void (__fastcall std::bitset_434770)(void* this),
0x434840,std::vector_434840,,,
0x434880,std::vector_434880,,,
0x4348c0,sub_4348C0,,,
0x434910,sub_434910,,,
0x434930,sub_434930,,,
0x434ad0,sub_434AD0,,,
0x434c70,sub_434C70,,"int (__thiscall sub_434C70)(void* this, int, int, int)",
0x434cc0,std::vector_long__434CC0,,,
0x434d90,std::vector_long__434D90,,,
0x434db0,sub_434DB0,,,
0x434e90,sub_434E90,,,
0x434ee0,sub_434EE0,,,
0x434f60,sub_434F60,,,
0x435040,std::vector_long__435040,,,
0x4350b0,sub_4350B0,,,
0x435110,sub_435110,,,
0x435170,sub_435170,,,
0x4351e0,sub_4351E0,,,
0x435240,sub_435240,,,
0x4352a0,sub_4352A0,,,
0x435300,sub_435300,,,
0x435360,sub_435360,,,
0x4353c0,sub_4353C0,,,
0x435420,sub_435420,,,
0x435480,?AI_value_of_morale@@YANJJ@Z,AI_value_of_morale,"unknown float (__fastcall ?AI_value_of_morale@@YANJJ@Z)(int morale, int change)",0x35830
0x4354a0,value_of_luck_and_morale,,"unknown float (__fastcall value_of_luck_and_morale)(int value, int change, unknown float good_value_multiplier, unknown float bad_value_multiplier)",0x35850
0x4355b0,?AI_value_of_luck@@YANJJ@Z,AI_value_of_luck,,0x35960
0x4355d0,?AI_get_attack_damage@@YAJABVarmy@@J0_NJ@Z,AI_get_attack_damage,"int (__fastcall ?AI_get_attack_damage@@YAJABVarmy@@J0_NJ@Z)(army* current_army, int our_hits, army* enemy, bool ranged, int distance)",0x35980
0x435600,?simulate_attack@type_AI_combat_parameters@@QBAXABVarmy@@AAJ01_NJ@Z,type_AI_combat_parameters_simulate_attack,"void (__thiscall ?simulate_attack@type_AI_combat_parameters@@QBAXABVarmy@@AAJ01_NJ@Z)(type_AI_combat_parameters* this, army* current_army, int* our_hits, army* enemy, int* enemy_hits, bool ranged, int distance)",0x359b0
0x4357e0,?get_simple_attack_effect@type_AI_combat_parameters@@QBAJABVarmy@@J0J_NJ@Z,type_AI_combat_parameters_get_simple_attack_effect,"int (__thiscall ?get_simple_attack_effect@type_AI_combat_parameters@@QBAJABVarmy@@J0J_NJ@Z)(type_AI_combat_parameters* this, army* current_army, int our_total, army* enemy, int enemy_total, bool ranged, int distance)",0x35b90
0x4358c0,?get_simple_attack_effect@type_AI_combat_parameters@@QBAJABVarmy@@0_NJ@Z,type_AI_combat_parameters_get_simple_attack_effect,"int (__thiscall ?get_simple_attack_effect@type_AI_combat_parameters@@QBAJABVarmy@@0_NJ@Z)(type_AI_combat_parameters* this, army* current_army, army* enemy, bool ranged, int distance)",0x35c70
0x435900,?get_ranged_attack_value@type_AI_combat_parameters@@QBAJABVarmy@@0@Z,type_AI_combat_parameters_get_ranged_attack_value,"int (__thiscall ?get_ranged_attack_value@type_AI_combat_parameters@@QBAJABVarmy@@0@Z)(type_AI_combat_parameters* this, army* current_army, army* enemy)",0x35cb0
0x435a10,?get_exchange_effect@type_AI_combat_parameters@@QBAJABVarmy@@0J@Z,type_AI_combat_parameters_get_exchange_effect,"int (__thiscall ?get_exchange_effect@type_AI_combat_parameters@@QBAJABVarmy@@0J@Z)(type_AI_combat_parameters* this, army* current_army, army* enemy, int distance)",0x35dc0
0x435b10,??0type_AI_combat_parameters@@QAA@PBVcombatManager@@J@Z,type_AI_combat_parameters_ctor,"type_AI_combat_parameters* (__thiscall ??0type_AI_combat_parameters@@QAA@PBVcombatManager@@J@Z)(type_AI_combat_parameters* this, combatManager* combatMgr, int side)",0x35ec0
0x435d10,??0type_AI_attack_hex_chooser@@QAA@PBVarmy@@0PBJPAVsearchArray@@ABVtype_AI_combat_parameters@@@Z,type_AI_attack_hex_chooser_ctor,"type_AI_attack_hex_chooser* (__thiscall ??0type_AI_attack_hex_chooser@@QAA@PBVarmy@@0PBJPAVsearchArray@@ABVtype_AI_combat_parameters@@@Z)(type_AI_attack_hex_chooser* this, army* attack_army, army* enemy_army, int* enemy_attack_array, searchArray* search_data, type_AI_combat_parameters* data)",0x360c0
0x435dd0,?get_hex_attack_value@type_AI_attack_hex_chooser@@IAAJJAAJ@Z,type_AI_attack_hex_chooser_get_hex_attack_value,"int (__thiscall ?get_hex_attack_value@type_AI_attack_hex_chooser@@IAAJJAAJ@Z)(type_AI_attack_hex_chooser* this, int hex, int* checked)",0x36180
0x435f50,?check_adjacent_hexes@type_AI_attack_hex_chooser@@IAAXJJJ@Z,type_AI_attack_hex_chooser_check_adjacent_hexes,"void (__thiscall ?check_adjacent_hexes@type_AI_attack_hex_chooser@@IAAXJJJ@Z)(type_AI_attack_hex_chooser* this, int enemy_hex, int start_direction, int stop_direction)",0x36300
0x436270,get_multi_head_bonus,,"int (__fastcall get_multi_head_bonus)(int our_group, army* our_army, int our_hex, int troop_count, army* enemy, int enemy_hex, type_AI_combat_parameters* estimate)",
0x4363b0,get_breath_bonus,,"int (__fastcall get_breath_bonus)(int our_group, army* our_army, int our_hex, int troop_count, army* enemy, int enemy_hex, type_AI_combat_parameters* estimate)",
0x436490,?find_attack_hex@type_AI_attack_hex_chooser@@QAA_NXZ,type_AI_attack_hex_chooser_find_attack_hex,bool (__thiscall ?find_attack_hex@type_AI_attack_hex_chooser@@QAA_NXZ)(type_AI_attack_hex_chooser* this),0x36840
0x436580,?get_mastery_value@type_enchant_data@@QBAJXZ,type_enchant_data_get_mastery_value,int (__thiscall ?get_mastery_value@type_enchant_data@@QBAJXZ)(type_enchant_data* this),0x36930
0x4365a0,??0type_spell_choice@@QAA@XZ,type_spell_choice_ctor,type_spell_choice* (__thiscall ??0type_spell_choice@@QAA@XZ)(type_spell_choice* this),0x36950
0x4365d0,??0type_spell_choice@@QAA@W4SpellID@@W4TSkillMastery@@JJ@Z,type_spell_choice_ctor,"void (__thiscall ??0type_spell_choice@@QAA@W4SpellID@@W4TSkillMastery@@JJ@Z)(type_spell_choice* this, SpellID new_spell, TSkillMastery new_mastery, int new_power, int new_duration)",0x36980
0x436610,??0type_AI_spellcaster@@QAA@PAVcombatManager@@J_N@Z,type_AI_spellcaster_ctor,"type_AI_spellcaster* (__thiscall ??0type_AI_spellcaster@@QAA@PAVcombatManager@@J_N@Z)(type_AI_spellcaster* this, combatManager* combatMgr, int side, bool creature_spell)",0x369c0
0x436840,??_Gtype_AI_spellcaster@@UAAPAXI@Z,op_Gtype_AI_spellcaster,"type_AI_spellcaster* (__thiscall ??_Gtype_AI_spellcaster@@UAAPAXI@Z)(type_AI_spellcaster* this, int8 a2)",
0x436880,??1type_AI_spellcaster@@QAA@PAVcombatManager@@J_N@Z,type_AI_spellcaster_dtor,type_AI_spellcaster* (__thiscall ??1type_AI_spellcaster@@QAA@PAVcombatManager@@J_N@Z)(type_AI_spellcaster* this),0x36c30
0x4368b0,?should_attack_now@type_AI_spellcaster@@IBA_NABVarmy@@@Z,type_AI_spellcaster_should_attack_now,"bool (__thiscall ?should_attack_now@type_AI_spellcaster@@IBA_NABVarmy@@@Z)(type_AI_spellcaster* this, army* enemy)",0x36c60
0x436a80,?get_damage_value@type_AI_spellcaster@@IBAJW4SpellID@@JPBVhero@@PBVarmy@@@Z,type_AI_spellcaster_get_damage_value,"int (__thiscall ?get_damage_value@type_AI_spellcaster@@IBAJW4SpellID@@JPBVhero@@PBVarmy@@@Z)(type_AI_spellcaster* this, SpellID spell, int base_damage, hero* target_hero, army* target)",0x36e30
0x436bb0,?get_damage_spell_value@type_AI_spellcaster@@IBAJPBVarmy@@Utype_enchant_data@@@Z,type_AI_spellcaster_get_damage_spell_value,"int (__thiscall ?get_damage_spell_value@type_AI_spellcaster@@IBAJPBVarmy@@Utype_enchant_data@@@Z)(type_AI_spellcaster* this, army* our_army, type_enchant_data caster)",0x36f60
0x436c00,?get_mass_damage_effect@type_AI_spellcaster@@IBAJJJ@Z,type_AI_spellcaster_get_mass_damage_effect,"int (__thiscall ?get_mass_damage_effect@type_AI_spellcaster@@IBAJJJ@Z)(type_AI_spellcaster* this, int enemy_damage, int friendly_damage)",0x36fb0
0x436c90,?get_area_effect_value@type_AI_spellcaster@@IBAJW4SpellID@@JW4TSkillMastery@@J@Z,type_AI_spellcaster_get_area_effect_value,"int (__thiscall ?get_area_effect_value@type_AI_spellcaster@@IBAJW4SpellID@@JW4TSkillMastery@@J@Z)(type_AI_spellcaster* this, SpellID spell, int base_damage, TSkillMastery mastery, int hex)",0x37040
0x436de0,?get_chain_lightning_value@type_AI_spellcaster@@IBAJJW4TSkillMastery@@PAVarmy@@@Z,type_AI_spellcaster_get_chain_lightning_value,"int (__thiscall ?get_chain_lightning_value@type_AI_spellcaster@@IBAJJW4TSkillMastery@@PAVarmy@@@Z)(type_AI_spellcaster* this, int power, TSkillMastery mastery, army* target)",0x37190
0x436f60,?consider_chain_lightning@type_AI_spellcaster@@IBAXAAUtype_spell_choice@@@Z,type_AI_spellcaster_consider_chain_lightning,"void (__thiscall ?consider_chain_lightning@type_AI_spellcaster@@IBAXAAUtype_spell_choice@@@Z)(type_AI_spellcaster* this, type_spell_choice* choice)",
0x437040,?get_age_value@type_AI_spellcaster@@IBAJPBVarmy@@Utype_enchant_data@@@Z,type_AI_spellcaster_get_age_value,"int (__thiscall ?get_age_value@type_AI_spellcaster@@IBAJPBVarmy@@Utype_enchant_data@@@Z)(type_AI_spellcaster* this, army* our_army, type_enchant_data caster)",
0x437080,?get_bless_value@type_AI_spellcaster@@IBAJPBVarmy@@Utype_enchant_data@@@Z,type_AI_spellcaster_get_bless_value,"int (__thiscall ?get_bless_value@type_AI_spellcaster@@IBAJPBVarmy@@Utype_enchant_data@@@Z)(type_AI_spellcaster* this, army* our_army, type_enchant_data caster)",
0x437220,?get_frenzy_value@type_AI_spellcaster@@IBAJPBVarmy@@Utype_enchant_data@@@Z,type_AI_spellcaster_get_frenzy_value,"int (__thiscall ?get_frenzy_value@type_AI_spellcaster@@IBAJPBVarmy@@Utype_enchant_data@@@Z)(type_AI_spellcaster* this, army* our_army, type_enchant_data caster)",
0x437450,?get_attack_skill_value@type_AI_spellcaster@@IBAJPBVarmy@@0JJ@Z,type_AI_spellcaster_get_attack_skill_value,"int (__thiscall ?get_attack_skill_value@type_AI_spellcaster@@IBAJPBVarmy@@0JJ@Z)(type_AI_spellcaster* this, army* our_army, army* enemy, int duration, int bonus)",0x37800
0x437650,??0army@@QAA@ABV0@@Z,army_ctor,"void (__thiscall ??0army@@QAA@ABV0@@Z)(army* this, army* other)",0x37a00
0x437d50,?get_blood_lust_value@type_AI_spellcaster@@IBAJPBVarmy@@Utype_enchant_data@@@Z,type_AI_spellcaster_get_blood_lust_value,"int (__thiscall ?get_blood_lust_value@type_AI_spellcaster@@IBAJPBVarmy@@Utype_enchant_data@@@Z)(type_AI_spellcaster* this, army* our_army, type_enchant_data caster)",
0x437dc0,?get_mirth_value@type_AI_spellcaster@@IBAJPBVarmy@@Utype_enchant_data@@@Z,type_AI_spellcaster_get_mirth_value,"int (__thiscall ?get_mirth_value@type_AI_spellcaster@@IBAJPBVarmy@@Utype_enchant_data@@@Z)(type_AI_spellcaster* this, army* our_army, type_enchant_data caster)",
0x437f10,?get_sorrow_value@type_AI_spellcaster@@IBAJPBVarmy@@Utype_enchant_data@@@Z,type_AI_spellcaster_get_sorrow_value,"int (__thiscall ?get_sorrow_value@type_AI_spellcaster@@IBAJPBVarmy@@Utype_enchant_data@@@Z)(type_AI_spellcaster* this, army* our_army, type_enchant_data caster)",
0x4380e0,?get_fortune_value@type_AI_spellcaster@@IBAJPBVarmy@@Utype_enchant_data@@@Z,type_AI_spellcaster_get_fortune_value,"int (__thiscall ?get_fortune_value@type_AI_spellcaster@@IBAJPBVarmy@@Utype_enchant_data@@@Z)(type_AI_spellcaster* this, army* our_army, type_enchant_data caster)",
0x438410,?get_defense_boost_value@type_AI_spellcaster@@IBAJPBVarmy@@0JN@Z,type_AI_spellcaster_get_defense_boost_value,"int (__thiscall ?get_defense_boost_value@type_AI_spellcaster@@IBAJPBVarmy@@0JN@Z)(type_AI_spellcaster* this, army* our_army, army* enemy, int duration, unknown float increase)",0x387c0
0x438560,?get_defense_skill_value@type_AI_spellcaster@@IBAJPBVarmy@@JJ@Z,type_AI_spellcaster_get_defense_skill_value,"int (__thiscall ?get_defense_skill_value@type_AI_spellcaster@@IBAJPBVarmy@@JJ@Z)(type_AI_spellcaster* this, army* our_army, int duration, int bonus)",0x38910
0x438660,?get_disease_value@type_AI_spellcaster@@IBAJPBVarmy@@Utype_enchant_data@@@Z,type_AI_spellcaster_get_disease_value,"int (__thiscall ?get_disease_value@type_AI_spellcaster@@IBAJPBVarmy@@Utype_enchant_data@@@Z)(type_AI_spellcaster* this, army* our_army, type_enchant_data caster)",
0x438710,?get_prayer_value@type_AI_spellcaster@@IBAJPBVarmy@@Utype_enchant_data@@@Z,type_AI_spellcaster_get_prayer_value,"int (__thiscall ?get_prayer_value@type_AI_spellcaster@@IBAJPBVarmy@@Utype_enchant_data@@@Z)(type_AI_spellcaster* this, army* our_army, type_enchant_data caster)",
0x4387a0,?get_precision_value@type_AI_spellcaster@@IBAJPBVarmy@@Utype_enchant_data@@@Z,type_AI_spellcaster_get_precision_value,"int (__thiscall ?get_precision_value@type_AI_spellcaster@@IBAJPBVarmy@@Utype_enchant_data@@@Z)(type_AI_spellcaster* this, army* our_army, type_enchant_data caster)",
0x438810,?get_air_shield_value@type_AI_spellcaster@@IBAJPBVarmy@@Utype_enchant_data@@@Z,type_AI_spellcaster_get_air_shield_value,"int (__thiscall ?get_air_shield_value@type_AI_spellcaster@@IBAJPBVarmy@@Utype_enchant_data@@@Z)(type_AI_spellcaster* this, army* our_army, type_enchant_data caster)",
0x4388b0,?get_shield_value@type_AI_spellcaster@@IBAJPBVarmy@@Utype_enchant_data@@@Z,type_AI_spellcaster_get_shield_value,"int (__thiscall ?get_shield_value@type_AI_spellcaster@@IBAJPBVarmy@@Utype_enchant_data@@@Z)(type_AI_spellcaster* this, army* our_army, type_enchant_data caster)",
0x438950,?get_slayer_value@type_AI_spellcaster@@IBAJPBVarmy@@Utype_enchant_data@@@Z,type_AI_spellcaster_get_slayer_value,"int (__thiscall ?get_slayer_value@type_AI_spellcaster@@IBAJPBVarmy@@Utype_enchant_data@@@Z)(type_AI_spellcaster* this, army* our_army, type_enchant_data caster)",
0x4389e0,?get_stone_skin_value@type_AI_spellcaster@@IBAJPBVarmy@@Utype_enchant_data@@@Z,type_AI_spellcaster_get_stone_skin_value,"int (__thiscall ?get_stone_skin_value@type_AI_spellcaster@@IBAJPBVarmy@@Utype_enchant_data@@@Z)(type_AI_spellcaster* this, army* our_army, type_enchant_data caster)",
0x438a10,?get_disruptive_ray_value@type_AI_spellcaster@@IBAJPBVarmy@@Utype_enchant_data@@@Z,type_AI_spellcaster_get_disruptive_ray_value,"int (__thiscall ?get_disruptive_ray_value@type_AI_spellcaster@@IBAJPBVarmy@@Utype_enchant_data@@@Z)(type_AI_spellcaster* this, army* our_army, type_enchant_data caster)",
0x438b20,?get_weakness_value@type_AI_spellcaster@@IBAJPBVarmy@@Utype_enchant_data@@@Z,type_AI_spellcaster_get_weakness_value,"int (__thiscall ?get_weakness_value@type_AI_spellcaster@@IBAJPBVarmy@@Utype_enchant_data@@@Z)(type_AI_spellcaster* this, army* our_army, type_enchant_data caster)",
0x438bb0,?get_misfortune_value@type_AI_spellcaster@@IBAJPBVarmy@@Utype_enchant_data@@@Z,type_AI_spellcaster_get_misfortune_value,"int (__thiscall ?get_misfortune_value@type_AI_spellcaster@@IBAJPBVarmy@@Utype_enchant_data@@@Z)(type_AI_spellcaster* this, army* our_army, type_enchant_data caster)",
0x438d50,?get_blind_or_paralyze_value@type_AI_spellcaster@@IBAJPBVarmy@@Utype_enchant_data@@@Z,type_AI_spellcaster_get_blind_or_paralyze_value,"int (__thiscall ?get_blind_or_paralyze_value@type_AI_spellcaster@@IBAJPBVarmy@@Utype_enchant_data@@@Z)(type_AI_spellcaster* this, army* our_army, type_enchant_data caster)",
0x438ec0,?get_slow_value@type_AI_spellcaster@@IBAJPBVarmy@@Utype_enchant_data@@@Z,type_AI_spellcaster_get_slow_value,"int (__thiscall ?get_slow_value@type_AI_spellcaster@@IBAJPBVarmy@@Utype_enchant_data@@@Z)(type_AI_spellcaster* this, army* enemy, type_enchant_data caster)",
0x439150,?get_poison_value@type_AI_spellcaster@@IBAJPBVarmy@@Utype_enchant_data@@@Z,type_AI_spellcaster_get_poison_value,"int (__thiscall ?get_poison_value@type_AI_spellcaster@@IBAJPBVarmy@@Utype_enchant_data@@@Z)(type_AI_spellcaster* this, army* our_army, type_enchant_data caster)",
0x4391a0,?get_speed_value@type_AI_spellcaster@@IBAJPBVarmy@@JJ@Z,type_AI_spellcaster_get_speed_value,"int (__thiscall ?get_speed_value@type_AI_spellcaster@@IBAJPBVarmy@@JJ@Z)(type_AI_spellcaster* this, army* our_army, int increase, int duration)",0x39550
0x439300,?get_haste_value@type_AI_spellcaster@@IBAJPBVarmy@@Utype_enchant_data@@@Z,type_AI_spellcaster_get_haste_value,"int (__thiscall ?get_haste_value@type_AI_spellcaster@@IBAJPBVarmy@@Utype_enchant_data@@@Z)(type_AI_spellcaster* this, army* our_army, type_enchant_data caster)",
0x439330,?get_protection_value@type_AI_spellcaster@@IBAJPBVarmy@@W4TSpellSchool@@JJJ@Z,type_AI_spellcaster_get_protection_value,"int (__fastcall ?get_protection_value@type_AI_spellcaster@@IBAJPBVarmy@@W4TSpellSchool@@JJJ@Z)(type_AI_spellcaster* this, army* our_army, TSpellSchool school, int level, int duration, int amount)",0x396e0
0x4395f0,?get_air_protection_value@type_AI_spellcaster@@IBAJPBVarmy@@Utype_enchant_data@@@Z,type_AI_spellcaster_get_air_protection_value,"int (__thiscall ?get_air_protection_value@type_AI_spellcaster@@IBAJPBVarmy@@Utype_enchant_data@@@Z)(type_AI_spellcaster* this, army* our_army, type_enchant_data caster)",
0x439620,?get_fire_protection_value@type_AI_spellcaster@@IBAJPBVarmy@@Utype_enchant_data@@@Z,type_AI_spellcaster_get_fire_protection_value,"int (__thiscall ?get_fire_protection_value@type_AI_spellcaster@@IBAJPBVarmy@@Utype_enchant_data@@@Z)(type_AI_spellcaster* this, army* our_army, type_enchant_data caster)",
0x439650,?get_earth_protection_value@type_AI_spellcaster@@IBAJPBVarmy@@Utype_enchant_data@@@Z,type_AI_spellcaster_get_earth_protection_value,"int (__thiscall ?get_earth_protection_value@type_AI_spellcaster@@IBAJPBVarmy@@Utype_enchant_data@@@Z)(type_AI_spellcaster* this, army* our_army, type_enchant_data caster)",
0x439690,?get_water_protection_value@type_AI_spellcaster@@IBAJPBVarmy@@Utype_enchant_data@@@Z,type_AI_spellcaster_get_water_protection_value,"int (__thiscall ?get_water_protection_value@type_AI_spellcaster@@IBAJPBVarmy@@Utype_enchant_data@@@Z)(type_AI_spellcaster* this, army* our_army, type_enchant_data caster)",
0x4396d0,?get_cancel_value@type_AI_spellcaster@@IBAJAAVarmy@@_N@Z,type_AI_spellcaster_get_cancel_value,"int (__thiscall ?get_cancel_value@type_AI_spellcaster@@IBAJAAVarmy@@_N@Z)(type_AI_spellcaster* this, army* current_army, bool bad_spells_only)",0x39a80
0x439810,?get_dispel_value@type_AI_spellcaster@@IBAJPBVarmy@@Utype_enchant_data@@@Z,type_AI_spellcaster_get_dispel_value,"int (__thiscall ?get_dispel_value@type_AI_spellcaster@@IBAJPBVarmy@@Utype_enchant_data@@@Z)(type_AI_spellcaster* this, army* our_army, type_enchant_data caster)",
0x439880,?get_cure_value@type_AI_spellcaster@@IBAJPBVarmy@@Utype_enchant_data@@@Z,type_AI_spellcaster_get_cure_value,"int (__thiscall ?get_cure_value@type_AI_spellcaster@@IBAJPBVarmy@@Utype_enchant_data@@@Z)(type_AI_spellcaster* this, army* our_army, type_enchant_data caster)",
0x439990,?get_antimagic_value@type_AI_spellcaster@@IBAJPBVarmy@@Utype_enchant_data@@@Z,type_AI_spellcaster_get_antimagic_value,"int (__thiscall ?get_antimagic_value@type_AI_spellcaster@@IBAJPBVarmy@@Utype_enchant_data@@@Z)(type_AI_spellcaster* this, army* our_army, type_enchant_data caster)",
0x439a30,?get_backlash_value@type_AI_spellcaster@@IBAJPBVarmy@@Utype_enchant_data@@@Z,type_AI_spellcaster_get_backlash_value,"int (__thiscall ?get_backlash_value@type_AI_spellcaster@@IBAJPBVarmy@@Utype_enchant_data@@@Z)(type_AI_spellcaster* this, army* our_army, type_enchant_data caster)",
0x439ad0,?get_counterstrike_value@type_AI_spellcaster@@IBAJPBVarmy@@Utype_enchant_data@@@Z,type_AI_spellcaster_get_counterstrike_value,"int (__thiscall ?get_counterstrike_value@type_AI_spellcaster@@IBAJPBVarmy@@Utype_enchant_data@@@Z)(type_AI_spellcaster* this, army* our_army, type_enchant_data caster)",
0x439d60,?get_fire_shield_value@type_AI_spellcaster@@IBAJPBVarmy@@Utype_enchant_data@@@Z,type_AI_spellcaster_get_fire_shield_value,"int (__thiscall ?get_fire_shield_value@type_AI_spellcaster@@IBAJPBVarmy@@Utype_enchant_data@@@Z)(type_AI_spellcaster* this, army* our_army, type_enchant_data caster)",
0x439f90,?get_traitor_value@type_AI_spellcaster@@IBAJPBVarmy@@0@Z,type_AI_spellcaster_get_traitor_value,"int (__thiscall ?get_traitor_value@type_AI_spellcaster@@IBAJPBVarmy@@0@Z)(type_AI_spellcaster* this, army* enemy, army* target)",0x3a340
0x43a050,?get_berserk_value@type_AI_spellcaster@@IBAJPBVarmy@@Utype_enchant_data@@@Z,type_AI_spellcaster_get_berserk_value,"int (__thiscall ?get_berserk_value@type_AI_spellcaster@@IBAJPBVarmy@@Utype_enchant_data@@@Z)(type_AI_spellcaster* this, army* our_army, type_enchant_data caster)",
0x43a150,?get_hypnotize_value@type_AI_spellcaster@@IBAJPBVarmy@@Utype_enchant_data@@@Z,type_AI_spellcaster_get_hypnotize_value,"int (__thiscall ?get_hypnotize_value@type_AI_spellcaster@@IBAJPBVarmy@@Utype_enchant_data@@@Z)(type_AI_spellcaster* this, army* our_army, type_enchant_data caster)",
0x43a2c0,?consider_single_enchantment@type_AI_spellcaster@@IBAXAAUtype_spell_choice@@J@Z,type_AI_spellcaster_consider_single_enchantment,"void (__thiscall ?consider_single_enchantment@type_AI_spellcaster@@IBAXAAUtype_spell_choice@@J@Z)(type_AI_spellcaster* this, type_spell_choice* choice, int group)",0x3a670
0x43a560,?consider_enchantment@type_AI_spellcaster@@IBAXAAUtype_spell_choice@@J@Z,type_AI_spellcaster_consider_enchantment,"void (__thiscall ?consider_enchantment@type_AI_spellcaster@@IBAXAAUtype_spell_choice@@J@Z)(type_AI_spellcaster* this, type_spell_choice* choice, int group)",0x3a910
0x43a6b0,?consider_teleport@type_AI_spellcaster@@IBAXAAUtype_spell_choice@@@Z,type_AI_spellcaster_consider_teleport,"void (__thiscall ?consider_teleport@type_AI_spellcaster@@IBAXAAUtype_spell_choice@@@Z)(type_AI_spellcaster* this, type_spell_choice* choice)",
0x43a8f0,?consider_resurrect@type_AI_spellcaster@@IBAXAAUtype_spell_choice@@@Z,type_AI_spellcaster_consider_resurrect,"void (__thiscall ?consider_resurrect@type_AI_spellcaster@@IBAXAAUtype_spell_choice@@@Z)(type_AI_spellcaster* this, type_spell_choice* choice)",
0x43aba0,?consider_sacrifice@type_AI_spellcaster@@IBAXAAUtype_spell_choice@@PBVarmy@@J@Z,type_AI_spellcaster_consider_sacrifice,"void (__thiscall ?consider_sacrifice@type_AI_spellcaster@@IBAXAAUtype_spell_choice@@PBVarmy@@J@Z)(type_AI_spellcaster* this, type_spell_choice* choice, army* healed_army, int target_hex)",
0x43ae30,?consider_sacrifice@type_AI_spellcaster@@IBAXAAUtype_spell_choice@@@Z,type_AI_spellcaster_consider_sacrifice,"void (__thiscall ?consider_sacrifice@type_AI_spellcaster@@IBAXAAUtype_spell_choice@@@Z)(type_AI_spellcaster* this, type_spell_choice* choice)",
0x43af30,?get_clone_value@type_AI_spellcaster@@IBAJPBVarmy@@Utype_enchant_data@@@Z,type_AI_spellcaster_get_clone_value,"int (__thiscall ?get_clone_value@type_AI_spellcaster@@IBAJPBVarmy@@Utype_enchant_data@@@Z)(type_AI_spellcaster* this, army* our_army, type_enchant_data caster)",
0x43afc0,?get_curse_value@type_AI_spellcaster@@IBAJPBVarmy@@Utype_enchant_data@@@Z,type_AI_spellcaster_get_curse_value,"int (__thiscall ?get_curse_value@type_AI_spellcaster@@IBAJPBVarmy@@Utype_enchant_data@@@Z)(type_AI_spellcaster* this, army* our_army, type_enchant_data caster)",
0x43b150,?get_forgetfulness_value@type_AI_spellcaster@@IBAJPBVarmy@@Utype_enchant_data@@@Z,type_AI_spellcaster_get_forgetfulness_value,"int (__thiscall ?get_forgetfulness_value@type_AI_spellcaster@@IBAJPBVarmy@@Utype_enchant_data@@@Z)(type_AI_spellcaster* this, army* our_army, type_enchant_data caster)",
0x43b2d0,?unimplemented@type_AI_spellcaster@@IBAJPBVarmy@@Utype_enchant_data@@@Z,type_AI_spellcaster_unimplemented,"int (__thiscall ?unimplemented@type_AI_spellcaster@@IBAJPBVarmy@@Utype_enchant_data@@@Z)(type_AI_spellcaster* this, army* our_army, type_enchant_data caster)",
0x43b2e0,?get_enchantment_function@type_AI_spellcaster@@IBAP81@BAJPBVarmy@@Utype_enchant_data@@@ZW4SpellID@@@Z,type_AI_spellcaster_get_enchantment_function,"int (__thiscall *)(type_AI_spellcaster* spell, army* this, type_enchant_data our_army) (__stdcall ?get_enchantment_function@type_AI_spellcaster@@IBAP81@BAJPBVarmy@@Utype_enchant_data@@@ZW4SpellID@@@Z)(int spell)",
0x43b540,?consider_earthquake@type_AI_spellcaster@@IBAXAAUtype_spell_choice@@@Z,type_AI_spellcaster_consider_earthquake,"void (__thiscall ?consider_earthquake@type_AI_spellcaster@@IBAXAAUtype_spell_choice@@@Z)(type_AI_spellcaster* this, type_spell_choice* choice)",
0x43b770,?consider_spell@type_AI_spellcaster@@IBAXAAUtype_spell_choice@@@Z,type_AI_spellcaster_consider_spell,"void (__thiscall ?consider_spell@type_AI_spellcaster@@IBAXAAUtype_spell_choice@@@Z)(type_AI_spellcaster* this, type_spell_choice* choice)",0x3bb20
0x43bb70,?set_melee_enemies@type_AI_spellcaster@@IAAXXZ,type_AI_spellcaster_set_melee_enemies,void (__thiscall ?set_melee_enemies@type_AI_spellcaster@@IAAXXZ)(type_AI_spellcaster* this),0x3bf20
0x43bc90,?find_enemy_attacks@type_AI_spellcaster@@IAAXXZ,type_AI_spellcaster_find_enemy_attacks,void (__thiscall ?find_enemy_attacks@type_AI_spellcaster@@IAAXXZ)(type_AI_spellcaster* this),0x3c040
0x43bf80,?get_ogre_mage_value@type_AI_spellcaster@@QBAJPBVarmy@@@Z,type_AI_spellcaster_get_ogre_mage_value,"int (__thiscall ?get_ogre_mage_value@type_AI_spellcaster@@QBAJPBVarmy@@@Z)(type_AI_spellcaster* this, army*)",
0x43c0f0,?get_caliph_value@type_AI_spellcaster@@QBAJPBVarmy@@@Z,type_AI_spellcaster_get_caliph_value,"int (__thiscall ?get_caliph_value@type_AI_spellcaster@@QBAJPBVarmy@@@Z)(type_AI_spellcaster* this, army* target)",
0x43c270,type_AI_spellcaster::get_faerie_dragon_spell_value,,"int (__thiscall type_AI_spellcaster::get_faerie_dragon_spell_value)(type_AI_spellcaster* this, int hex, int power, SpellID spell)",
0x43c450,?cast_spell@type_AI_spellcaster@@QAA_N_N@Z,type_AI_spellcaster_cast_spell,"bool (__thiscall ?cast_spell@type_AI_spellcaster@@QAA_N_N@Z)(type_AI_spellcaster* this, bool retreating)",0x3c800
0x43c760,sub_43C760,,void (__thiscall sub_43C760)(sample* this),
0x43c770,sub_43C770,,,
0x43c810,std::deque_43C810,,"int (__thiscall std::deque_43C810)(void* this, void*)",
0x43cae0,std::deque_43CAE0,,"void* (__thiscall std::deque_43CAE0)(void* this, int, void*)",
0x43cb10,std::deque_43CB10,,"int8* (__thiscall std::deque_43CB10)(int this, unsigned int)",
0x43cb80,sub_43CB80,,,
0x43cba0,sub_43CBA0,,,
0x43cc00,sub_43CC00,,,
0x43cc60,sub_43CC60,,,
0x43ccd0,sub_43CCD0,,,
0x43cd30,sub_43CD30,,,
0x43cd90,sub_43CD90,,,
0x43cdf0,sub_43CDF0,,,
0x43ce50,sub_43CE50,,,
0x43ceb0,sub_43CEB0,,,
0x43cf10,sub_43CF10,,,
0x43cf70,??0army@@QAA@XZ,army_ctor,void (__thiscall ??0army@@QAA@XZ)(army* this),0x3d250
0x43d120,??1army@@QAA@XZ,army_dtor,void (__thiscall ??1army@@QAA@XZ)(army* this),0x3d400
0x43d260,?play_sample@army@@QAAXW4TSampleID@1@@Z,army_play_sample,"void (__thiscall ?play_sample@army@@QAAXW4TSampleID@1@@Z)(army* this, army::TSampleID smpl)",0x3d540
0x43d2a0,?stop_sample@army@@QAAXW4TSampleID@1@@Z,army_stop_sample,"void (__thiscall ?stop_sample@army@@QAAXW4TSampleID@1@@Z)(army* this, army::TSampleID smpl)",0x3d580
0x43d2e0,?InitClean@army@@QAAXXZ,army_InitClean,army** (__thiscall ?InitClean@army@@QAAXXZ)(army* this),
0x43d450,?initialize@army@@QAAXW4TCreatureType@@JPBVhero@@JJJ@Z,army_initialize,"void (__thiscall ?initialize@army@@QAAXW4TCreatureType@@JPBVhero@@JJJ@Z)(army* this, TCreatureType type, int number, hero* owner, int new_group, int new_index, int new_grid_index)",
0x43d5d0,?Init@army@@QAAXHHPBVhero@@HHHH@Z,army_Init,"void (__thiscall ?Init@army@@QAAXHHPBVhero@@HHHH@Z)(army* this, TCreatureType armyId, int newNumTroops, hero* owner, int side, int inIndex, int iGridIndex, int iOrigPos)",
0x43d710,?LoadResources@army@@QAAXXZ,army_LoadResources,void (__thiscall ?LoadResources@army@@QAAXXZ)(army* this),
0x43dc40,?SetLuck@army@@QAAXPBVhero@@PBVarmyGroup@@PBVtown@@01_N@Z,army_SetLuck,"void (__thiscall ?SetLuck@army@@QAAXPBVhero@@PBVarmyGroup@@PBVtown@@01_N@Z)(army* this, hero* owner_hero, armyGroup* owner_group, town* owner_town, hero* other_hero, armyGroup* other_group, int8 ground_type)",0x3df20
0x43dd20,?SetMorale@army@@QAAXPBVhero@@PBVarmyGroup@@PBVtown@@01_N@Z,army_SetMorale,"void (__thiscall ?SetMorale@army@@QAAXPBVhero@@PBVarmyGroup@@PBVtown@@01_N@Z)(army* this, hero* owner_hero, armyGroup* owner_group, town* owner_town, hero* other_hero, armyGroup* other_group, int8_t ground_type, bool angelic_alliance)",0x3e000
0x43de60,?DrawToBuffer@army@@QAAXHHH@Z,army_DrawToBuffer,"void (__thiscall ?DrawToBuffer@army@@QAAXHHH@Z)(army* this, int x, int y, int bNumBoxOnly)",0x3e140
0x43e720,std::vector_0043E720,,"int (__fastcall std::vector_0043E720)(std::vector* a1, int a2)",
0x43e790,?add_aura@army@@QAAXXZ,army_add_aura,void (__thiscall ?add_aura@army@@QAAXXZ)(army* this),0x3ea70
0x43e970,?remove_aura@army@@QAAXXZ,army_remove_aura,void (__thiscall ?remove_aura@army@@QAAXXZ)(army* this),0x3ec50
0x43eb30,?remove_binding@army@@QAAXXZ,army_remove_binding,void (__thiscall ?remove_binding@army@@QAAXXZ)(army* this),0x3ee10
0x43ed00,?set_inside_area_effect@army@@QAA_N_N@Z,army_set_inside_area_effect,"bool (__thiscall ?set_inside_area_effect@army@@QAA_N_N@Z)(army* this, bool arg)",
0x43edd0,?Walk@army@@QAAXH_N0@Z,army_Walk,"void (__thiscall ?Walk@army@@QAAXH_N0@Z)(army* this, int direction, bool end_walk, bool initial_walk)",0x3f0b0
0x43efe0,?animate_missile@army@@AAAXPAV1@@Z,army_animate_missile,"void (__thiscall ?animate_missile@army@@AAAXPAV1@@Z)(army* this, army* target)",0x3f2c0
0x43f620,?range_attack@army@@AAAXPAV1@@Z,army_range_attack,"void (__thiscall ?range_attack@army@@AAAXPAV1@@Z)(army* this, army* target)",0x3f900
0x43fe20,army::getName,,"int8* (__fastcall army::getName)(unsigned int type, int count)",0x40100
0x43fe60,army::get_side,,int (__thiscall army::get_side)(army* this),
0x43fe80,?range_attack@army@@QAAXXZ,army_range_attack,void (__thiscall ?range_attack@army@@QAAXXZ)(army* this),0x40160
0x440030,?do_multi_head_attack@army@@QAAXIPAH0PAJ@Z,army_do_multi_head_attack,"void (__thiscall ?do_multi_head_attack@army@@QAAXIPAH0PAJ@Z)(army* this, unsigned int attackMask, int* damage, int* killed, int* fire_damage)",0x40310
0x440220,?check_special_attack@army@@QAA_NPAV1@@Z,army_check_special_attack,"bool (__thiscall ?check_special_attack@army@@QAA_NPAV1@@Z)(army* this, army* target)",0x40500
0x4406e0,?do_fire_shield@army@@AAAXJ@Z,army_do_fire_shield,"void (__thiscall ?do_fire_shield@army@@AAAXJ@Z)(army* this, int damage)",0x409c0
0x4408e0,?do_post_attack@army@@AAAXPAV1@HHH@Z,army_do_post_attack,"void (__thiscall ?do_post_attack@army@@AAAXPAV1@HHH@Z)(army* this, army* target, int iDamage, int iKilled, int total_life)",0x40bc0
0x441330,?do_attack@army@@AAA_NPAV1@H@Z,army_do_attack,"bool (__thiscall ?do_attack@army@@AAA_NPAV1@H@Z)(army* this, army* armyToAttack, int direction)",0x41610
0x4419d0,?do_attack@army@@QAAXH@Z,army_do_attack,"void (__thiscall ?do_attack@army@@QAAXH@Z)(army* this, int direction)",0x41cb0
0x441c90,?check_obstacle_attacks@army@@QAA_N_N@Z,army_check_obstacle_attacks,"bool (__thiscall ?check_obstacle_attacks@army@@QAA_N_N@Z)(army* this, bool is_walking)",
0x441cc0,?WalkTo@army@@QAA_NH_N@Z,army_WalkTo,"bool (__thiscall ?WalkTo@army@@QAA_NH_N@Z)(army* this, int destIndex, bool restore_facing)",0x41fa0
0x442130,?get_adjusted_attack@army@@QBAJPBV1@_N@Z,army_get_adjusted_attack,"int (__thiscall ?get_adjusted_attack@army@@QBAJPBV1@_N@Z)(army* this, army* enemy, bool ranged_attack)",0x42410
0x442270,?get_attack_modifier@army@@QBAJPBV1@_N@Z,army_get_attack_modifier,"int (__thiscall ?get_attack_modifier@army@@QBAJPBV1@_N@Z)(army* this, army* enemy, bool ranged_attack)",
0x4422b0,?get_adjusted_defense@army@@QBAJPBV1@_N@Z,army_get_adjusted_defense,"int (__thiscall ?get_adjusted_defense@army@@QBAJPBV1@_N@Z)(army* this, army* enemy, bool frenzy_included)",0x42590
0x442380,?get_defense_modifier@army@@QBAJXZ,army_get_defense_modifier,int (__thiscall ?get_defense_modifier@army@@QBAJXZ)(army* this),
0x4423b0,?get_controller@army@@QBAPAVhero@@XZ,army_get_controller,hero* (__thiscall ?get_controller@army@@QBAPAVhero@@XZ)(army* this),
0x4423f0,?get_owner@army@@QBAPAVhero@@XZ,army_get_owner,hero* (__thiscall ?get_owner@army@@QBAPAVhero@@XZ)(army* this),
0x442410,?get_average_damage@army@@QBANXZ,army_get_average_damage,unknown float (__thiscall ?get_average_damage@army@@QBANXZ)(army* this),0x426f0
0x4424a0,?get_average_damage@army@@QBAJABV1@_NJ1J@Z,army_get_average_damage,"int (__thiscall ?get_average_damage@army@@QBAJABV1@_NJ1J@Z)(army* this, army* enemy, bool ranged_attack, int amount, bool limit_damage, int distance)",0x42780
0x4425a0,?is_enemy@army@@QBA_NPBV1@@Z,army_is_enemy,"bool (__thiscall ?is_enemy@army@@QBA_NPBV1@@Z)(army* this, army* other)",
0x442610,?can_shoot@army@@QBA_NPBV1@@Z,army_can_shoot,"bool (__thiscall ?can_shoot@army@@QBA_NPBV1@@Z)(army* this, army* other)",0x428f0
0x442710,?enemy_is_adjacent@army@@QBA_NPBV1@@Z,army_enemy_is_adjacent,"bool (__thiscall ?enemy_is_adjacent@army@@QBA_NPBV1@@Z)(army* this, army* other)",0x429f0
0x442770,?get_unit_combat_value@army@@QBANJJ_NPBV1@@Z,army_get_unit_combat_value,"unknown float (__thiscall ?get_unit_combat_value@army@@QBANJJ_NPBV1@@Z)(army* this, int lowest_attack, int lowest_defense, int ranged, army* excluded)",0x42a50
0x442b80,?get_total_combat_value@army@@QBAJJJ@Z,army_get_total_combat_value,"int (__thiscall ?get_total_combat_value@army@@QBAJJJ@Z)(army* this, int lowest_attack, int lowest_defense)",0x42e60
0x442cf0,?get_loss_combat_value@army@@QBAJJJ_NJ0@Z,army_get_loss_combat_value,"int (__thiscall ?get_loss_combat_value@army@@QBAJJJ_NJ0@Z)(army* this, int lowest_attack, int lowest_defense, int ranged, int damage, bool kills_only)",0x42fd0
0x442da0,?get_total_hit_points@army@@QBAJ_N@Z,army_get_total_hit_points,"int (__thiscall ?get_total_hit_points@army@@QBAJ_N@Z)(army* this, bool simulated)",0x43080
0x442df0,?set_AI_expected_damage@army@@QAAXJ@Z,army_set_AI_expected_damage,"void (__thiscall ?set_AI_expected_damage@army@@QAAXJ@Z)(army* this, int arg)",0x430d0
0x442e50,?get_fire_shield_strength@army@@QBAMXZ,army_get_fire_shield_strength,float (__thiscall ?get_fire_shield_strength@army@@QBAMXZ)(army* this),0x43130
0x442e80,?ComputeBaseDamage@army@@QBAH_N@Z,army_ComputeBaseDamage,"int (__thiscall ?ComputeBaseDamage@army@@QBAH_N@Z)(army* this, int simulate_only)",0x43160
0x443040,?SoD_ComputeAttackerDamageBonuses@army@@QBAHH_NPAV1@0J@Z,army_SoD_ComputeAttackerDamageBonuses,"int (__thiscall ?SoD_ComputeAttackerDamageBonuses@army@@QBAHH_NPAV1@0J@Z)(army* this, int base_damage, bool is_shooting, army* defender, BOOL not_simulated, int distance)",
0x443560,?ComputeAttackerDamageBonuses@army@@QBAHH_NPAV1@0J@Z,army_ComputeAttackerDamageBonuses,"int (__thiscall ?ComputeAttackerDamageBonuses@army@@QBAHH_NPAV1@0J@Z)(army* this, int base_damage, bool is_shooting, army* defender, bool simulate_only, int distance)",0x43840
0x4438b0,?ComputeAttackerDamageReduction@army@@QBANPBV1@_N@Z,army_ComputeAttackerDamageReduction,"unknown float (__thiscall ?ComputeAttackerDamageReduction@army@@QBANPBV1@_N@Z)(army* this, army* enemy, bool ranged_attack)",0x43b90
0x443ab0,?ComputeDefenderDamageReduction@army@@QBAN_N@Z,army_ComputeDefenderDamageReduction,"unknown float (__thiscall ?ComputeDefenderDamageReduction@army@@QBAN_N@Z)(army* this, int8 ranged_attack)",0x43d90
0x443b50,army::SoD_ComputeDamageModifier,,"int (__thiscall army::SoD_ComputeDamageModifier)(army* this, army* other, int base_damage, int is_shooting, int distance)",
0x443c60,?adjust_damage@army@@QBAJPAV1@J_N1JPAJ@Z,army_adjust_damage,"int (__thiscall ?adjust_damage@army@@QBAJPAV1@J_N1JPAJ@Z)(army* this, army* enemy, int base_damage, bool bIsShot, bool simulated, int distance, int* fire_damage)",0x43f40
0x443db0,?Damage@army@@QAAHH@Z,army_Damage,"int (__thiscall ?Damage@army@@QAAHH@Z)(army* this, int damage)",0x44090
0x443e40,?ProcessDeath@army@@QAAXH@Z,army_ProcessDeath,"void (__thiscall ?ProcessDeath@army@@QAAXH@Z)(army* this, int bFadeElementals)",
0x4441f0,?CancelSpellType@army@@QAAXH@Z,army_CancelSpellType,"void (__thiscall ?CancelSpellType@army@@QAAXH@Z)(army* this, int iSpellType)",0x444d0
0x444230,?CancelIndividualSpell@army@@QAAXH@Z,army_CancelIndividualSpell,"void (__thiscall ?CancelIndividualSpell@army@@QAAXH@Z)(army* this, SpellID spell)",0x44510
0x444610,?SetSpellInfluence@army@@QAAXHHW4TSkillMastery@@PBVhero@@@Z,army_SetSpellInfluence,"void (__thiscall ?SetSpellInfluence@army@@QAAXHHW4TSkillMastery@@PBVhero@@@Z)(army* this, SpellID spell, int power, TSkillMastery mastery, hero* casting_hero)",0x448f0
0x4451b0,?get_berserk_targets@army@@QBAXAAV?$vector@PAVarmy@@V?$allocator@PAVarmy@@@std@@@std@@@Z,army_get_berserk_targets,"int (__thiscall ?get_berserk_targets@army@@QBAXAAV?$vector@PAVarmy@@V?$allocator@PAVarmy@@@std@@@std@@@Z)(army* this, std::vector_army_ptr_* armies)",0x45490
0x4453f0,?GoBerserk@army@@QAAXXZ,army_GoBerserk,void (__thiscall ?GoBerserk@army@@QAAXXZ)(army* this),0x456d0
0x445560,?get_attack_direction@army@@QBAJJPBV1@J@Z,army_get_attack_direction,"int (__thiscall ?get_attack_direction@army@@QBAJJPBV1@J@Z)(army* this, int our_hex, army* enemy, int enemy_hex)",0x45840
0x4455d0,?get_attack_direction@army@@QBAJJPBV1@@Z,army_get_attack_direction,"int (__thiscall ?get_attack_direction@army@@QBAJJPBV1@@Z)(army* this, int hex, army* enemy)",0x458b0
0x445670,?simple_move@army@@AAA_NH_N@Z,army_simple_move,"bool (__thiscall ?simple_move@army@@AAA_NH_N@Z)(army* this, int hex, bool restore_facing)",0x45950
0x445780,?attack_hex@army@@QAA_NH_N@Z,army_attack_hex,"bool (__thiscall ?attack_hex@army@@QAA_NH_N@Z)(army* this, int hex, bool restore_facing)",0x45a60
0x4459f0,army_004459F0,,"int (__thiscall army_004459F0)(army* this, int direction)",
0x445a30,?move_to@army@@QAA_NH_N@Z,army_move_to,"bool (__thiscall ?move_to@army@@QAA_NH_N@Z)(army* this, int hex, bool restore_facing)",
0x445a50,?AttackWall@army@@QAAXH@Z,army_AttackWall,"bool (__thiscall ?AttackWall@army@@QAAXH@Z)(army* this, int iTargetGridIndex)",0x45d30
0x445be0,?attack_wall@army@@AAAXW4TWallTargetId@@ABUtype_ballistics_traits@@@Z,army_attack_wall,"void (__thiscall ?attack_wall@army@@AAAXW4TWallTargetId@@ABUtype_ballistics_traits@@@Z)(army* this, TWallTargetId target, type_ballistics_traits* ballistic_traits)",
0x445cf0,?attack_wall@army@@AAAXW4TWallTargetId@@J@Z,army_attack_wall,"void (__thiscall ?attack_wall@army@@AAAXW4TWallTargetId@@J@Z)(army* this, TWallTargetId wall, int levels_destroyed)",
0x446220,?Cure@army@@QAAXHHPBVhero@@@Z,army_Cure,"int (__thiscall ?Cure@army@@QAAXHHPBVhero@@@Z)(army* this, int level, int iSpellPower, hero* casting_hero)",
0x446350,?MidY@army@@QBAHXZ,army_MidY,int (__thiscall ?MidY@army@@QBAHXZ)(army* this),
0x446380,?MidX@army@@QBAHXZ,army_MidX,int (__thiscall ?MidX@army@@QBAHXZ)(army* this),
0x4463c0,?get_second_grid_index@army@@QBAHXZ,army_get_second_grid_index,int (__thiscall ?get_second_grid_index@army@@QBAHXZ)(army* this),
0x4463e0,?is_adjacent@army@@QBA_NH@Z,army_is_adjacent,"bool (__thiscall ?is_adjacent@army@@QBA_NH@Z)(army* this, int)",0x466c0
0x446440,?Turn@army@@QAAX_N@Z,army_Turn,"void (__thiscall ?Turn@army@@QAAX_N@Z)(army* this, bool play_animation)",0x46720
0x446550,?SetupAnimation@army@@QAAXXZ,army_SetupAnimation,void (__thiscall ?SetupAnimation@army@@QAAXXZ)(army* this),0x46830
0x446660,?PlayAnimation@army@@QAAXHHH@Z,army_PlayAnimation,"void (__thiscall ?PlayAnimation@army@@QAAXHHH@Z)(army* this, int sequence, int nframes, int start_frame)",0x46940
0x446960,?CanFit@army@@QBAHHHPAH@Z,army_CanFit,"int (__thiscall ?CanFit@army@@QBAHHHPAH@Z)(army* this, int destIndex, bool bAllowShifting, int* iNewDestIndex)",0x46c40
0x446b50,?new_turn@army@@QAAXXZ,army_new_turn,void (__thiscall ?new_turn@army@@QAAXXZ)(army* this),
0x446e40,?ResetRound@army@@QAAXXZ,army_ResetRound,void (__thiscall ?ResetRound@army@@QAAXXZ)(army* this),
0x447050,?get_resurrection_size@army@@QBAJPBV1@@Z,army_get_resurrection_size,"int (__thiscall ?get_resurrection_size@army@@QBAJPBV1@@Z)(army* this, army* target)",0x47330
0x4470f0,?can_cast_resurrect@army@@QBA_NJ@Z,army_can_cast_resurrect,"bool (__thiscall ?can_cast_resurrect@army@@QBA_NJ@Z)(army* this, int hex)",0x473d0
0x447230,?SoD_FaerieDragonSpell@army@@QBA_NXZ,army_SoD_FaerieDragonSpell,void (__thiscall ?SoD_FaerieDragonSpell@army@@QBA_NXZ)(army* this),0x47510
0x4473e0,?can_cast_spell@army@@QBA_NJ@Z,army_can_cast_spell,"bool (__thiscall ?can_cast_spell@army@@QBA_NJ@Z)(army* this, int hex)",0x476c0
0x4477a0,?is_valid_caliph_spell@@YA_NW4SpellID@@PBVarmy@@@Z,is_valid_caliph_spell,"bool (__fastcall ?is_valid_caliph_spell@@YA_NW4SpellID@@PBVarmy@@@Z)(SpellID spell, army* target)",
0x447bd0,?SOD_is_valid_caliph_spell@@YA_NW4SpellID@@PBVarmy@@@Z,SOD_is_valid_caliph_spell,"bool (__fastcall ?SOD_is_valid_caliph_spell@@YA_NW4SpellID@@PBVarmy@@@Z)(SpellID spell, army* target)",0x47eb0
0x447c00,?cast_caliph_spell@army@@QAAXJ@Z,army_cast_caliph_spell,"void (__thiscall ?cast_caliph_spell@army@@QAAXJ@Z)(army* this, int hex)",
0x447d00,army::SoD_CastEnchanterSpell,,bool (__thiscall army::SoD_CastEnchanterSpell)(army* this),
0x447f80,?cast_spell@army@@QAAXJ@Z,army_cast_spell,"void (__thiscall ?cast_spell@army@@QAAXJ@Z)(army* this, unsigned int targetIndex)",0x48260
0x448510,army::SoD_get_mirror_effect,,int (__thiscall army::SoD_get_mirror_effect)(army* this),0x487f0
0x448560,?consider_attack@army@@QAAXPBV1@JJ@Z,army_consider_attack,"void (__thiscall ?consider_attack@army@@QAAXPBV1@JJ@Z)(army* this, army* enemy, int value, int attack_distance)",
0x4487d0,?get_multi_head_directions@army@@QBAJJPBV1@J@Z,army_get_multi_head_directions,"int (__thiscall ?get_multi_head_directions@army@@QBAJJPBV1@J@Z)(army* this, int our_hex, army* enemy, int enemy_hex)",0x48ab0
0x4488f0,?get_AI_target_time@army@@QBAJJ@Z,army_get_AI_target_time,"int (__thiscall ?get_AI_target_time@army@@QBAJJ@Z)(army* this, int speed)",0x48bd0
0x4489f0,?GetSpeed@army@@QBAHXZ,army_GetSpeed,int (__thiscall ?GetSpeed@army@@QBAHXZ)(army* this),0x48cd0
0x448a40,std::vector_448A40,,void* (__thiscall std::vector_448A40)(std::vector* this),
0x448a80,std::deque_448A80,,"int* (__thiscall std::deque_448A80)(int* this, int*, int, void*, void*, void**, int, void*, void*, void**)",
0x448d80,std::deque_448D80,,void (__thiscall std::deque_448D80)(int* this),
0x448e00,std::deque_448E00,,void (__thiscall std::deque_448E00)(int* this),
0x448e90,sub_448E90,,"int (__thiscall sub_448E90)(std::deque_SpellID_::iterator* this, int a2)",
0x448f00,std::deque_448F00,,void* (__thiscall std::deque_448F00)(void* this),
0x448f40,std::deque_448F40,,void* (__thiscall std::deque_448F40)(void* this),
0x448f80,sub_448F80,,,
0x448fa0,sub_448FA0,,,
0x449000,sub_449000,,,
0x449060,sub_449060,,,
0x4490d0,sub_4490D0,,,
0x449130,sub_449130,,,
0x449190,sub_449190,,,
0x4491f0,sub_4491F0,,,
0x449250,sub_449250,,,
0x4492b0,sub_4492B0,,,
0x449310,sub_449310,,,
0x449370,?HasCreatures@armyGroup@@QBA_NXZ,armyGroup_HasCreatures,bool (__thiscall ?HasCreatures@armyGroup@@QBA_NXZ)(armyGroup* this),0x496a0
0x449390,?UpdateSplitArmy@TSplitWindow@@QAAX_N@Z,TSplitWindow_UpdateSplitArmy,void (__thiscall ?UpdateSplitArmy@TSplitWindow@@QAAX_N@Z)(int8* this),
0x449460,??0TSplitWindow@@QAA@HHW4TCreatureType@@@Z,TSplitWindow_ctor,"TSplitWindow* (__thiscall ??0TSplitWindow@@QAA@HHW4TCreatureType@@@Z)(TSplitWindow* this, void* Memory, widget*, widget*)",
0x449ac0,??_GTSplitWindow@@UAAPAXI@Z,op_GTSplitWindow,"void (__thiscall ??_GTSplitWindow@@UAAPAXI@Z)(TSplitWindow* Memory, bool flag)",
0x449af0,??1TSplitWindow@@UAA@XZ,TSplitWindow_dtor,void (__thiscall ??1TSplitWindow@@UAA@XZ)(TSplitWindow* this),
0x449b60,?SplitArmy@armyGroup@@QAAXHPAV1@H_N1@Z,armyGroup_SplitArmy,"void (__thiscall ?SplitArmy@armyGroup@@QAAXHPAV1@H_N1@Z)(armyGroup* this, int srcIndex, armyGroup* ag, int destIndex, bool32 inSrcRestricted, bool32 inDestRestricted)",
0x449e50,?WindowHandler@TSplitWindow@@EAAHAAUmessage@@@Z,TSplitWindow_WindowHandler,"int (__thiscall ?WindowHandler@TSplitWindow@@EAAHAAUmessage@@@Z)(TSplitWindow* this, message* msg)",
0x44a130,SoD_getNonEvilAlignmentMask,,,
0x44a190,nullsub_1,,,
0x44a1a0,?get_spell_work_chance@@YAMW4SpellID@@W4TCreatureType@@QBVhero@@2@Z,get_spell_work_chance,"float (__fastcall ?get_spell_work_chance@@YAMW4SpellID@@W4TCreatureType@@QBVhero@@2@Z)(SpellID spell, TCreatureType target_army_type, hero* casting_hero, hero* target_hero)",
0x44a6d0,?save@armyGroup@@QAAHPAX@Z,armyGroup_save,"int (__thiscall ?save@armyGroup@@QAAHPAX@Z)(armyGroup* this, TAbstractFile* outfile)",
0x44a710,?load@armyGroup@@QAAHPAX@Z,armyGroup_load,"int (__thiscall ?load@armyGroup@@QAAHPAX@Z)(armyGroup* this, TGzFile* infile)",
0x44a750,??0armyGroup@@QAA@XZ,armyGroup_ctor,armyGroup* (__thiscall ??0armyGroup@@QAA@XZ)(armyGroup* this),
0x44a770,??0armyGroup@@QAA@W4TCreatureType@@H@Z,armyGroup_ctor,"armyGroup* (__thiscall ??0armyGroup@@QAA@W4TCreatureType@@H@Z)(armyGroup* this, int, int)",0x4aaa0
0x44a7d0,?Initialize@armyGroup@@QAAXXZ,armyGroup_Initialize,void (__thiscall ?Initialize@armyGroup@@QAAXXZ)(armyGroup* this),
0x44a7f0,?HasAllUndead@armyGroup@@QBA_NXZ,armyGroup_HasAllUndead,int8 (__fastcall ?HasAllUndead@armyGroup@@QBA_NXZ)(void* this),0x4ab20
0x44a830,?Dismiss@armyGroup@@QAAXH@Z,armyGroup_Dismiss,"void (__thiscall ?Dismiss@armyGroup@@QAAXH@Z)(armyGroup* this, int whichIndex)",
0x44a850,?IsMember@armyGroup@@QBA_NW4TCreatureType@@@Z,armyGroup_IsMember,"bool (__thiscall ?IsMember@armyGroup@@QBA_NW4TCreatureType@@@Z)(armyGroup* this, TCreatureType monType)",0x4ab80
0x44a880,?GetAlignments@armyGroup@@QBAHPAE@Z,armyGroup_GetAlignments,"int (__thiscall ?GetAlignments@armyGroup@@QBAHPAE@Z)(armyGroup* this, int8[10]* alignments)",
0x44a920,?CanJoin@armyGroup@@QBAHH@Z,armyGroup_CanJoin,"int (__thiscall ?CanJoin@armyGroup@@QBAHH@Z)(armyGroup* this, int monType)",0x4ac50
0x44a950,?get_AI_value@armyGroup@@QBAJXZ,armyGroup_get_AI_value,int (__thiscall ?get_AI_value@armyGroup@@QBAJXZ)(armyGroup* this),0x4ac80
0x44a990,?GetNumArmies@armyGroup@@QBAHXZ,armyGroup_GetNumArmies,int (__thiscall ?GetNumArmies@armyGroup@@QBAHXZ)(armyGroup* this),0x4acc0
0x44a9b0,?Add@armyGroup@@QAAHHHH@Z,armyGroup_Add,"int (__thiscall ?Add@armyGroup@@QAAHHHH@Z)(armyGroup* this, TCreatureType armyType, int newNumTroops, int newIndex)",0x4ace0
0x44aa30,?Swap@armyGroup@@QAAXHPAV1@H@Z,armyGroup_Swap,"int (__thiscall ?Swap@armyGroup@@QAAXHPAV1@H@Z)(armyGroup* this, int srcIndex, armyGroup* destGroup, int destIndex)",0x4ad60
0x44aa70,?get_creature_total@armyGroup@@QBAHXZ,armyGroup_get_creature_total,int (__thiscall ?get_creature_total@armyGroup@@QBAHXZ)(armyGroup* this),0x4ada0
0x44aa90,?get_creature_total@armyGroup@@QBAHW4TCreatureType@@@Z,armyGroup_get_creature_total,"int (__thiscall ?get_creature_total@armyGroup@@QBAHW4TCreatureType@@@Z)(armyGroup* this, int TCreatureType)",
0x44aab0,?GetArmySizeName@armyGroup@@SAPBDHH@Z,armyGroup_GetArmySizeName,"int (__fastcall ?GetArmySizeName@armyGroup@@SAPBDHH@Z)(int howMany, int iNameSet)",0x4ade0
0x44ab30,?GetMorale@armyGroup@@QBAHPBVhero@@PBVtown@@0PBV1@_N3@Z,armyGroup_GetMorale,"int (__thiscall ?GetMorale@armyGroup@@QBAHPBVhero@@PBVtown@@0PBV1@_N3@Z)(armyGroup* this, hero* ownerHero, town* ownerTown, hero* otherHero, armyGroup* otherGroup, BOOL on_cursed_ground, BOOL angelic_alliance, BOOL apply_limits)",0x4ae60
0x44add0,?GetArmyMorale@armyGroup@@QBAHHPBVhero@@PBVtown@@_N2@Z,armyGroup_GetArmyMorale,"int (__thiscall ?GetArmyMorale@armyGroup@@QBAHHPBVhero@@PBVtown@@_N2@Z)(armyGroup* this, int index, hero* ownerHero, town* ownerTown, int ground_type, BOOL angelic_alliance, BOOL apply_limits)",0x4b100
0x44afa0,?GetLuck@armyGroup@@QBAHPBVhero@@PBVtown@@0PBV1@_N3@Z,armyGroup_GetLuck,"int (__thiscall ?GetLuck@armyGroup@@QBAHPBVhero@@PBVtown@@0PBV1@_N3@Z)(armyGroup* this, hero* ownerHero, town* ownerTown, hero* otherHero, armyGroup* otherGroup, BOOL on_cursed_ground, BOOL apply_limits)",0x4b2d0
0x44b090,?GetArmyLuck@armyGroup@@QBAHHPBVhero@@PBVtown@@_N2@Z,armyGroup_GetArmyLuck,"int (__thiscall ?GetArmyLuck@armyGroup@@QBAHHPBVhero@@PBVtown@@_N2@Z)(armyGroup* this, int index, hero* ownerHero, town* ownerTown, EMagicTerrain ground_type, int apply_limits)",0x4b3c0
0x44b180,?modify_spell_damage@@YAJJW4SpellID@@W4TCreatureType@@@Z,modify_spell_damage,"int (__fastcall ?modify_spell_damage@@YAJJW4SpellID@@W4TCreatureType@@@Z)(int damage, SpellID spell, TCreatureType creature)",0x4b4b0
0x44b2f0,?Merge@armyGroup@@QAA_NPAV1@@Z,armyGroup_Merge,"bool (__thiscall ?Merge@armyGroup@@QAA_NPAV1@@Z)(armyGroup* this, armyGroup* ag)",0x4b620
0x44b4f0,?merge_armies@armyGroup@@QAAXAAV1@@Z,armyGroup_merge_armies,"void (__thiscall ?merge_armies@armyGroup@@QAAXAAV1@@Z)(armyGroup* this, armyGroup* source)",0x4b820
0x44b630,?get_morale_description@armyGroup@@QBA?AV?$basic_string@DU?$char_traits@D@std@@V?$allocator@D@2@@std@@W4TCreatureType@@HPBVhero@@PBVtown@@1PBV1@_N@Z,armyGroup_get_morale_description,"std::string* (__thiscall ?get_morale_description@armyGroup@@QBA?AV?$basic_string@DU?$char_traits@D@std@@V?$allocator@D@2@@std@@W4TCreatureType@@HPBVhero@@PBVtown@@1PBV1@_N@Z)(armyGroup* this, std::string* retstr, TCreatureType creature, int morale, hero* ownerHero, town* ownerTown, hero* other_hero, armyGroup* other_group, int8 ground_type)",0x4b960
0x44be90,?get_luck_description@armyGroup@@QBA?AV?$basic_string@DU?$char_traits@D@std@@V?$allocator@D@2@@std@@HPBVhero@@PBVtown@@0PBV1@_N@Z,armyGroup_get_luck_description,"std::string* (__thiscall ?get_luck_description@armyGroup@@QBA?AV?$basic_string@DU?$char_traits@D@std@@V?$allocator@D@2@@std@@HPBVhero@@PBVtown@@0PBV1@_N@Z)(armyGroup* this, std::string* ret_str, TCreatureType army_type, int luck, hero* our_hero, town* our_town, hero* enemy_hero, bool on_cursed_ground, EMagicTerrain magic_terrain)",0x4c1c0
0x44c260,?GetNativeTerrain@armyGroup@@QBA?AW4TTerrainType@@XZ,armyGroup_GetNativeTerrain,int (__thiscall ?GetNativeTerrain@armyGroup@@QBA?AW4TTerrainType@@XZ)(int* this),0x4c590
0x44c2e0,std::bitset_44C2E0,,"void** (__thiscall std::bitset_44C2E0)(void** this, int8)",
0x44c350,std::bitset_44C350,,"void* (__thiscall std::bitset_44C350)(void* this, unsigned int, int8)",
0x44c3b0,std::bitset_44C3B0,,"int (__thiscall std::bitset_44C3B0)(int* this, int)",
0x44c3d0,sub_44C3D0,,,
0x44c3f0,sub_44C3F0,,"std::bitset_19_* (sub_44C3F0)(std::bitset_19_* result, int num_arguments, TArtifactSlot args)",
0x44c500,sub_44C500,,,
0x44c630,sub_44C630,,,
0x44c8d0,sub_44C8D0,,uint (__thiscall sub_44C8D0)(void* this),
0x44ca20,?InitializeArtifactTraitsTable@@YA_NXZ,InitializeArtifactTraitsTable,,
0x44d010,sub_44D010,,,
0x44d030,sub_44D030,,,
0x44d050,?set@?$bitset@$0BD@@std@@QAEAAV12@I_N@Z,n0BD_bitset_set,"std::bitset_19_* (__thiscall ?set@?$bitset@$0BD@@std@@QAEAAV12@I_N@Z)(std::bitset_19_* this, unsigned int, int8)",
0x44d0b0,sub_44D0B0,,"int (__thiscall sub_44D0B0)(int* this, int)",
0x44d0d0,sub_44D0D0,,,
0x44d1a0,sub_44D1A0,,"BOOL (__thiscall sub_44D1A0)(void* this, unsigned int)",
0x44d1e0,sub_44D1E0,,,
0x44d200,??0baseManager@@QAA@XZ,baseManager_ctor,baseManager* (__thiscall ??0baseManager@@QAA@XZ)(baseManager* this),0x4d530
0x44d250,sub_44D250,,,
0x44d270,?GetBinkFilePtr@BinkManager@@YAPAUBINK@@PADH@Z,BinkManager_GetBinkFilePtr,"HBINK (__fastcall ?GetBinkFilePtr@BinkManager@@YAPAUBINK@@PADH@Z)(int8* fileName, unsigned int binkOptions)",
0x44d500,?OpenBink@BinkManager@@YAXHHHHHH_N@Z,BinkManager_OpenBink,"void (__fastcall ?OpenBink@BinkManager@@YAXHHHHHH_N@Z)(int id, int x, int y, int w, int h, int loop, int drawRects)",
0x44d6b0,Bink_DrawCurrentFrame,,,
0x44d720,?DrawCurrentBinkFrame@BinkManager@@YAXXZ,BinkManager_DrawCurrentBinkFrame,,
0x44d770,?NextBinkFrame@BinkManager@@YAXXZ,BinkManager_NextBinkFrame,,
0x44d990,?CloseBink@BinkManager@@YAXXZ_0,BinkManager_CloseBink,,
0x44d9f0,?PlayBink@BinkManager@@YAHHHHHH@Z,BinkManager_PlayBink,"int (__fastcall ?PlayBink@BinkManager@@YAHHHHHH@Z)(int id, int x, int y, int w, int h)",
0x44dc20,init_bitmap16_cpp_44DC20,,,
0x44dc40,??0Bitmap16Bit@@QAA@HH@Z,Bitmap16Bit_ctor,"Bitmap16Bit* (__thiscall ??0Bitmap16Bit@@QAA@HH@Z)(Bitmap16Bit* this, int w, int h)",0x4df70
0x44dcf0,??_GBitmap16Bit@@UAAPAXI@Z,op_GBitmap16Bit,"Bitmap16Bit* (__thiscall ??_GBitmap16Bit@@UAAPAXI@Z)(Bitmap16Bit* Memory, int8)",
0x44dd20,??0Bitmap16Bit@@QAA@PBDHH@Z,Bitmap16Bit_ctor,"Bitmap16Bit* (__thiscall ??0Bitmap16Bit@@QAA@PBDHH@Z)(Bitmap16Bit* this, int8* name, int w, int h)",0x4e050
0x44ddd0,??1Bitmap16Bit@@UAA@XZ,Bitmap16Bit_dtor,void (__thiscall ??1Bitmap16Bit@@UAA@XZ)(Bitmap16Bit* this),
0x44de00,?Remap@Bitmap16Bit@@QAAXH@Z,Bitmap16Bit_Remap,"void (__thiscall ?Remap@Bitmap16Bit@@QAAXH@Z)(Bitmap16Bit* this, int old_green_bits)",
0x44df10,Bitmap16Bit::GetSize,,int (__thiscall Bitmap16Bit::GetSize)(Bitmap16Bit* this),
0x44df20,?reference@Bitmap16Bit@@QAAXHHHPAG@Z,Bitmap16Bit_reference,"void (__thiscall ?reference@Bitmap16Bit@@QAAXHHHPAG@Z)(Bitmap16Bit* this, int w, int h, int pitch, ushort* data)",
0x44df80,?Draw@Bitmap16Bit@@QBAXHHHHPAGHHHHH_N@Z,Bitmap16Bit_Draw,"void (__thiscall ?Draw@Bitmap16Bit@@QBAXHHHHPAGHHHHH_N@Z)(Bitmap16Bit* this, int sX, int sY, int sW, int sH, uchar* dst, int dX, int dY, int dW, int dH, int dpitch, bool alpha)",0x4e2b0
0x44e0c0,?Grab@Bitmap16Bit@@QAAXPBGHHHHH@Z,Bitmap16Bit_Grab,"void (__thiscall ?Grab@Bitmap16Bit@@QAAXPBGHHHHH@Z)(Bitmap16Bit* this, ushort*, int sx, int sy, int sw, int sh, int spitch)",0x4e3f0
0x44e190,?FillRect@Bitmap16Bit@@QAAXHHHHG@Z,Bitmap16Bit_FillRect,"void (__thiscall ?FillRect@Bitmap16Bit@@QAAXHHHHG@Z)(Bitmap16Bit* this, int x, int y, int w, int h, unsigned int16 color)",0x4e4c0
0x44e210,?FrameRect@Bitmap16Bit@@QAAXHHHHG@Z,Bitmap16Bit_FrameRect,"void (__thiscall ?FrameRect@Bitmap16Bit@@QAAXHHHHG@Z)(Bitmap16Bit* this, int x, int y, int w, int h, unsigned int16 color)",0x4e540
0x44e2c0,?Darken@Bitmap16Bit@@QAAXHHHH@Z,Bitmap16Bit_Darken,"void (__thiscall ?Darken@Bitmap16Bit@@QAAXHHHH@Z)(Bitmap16Bit* this, int x, int y, int w, int h)",0x4e5f0
0x44e370,?Darken@Bitmap16Bit@@QAAXHHHHPAVBitmap816@@HH@Z,Bitmap16Bit_Darken,"void (__thiscall ?Darken@Bitmap16Bit@@QAAXHHHHPAVBitmap816@@HH@Z)(Bitmap16Bit* this, int x, int y, int w, int h, Bitmap816* mask, int sx, int sy)",0x4e6a0
0x44e450,?Colorize@Bitmap16Bit@@QAAXHHHHG@Z,Bitmap16Bit_Colorize,"void (__thiscall ?Colorize@Bitmap16Bit@@QAAXHHHHG@Z)(Bitmap16Bit* this, int x, int y, int w, int h, ushort color)",0x4e780
0x44e610,?Colorize@Bitmap16Bit@@QAAXHHHHMM@Z,Bitmap16Bit_Colorize,"void (__thiscall ?Colorize@Bitmap16Bit@@QAAXHHHHMM@Z)(Bitmap16Bit* this, int x, int y, int w, int h, float hue, float saturation)",0x4e940
0x44e9d0,init_bitmap24_cpp_44E9D0,,,
0x44e9f0,??_GBitmap24Bit@@UAAPAXI@Z,op_GBitmap24Bit,"void (__thiscall ??_GBitmap24Bit@@UAAPAXI@Z)(Bitmap24Bit* this, int8 flag)",
0x44ea20,??0Bitmap24Bit@@QAA@PBDHHPBEH@Z,Bitmap24Bit_ctor,"Bitmap24Bit* (__thiscall ??0Bitmap24Bit@@QAA@PBDHHPBEH@Z)(Bitmap24Bit* this, int8* name, int w, int h, unsigned int8* data, int size)",0x4ed50
0x44ead0,??0Bitmap24Bit@@QAA@PBD0@Z,Bitmap24Bit_ctor,"Bitmap24Bit* (__thiscall ??0Bitmap24Bit@@QAA@PBD0@Z)(Bitmap24Bit* this, int8* name, int8* path)",0x4ee00
0x44eb90,??1Bitmap24Bit@@UAA@XZ,Bitmap24Bit_dtor,void (__thiscall ??1Bitmap24Bit@@UAA@XZ)(Bitmap24Bit* this),
0x44ebc0,?importPCXFile@Bitmap24Bit@@AAAHPBD@Z,Bitmap24Bit_importPCXFile,"int (__thiscall ?importPCXFile@Bitmap24Bit@@AAAHPBD@Z)(Bitmap24Bit* this, int8* filename)",
0x44eca0,?Draw@Bitmap24Bit@@QBAXHHHHPAVBitmap16Bit@@HH@Z,Bitmap24Bit_Draw,"void (__thiscall ?Draw@Bitmap24Bit@@QBAXHHHHPAVBitmap16Bit@@HH@Z)(Bitmap24Bit* this, int sx, int sy, int sw, int sh, Bitmap16Bit* dst, int dx, int dy)",0x4efd0
0x44ece0,?Draw@Bitmap24Bit@@QBAXHHHHPAGHHHHH@Z,Bitmap24Bit_Draw,"void (__thiscall ?Draw@Bitmap24Bit@@QBAXHHHHPAGHHHHH@Z)(Bitmap24Bit* this, int sx, int sy, int sw, int sh, ushort* dst, int dx, int dy, int dw, int dh, int dpitch)",0x4f010
0x44ee50,Bitmap24Bit::GetSize,,int (__thiscall Bitmap24Bit::GetSize)(Bitmap24Bit* this),
0x44ee60,?AdjustHSV@Bitmap24Bit@@QAAXHHHHMMMM@Z,Bitmap24Bit_AdjustHSV,"void (__thiscall ?AdjustHSV@Bitmap24Bit@@QAAXHHHHMMMM@Z)(Bitmap24Bit* this, int x, int y, int w, int h, float hue, float hue_adjust, float saturation_adjust, float value_adjust)",
0x44f460,sub_44F460,,,
0x44f480,init_bitmap816_cpp_44F480,,,
0x44f4a0,??_GBitmap816@@UAAPAXI@Z,op_GBitmap816,"void* (__thiscall ??_GBitmap816@@UAAPAXI@Z)(Bitmap816* this, uint flag)",
0x44f4d0,??0Bitmap816@@QAA@PBDHHPAEPAVTPalette16@@H@Z,Bitmap816_ctor,"int (__thiscall ??0Bitmap816@@QAA@PBDHHPAEPAVTPalette16@@H@Z)(Bitmap816* this, int8* name, int w, int h, unsigned int8* data, TPalette16* p16, int csize)",0x4f800
0x44f5a0,??0Bitmap816@@QAA@PBD0HHHHHH@Z,Bitmap816_ctor,"Bitmap816* (__thiscall ??0Bitmap816@@QAA@PBD0HHHHHH@Z)(Bitmap816* this, int8* name, int8* path, int rbits, int rshift, int gbits, int gshift, int bbits, int bshift)",0x4f8d0
0x44f6a0,??1Bitmap816@@UAA@XZ,Bitmap816_dtor,void (__thiscall ??1Bitmap816@@UAA@XZ)(Bitmap816* this),0x4f9d0
0x44f710,?importPCXFile@Bitmap816@@AAAHPBDHHHHHH@Z,Bitmap816_importPCXFile,"int (__thiscall ?importPCXFile@Bitmap816@@AAAHPBDHHHHHH@Z)(Bitmap816* this, int8* filename, int rbits, int rshift, int gbits, int gshift, int bbits, int bshift)",
0x44f870,?zBufferDraw@Bitmap816@@QBAXHHHHPAGHHHHHH@Z,Bitmap816_zBufferDraw,"void (__thiscall ?zBufferDraw@Bitmap816@@QBAXHHHHPAGHHHHHH@Z)(Bitmap816* this, int sx, int sy, int sw, int sh, ushort* dst, int dx, int dy, int dw, int dh, int dpitch, int id)",
0x44f940,?Draw@Bitmap816@@QBAXHHHHPAGHHHHH_N@Z,Bitmap816_Draw,"void (__thiscall ?Draw@Bitmap816@@QBAXHHHHPAGHHHHH_N@Z)(Bitmap816* this, int sX, int sY, int sW, int sH, unsigned int16* dst, int d_X, int d_Y, int d_W, int d_H, int dpitch, bool tblit)",
0x44fa80,?Draw@Bitmap816@@QBAXHHHHPAVBitmap16Bit@@HH_N@Z,Bitmap816_Draw,"void (__thiscall ?Draw@Bitmap816@@QBAXHHHHPAVBitmap16Bit@@HH_N@Z)(Bitmap816* this, int sx, int sy, int sw, int sh, Bitmap16Bit* dst, int dx, int dy, bool tblit)",0x4fdb0
0x44fac0,?zBufferDraw@Bitmap816@@UBAXHHHHPAGHHH@Z,Bitmap816_zBufferDraw,"void (__thiscall ?zBufferDraw@Bitmap816@@UBAXHHHHPAGHHH@Z)(Bitmap816* this, int sX, int sY, int sW, int sH, ushort* dst, int dX, int dY, int id)",
0x44fb00,Bitmap816::GetSize,,int (__thiscall Bitmap816::GetSize)(Bitmap816* this),
0x44fb10,?SetPalette@Bitmap816@@QAAXPBG@Z,Bitmap816_SetPalette,"void (__thiscall ?SetPalette@Bitmap816@@QAAXPBG@Z)(Bitmap816* this, ushort* pal)",0x4fe40
0x44fb30,?SetPalette@Bitmap816@@QAAXPAVTPalette24@@@Z,Bitmap816_SetPalette,"void (__thiscall ?SetPalette@Bitmap816@@QAAXPAVTPalette24@@@Z)(Bitmap816* this, TPalette24* p24)",0x4fe60
0x44fb50,?ResetPalette@Bitmap816@@QAAXXZ,Bitmap816_ResetPalette,void (__thiscall ?ResetPalette@Bitmap816@@QAAXXZ)(Bitmap816* this),0x4fe80
0x44fb90,init_border_cpp_44FB90,,,
0x44fbb0,??_Gborder@@UAAPAXI@Z,op_Gborder,"border* (__thiscall ??_Gborder@@UAAPAXI@Z)(border* this, bool flag)",
0x44fbe0,??0border@@QAA@HHHHHH_N@Z,border_ctor,"border* (__thiscall ??0border@@QAA@HHHHHH_N@Z)(border* this, int x, int y, int w, int h, int id, int style)",0x4ff10
0x44fc20,??1border@@UAA@XZ,border_dtor,void (__thiscall ??1border@@UAA@XZ)(border* this),0x4ff50
0x44fc30,?Main@border@@UAAHAAUmessage@@@Z,border_Main,"int (__thiscall ?Main@border@@UAAHAAUmessage@@@Z)(border* this, message* msg)",
0x44fe00,??0coloredBorderFrame@@QAA@HHHHHHH@Z,coloredBorderFrame_ctor,"coloredBorderFrame* (__thiscall ??0coloredBorderFrame@@QAA@HHHHHHH@Z)(coloredBorderFrame* this, int x, int y, int w, int h, int id, int color, widget::ETypes style)",0x50130
0x44fe70,??_GcoloredBorderFrame@@UAAPAXI@Z,op_GcoloredBorderFrame,"void** (__thiscall ??_GcoloredBorderFrame@@UAAPAXI@Z)(void** Memory, int8)",
0x44fea0,??1coloredBorderFrame@@UAA@XZ,coloredBorderFrame_dtor,void (__thiscall ??1coloredBorderFrame@@UAA@XZ)(void** this),0x501d0
0x44feb0,?Draw@coloredBorderFrame@@UBAXXZ,coloredBorderFrame_Draw,void (__thiscall ?Draw@coloredBorderFrame@@UBAXXZ)(coloredBorderFrame* this),
0x44ff10,?Main@coloredBorderFrame@@UAAHAAUmessage@@@Z,coloredBorderFrame_Main,"int (__thiscall ?Main@coloredBorderFrame@@UAAHAAUmessage@@@Z)(int this, message*)",
0x44ffa0,??0bitmapBorder@@QAA@HHHHHPBDH_N@Z,bitmapBorder_ctor,"bitmapBorder* (__thiscall ??0bitmapBorder@@QAA@HHHHHPBDH_N@Z)(bitmapBorder* this, int x, int y, int w, int h, int id, int8* image, widget::ETypes style)",0x502d0
0x450030,??_GbitmapBorder@@UAAPAXI@Z,op_GbitmapBorder,"widget* (__thiscall ??_GbitmapBorder@@UAAPAXI@Z)(widget* Memory, int8)",
0x450060,??1bitmapBorder@@UAA@XZ,bitmapBorder_dtor,void (__thiscall ??1bitmapBorder@@UAA@XZ)(bitmapBorder* this),0x50390
0x4500c0,?zBufferDraw@bitmapBorder@@UBAXPAGH@Z,bitmapBorder_zBufferDraw,"void (__thiscall ?zBufferDraw@bitmapBorder@@UBAXPAGH@Z)(bitmapBorder* this, ushort* zBuffer, int id)",
0x450120,?Draw@bitmapBorder@@UBAXXZ,bitmapBorder_Draw,void (__thiscall ?Draw@bitmapBorder@@UBAXXZ)(bitmapBorder* this),
0x450170,?SetImage@bitmapBorder@@QAAXPBD@Z,bitmapBorder_SetImage,"void (__thiscall ?SetImage@bitmapBorder@@QAAXPBD@Z)(bitmapBorder* this, int8* bitmap_name)",0x504c0
0x4501d0,?SetPlayerPaletteColors@bitmapBorder@@QAAXH@Z,bitmapBorder_SetPlayerPaletteColors,"void (__thiscall ?SetPlayerPaletteColors@bitmapBorder@@QAAXH@Z)(bitmapBorder* this, int whichPlayer)",0x50520
0x450200,?Main@bitmapBorder@@UAAHAAUmessage@@@Z,bitmapBorder_Main,"int (__thiscall ?Main@bitmapBorder@@UAAHAAUmessage@@@Z)(int this, message* msg)",
0x450340,??0bitmapBorder16@@QAA@HHHHHPBDH_N@Z,bitmapBorder16_ctor,"bitmapBorder16* (__thiscall ??0bitmapBorder16@@QAA@HHHHHPBDH_N@Z)(bitmapBorder16* this, int x, int y, int w, int h, int id, int8* image, int style)",0x50690
0x4503d0,??_GbitmapBorder16@@UAAPAXI@Z,op_GbitmapBorder16,"widget* (__thiscall ??_GbitmapBorder16@@UAAPAXI@Z)(bitmapBorder16* Memory, int8 a2)",
0x450400,??1bitmapBorder16@@UAA@XZ,bitmapBorder16_dtor,void (__thiscall ??1bitmapBorder16@@UAA@XZ)(bitmapBorder16* this),0x50750
0x450460,?Draw@bitmapBorder16@@UBAXXZ,bitmapBorder16_Draw,void (__thiscall ?Draw@bitmapBorder16@@UBAXXZ)(bitmapBorder16* this),
0x4504c0,?Draw2@bitmapBorder16@@QBAXXZ,bitmapBorder16_Draw2,void (__thiscall ?Draw2@bitmapBorder16@@QBAXXZ)(bitmapBorder16* this),0x50810
0x450510,?GetRealWidth@bitmapBorder@@UBAHXZ,bitmapBorder_GetRealWidth,int (__thiscall ?GetRealWidth@bitmapBorder@@UBAHXZ)(bitmapBorder* this),
0x450520,?GetRealHeight@bitmapBorder@@UBAHXZ,bitmapBorder_GetRealHeight,int (__thiscall ?GetRealHeight@bitmapBorder@@UBAHXZ)(bitmapBorder* this),
0x450530,?Main@bitmapBorder16@@UAAHAAUmessage@@@Z,bitmapBorder16_Main,"int (__thiscall ?Main@bitmapBorder16@@UAAHAAUmessage@@@Z)(bitmapBorder16* this, message* msg)",
0x450600,sub_450600,,,
0x450620,sub_450620,,,
0x450680,sub_450680,,,
0x4506e0,sub_4506E0,,,
0x450750,sub_450750,,,
0x4507b0,sub_4507B0,,,
0x450810,sub_450810,,,
0x450870,sub_450870,,,
0x4508d0,sub_4508D0,,,
0x450930,sub_450930,,,
0x450990,sub_450990,,,
0x4509f0,??_Gtype_bottom_view_window@@UAAPAXI@Z,op_Gtype_bottom_view_window,"TSubWindow* (__thiscall ??_Gtype_bottom_view_window@@UAAPAXI@Z)(TSubWindow* Memory, int8)",
0x450a20,??1type_bottom_view_window@@UAA@XZ,type_bottom_view_window_dtor,void (__thiscall ??1type_bottom_view_window@@UAA@XZ)(type_bottom_view_window* this),
0x450aa0,??0TBottomViewNewTurn@@QAA@PAVheroWindow@@@Z,TBottomViewNewTurn_ctor,"TBottomViewNewTurn* (__thiscall ??0TBottomViewNewTurn@@QAA@PAVheroWindow@@@Z)(TBottomViewNewTurn* this, heroWindow* parent)",
0x450dc0,sub_450DC0,,"TSubWindow* (__thiscall sub_450DC0)(TSubWindow* Memory, int8)",
0x450df0,sub_450DF0,,void (__thiscall sub_450DF0)(TSubWindow* this),
0x450e70,sub_450E70,,int (__thiscall sub_450E70)(int this),
0x450ef0,??0TBottomViewResourceMessage@@QAA@PAVheroWindow@@HHABV?$basic_string@DU?$char_traits@D@std@@V?$allocator@D@2@@std@@@Z,TBottomViewResourceMessage_ctor,"TSubWindow* (__thiscall ??0TBottomViewResourceMessage@@QAA@PAVheroWindow@@HHABV?$basic_string@DU?$char_traits@D@std@@V?$allocator@D@2@@std@@@Z)(TSubWindow* this, heroWindow*, int textWidgetHeight, int8*, iconWidget* textWidgetWidth)",
0x451290,??0ios_base@std@@IAE@XZ,std_ios_base_ctor,std::ios_base* (__thiscall ??0ios_base@std@@IAE@XZ)(std::ios_base* this),
0x4512a0,sub_4512A0,,"std::ios_base* (__thiscall sub_4512A0)(std::ios_base* Memory, int8)",
0x4512d0,sub_4512D0,,"std::strstreambuf* (__thiscall sub_4512D0)(std::strstreambuf* this, int a2)",0x51600
0x4513c0,sub_4513C0,,"std::locale::facet** (__thiscall sub_4513C0)(std::locale::facet** Memory, int8)",
0x4513f0,sub_4513F0,,"int8* (__thiscall sub_4513F0)(std::ostrstream* this, int8)",
0x451420,sub_451420,,,
0x451440,sub_451440,,"TSubWindow* (__thiscall sub_451440)(TSubWindow* Memory, int8)",
0x451470,sub_451470,,void (__thiscall sub_451470)(TSubWindow* this),
0x4514f0,??0TBottomViewMessage@@QAA@PAVheroWindow@@ABV?$basic_string@DU?$char_traits@D@std@@V?$allocator@D@2@@std@@@Z,TBottomViewMessage_ctor,"TSubWindow* (__thiscall ??0TBottomViewMessage@@QAA@PAVheroWindow@@ABV?$basic_string@DU?$char_traits@D@std@@V?$allocator@D@2@@std@@@Z)(TBottomViewMessage* this, heroWindow* parent, std::string* message)",
0x4516d0,sub_4516D0,,"TSubWindow* (__thiscall sub_4516D0)(TSubWindow* Memory, int8)",
0x451700,sub_451700,,void (__thiscall sub_451700)(TSubWindow* this),
0x451780,??0TBottomViewHero@@QAA@PAVheroWindow@@@Z,TBottomViewHero_ctor,"TSubWindow* (__thiscall ??0TBottomViewHero@@QAA@PAVheroWindow@@@Z)(TSubWindow* this, int i)",
0x451e10,sub_451E10,,"TSubWindow* (__thiscall sub_451E10)(TSubWindow* Memory, int8)",
0x451e40,sub_451E40,,void (__thiscall sub_451E40)(TSubWindow* this),
0x451ec0,??0type_bottom_view_window@@QAA@PAVheroWindow@@@Z,type_bottom_view_window_ctor,"void (__thiscall ??0type_bottom_view_window@@QAA@PAVheroWindow@@@Z)(type_bottom_view_window* this, heroWindow* parent_window)",0x521f0
0x4527a0,sub_4527A0,,"TSubWindow* (__thiscall sub_4527A0)(TSubWindow* Memory, int8)",
0x4527d0,sub_4527D0,,void (__thiscall sub_4527D0)(TSubWindow* this),
0x452850,??0TBottomViewKingdom@@QAA@PAVheroWindow@@@Z,TBottomViewKingdom_ctor,"TBottomViewKingdom* (__thiscall ??0TBottomViewKingdom@@QAA@PAVheroWindow@@@Z)(TBottomViewKingdom* this, int)",
0x452e70,sub_452E70,,"TSubWindow* (__thiscall sub_452E70)(TSubWindow* Memory, int8)",
0x452ea0,sub_452EA0,,void (__thiscall sub_452EA0)(TSubWindow* this),
0x452f20,??0TBottomViewEnemyTurn@@QAA@PAVheroWindow@@@Z,TBottomViewEnemyTurn_ctor,"TBottomViewEnemyTurn* (__thiscall ??0TBottomViewEnemyTurn@@QAA@PAVheroWindow@@@Z)(TBottomViewEnemyTurn* this, heroWindow* parent_window)",
0x453310,sub_453310,,"TSubWindow* (__thiscall sub_453310)(TSubWindow* Memory, int8)",
0x453340,sub_453340,,void (__thiscall sub_453340)(TSubWindow* this),
0x4533c0,sub_4533C0,,int8 (__thiscall sub_4533C0)(int this),
0x453640,sub_453640,,"void* (__thiscall sub_453640)(void* this, int, int8, int8, int)",
0x4536f0,??1?$basic_ostream@DU?$char_traits@D@std@@@std@@UAE@XZ,std_D_DU_char_traits_basic_ostream_dtor,FILE* (__thiscall ??1?$basic_ostream@DU?$char_traits@D@std@@@std@@UAE@XZ)(std::ofstream* this),
0x453700,sub_453700,,"int8* (__thiscall sub_453700)(int8* this, int8*)",
0x453940,??1bad_cast@std@@UAE@XZ,std_bad_cast_dtor,,
0x453950,sub_453950,,,
0x453970,sub_453970,,"std::bad_cast* (__thiscall sub_453970)(std::bad_cast* Memory, int8)",
0x4539a0,sub_4539A0,,"std::exception* (__thiscall sub_4539A0)(std::exception* this, std::exception*)",
0x4539c0,sub_4539C0,,int (__thiscall sub_4539C0)(int* this),
0x453a00,?_Decref@facet@locale@std@@QAEPAV123@XZ,std_locale_facet_Decref,std::locale::facet* (__thiscall ?_Decref@facet@locale@std@@QAEPAV123@XZ)(std::locale::facet* this),
0x453a40,??1locale@std@@QAE@XZ,std_locale_dtor,void (__thiscall ??1locale@std@@QAE@XZ)(std::locale::facet** this),
0x453a60,sub_453A60,,"void* (__thiscall sub_453A60)(void* this, void*)",
0x453aa0,sub_453AA0,,"int8* (__thiscall sub_453AA0)(int8* this, unsigned int8)",
0x453c10,??1?$basic_ios@DU?$char_traits@D@std@@@std@@UAE@XZ,std_D_DU_char_traits_basic_ios_dtor,void (__thiscall ??1?$basic_ios@DU?$char_traits@D@std@@@std@@UAE@XZ)(std::ios_base* this),
0x453c20,std::streambuf::streambuf,,std::streambuf* (__thiscall std::streambuf::streambuf)(std::streambuf* this),
0x453cd0,sub_453CD0,,void (__thiscall sub_453CD0)(std::streambuf* this),
0x453d20,sub_453D20,,,
0x453d30,?underflow@?$basic_streambuf@DU?$char_traits@D@std@@@std@@MAEHXZ,std_D_DU_char_traits_basic_streambuf_underflow,int (__thiscall ?underflow@?$basic_streambuf@DU?$char_traits@D@std@@@std@@MAEHXZ)(std::streambuf* this),
0x453d40,?uflow@?$basic_streambuf@DU?$char_traits@D@std@@@std@@MAEHXZ,std_D_DU_char_traits_basic_streambuf_uflow,int (__thiscall ?uflow@?$basic_streambuf@DU?$char_traits@D@std@@@std@@MAEHXZ)(void** this),
0x453d70,?xsgetn@?$basic_streambuf@DU?$char_traits@D@std@@@std@@MAEHPADH@Z,std_D_DU_char_traits_basic_streambuf_xsgetn,"int (__thiscall ?xsgetn@?$basic_streambuf@DU?$char_traits@D@std@@@std@@MAEHPADH@Z)(void** this, void*, int)",
0x453e10,?xsputn@?$basic_streambuf@DU?$char_traits@D@std@@@std@@MAEHPBDH@Z,std_D_DU_char_traits_basic_streambuf_xsputn,"int (__thiscall ?xsputn@?$basic_streambuf@DU?$char_traits@D@std@@@std@@MAEHPBDH@Z)(void** this, unsigned int8*, int)",
0x453ec0,?seekoff@?$basic_streambuf@DU?$char_traits@D@std@@@std@@MAE?AV?$fpos@H@2@JHH@Z,std_D_DU_char_traits_basic_streambuf_seekoff,"fpos_int_* (__thiscall ?seekoff@?$basic_streambuf@DU?$char_traits@D@std@@@std@@MAE?AV?$fpos@H@2@JHH@Z)(std::streambuf* this, fpos_int_* result, int dir, int which)",
0x453ef0,?seekpos@?$basic_streambuf@DU?$char_traits@D@std@@@std@@MAE?AV?$fpos@H@2@V32@H@Z,std_D_DU_char_traits_basic_streambuf_seekpos,"fpos_int_* (__thiscall ?seekpos@?$basic_streambuf@DU?$char_traits@D@std@@@std@@MAE?AV?$fpos@H@2@V32@H@Z)(std::streambuf* this, fpos_int_ result, int which)",
0x453f20,?setbuf@?$basic_streambuf@DU?$char_traits@D@std@@@std@@MAEPAV12@PADH@Z,std_D_DU_char_traits_basic_streambuf_setbuf,"void* (__thiscall ?setbuf@?$basic_streambuf@DU?$char_traits@D@std@@@std@@MAEPAV12@PADH@Z)(void* this, int, int)",
0x453f30,?showmanyc@?$basic_streambuf@DU?$char_traits@D@std@@@std@@MAEHXZ,std_D_DU_char_traits_basic_streambuf_showmanyc,,
0x453f40,?imbue@?$basic_streambuf@DU?$char_traits@D@std@@@std@@MAEXABVlocale@2@@Z,std_D_DU_char_traits_basic_streambuf_imbue,,
0x453f50,sub_453F50,,"int8* (__thiscall sub_453F50)(std::ios_base* this, int8)",
0x453f90,sub_453F90,,"std::ios_base* (__thiscall sub_453F90)(std::ios_base* Memory, int8)",
0x453fc0,sub_453FC0,,"std::streambuf* (__thiscall sub_453FC0)(std::streambuf* Memory, int8)",
0x453ff0,sub_453FF0,,,
0x454060,??0?$fpos@H@std@@QAE@J@Z,std_H_fpos_ctor,"fpos_int_* (__thiscall ??0?$fpos@H@std@@QAE@J@Z)(fpos_int_* this, int _O)",
0x4540a0,sub_4540A0,,BOOL (__thiscall sub_4540A0)(int8* this),
0x454120,sub_454120,,,
0x4543b0,sub_4543B0,,"void* (__thiscall sub_4543B0)(void* this, int)",
0x454410,sub_454410,,"void* (__thiscall sub_454410)(void* Memory, int8)",
0x454440,sub_454440,,"void* (__stdcall sub_454440)(void*, int, void* i, void*, unsigned int8, int)",
0x4546e0,sub_4546E0,,"std::exception* (__thiscall sub_4546E0)(std::exception* this, int8*)",
0x454700,sub_454700,,"int (__thiscall sub_454700)(void** this, unsigned int8)",
0x454750,sub_454750,,,
0x4547f0,sub_4547F0,,,
0x454890,sub_454890,,,
0x454960,sub_454960,,,
0x454a30,sub_454A30,,,
0x454bf0,sub_454BF0,,void (__thiscall sub_454BF0)(void* this),
0x454c00,sub_454C00,,"void* (__cdecl sub_454C00)(void*, int, int, void*, unsigned int8, void* Buf, int, size_t MaxCount)",
0x454fb0,sub_454FB0,,"void* (__cdecl sub_454FB0)(void*, int, int8*, void*, unsigned int8, int8* Str, unsigned int)",
0x4553b0,sub_4553B0,,,
0x455440,sub_455440,,"int (__thiscall sub_455440)(void* this, int)",
0x455460,sub_455460,,"int (__thiscall sub_455460)(void* this, int)",
0x455480,sub_455480,,"void* (__thiscall sub_455480)(void* this, unsigned int8)",
0x4554e0,sub_4554E0,,"int (__thiscall sub_4554E0)(void* this, int)",
0x455500,sub_455500,,"void* (__thiscall sub_455500)(void* this, int)",
0x455610,sub_455610,,int8 (__thiscall sub_455610)(void* this),
0x455620,sub_455620,,int8 (__thiscall sub_455620)(void* this),
0x455630,sub_455630,,"int (__thiscall sub_455630)(void* this, int)",
0x455700,sub_455700,,"int (__thiscall sub_455700)(void* this, int)",
0x4557d0,sub_4557D0,,"int (__thiscall sub_4557D0)(void* this, int)",
0x4558a0,sub_4558A0,,"void* (__thiscall sub_4558A0)(void* Memory, int8)",
0x4558d0,sub_4558D0,,void (__thiscall sub_4558D0)(void* this),
0x455900,sub_455900,,,
0x455980,sub_455980,,,
0x455a00,sub_455A00,,,
0x455aa0,sub_455AA0,,,
0x455b40,sub_455B40,,,
0x455ba0,??_Gbutton@@UAAPAXI@Z,op_Gbutton,"void* (__thiscall ??_Gbutton@@UAAPAXI@Z)(void* Memory, int8)",
0x455bd0,??0button@@QAA@HHHHHPBDHH_NHH1@Z,button_ctor,"button* (__thiscall ??0button@@QAA@HHHHHPBDHH_NHH1@Z)(button* this, int x, int y, int w, int h, int id, int8* image, int normal, int selected, int end, int hotkey, widget::ETypes style)",0x55ef0
0x455dd0,??1button@@UAA@XZ,button_dtor,void (__thiscall ??1button@@UAA@XZ)(button* this),0x560f0
0x455e70,?Main@button@@UAAHAAUmessage@@@Z,button_Main,"int (__thiscall ?Main@button@@UAAHAAUmessage@@@Z)(button* this, message* msg)",
0x456540,?Select@button@@QAAHAAUmessage@@@Z,button_Select,"int (__thiscall ?Select@button@@QAAHAAUmessage@@@Z)(button* this, message* msg)",
0x456620,?Draw@button@@UBAXXZ,button_Draw,void (__thiscall ?Draw@button@@UBAXXZ)(button* this),
0x4566c0,?SetPlayerPaletteColors@button@@QAAXH@Z,button_SetPlayerPaletteColors,"void (__thiscall ?SetPlayerPaletteColors@button@@QAAXH@Z)(button* this, int whichPlayer)",0x569e0
0x4566f0,?OnSetFocus@widget@@UAAXXZ,widget_OnSetFocus,"void (__thiscall ?OnSetFocus@widget@@UAAXXZ)(widget* this, int)",
0x456700,??_GtextButton@@UAAPAXI@Z,op_GtextButton,"void* (__thiscall ??_GtextButton@@UAAPAXI@Z)(textButton* Memory, int8 a2)",
0x456730,??0textButton@@QAA@HHHHHPBD00HH_NHHW4TColor@font@@@Z,textButton_ctor,"textButton* (__thiscall ??0textButton@@QAA@HHHHHPBD00HH_NHHW4TColor@font@@@Z)(textButton* this, int x, int y, int w, int h, int id, int8* image, int8* text_, int8* font_name, int normal, int selected, bool end, int hotkey, int style, font::TColor new_color)",0x56a50
0x4568d0,??1textButton@@UAA@XZ,textButton_dtor,void (__thiscall ??1textButton@@UAA@XZ)(textButton* this),0x56bf0
0x456980,?Draw@textButton@@UBAXXZ,textButton_Draw,void (__thiscall ?Draw@textButton@@UBAXXZ)(textButton* this),
0x456a10,??0type_func_button@@QAA@JJJJJPBDP6AHAAUmessage@@@ZHH@Z,type_func_button_ctor,"type_func_button* (__thiscall ??0type_func_button@@QAA@JJJJJPBDP6AHAAUmessage@@@ZHH@Z)(type_func_button* this, int _x, int _y, int _width, int _height, int _id, int8* _image, int (__fastcall *)(message* this) _handler, int, int _normal)",0x56d30
0x456a60,??_Gtype_func_button@@UAAPAXI@Z,op_Gtype_func_button,"void (__thiscall ??_Gtype_func_button@@UAAPAXI@Z)(type_func_button* this, int8 flag)",
0x456a90,??1type_func_button@@UAA@XZ,type_func_button_dtor,void (__thiscall ??1type_func_button@@UAA@XZ)(type_func_button* this),0x56db0
0x456b30,?Main@type_func_button@@UAAHAAUmessage@@@Z,type_func_button_Main,"int (__thiscall ?Main@type_func_button@@UAAHAAUmessage@@@Z)(type_func_button* this, message* msg)",
0x456b80,sub_456B80,,,
0x456ba0,t_campaign_type_window::t_campaign_type_window,,void (__thiscall t_campaign_type_window::t_campaign_type_window)(t_campaign_type_window* this),
0x456ee0,sub_456EE0,,"heroWindow* (__thiscall sub_456EE0)(heroWindow* Memory, int8)",
0x456f10,t_campaign_type_window::destructor,,void (__thiscall t_campaign_type_window::destructor)(heroWindow* this),
0x456f60,open_sod_campaign_window,,int (__fastcall open_sod_campaign_window)(message* msg),
0x456fd0,open_ab_campaign_window,,,
0x457040,open_custom_campaign_window,,,
0x4570b0,campaign_window_exit,,,
0x457120,open_roe_campaign_window,,,
0x457180,t_campaign_type_window::DoModal,,int (__thiscall t_campaign_type_window::DoModal)(heroWindow* this),
0x4571b0,CampaignsMenu_ProcessAction,,"int (__thiscall CampaignsMenu_ProcessAction)(heroWindow* this, void*)",
0x457280,sub_457280,,,
0x4572a0,sub_4572A0,,,
0x457300,sub_457300,,,
0x457360,sub_457360,,,
0x4573d0,sub_4573D0,,,
0x457430,sub_457430,,,
0x457490,sub_457490,,,
0x4574f0,sub_4574F0,,,
0x457550,sub_457550,,,
0x4575b0,sub_4575B0,,,
0x457610,sub_457610,,,
0x457670,?Select@TCampaignBrief@@QAAXH@Z,TCampaignBrief_Select,"CampaignScenarioPreview* (__thiscall ?Select@TCampaignBrief@@QAAXH@Z)(TCampaignBrief* this, int which)",
0x457990,??4NewSMapHeader@@QAAAAV0@ABV0@@Z,op_4NewSMapHeader,"NewSMapHeader* (__thiscall ??4NewSMapHeader@@QAAAAV0@ABV0@@Z)(NewSMapHeader* this, NewSMapHeader* a2)",0x57cb0
0x457c50,sub_457C50,,int (__fastcall sub_457C50)(message* msg),
0x457ca0,sub_457CA0,,,
0x457cf0,sub_457CF0,,void (__thiscall sub_457CF0)(TCampaignBrief* this),
0x457e00,?AddBonusIcons@TCampaignBrief@@QAAXXZ,TCampaignBrief_AddBonusIcons,int (__thiscall ?AddBonusIcons@TCampaignBrief@@QAAXXZ)(TCampaignBrief* this),
0x458a20,CampaignWindowHandler,,int (__thiscall CampaignWindowHandler)(message* this),
0x458cc0,sub_458CC0,,"int (__thiscall sub_458CC0)(void** this, int, int, int)",
0x458cf0,sub_458CF0,,int8 (__thiscall sub_458CF0)(TCampaignBrief* this),
0x458da0,??0TCampaignBrief@@QAA@_N0@Z,TCampaignBrief_ctor,"TCampaignBrief* (__thiscall ??0TCampaignBrief@@QAA@_N0@Z)(TCampaignBrief* this, bool newCampaign, int bViewFromGame)",0x590c0
0x45a0c0,SCampaign::GetCampaignFileName,,"std::string* (__thiscall SCampaign::GetCampaignFileName)(SCampaign* this, std::string* retstr)",
0x45a200,sub_45A200,,"std::string* (__thiscall sub_45A200)(TCampaignBrief::CampaignHeaderStruct* this, std::string* str)",
0x45a340,sub_45A340,,"int (__thiscall sub_45A340)(int this, int)",
0x45a480,GameSelectionHeadersStruct::GameSelectionHeadersStruct,,void (__thiscall GameSelectionHeadersStruct::GameSelectionHeadersStruct)(GameSelectionHeadersStruct* this),
0x45a630,??0TPlayerSlotAttributes@CMapHeaderData@@QAA@XZ,CMapHeaderData_TPlayerSlotAttributes_ctor,void (__thiscall ??0TPlayerSlotAttributes@CMapHeaderData@@QAA@XZ)(CMapHeaderData::TPlayerSlotAttributes* this),0x5a950
0x45a670,??0NewSMapHeader@@QAA@XZ,NewSMapHeader_ctor,void (__thiscall ??0NewSMapHeader@@QAA@XZ)(NewSMapHeader* this),0x5a990
0x45a790,unwind_45A790,,void (__thiscall unwind_45A790)(NewSMapHeader* this),
0x45a860,??1TPlayerSlotAttributes@CMapHeaderData@@QAA@XZ,CMapHeaderData_TPlayerSlotAttributes_dtor,void (__thiscall ??1TPlayerSlotAttributes@CMapHeaderData@@QAA@XZ)(CMapHeaderData::TPlayerSlotAttributes* this),0x5ab80
0x45a900,??0SGameSetupOptions@@QAA@XZ,SGameSetupOptions_ctor,SGameSetupOptions* (__thiscall ??0SGameSetupOptions@@QAA@XZ)(SGameSetupOptions* this),
0x45a9e0,??1NewSMapHeader@@QAA@XZ,NewSMapHeader_dtor,void (__thiscall ??1NewSMapHeader@@QAA@XZ)(NewSMapHeader* this),
0x45ab20,??_GTCampaignBrief@@UAAPAXI@Z,op_GTCampaignBrief,"heroWindow* (__thiscall ??_GTCampaignBrief@@UAAPAXI@Z)(heroWindow* Memory, int8)",
0x45ab50,unwind_45AB50,,void (__thiscall unwind_45AB50)(NewSMapHeader* this),
0x45ac90,??1TCampaignBrief@@UAA@XZ,TCampaignBrief_dtor,void (__thiscall ??1TCampaignBrief@@UAA@XZ)(TCampaignBrief* this),0x5afb0
0x45ae20,sub_45AE20,,void (__thiscall sub_45AE20)(int this),
0x45ae90,?DoModal@TCampaignBrief@@QAAXXZ,TCampaignBrief_DoModal,void (__thiscall ?DoModal@TCampaignBrief@@QAAXXZ)(TCampaignBrief* this),
0x45aec0,CampaignBriefHandler,,,
0x45b7a0,LossConditionStruct::LossConditionStruct,,LossConditionStruct* (__thiscall LossConditionStruct::LossConditionStruct)(LossConditionStruct* this),0x5bac0
0x45b7b0,?get_campaign_name@@YA?AV?$basic_string@DU?$char_traits@D@std@@V?$allocator@D@2@@std@@XZ,get_campaign_name,std::string* (__fastcall ?get_campaign_name@@YA?AV?$basic_string@DU?$char_traits@D@std@@V?$allocator@D@2@@std@@XZ)(std::string* __retstr),
0x45b870,sub_45B870,,"int (__thiscall sub_45B870)(int this, int)",
0x45bb10,sub_45BB10,,"void* (__thiscall sub_45BB10)(void* this, void*, void*)",
0x45bbd0,sub_45BBD0,,int (__thiscall sub_45BBD0)(int* this),
0x45bc10,sub_45BC10,,"void*** (__thiscall sub_45BC10)(std::map_int_HeroPlayerInfo_* this, void***, std::map_int_HeroPlayerInfo_::_Node* Memory, std::map_int_HeroPlayerInfo_::_Node*)",
0x45bd40,?_Tidy@?$bitset@$0JM@@std@@AAEXK@Z,n0JM_bitset_Tidy,"int* (__thiscall ?_Tidy@?$bitset@$0JM@@std@@AAEXK@Z)(int* this, int)",
0x45bd70,sub_45BD70,,,
0x45bd80,sub_45BD80,,"void (__stdcall sub_45BD80)(void* Memory, int)",
0x45bda0,sub_45BDA0,,"std::map_int_HeroPlayerInfo_::_Node** (__thiscall sub_45BDA0)(std::map_int_HeroPlayerInfo_* this, std::map_int_HeroPlayerInfo_::_Node**, std::map_int_HeroPlayerInfo_::_Node* Memory)",
0x45c2e0,sub_45C2E0,,"void (__thiscall sub_45C2E0)(void* this, int)",
0x45c450,sub_45C450,,"void (__thiscall sub_45C450)(void* this, void* Memory)",
0x45c500,sub_45C500,,"int (__thiscall sub_45C500)(int* this, int, unsigned int, int)",
0x45c8b0,_MapHeaderFilePreview::MapHeaderFilePreview,,"GameSelectionHeadersStruct* (__thiscall _MapHeaderFilePreview::MapHeaderFilePreview)(GameSelectionHeadersStruct* this, GameSelectionHeadersStruct* other)",
0x45cb10,TPlayerSlotAttributes::TPlayerSlotAttributes,,"CMapHeaderData::TPlayerSlotAttributes* (__thiscall TPlayerSlotAttributes::TPlayerSlotAttributes)(CMapHeaderData::TPlayerSlotAttributes* this, CMapHeaderData::TPlayerSlotAttributes* other)",
0x45cdd0,sub_45CDD0,,,
0x45ce10,sub_45CE10,,"void* (__thiscall sub_45CE10)(void* this, void*, void*)",
0x45cf10,sub_45CF10,,void (__thiscall sub_45CF10)(int* this),
0x45cfc0,sub_45CFC0,,,
0x45d130,sub_45D130,,,
0x45d2a0,sub_45D2A0,,,
0x45d480,sub_45D480,,"void* (__thiscall sub_45D480)(void* this, void*)",
0x45d5e0,sub_45D5E0,,"Sign* (__thiscall sub_45D5E0)(Sign* Memory, int8)",
0x45d610,??1Sign@@QAA@XZ,Sign_dtor,void (__thiscall ??1Sign@@QAA@XZ)(Sign* this),
0x45d650,sub_45D650,,"int8* (__thiscall sub_45D650)(int8* this, int8*)",
0x45d870,sub_45D870,,,
0x45d880,sub_45D880,,,
0x45d890,sub_45D890,,"void* (__thiscall sub_45D890)(void* this, void*)",
0x45da80,sub_45DA80,,,
0x45daa0,sub_45DAA0,,,
0x45dac0,sub_45DAC0,,,
0x45ddf0,sub_45DDF0,,,
0x45de10,sub_45DE10,,,
0x45de30,sub_45DE30,,,
0x45dfb0,sub_45DFB0,,,
0x45dfd0,sub_45DFD0,,,
0x45e030,sub_45E030,,,
0x45e090,sub_45E090,,,
0x45e100,sub_45E100,,,
0x45e160,sub_45E160,,,
0x45e1c0,sub_45E1C0,,,
0x45e220,sub_45E220,,,
0x45e280,sub_45E280,,,
0x45e2e0,sub_45E2E0,,,
0x45e340,sub_45E340,,,
0x45e3a0,OpenCampaignMiniVideo,,"widget** (__thiscall OpenCampaignMiniVideo)(heroWindow* this, int id)",
0x45e620,??0TCampaignWindow@@QAA@H@Z,TCampaignWindow_ctor,"TCampaignWindow* (__thiscall ??0TCampaignWindow@@QAA@H@Z)(TCampaignWindow* this, int i, int8** campaign_type)",
0x45ecc0,sub_45ECC0,,"heroWindow* (__thiscall sub_45ECC0)(heroWindow* Memory, int8)",
0x45ecf0,sub_45ECF0,,void (__thiscall sub_45ECF0)(int this),
0x45edf0,??1TCampaignWindow@@UAA@XZ,TCampaignWindow_dtor,void (__thiscall ??1TCampaignWindow@@UAA@XZ)(heroWindow* this),
0x45eea0,?DoModal@TCampaignWindow@@QAAXXZ,TCampaignWindow_DoModal,int (__thiscall ?DoModal@TCampaignWindow@@QAAXXZ)(heroWindow* this),
0x45eed0,sub_45EED0,,int (__thiscall sub_45EED0)(message* msg),
0x45f140,std::vector_vector_hero__::destructor,,void (__thiscall std::vector_vector_hero__::destructor)(std::vector_vector__hero__* this),
0x45f1c0,sub_45F1C0,,"int* (__thiscall sub_45F1C0)(int* this, int*)",
0x45f390,std::vector_vector_type_artifact__::destructor,,void (__thiscall std::vector_vector_type_artifact__::destructor)(std::vector_vector__type_artifact__* this),
0x45f3f0,sub_45F3F0,,"void* (__thiscall sub_45F3F0)(void* this, void*)",
0x45f5c0,sub_45F5C0,,"void* (__thiscall sub_45F5C0)(void* this, void*)",
0x45f830,sub_45F830,,int (__thiscall sub_45F830)(int this),
0x45f870,??1hero@@QAA@XZ,hero_dtor,void (__thiscall ??1hero@@QAA@XZ)(hero* this),0x5fc90
0x45f8c0,sub_45F8C0,,,
0x45f9a0,sub_45F9A0,,,
0x45fa40,sub_45FA40,,"void* (__thiscall sub_45FA40)(void* Memory, int8)",
0x45faa0,sub_45FAA0,,"void** (__thiscall sub_45FAA0)(void** Memory, int8)",
0x45fae0,??_Ghero@@AAAPAXI@Z,op_Ghero,"hero* (__thiscall ??_Ghero@@AAAPAXI@Z)(hero* this, int8 flag)",
0x45fb10,sub_45FB10,,"void* (__thiscall sub_45FB10)(void* this, void*)",
0x45fdd0,sub_45FDD0,,"int* (__thiscall sub_45FDD0)(int* this, int*)",
0x45ff80,sub_45FF80,,,
0x4602e0,sub_4602E0,,"std::string* (__thiscall sub_4602E0)(std::string* this, std::string*)",
0x460410,sub_460410,,,
0x460430,sub_460430,,"int (__thiscall sub_460430)(int this, int)",
0x4608f0,trash_004608F0,,,
0x460950,sub_460950,,,
0x4609b0,sub_4609B0,,,
0x460a20,sub_460A20,,,
0x460a80,sub_460A80,,,
0x460ae0,sub_460AE0,,,
0x460b40,sub_460B40,,,
0x460ba0,sub_460BA0,,,
0x460c00,sub_460C00,,,
0x460c60,trash_00460C60,,,
0x460cc0,?GetBuildingName@@YAPBDHH@Z,GetBuildingName,"int8* (__fastcall ?GetBuildingName@@YAPBDHH@Z)(TTownType townType, type_building_id buildingId)",0x610e0
0x460d10,?CanBuy@@YAHPBVtown@@H@Z,CanBuy,"int (__fastcall ?CanBuy@@YAHPBVtown@@H@Z)(town* a1, type_building_id a2)",
0x460d70,?SetupCastle@townManager@@QAAXPAVheroWindow@@H@Z,townManager_SetupCastle,"void (__thiscall ?SetupCastle@townManager@@QAAXPAVheroWindow@@H@Z)(townManager* this, heroWindow* inCasWin, int bIsReset)",
0x461690,?WindowHandler@THallWindow@@UAAHAAUmessage@@@Z,THallWindow_WindowHandler,"int (__thiscall ?WindowHandler@THallWindow@@UAAHAAUmessage@@@Z)(THallWindow* this, message* msg)",
0x461e00,log_00461E00,,,
0x461e20,trash_00461E20,,,
0x461e80,trash_00461E80,,,
0x461ee0,trash_00461EE0,,,
0x461f50,trash_00461F50,,,
0x461fb0,trash_461fb0,,,
0x462010,trash_462010,,,
0x462070,trash_00462070,,,
0x4620d0,trash_004620D0,,,
0x462130,trash_00462130,,,
0x462190,trash_00462190,,,
0x4621f0,sub_4621F0,,,
0x462220,sub_462220,,,
0x462250,DrawBridgeLimit,,,
0x462280,LeftHeroLimit,,,
0x4622b0,RightHeroLimit,,,
0x4622e0,MainBuildingLimit,,,
0x462310,UpperTownLimit,,,
0x462340,??0combatManager@@QAA@XZ,combatManager_ctor,combatManager* (__thiscall ??0combatManager@@QAA@XZ)(combatManager* this),0x62760
0x462470,??0?$vector@W4SpellID@@U?$less@W4SpellID@@@std@@V?$allocator@W4SpellID@@@3@@std@@QAA@XZ,W4SpellID_vector_ctor,void (__thiscall ??0?$vector@W4SpellID@@U?$less@W4SpellID@@@std@@V?$allocator@W4SpellID@@@3@@std@@QAA@XZ)(void* this),
0x462490,??1?$set@W4SpellID@@V?$allocator@W4SpellID@@@std@@@std@@QAA@XZ,W4SpellID_set_dtor,void (__thiscall ??1?$set@W4SpellID@@V?$allocator@W4SpellID@@@std@@@std@@QAA@XZ)(void* this),
0x462500,TArchers::TArchers,,void (__thiscall TArchers::TArchers)(std::vector* this),
0x462510,??1?$allocator@UTObstacle@combatManager@@@std@@QAA@XZ,combatManager_UTObstacle_allocator_dtor,void (__thiscall ??1?$allocator@UTObstacle@combatManager@@@std@@QAA@XZ)(std::vector* this),
0x462570,?LoadWallTraitsTable@combatManager@@SA_NXZ,combatManager_LoadWallTraitsTable,int8 (__thiscall ?LoadWallTraitsTable@combatManager@@SA_NXZ)(combatManager* this),
0x462600,?Open@combatManager@@UAAHH@Z,combatManager_Open,"int (__thiscall ?Open@combatManager@@UAAHH@Z)(combatManager* this, int newPriority)",
0x462e40,?Close@combatManager@@UAAXXZ,combatManager_Close,void (__thiscall ?Close@combatManager@@UAAXXZ)(combatManager* this),
0x462f50,?LoadIcons@combatManager@@AAAXXZ,combatManager_LoadIcons,void (__thiscall ?LoadIcons@combatManager@@AAAXXZ)(combatManager* this),
0x4630e0,?FreeIcons@combatManager@@AAAXXZ,combatManager_FreeIcons,int (__thiscall ?FreeIcons@combatManager@@AAAXXZ)(combatManager* this),
0x4631e0,?LoadArmies@combatManager@@AAAX_N@Z,combatManager_LoadArmies,"void (__thiscall ?LoadArmies@combatManager@@AAAX_N@Z)(combatManager* this, bool is_surrounded)",
0x4635c0,?FreeArmies@combatManager@@AAAXXZ,combatManager_FreeArmies,void (__thiscall ?FreeArmies@combatManager@@AAAXXZ)(combatManager* this),
0x4635d0,?SetupCombat@combatManager@@QAAXUtype_point@@PAVhero@@PAVarmyGroup@@JPAVtown@@12HHH_N@Z,combatManager_SetupCombat,"void (__thiscall ?SetupCombat@combatManager@@QAAXUtype_point@@PAVhero@@PAVarmyGroup@@JPAVtown@@12HHH_N@Z)(combatManager* this, type_point point, hero* leftHero, armyGroup* leftArmyGroup, int right_player, town* rightTown, hero* rightHero, armyGroup* rightArmyGroup, int x, int y, int iSeed, bool is_surrounded)",
0x463840,?InitNonVisualVars@combatManager@@QAAXXZ,combatManager_InitNonVisualVars,void (__thiscall ?InitNonVisualVars@combatManager@@QAAXXZ)(combatManager* this),
0x463c80,?SetupAdjacencyArray@combatManager@@AAAHXZ,combatManager_SetupAdjacencyArray,int (__thiscall ?SetupAdjacencyArray@combatManager@@AAAHXZ)(combatManager* this),
0x463dd0,?UpdateArmyGroup@combatManager@@AAAXH@Z,combatManager_UpdateArmyGroup,"void (__thiscall ?UpdateArmyGroup@combatManager@@AAAXH@Z)(combatManager* this, int whichSide)",
0x463eb0,?GenerateMap@combatManager@@QAAXXZ,combatManager_GenerateMap,,
0x463f90,?DetermineCombatTerrain@combatManager@@QAADXZ,combatManager_DetermineCombatTerrain,int8 (__thiscall ?DetermineCombatTerrain@combatManager@@QAADXZ)(combatManager* this),
0x4642b0,?GetBackgroundName@combatManager@@QAAPBDXZ,combatManager_GetBackgroundName,int8* (__thiscall ?GetBackgroundName@combatManager@@QAAPBDXZ)(combatManager* this),
0x464380,?GetGridIndex@combatManager@@QBAHHH@Z,combatManager_GetGridIndex,"int (__thiscall ?GetGridIndex@combatManager@@QBAHHH@Z)(combatManager* this, int x, int y)",0x647a0
0x464500,?CheckApplyGoodMorale@combatManager@@QAAXHH@Z,combatManager_CheckApplyGoodMorale,"void (__thiscall ?CheckApplyGoodMorale@combatManager@@QAAXHH@Z)(combatManager* this, int group, int index)",
0x464720,?CheckApplyBadMorale@combatManager@@QAAHHH@Z,combatManager_CheckApplyBadMorale,"int (__thiscall ?CheckApplyBadMorale@combatManager@@QAAHHH@Z)(combatManager* this, int group, int index)",
0x464920,combatManager::SoD_IsInFear,,"bool (__thiscall combatManager::SoD_IsInFear)(combatManager* this, army* target_army)",
0x464b30,sub_464B30,,"int8 (__thiscall sub_464B30)(combatManager* this, army* a2, army* a3)",
0x464c60,?NextArmy@combatManager@@QAA_N_N@Z,combatManager_NextArmy,"bool (__thiscall ?NextArmy@combatManager@@QAA_N_N@Z)(combatManager* this, bool checking_for_bad_morale)",
0x464f10,?SetNextArmy@combatManager@@QAAXHH@Z,combatManager_SetNextArmy,"void (__thiscall ?SetNextArmy@combatManager@@QAAXHH@Z)(combatManager* this, int group, int index)",
0x465410,?CombatIsOver@combatManager@@QBA_NXZ,combatManager_CombatIsOver,bool (__thiscall ?CombatIsOver@combatManager@@QBA_NXZ)(combatManager* this),0x65830
0x465490,?IsWinner@combatManager@@QBA_NH@Z,combatManager_IsWinner,"bool (__thiscall ?IsWinner@combatManager@@QBA_NH@Z)(combatManager* this, int this_side)",0x658b0
0x465550,?GetTargetWallIndex@combatManager@@SA?AW4TWallTargetId@@H@Z,combatManager_GetTargetWallIndex,TWallTargetId (__fastcall ?GetTargetWallIndex@combatManager@@SA?AW4TWallTargetId@@H@Z)(int grid_index),0x65970
0x465570,?DamageWall@combatManager@@QAAXW4TWallTargetId@@H@Z,combatManager_DamageWall,"void (__thiscall ?DamageWall@combatManager@@QAAXW4TWallTargetId@@H@Z)(combatManager* this, TWallTargetId target, int damage)",
0x4656b0,sub_4656B0,,"void (__thiscall sub_4656B0)(combatManager* this, int indexToAttack)",
0x465b00,combatManager::automate_ballista,,void (__thiscall combatManager::automate_ballista)(combatManager* this),
0x465bc0,?ResetHitByCreature@combatManager@@QAAXXZ,combatManager_ResetHitByCreature,void (__thiscall ?ResetHitByCreature@combatManager@@QAAXXZ)(combatManager* this),0x65fe0
0x465bf0,?place_obstacle@combatManager@@QAA_NH@Z,combatManager_place_obstacle,"bool (__thiscall ?place_obstacle@combatManager@@QAA_NH@Z)(combatManager* this, int obstacle_id)",
0x465e40,sub_465E40,,int (__thiscall sub_465E40)(int this),
0x465e70,?SetupAndLoadObstacles@combatManager@@QAAXXZ,combatManager_SetupAndLoadObstacles,void (__thiscall ?SetupAndLoadObstacles@combatManager@@QAAXXZ)(combatManager* this),
0x466480,?PlaceLargeObstacle@combatManager@@QAAHI@Z,combatManager_PlaceLargeObstacle,"int (__thiscall ?PlaceLargeObstacle@combatManager@@QAAHI@Z)(combatManager* this, uint terrain_mask, uint)",
0x466590,?PlaceObstacle@combatManager@@QAAXABUTObstacle@1@HHI@Z,combatManager_PlaceObstacle,"void (__thiscall ?PlaceObstacle@combatManager@@QAAXABUTObstacle@1@HHI@Z)(combatManager* this, combatManager::TObstacle* obstacle, int id, int hex, hexcell::TAttributes attributes)",0x669b0
0x466650,?PlaceAllObstacles@combatManager@@QAAXXZ,combatManager_PlaceAllObstacles,void (__thiscall ?PlaceAllObstacles@combatManager@@QAAXXZ)(combatManager* this),
0x466710,?RemoveObstacle@combatManager@@QAAXH@Z,combatManager_RemoveObstacle,"void (__thiscall ?RemoveObstacle@combatManager@@QAAXH@Z)(combatManager* this, int index)",0x66b30
0x466830,?InitializeArchers@combatManager@@QAAXXZ,combatManager_InitializeArchers,void (__thiscall ?InitializeArchers@combatManager@@QAAXXZ)(combatManager* this),
0x4669e0,?MakeCreaturesVanish@combatManager@@QAAXXZ,combatManager_MakeCreaturesVanish,void (__thiscall ?MakeCreaturesVanish@combatManager@@QAAXXZ)(combatManager* this),0x66e00
0x466d10,?should_lower_door@combatManager@@QBA_NPAVarmy@@J@Z,combatManager_should_lower_door,"bool (__thiscall ?should_lower_door@combatManager@@QBA_NPAVarmy@@J@Z)(combatManager* this, army* this_army, int hex)",
0x466da0,?LowerDoor@combatManager@@QAAXXZ,combatManager_LowerDoor,void (__thiscall ?LowerDoor@combatManager@@QAAXXZ)(combatManager* this),0x671c0
0x466ec0,?RaiseDoor@combatManager@@QAAXXZ,combatManager_RaiseDoor,void (__thiscall ?RaiseDoor@combatManager@@QAAXXZ)(combatManager* this),0x672e0
0x467040,?InCastle@combatManager@@SA_NH@Z,combatManager_InCastle,bool (__fastcall ?InCastle@combatManager@@SA_NH@Z)(int index),0x67460
0x467070,?LeftOfMoat@combatManager@@SA_NH@Z,combatManager_LeftOfMoat,bool (__fastcall ?LeftOfMoat@combatManager@@SA_NH@Z)(int index),0x67490
0x4670a0,?is_adjacent@combatManager@@QBA_NHH@Z,combatManager_is_adjacent,"bool (__thiscall ?is_adjacent@combatManager@@QBA_NHH@Z)(combatManager* this, int first, int second)",0x674c0
0x4670f0,?ShotIsThroughWall@combatManager@@QBAHHHH@Z,combatManager_ShotIsThroughWall,"bool (__thiscall ?ShotIsThroughWall@combatManager@@QBAHHHH@Z)(combatManager* this, army* shooter, int sourceIndex, int destIndex)",0x67510
0x4671e0,?ShotIsNotOptimal@combatManager@@QBA_NPBVarmy@@0@Z,combatManager_ShotIsNotOptimal,"bool (__thiscall ?ShotIsNotOptimal@combatManager@@QBA_NPBVarmy@@0@Z)(combatManager* this, army* attacker, army* defender)",0x67600
0x467420,?InLineOfSight@combatManager@@QBA_NHH@Z,combatManager_InLineOfSight,"bool (__thiscall ?InLineOfSight@combatManager@@QBA_NHH@Z)(combatManager* this, int sourceIndex, int destIndex)",0x67840
0x4675e0,?ShootBallisticMissile@combatManager@@QAAXHHHHPBVCSprite@@@Z,combatManager_ShootBallisticMissile,"void (__fastcall ?ShootBallisticMissile@combatManager@@QAAXHHHHPBVCSprite@@@Z)(combatManager* this, int, int arg0, int, int, CSprite* sH, CSprite*)",0x67a00
0x467990,?ShootAnimatedMissile@combatManager@@QAAXHHHHHPBMPBQBD@Z,combatManager_ShootAnimatedMissile,"void (__thiscall ?ShootAnimatedMissile@combatManager@@QAAXHHHHHPBMPBQBD@Z)(combatManager* this, int startX, int startY, int destX, int destY, int nSprites, float* angles, int8** file_names)",0x67db0
0x467e00,?ShootMissile@combatManager@@QAAXHHHHPBMPBVCSprite@@@Z,combatManager_ShootMissile,"void (__thiscall ?ShootMissile@combatManager@@QAAXHHHHPBMPBVCSprite@@@Z)(combatManager* this, int startX, int startY, int destX, int destY, float* angles, CSprite* missile)",0x68220
0x468290,?CombatSystemOptions@combatManager@@QAAXXZ,combatManager_CombatSystemOptions,void (__thiscall ?CombatSystemOptions@combatManager@@QAAXXZ)(combatManager* this),
0x468310,?RemoveArmyFromGrid@combatManager@@QAAXABVarmy@@@Z,combatManager_RemoveArmyFromGrid,"void (__thiscall ?RemoveArmyFromGrid@combatManager@@QAAXABVarmy@@@Z)(combatManager* this, army* arg)",0x68730
0x4683a0,?PlaceArmyInGrid@combatManager@@QAAXABVarmy@@H@Z,combatManager_PlaceArmyInGrid,"void (__thiscall ?PlaceArmyInGrid@combatManager@@QAAXABVarmy@@H@Z)(combatManager* this, army* a, int hex)",0x687c0
0x468440,?ViewArmy@combatManager@@QAAXPAVarmy@@H@Z,combatManager_ViewArmy,"void (__thiscall ?ViewArmy@combatManager@@QAAXPAVarmy@@H@Z)(combatManager* this, army* thisArmy, int isQuickView)",
0x468570,?PowEffect@combatManager@@QAAXW4TSpellEffectID@@H@Z,combatManager_PowEffect,"void (__thiscall ?PowEffect@combatManager@@QAAXW4TSpellEffectID@@H@Z)(combatManager* this, int spellEffect, int bResetLimitCreature)",0x68990
0x468f80,combatManager::Cheat,,"int (__thiscall combatManager::Cheat)(combatManager* this, int side)",
0x469020,combatManager::SoD_PhoenixResurrect,,void (__thiscall combatManager::SoD_PhoenixResurrect)(combatManager* this),
0x4691e0,?enemy_is_adjacent@combatManager@@QBA_NPBVarmy@@H0@Z,combatManager_enemy_is_adjacent,"bool (__thiscall ?enemy_is_adjacent@combatManager@@QBA_NPBVarmy@@H0@Z)(combatManager* this, army* current_army, int grid_index, army* excluded)",0x69600
0x469250,?get_distance@combatManager@@SAJJJ@Z,combatManager_get_distance,"int (__fastcall ?get_distance@combatManager@@SAJJJ@Z)(int start, int stop)",0x69670
0x469330,?UpdateArmyLuckAndMorale@combatManager@@QAAXXZ,combatManager_UpdateArmyLuckAndMorale,void (__thiscall ?UpdateArmyLuckAndMorale@combatManager@@QAAXXZ)(combatManager* this),
0x469460,?GetMissileStartingPosition@combatManager@@SAXHHHHHHPBVCSprite@@PAH111@Z,combatManager_GetMissileStartingPosition,"void (__fastcall ?GetMissileStartingPosition@combatManager@@SAXHHHHHHPBVCSprite@@PAH111@Z)(int army_type, int x, int y, int facing, int dest_x, int dest_y, CSprite* missile, int* start_x, int* start_y, int* army_dir, int* missile_frame)",
0x4695f0,?HexIsBlocked@combatManager@@QBA_NH@Z,combatManager_HexIsBlocked,"bool (__thiscall ?HexIsBlocked@combatManager@@QBA_NH@Z)(combatManager* this, int adjacent_cell)",0x69a10
0x469670,?damage_message@combatManager@@QAAXPBDJJPBVarmy@@J@Z,combatManager_damage_message,"void (__thiscall ?damage_message@combatManager@@QAAXPBDJJPBVarmy@@J@Z)(combatManager* this, int8* attacker, int attacker_qty, int damage, army* defender, int deaths)",0x69a90
0x4699a0,?IsInMoat@combatManager@@QAA_NHPAH@Z,combatManager_IsInMoat,"bool (__thiscall ?IsInMoat@combatManager@@QAA_NHPAH@Z)(combatManager* this, int hex, int* index)",0x69dc0
0x469a30,combatManager::SoD_DoMoatDamage,,"bool (__thiscall combatManager::SoD_DoMoatDamage)(combatManager* this, int hex, army* curr_army, bool is_walking)",
0x469b00,?RaiseSkeletons@combatManager@@QAAXH@Z,combatManager_RaiseSkeletons,"void (__thiscall ?RaiseSkeletons@combatManager@@QAAXH@Z)(combatManager* this, int side)",
0x469bc0,?LearnSpellFromEagleEye@combatManager@@QAAXH@Z,combatManager_LearnSpellFromEagleEye,"int* (__fastcall ?LearnSpellFromEagleEye@combatManager@@QAAXH@Z)(combatManager* this, int, int)",
0x469c50,?LootDeadHero@combatManager@@QAAXHAAV?$vector@Utype_artifact@@V?$allocator@Utype_artifact@@@std@@@std@@@Z,combatManager_LootDeadHero,"void (__thiscall ?LootDeadHero@combatManager@@QAAXHAAV?$vector@Utype_artifact@@V?$allocator@Utype_artifact@@@std@@@std@@@Z)(combatManager* this, int side, std::vector* looted_artifacts)",
0x469f30,?CalculateGainedExperience@combatManager@@QAAXHPAH@Z,combatManager_CalculateGainedExperience,"void (__thiscall ?CalculateGainedExperience@combatManager@@QAAXHPAH@Z)(combatManager* this, int side, int* experience_gained)",0x6a350
0x46a040,?MarkArcherEffect_SoD@combatManager@@AAAXPAVarmy@@@Z,combatManager_MarkArcherEffect_SoD,"void (__thiscall ?MarkArcherEffect_SoD@combatManager@@AAAXPAVarmy@@@Z)(combatManager* this, army* arg)",
0x46a080,?IsQuickCombat@combatManager@@QBA_NXZ,combatManager_IsQuickCombat,bool (__thiscall ?IsQuickCombat@combatManager@@QBA_NXZ)(combatManager* this),0x6a4a0
0x46a100,combatManager::SoD_clearCreaturePath,,"int (__thiscall combatManager::SoD_clearCreaturePath)(combatManager* this, army* curr_army)",
0x46a150,combatManager::check_obstacle_attacks,,"bool (__thiscall combatManager::check_obstacle_attacks)(combatManager* this, army* curr_army, bool is_walking)",0x6a570
0x46a230,??0?$allocator@W4SpellID@@@std@@QAA@XZ,W4SpellID_allocator_ctor,"void* (__thiscall ??0?$allocator@W4SpellID@@@std@@QAA@XZ)(void* this, void*, void*)",
0x46a2f0,sub_46A2F0,,"void* (__thiscall sub_46A2F0)(void* this, void*, void*, void*)",
0x46a420,sub_46A420,,"void* (__thiscall sub_46A420)(void* this, void*, void*)",
0x46a930,sub_46A930,,void (__stdcall sub_46A930)(void** Memory),
0x46a9b0,sub_46A9B0,,void (__thiscall sub_46A9B0)(int* this),
0x46aa60,?insert@?$vector@VTObstacle@combatManager@@V?$allocator@VTObstacle@combatManager@@@std@@@std@@QAAXPAVTObstacle@combatManager@@IABV3@@Z,combatManager_VTObstacle_vector_insert,"void (__thiscall ?insert@?$vector@VTObstacle@combatManager@@V?$allocator@VTObstacle@combatManager@@@std@@@std@@QAAXPAVTObstacle@combatManager@@IABV3@@Z)(std::vector* this, combatManager::TObstacle* P, unsigned int M, combatManager::TObstacle* X)",
0x46ad50,vector_get_size_46AD50,,int (__thiscall vector_get_size_46AD50)(std::vector* this),
0x46ad70,sub_46AD70,,,
0x46ad90,sub_46AD90,,,
0x46adf0,sub_46ADF0,,,
0x46ae50,sub_46AE50,,,
0x46aec0,sub_46AEC0,,,
0x46af20,sub_46AF20,,,
0x46af80,sub_46AF80,,,
0x46afe0,sub_46AFE0,,,
0x46b040,sub_46B040,,,
0x46b0a0,sub_46B0A0,,,
0x46b100,sub_46B100,,,
0x46b160,sub_46B160,,"TSubWindow* (__thiscall sub_46B160)(TSubWindow* this, heroWindow*, int image)",
0x46b6d0,sub_46B6D0,,"TSubWindow* (__thiscall sub_46B6D0)(TSubWindow* Memory, int8)",
0x46b700,sub_46B700,,void (__thiscall sub_46B700)(TSubWindow* this),
0x46b780,sub_46B780,,"int (__thiscall sub_46B780)(int this, int)",
0x46b9f0,sub_46B9F0,,"TSubWindow* (__thiscall sub_46B9F0)(TSubWindow* Memory, int8)",
0x46ba20,sub_46BA20,,void (__thiscall sub_46BA20)(TSubWindow* this),
0x46baa0,sub_46BAA0,,"int (__thiscall sub_46BAA0)(widget** this, int8*)",
0x46bae0,sub_46BAE0,,void (__thiscall sub_46BAE0)(int this),
0x46bba0,sub_46BBA0,,"TSubWindow* (__thiscall sub_46BBA0)(TSubWindow* this, heroWindow*)",
0x46bd30,sub_46BD30,,"TSubWindow* (__thiscall sub_46BD30)(TSubWindow* Memory, int8)",
0x46bd60,sub_46BD60,,void (__thiscall sub_46BD60)(TSubWindow* this),
0x46bde0,sub_46BDE0,,void (__thiscall sub_46BDE0)(int this),
0x46bec0,??0TCombatHeroSubWindow@@QAA@HHHHPAVheroWindow@@@Z,TCombatHeroSubWindow_ctor,"void (__thiscall ??0TCombatHeroSubWindow@@QAA@HHHHPAVheroWindow@@@Z)(TCombatHeroSubWindow* this, int x, int y, int h, int w, heroWindow* parent)",
0x46c6c0,sub_46C6C0,,"TSubWindow* (__thiscall sub_46C6C0)(TSubWindow* Memory, int8)",
0x46c6f0,sub_46C6F0,,void (__thiscall sub_46C6F0)(TSubWindow* this),
0x46c760,?Update@TCombatHeroSubWindow@@QAAXABVhero@@PBV2@_N@Z,TCombatHeroSubWindow_Update,"void (__thiscall ?Update@TCombatHeroSubWindow@@QAAXABVhero@@PBV2@_N@Z)(TCombatHeroSubWindow* this, hero* info, hero* otherHero, bool on_cursed_ground)",
0x46c940,?Show@TCombatHeroSubWindow@@QAAXXZ,TCombatHeroSubWindow_Show,void (__thiscall ?Show@TCombatHeroSubWindow@@QAAXXZ)(int this),
0x46c9c0,?UnShow@TCombatHeroSubWindow@@QAAXXZ,TCombatHeroSubWindow_UnShow,void (__thiscall ?UnShow@TCombatHeroSubWindow@@QAAXXZ)(TCombatHeroSubWindow* this),
0x46ca00,??0TCombatCreatureSubWindow@@QAA@HHHHPAVheroWindow@@H@Z,TCombatCreatureSubWindow_ctor,"TCombatCreatureSubWindow* (__thiscall ??0TCombatCreatureSubWindow@@QAA@HHHHPAVheroWindow@@H@Z)(TCombatCreatureSubWindow* this, int x, int y, int h, int w, heroWindow* parent, int view_level)",
0x46d6e0,sub_46D6E0,,"TSubWindow* (__thiscall sub_46D6E0)(TSubWindow* Memory, int8)",
0x46d710,sub_46D710,,void (__thiscall sub_46D710)(TSubWindow* this),
0x46d780,?Update@TCombatCreatureSubWindow@@QAAXABVarmy@@PBVhero@@@Z,TCombatCreatureSubWindow_Update,"int (__userpurge ?Update@TCombatCreatureSubWindow@@QAAXABVarmy@@PBVhero@@@Z@<eax>)(TCombatCreatureSubWindow* this@<ecx>, int@<ebx>, int@<esi>, int, int ranged_attack)",
0x46da50,sub_46DA50,,void (__thiscall sub_46DA50)(TSubWindow* this),
0x46dad0,?UnShow@TCombatCreatureSubWindow@@QAAXXZ,TCombatCreatureSubWindow_UnShow,void (__thiscall ?UnShow@TCombatCreatureSubWindow@@QAAXXZ)(TCombatCreatureSubWindow* this),
0x46db10,sub_46DB10,,,
0x46db30,sub_46DB30,,,
0x46db90,sub_46DB90,,,
0x46dbf0,sub_46DBF0,,,
0x46dc60,sub_46DC60,,,
0x46dcc0,sub_46DCC0,,,
0x46dd20,sub_46DD20,,,
0x46dd80,sub_46DD80,,,
0x46dde0,sub_46DDE0,,,
0x46de40,sub_46DE40,,,
0x46dea0,sub_46DEA0,,,
0x46df00,??0TCombatOptionsWindow@@QAA@XZ,TCombatOptionsWindow_ctor,void (__thiscall ??0TCombatOptionsWindow@@QAA@XZ)(TCombatOptionsWindow* this),
0x46f220,sub_46F220,,"heroWindow* (__thiscall sub_46F220)(heroWindow* Memory, int8)",
0x46f250,??1TCombatOptionsWindow@@UAA@XZ,TCombatOptionsWindow_dtor,void (__thiscall ??1TCombatOptionsWindow@@UAA@XZ)(heroWindow* this),
0x46f2d0,?DoModal@TCombatOptionsWindow@@QAAXXZ,TCombatOptionsWindow_DoModal,int8 (__thiscall ?DoModal@TCombatOptionsWindow@@QAAXXZ)(TCombatOptionsWindow* this),
0x46f300,CombatOptionsWindowHandler,,int (__fastcall CombatOptionsWindowHandler)(message* msg),
0x46fa30,sub_46FA30,,,
0x46fa50,sub_46FA50,,,
0x46fab0,sub_46FAB0,,,
0x46fb10,sub_46FB10,,,
0x46fb80,sub_46FB80,,,
0x46fbe0,sub_46FBE0,,,
0x46fc40,sub_46FC40,,,
0x46fca0,sub_46FCA0,,,
0x46fd00,sub_46FD00,,,
0x46fd60,sub_46FD60,,,
0x46fdc0,sub_46FDC0,,,
0x46fe20,??0TCombatResultsWindow@@QAA@PBVhero@@0HH_NH@Z,TCombatResultsWindow_ctor,"void (__thiscall ??0TCombatResultsWindow@@QAA@PBVhero@@0HH_NH@Z)(TCombatResultsWindow* this, hero* attacker, hero* defender, int my_side, int winning_side, bool32 is_siege, int experience)",
0x471590,??_GTCombatResultsWindow@@UAAPAXI@Z,op_GTCombatResultsWindow,"TCombatResultsWindow* (__thiscall ??_GTCombatResultsWindow@@UAAPAXI@Z)(TCombatResultsWindow* this, int8 flag)",
0x4715c0,??1TCombatResultsWindow@@UAA@XZ,TCombatResultsWindow_dtor,void (__thiscall ??1TCombatResultsWindow@@UAA@XZ)(heroWindow* this),
0x471640,?Open@TCombatResultsWindow@@UAAHH_N@Z,TCombatResultsWindow_Open,"int (__thiscall ?Open@TCombatResultsWindow@@UAAHH_N@Z)(TCombatResultsWindow* this, int newPriority, bool update)",
0x4716a0,?Close@TCombatResultsWindow@@UAAX_N@Z,TCombatResultsWindow_Close,"void (__thiscall ?Close@TCombatResultsWindow@@UAAX_N@Z)(TCombatResultsWindow* this, bool update)",
0x4716c0,?DoModal@TCombatResultsWindow@@QAAXXZ,TCombatResultsWindow_DoModal,"int (__fastcall ?DoModal@TCombatResultsWindow@@QAAXXZ)(heroWindow* this, bool)",
0x4716e0,CombatResultsWindowHandler,,int (__thiscall CombatResultsWindowHandler)(message* msg),
0x471770,sub_471770,,,
0x471790,sub_471790,,,
0x4717f0,sub_4717F0,,,
0x471850,sub_471850,,,
0x4718c0,sub_4718C0,,,
0x471920,sub_471920,,,
0x471980,sub_471980,,,
0x4719e0,sub_4719E0,,,
0x471a40,sub_471A40,,,
0x471aa0,sub_471AA0,,,
0x471b00,sub_471B00,,,
0x471b60,?CheckCombatCheatCode@@YAXAAV?$basic_string@DU?$char_traits@D@std@@V?$allocator@D@2@@std@@@Z,CheckCombatCheatCode,bool (__fastcall ?CheckCombatCheatCode@@YAXAAV?$basic_string@DU?$char_traits@D@std@@V?$allocator@D@2@@std@@@Z)(std::string* chatString),
0x471d20,??0TCombatWindow@@QAA@_N@Z,TCombatWindow_ctor,"TCombatWindow* (__thiscall ??0TCombatWindow@@QAA@_N@Z)(TCombatWindow* this, int do_placement)",
0x472150,?OnKeyPress@CCombatChatEdit@@UAAHAAUmessage@@@Z,CCombatChatEdit_OnKeyPress,"int (__thiscall ?OnKeyPress@CCombatChatEdit@@UAAHAAUmessage@@@Z)(CCombatChatEdit* this, message* msg)",
0x472200,?SendChat@CCombatChatEdit@@UAAXPBDH@Z,CCombatChatEdit_SendChat,"void (__thiscall ?SendChat@CCombatChatEdit@@UAAXPBDH@Z)(CCombatChatEdit* this, int8* sChat, int toWho)",
0x472340,?OnEscape@CCombatChatEdit@@UAAHUmessage@@@Z,CCombatChatEdit_OnEscape,"int (__thiscall ?OnEscape@CCombatChatEdit@@UAAHUmessage@@@Z)(void* this, int, int, int, int, int, int, int, int)",
0x4723a0,?UpdateScreen@CCombatChatEdit@@UAAXXZ,CCombatChatEdit_UpdateScreen,void (__thiscall ?UpdateScreen@CCombatChatEdit@@UAAXXZ)(int16* this),
0x4723e0,sub_4723E0,,"void* (__thiscall sub_4723E0)(void* Memory, int8)",
0x472410,sub_472410,,"void (__thiscall sub_472410)(heroWindow* this, heroWindow*)",
0x472440,sub_472440,,void (__thiscall sub_472440)(int this),
0x472590,sub_472590,,,
0x4726c0,sub_4726C0,,"int* (__thiscall sub_4726C0)(int* this, int)",
0x472730,?ClearCombatMessages@TCombatWindow@@QAAXXZ,TCombatWindow_ClearCombatMessages,void (__thiscall ?ClearCombatMessages@TCombatWindow@@QAAXXZ)(TCombatWindow* this),
0x472770,sub_472770,,"void (__thiscall sub_472770)(void* this, unsigned int)",
0x4728f0,ScrollCombatLog,,"void (__thiscall ScrollCombatLog)(void* this, int)",
0x472930,sub_472930,,,
0x472980,sub_472980,,,
0x4729d0,?combat_message@TCombatWindow@@QAAXPBD_N1@Z,TCombatWindow_combat_message,"void (__thiscall ?combat_message@TCombatWindow@@QAAXPBD_N1@Z)(TCombatWindow* this, int8* new_text, int keep, int new_priority)",
0x472d30,?EndPlacementPhase@TCombatWindow@@QAAXXZ,TCombatWindow_EndPlacementPhase,void (__thiscall ?EndPlacementPhase@TCombatWindow@@QAAXXZ)(int* this),
0x472dd0,?DrawChatText@TCombatWindow@@QAAX_N@Z,TCombatWindow_DrawChatText,"void (__thiscall ?DrawChatText@TCombatWindow@@QAAX_N@Z)(TCombatWindow* this, bool always_zero)",
0x472e30,sub_472E30,,"void (__thiscall sub_472E30)(heroWindow* this, bool update, int, int)",
0x472e90,?substr@?$basic_string@DU?$char_traits@D@std@@V?$allocator@D@2@@std@@QBA?AV12@II@Z,std_D_DU_char_traits_basic_string_substr,"int (__thiscall ?substr@?$basic_string@DU?$char_traits@D@std@@V?$allocator@D@2@@std@@QBA?AV12@II@Z)(void* this, int, unsigned int, unsigned int)",
0x473030,?find@?$basic_string@DU?$char_traits@D@std@@V?$allocator@D@2@@std@@QBAIDI@Z,std_D_DU_char_traits_basic_string_find,"unsigned int (__thiscall ?find@?$basic_string@DU?$char_traits@D@std@@V?$allocator@D@2@@std@@QBAIDI@Z)(std::string* this, int8* a2, unsigned int a3)",
0x4730c0,?_Freeze@?$basic_string@DU?$char_traits@D@std@@V?$allocator@D@2@@std@@AAEXXZ,std_D_DU_char_traits_basic_string_Freeze,void (__thiscall ?_Freeze@?$basic_string@DU?$char_traits@D@std@@V?$allocator@D@2@@std@@AAEXXZ)(std::string* this),
0x473140,sub_473140,,,
0x473160,sub_473160,,,
0x4731c0,sub_4731C0,,,
0x473220,sub_473220,,,
0x473290,sub_473290,,,
0x4732f0,sub_4732F0,,,
0x473350,sub_473350,,,
0x4733b0,sub_4733B0,,,
0x473410,sub_473410,,,
0x473470,sub_473470,,,
0x4734d0,sub_4734D0,,,
0x473530,sub_473530,,bool (__thiscall sub_473530)(combatManager* this),
0x4737d0,?automate_first_aid_tent@combatManager@@AAA_NXZ,combatManager_automate_first_aid_tent,int8 (__thiscall ?automate_first_aid_tent@combatManager@@AAA_NXZ)(combatManager* this),
0x473970,?do_animations@combatManager@@QAAXXZ,combatManager_do_animations,void (__thiscall ?do_animations@combatManager@@QAAXXZ)(combatManager* this),
0x473a00,?Main@combatManager@@UAAHAAUmessage@@@Z,combatManager_Main,"int (__thiscall ?Main@combatManager@@UAAHAAUmessage@@@Z)(combatManager* this, message* msg)",
0x473fb0,sub_473FB0,,,
0x473fc0,?SetCombatDirections@combatManager@@QAAXH@Z,combatManager_SetCombatDirections,"void (__thiscall ?SetCombatDirections@combatManager@@QAAXH@Z)(combatManager* this, int hex)",
0x474330,combatManager::CheckSetMouseDirection,,"bool (__thiscall combatManager::CheckSetMouseDirection)(combatManager* this, int x, int y, int hex)",
0x4744d0,CombatMan_IsAITurn,,bool (__thiscall CombatMan_IsAITurn)(combatManager* this),
0x474520,?is_computer_action@combatManager@@AAA_NXZ,combatManager_is_computer_action,bool (__thiscall ?is_computer_action@combatManager@@AAA_NXZ)(combatManager* this),0x74bf0
0x4746b0,?ProcessCombatMsg@combatManager@@QAAHAAUmessage@@@Z,combatManager_ProcessCombatMsg,"int (__thiscall ?ProcessCombatMsg@combatManager@@QAAHAAUmessage@@@Z)(combatManager* this, message* msg)",
0x475800,?ResetRound@combatManager@@QAAXXZ,combatManager_ResetRound,void (__thiscall ?ResetRound@combatManager@@QAAXXZ)(combatManager* this),
0x475b30,?auto_resolve_combat@combatManager@@AAAXXZ,combatManager_auto_resolve_combat,int* (__thiscall ?auto_resolve_combat@combatManager@@AAAXXZ)(combatManager* this),
0x475c20,?CheckWin@combatManager@@QAAHPAUmessage@@@Z,combatManager_CheckWin,"int (__thiscall ?CheckWin@combatManager@@QAAHPAUmessage@@@Z)(combatManager* this, message* msg)",
0x475d20,?is_outside_placement_boundry@combatManager@@QAA_NHH@Z,combatManager_is_outside_placement_boundry,"bool (__thiscall ?is_outside_placement_boundry@combatManager@@QAA_NHH@Z)(combatManager* this, int group, int index)",0x763f0
0x475d70,?valid_wall_target@combatManager@@QAA_NW4TWallTargetId@@@Z,combatManager_valid_wall_target,"bool (__thiscall ?valid_wall_target@combatManager@@QAA_NW4TWallTargetId@@@Z)(combatManager* this, TWallTargetId wall_target)",0x76440
0x475dc0,?GetCommand@combatManager@@QAAHH@Z,combatManager_GetCommand,"type_combat_cursor (__thiscall ?GetCommand@combatManager@@QAAHH@Z)(combatManager* this, int newIndex)",0x76490
0x4762f0,?RightClick@combatManager@@QAAHH@Z,combatManager_RightClick,"int (__fastcall ?RightClick@combatManager@@QAAHH@Z)(combatManager* this, int, unsigned int newIndex)",
0x476500,?DoCommand@combatManager@@QAAXH@Z,combatManager_DoCommand,"void (__thiscall ?DoCommand@combatManager@@QAAXH@Z)(combatManager* this, int a2)",
0x476910,?show_eagle_eye@combatManager@@AAAXHH@Z,combatManager_show_eagle_eye,"void (__thiscall ?show_eagle_eye@combatManager@@AAAXHH@Z)(combatManager* this, int winning_group, int dialog_timeout)",
0x476be0,?show_looted_artifacts@combatManager@@AAAXAAV?$vector@Utype_artifact@@V?$allocator@Utype_artifact@@@std@@@std@@H@Z,combatManager_show_looted_artifacts,"void (__thiscall ?show_looted_artifacts@combatManager@@AAAXAAV?$vector@Utype_artifact@@V?$allocator@Utype_artifact@@@std@@@std@@H@Z)(combatManager* this, std::vector* looted_artifacts, int dialog_timeout)",
0x476da0,?DoVictory@combatManager@@QAAXH@Z,combatManager_DoVictory,"void (__thiscall ?DoVictory@combatManager@@QAAXH@Z)(combatManager* this, int winningGroup)",
0x477330,?get_surrender_cost@combatManager@@AAAJXZ,combatManager_get_surrender_cost,int (__thiscall ?get_surrender_cost@combatManager@@AAAJXZ)(combatManager* this),0x77a00
0x4773f0,?CheckChangeSelector@combatManager@@QAAXXZ,combatManager_CheckChangeSelector,void (__thiscall ?CheckChangeSelector@combatManager@@QAAXXZ)(combatManager* this),
0x477490,?TurnOffSelector@combatManager@@QAAX_N@Z,combatManager_TurnOffSelector,"void (__fastcall ?TurnOffSelector@combatManager@@QAAX_N@Z)(combatManager* this, bool, int8)",
0x477550,?CheckChangeHighlighter@combatManager@@QAAXH@Z,combatManager_CheckChangeHighlighter,"void (__thiscall ?CheckChangeHighlighter@combatManager@@QAAXH@Z)(combatManager* this, unsigned int hex)",
0x477740,?TurnOffHighlighter@combatManager@@QAAX_N@Z,combatManager_TurnOffHighlighter,"void (__thiscall ?TurnOffHighlighter@combatManager@@QAAX_N@Z)(combatManager* this, bool draw_it)",
0x477810,?CheckGetAIMove@combatManager@@QAAXXZ,combatManager_CheckGetAIMove,void (__thiscall ?CheckGetAIMove@combatManager@@QAAXXZ)(combatManager* this),
0x477c00,?GetControl@combatManager@@QAAXXZ,combatManager_GetControl,bool (__thiscall ?GetControl@combatManager@@QAAXXZ)(combatManager* this),
0x4781c0,?ResetMouse@combatManager@@QAAXXZ,combatManager_ResetMouse,void (__thiscall ?ResetMouse@combatManager@@QAAXXZ)(combatManager* this),
0x478230,?process_move_then_attack@combatManager@@AAA_NAAUmessage@@@Z,combatManager_process_move_then_attack,"bool (__thiscall ?process_move_then_attack@combatManager@@AAA_NAAUmessage@@@Z)(combatManager* this, message* msg)",
0x4784c0,?process_first_aid@combatManager@@AAAXPAVarmy@@@Z,combatManager_process_first_aid,"void (__thiscall ?process_first_aid@combatManager@@AAAXPAVarmy@@@Z)(combatManager* this, army* current_army)",
0x4786b0,?ProcessNextAction@combatManager@@QAAHAAUmessage@@_N@Z,combatManager_ProcessNextAction,"int (__thiscall ?ProcessNextAction@combatManager@@QAAHAAUmessage@@_N@Z)(combatManager* this, message* msg)",
0x479710,?ResetCyclingCreatures@combatManager@@QAAXXZ,combatManager_ResetCyclingCreatures,void (__thiscall ?ResetCyclingCreatures@combatManager@@QAAXXZ)(combatManager* this),
0x479860,?ResetCycleTimers@combatManager@@QAAXXZ,combatManager_ResetCycleTimers,void (__thiscall ?ResetCycleTimers@combatManager@@QAAXXZ)(combatManager* this),
0x4798f0,?SetCombatGrid@combatManager@@QAAXHHH_N@Z,combatManager_SetCombatGrid,"void (__thiscall ?SetCombatGrid@combatManager@@QAAXHHH_N@Z)(combatManager* this, int bCombatShowEntireGrid, int bCombatShowMouseHex, int iCombatGridLevel, bool draw_it_now)",
0x479a30,?AddArmy@combatManager@@QAAPAVarmy@@HHHHHH@Z,combatManager_AddArmy,"army* (__thiscall ?AddArmy@combatManager@@QAAPAVarmy@@HHHHHH@Z)(combatManager* this, int iSide, int iMonType, int iMonQty, int iGridIndex, int iSetAttributes, int bFizzleItIn)",0x7a100
0x479c00,?get_tower_string@combatManager@@ABA?AV?$basic_string@DU?$char_traits@D@std@@V?$allocator@D@2@@std@@W4TWallSection@1@JJ@Z,combatManager_get_tower_string,"std::string* (__thiscall ?get_tower_string@combatManager@@ABA?AV?$basic_string@DU?$char_traits@D@std@@V?$allocator@D@2@@std@@W4TWallSection@1@JJ@Z)(combatManager* this, combatManager::TWallSection, int, int)",
0x479cb0,?ViewCastleBallista@combatManager@@QAAXH@Z,combatManager_ViewCastleBallista,"void (__fastcall ?ViewCastleBallista@combatManager@@QAAXH@Z)(combatManager* this, int edx0, int _44)",
0x479e30,?HandleCombatPlayerDrop@combatManager@@QAA_NKAAUmessage@@@Z,combatManager_HandleCombatPlayerDrop,"bool (__thiscall ?HandleCombatPlayerDrop@combatManager@@QAA_NKAAUmessage@@@Z)(combatManager* this, ulong dpid, message* msg)",
0x479fa0,sub_479FA0,,"void* (__thiscall sub_479FA0)(void** this, void*)",
0x479fc0,sub_479FC0,,,
0x479fe0,sub_479FE0,,,
0x47a040,sub_47A040,,,
0x47a0a0,sub_47A0A0,,,
0x47a110,sub_47A110,,,
0x47a170,sub_47A170,,,
0x47a1d0,sub_47A1D0,,,
0x47a230,sub_47A230,,,
0x47a290,sub_47A290,,,
0x47a2f0,sub_47A2F0,,,
0x47a350,sub_47A350,,,
0x47a3b0,sub_47A3B0,,,
0x47a3e0,sub_47A3E0,,,
0x47a400,??0type_creature_bank_level@@QAA@XZ,type_creature_bank_level_ctor,void (__thiscall ??0type_creature_bank_level@@QAA@XZ)(type_creature_bank_level* this),
0x47a460,?initialize_creature_bank_traits@@YA_NXZ,initialize_creature_bank_traits,,
0x47a6c0,?initialize_creature_bank@@YAXAAUtype_creature_bank@@W4type_creature_bank_type@@@Z,initialize_creature_bank,"void (__fastcall ?initialize_creature_bank@@YAXAAUtype_creature_bank@@W4type_creature_bank_type@@@Z)(type_creature_bank* bank, type_creature_bank_type type)",
0x47aa30,sub_47AA30,,,
0x47aa50,?IsBaseCreature@@YA_NW4TCreatureType@@@Z,IsBaseCreature,bool (__fastcall ?IsBaseCreature@@YA_NW4TCreatureType@@@Z)(TCreatureType type),
0x47aab0,?IsSiegeWeapon@@YA_NW4TCreatureType@@@Z,IsSiegeWeapon,bool (__fastcall ?IsSiegeWeapon@@YA_NW4TCreatureType@@@Z)(TCreatureType t),
0x47aad0,GetMonsterUpgrade,,,
0x47ab50,BaseCreatureType,,,
0x47abc0,?InitializeCreatureTypeTraitsTable@@YA_NXZ,InitializeCreatureTypeTraitsTable,,
0x47adb0,LoadCrTraitsRow,,,
0x47b0e0,sub_47B0E0,,,
0x47b100,sub_47B100,,,
0x47b120,sub_47B120,,,
0x47b140,sub_47B140,,,
0x47b160,??0CSequence@@AAA@H@Z,CSequence_ctor,"CSequence* (__thiscall ??0CSequence@@AAA@H@Z)(CSequence* this, int num)",0x7b840
0x47b1b0,??_GCSequence@@AAAPAXI@Z,op_GCSequence,void (__thiscall ??_GCSequence@@AAAPAXI@Z)(CSequence* this),
0x47b1c0,?AddFrame@CSequence@@AAAHPBD@Z,CSequence_AddFrame,"int (__thiscall ?AddFrame@CSequence@@AAAHPBD@Z)(CSequence* this, CSpriteFrame* frame)",0x7b8a0
0x47b1f0,sub_47B1F0,,,
0x47b210,??_GCSprite@@UAAPAXI@Z,op_GCSprite,"CSprite* (__thiscall ??_GCSprite@@UAAPAXI@Z)(CSprite* Memory, int8)",
0x47b240,??0CSprite@@QAA@PBDHHH@Z,CSprite_ctor,"CSprite* (__thiscall ??0CSprite@@QAA@PBDHHH@Z)(CSprite* this, int8* name, EResourceType sprtype, int w, int h)",0x7b920
0x47b360,??1CSprite@@UAA@XZ,CSprite_dtor,void (__thiscall ??1CSprite@@UAA@XZ)(CSprite* this),
0x47b410,?AllocateSeq@CSprite@@QAAXHH@Z,CSprite_AllocateSeq,"void (__thiscall ?AllocateSeq@CSprite@@QAAXHH@Z)(CSprite* this, int seqnum, int numFrames)",0x7baf0
0x47b480,?AddFrame@CSprite@@QAAXHPBD@Z,CSprite_AddFrame,"int (__thiscall ?AddFrame@CSprite@@QAAXHPBD@Z)(CSprite* this, int seqnum, CSpriteFrame* frame)",0x7bb60
0x47b4a0,?SetPalette@CSprite@@QAAXAAVTPalette16@@@Z,CSprite_SetPalette,"void (__thiscall ?SetPalette@CSprite@@QAAXAAVTPalette16@@@Z)(CSprite* this, TPalette16* pal)",0x7bb80
0x47b520,?ResetPalette@CSprite@@QAAXXZ,CSprite_ResetPalette,void (__thiscall ?ResetPalette@CSprite@@QAAXXZ)(CSprite* this),0x7bc00
0x47b5e0,?GetPalette@CSprite@@QAAPAGXZ,CSprite_GetPalette,unsigned int16* (__thiscall ?GetPalette@CSprite@@QAAPAGXZ)(CSprite* this),
0x47b5f0,?ColorCycle@CSprite@@QAAXHHH@Z,CSprite_ColorCycle,"void (__thiscall ?ColorCycle@CSprite@@QAAXHHH@Z)(CSprite* this, int begin, int end, int step)",
0x47b610,?Draw@CSprite@@QBAXHHHHHHPAGHHHHH_N1@Z,CSprite_Draw,"void (__thiscall ?Draw@CSprite@@QBAXHHHHHHPAGHHHHH_N1@Z)(CSprite* this, int seqnum, int framenum, int sx, int sy, int sw, int sh, ushort* dst, int dx, int dy, int dw, int dh, int dpitch, bool hflip, bool tblit)",0x7bcf0
0x47b670,CSprite::GetSize,,,
0x47b680,?DrawCreature@CSprite@@QBAXHHHHHHPAGHHHHH_NG@Z,CSprite_DrawCreature,"void (__thiscall ?DrawCreature@CSprite@@QBAXHHHHHHPAGHHHHH_NG@Z)(CSprite* this, int seqnum, int framenum, int sx, int sy, int sw, int sh, ushort* dst, int dx, int dy, int dw, int dh, int dpitch, bool hflip, ushort outcolor)",0x7bd60
0x47b6e0,?DrawAdvObj@CSprite@@QBAXHHHHHPAGHHHHH_N@Z,CSprite_DrawAdvObj,"void (__thiscall ?DrawAdvObj@CSprite@@QBAXHHHHHPAGHHHHH_N@Z)(CSprite* this, int frame, int sx, int sy, int sw, int sh, unsigned int16* dst, int dx, int dy, int dw, int dh, int dpitch, bool hflip)",0x7bdc0
0x47b730,?DrawAdvObjWithFlag@CSprite@@QBAXHHHHHPAGHHHHHG_N@Z,CSprite_DrawAdvObjWithFlag,"void (__thiscall ?DrawAdvObjWithFlag@CSprite@@QBAXHHHHHPAGHHHHHG_N@Z)(CSprite* this, int framenum, int sx, int sy, int sw, int sh, unsigned int16* dst, int dx, int dy, int dw, int dh, int dpitch, ushort flagcolor, bool hflip)",0x7be10
0x47b780,?DrawAdvObjShadow@CSprite@@QBAXHHHHHPAGHHHHH_N@Z,CSprite_DrawAdvObjShadow,"void (__thiscall ?DrawAdvObjShadow@CSprite@@QBAXHHHHHPAGHHHHH_N@Z)(CSprite* this, int framenum, int sx, int sy, int sw, int sh, ushort* dst, int dx, int dy, int dw, int dh, int dpitch, bool hflip)",0x7be60
0x47b7d0,?DrawPointer@CSprite@@QBAXHPAGHHHHH_N@Z,CSprite_DrawPointer,"void (__thiscall ?DrawPointer@CSprite@@QBAXHPAGHHHHH_N@Z)(CSprite* this, int framenum, ushort* dst, int dx, int dy, int dw, int dh, int dpitch, bool hflip)",0x7beb0
0x47b820,?DrawInterface@CSprite@@QBAXHHHHHPAGHHHHH_N@Z,CSprite_DrawInterface,"void (__thiscall ?DrawInterface@CSprite@@QBAXHHHHHPAGHHHHH_N@Z)(CSprite* this, int framenum, int sx, int sy, int sw, int sh, ushort* dst, int dx, int dy, int dw, int dh, int dpitch, bool hflip)",0x7bf00
0x47b870,?DrawTile@CSprite@@QBAXHHHHHPAGHHHHH_N1@Z,CSprite_DrawTile,"void (__thiscall ?DrawTile@CSprite@@QBAXHHHHHPAGHHHHH_N1@Z)(CSprite* this, int framenum, int sx, int sy, int sw, int sh, unsigned int16* dst, int dx, int dy, int dw, int dh, int dpitch, bool hflip, bool vflip)",
0x47b8c0,?DrawTileShadow@CSprite@@QBAXHHHHHPAGHHHHH_N1@Z,CSprite_DrawTileShadow,"void (__thiscall ?DrawTileShadow@CSprite@@QBAXHHHHHPAGHHHHH_N1@Z)(CSprite* this, int framenum, int sx, int sy, int sw, int sh, ushort* dst, int dx, int dy, int dw, int dh, int dpitch, bool hflip, bool vflip)",
0x47b910,?DrawShroudTile@CSprite@@QBAXHHHHHPAGHHHHH_N1@Z,CSprite_DrawShroudTile,"void (__thiscall ?DrawShroudTile@CSprite@@QBAXHHHHHPAGHHHHH_N1@Z)(CSprite* this, int framenum, int sx, int sy, int sw, int sh, ushort* dst, int dx, int dy, int dw, int dh, int dpitch, bool hflip, bool vflip)",0x7bff0
0x47b9a0,?DrawHero@CSprite@@QBAXHHHHHHPAGHHHHH_N@Z,CSprite_DrawHero,"void (__thiscall ?DrawHero@CSprite@@QBAXHHHHHHPAGHHHHH_N@Z)(CSprite* this, int, int, int, int, int, int, unsigned int16*, int dx, int dy, int dw, int dh, int dpitch, bool hflip)",0x7c080
0x47b9f0,?DrawHeroShadow@CSprite@@QBAXHHHHHHPAGHHHHH_N@Z,CSprite_DrawHeroShadow,"void (__thiscall ?DrawHeroShadow@CSprite@@QBAXHHHHHHPAGHHHHH_N@Z)(CSprite* this, int seqnum, int framenum, int sx, int sy, int sw, int sh, ushort* dst, int dx, int dy, int dw, int dh, int dpitch, bool hflip)",0x7c0d0
0x47ba40,?DrawHeroAlpha@CSprite@@QBAXHHHHHHPAGHHHHH_N@Z,CSprite_DrawHeroAlpha,"void (__thiscall ?DrawHeroAlpha@CSprite@@QBAXHHHHHHPAGHHHHH_N@Z)(CSprite* this, int seqnum, int framenum, int sx, int sy, int sw, int sh, ushort* dst, int dx, int dy, int dw, int dh, int dpitch, bool hflip)",0x7c120
0x47ba90,?DrawSpellEffect@CSprite@@QBAXHHHHHHPAGHHHHH_N1@Z,CSprite_DrawSpellEffect,"void (__thiscall ?DrawSpellEffect@CSprite@@QBAXHHHHHHPAGHHHHH_N1@Z)(CSprite* this, int seqnum, int framenum, int sx, int sy, int sw, int sh, ushort* dst, int dx, int dy, int dw, int dh, int dpitch, bool hflip, bool alpha)",0x7c170
0x47baf0,?GetNumSeqs@CSprite@@SAHH@Z,CSprite_GetNumSeqs,int (__fastcall ?GetNumSeqs@CSprite@@SAHH@Z)(EResourceType type),0x7c1d0
0x47bb60,sub_47BB60,,,
0x47bb80,sub_47BB80,,,
0x47bb90,sub_47BB90,,,
0x47bba0,??_GCSpriteFrame@@UAAPAXI@Z,op_GCSpriteFrame,"CSpriteFrame* (__thiscall ??_GCSpriteFrame@@UAAPAXI@Z)(CSpriteFrame* Memory, uint flag)",
0x47bbd0,??0CSpriteFrame@@QAA@PBDHHPAEHW4TEncodingMethod@@@Z,CSpriteFrame_ctor,"CSpriteFrame* (__thiscall ??0CSpriteFrame@@QAA@PBDHHPAEHW4TEncodingMethod@@@Z)(CSpriteFrame* this, int8* name, int w, int h, unsigned int8* data, int csize, TEncodingMethod encoding)",0x7c2b0
0x47bc80,??0CSpriteFrame@@QAA@PBDHHPAEHW4TEncodingMethod@@HHHH@Z,CSpriteFrame_ctor,"CSpriteFrame* (__thiscall ??0CSpriteFrame@@QAA@PBDHHPAEHW4TEncodingMethod@@HHHH@Z)(CSpriteFrame* this, int8* name, int w, int h, uchar* data, int csize, TEncodingMethod encoding, int cw, int ch, int cx, int cy)",0x7c360
0x47bd50,??1CSpriteFrame@@UAA@XZ,CSpriteFrame_dtor,void (__thiscall ??1CSpriteFrame@@UAA@XZ)(CSpriteFrame* this),0x7c430
0x47bd80,?SetPixelFormat@CSpriteFrame@@SAXIII@Z,CSpriteFrame_SetPixelFormat,"void (__fastcall ?SetPixelFormat@CSpriteFrame@@SAXIII@Z)(uint red_mask, uint green_mask, uint blue_mask)",0x7c460
0x47be80,CSpriteFrame::GetSize,,int (__thiscall CSpriteFrame::GetSize)(CSpriteFrame* this),
0x47be90,?Draw@CSpriteFrame@@QBAXHHHHPAGHHHHHAAVTPalette16@@_N2@Z,CSpriteFrame_Draw,"void (__thiscall ?Draw@CSpriteFrame@@QBAXHHHHPAGHHHHHAAVTPalette16@@_N2@Z)(CSpriteFrame* this, int sx, int sy, int sw, int sh, ushort* dst, int dx, int dy, int dw, int dh, int dpitch, TPalette16* pal, bool hFlipped, bool wFlipped)",
0x47c300,?DrawCreature@CSpriteFrame@@QBAXHHHHPAGHHHHHAAVTPalette16@@_NG@Z,CSpriteFrame_DrawCreature,"void (__thiscall ?DrawCreature@CSpriteFrame@@QBAXHHHHPAGHHHHHAAVTPalette16@@_NG@Z)(CSpriteFrame* this, int sx, int sy, int sw, int sh, ushort* dst, int dx, int dy, int dw, int dh, int dpitch, TPalette16* pal, bool hflip, ushort flagcolor)",0x7c9e0
0x47c9c0,?DrawAdvObjImpl@CSpriteFrame@@ABAXHHHHPAGHHHHHAAVTPalette16@@_NG@Z,CSpriteFrame_DrawAdvObjImpl,"int (__thiscall ?DrawAdvObjImpl@CSpriteFrame@@ABAXHHHHPAGHHHHHAAVTPalette16@@_NG@Z)(CSpriteFrame* this, int sx, int sy, int sw, int sh, ushort* dst, int dx, int dy, int dw, int dh, int dpitch, TPalette16* pal, bool hflip, ushort flagcolor)",0x7d0a0
0x47ce10,?DrawHeroAlpha@CSpriteFrame@@QBAXHHHHPAGHHHHHAAVTPalette16@@_N@Z,CSpriteFrame_DrawHeroAlpha,"void (__thiscall ?DrawHeroAlpha@CSpriteFrame@@QBAXHHHHPAGHHHHHAAVTPalette16@@_N@Z)(CSpriteFrame* this, int sx, int sy, int sw, int sh, ushort* dst, int dx, int dy, int dw, int dh, int dpitch, TPalette16* pal, int hflip)",0x7d4f0
0x47d250,?DrawAdvObjShadowImpl@CSpriteFrame@@ABAXHHHHPAGHHHHHAAVTPalette16@@_N@Z,CSpriteFrame_DrawAdvObjShadowImpl,"void (__thiscall ?DrawAdvObjShadowImpl@CSpriteFrame@@ABAXHHHHPAGHHHHHAAVTPalette16@@_N@Z)(CSpriteFrame* this, int sx, int sy, int sw, int sh, unsigned int16* dst, int dx, int dy, int dw, int dh, int dpitch, TPalette16* pal, bool hflip)",0x7d930
0x47d660,?DrawTile@CSpriteFrame@@QBAXHHHHPAGHHHHHAAVTPalette16@@_N2@Z,CSpriteFrame_DrawTile,"void (__thiscall ?DrawTile@CSpriteFrame@@QBAXHHHHPAGHHHHHAAVTPalette16@@_N2@Z)(CSpriteFrame* this, int sx, int sy, int sw, int sh, unsigned int16* dst, int dx, int dy, int dw, int dh, int dpitch, TPalette16* pal, bool hflip, bool vflip)",0x7dd40
0x47e140,?DrawTileShadow@CSpriteFrame@@QBAXHHHHPAGHHHHHAAVTPalette16@@_N2@Z,CSpriteFrame_DrawTileShadow,"void (__thiscall ?DrawTileShadow@CSpriteFrame@@QBAXHHHHPAGHHHHHAAVTPalette16@@_N2@Z)(CSpriteFrame* this, int sx, int sy, int sw, int sh, ushort* dst, int dx, int dy, int dw, int dh, int dpitch, TPalette16* pal, bool hFlipped, bool vFlipped)",0x7e820
0x47e880,?DrawSpellEffect@CSpriteFrame@@QBAXHHHHPAGHHHHHAAVTPalette16@@_N2@Z,CSpriteFrame_DrawSpellEffect,"void (__thiscall ?DrawSpellEffect@CSpriteFrame@@QBAXHHHHPAGHHHHHAAVTPalette16@@_N2@Z)(CSpriteFrame* this, int sx, int sy, int sw, int sh, unsigned int16* dst, int dx, int dy, int dw, int dh, int dpitch, TPalette16* pal, BOOL hflip, bool alpha)",0x7ef60
0x47ed00,init_cursor_cpp_47ED00,,,
0x47ed20,init_cursor_cpp_47ED20,,,
0x47ed80,init_cursor_cpp_47ED80,,,
0x47ede0,init_cursor_cpp_47EDE0,,,
0x47ee50,init_cursor_cpp_47EE50,,,
0x47eeb0,init_cursor_cpp_47EEB0,,,
0x47ef10,init_cursor_cpp_47EF10,,,
0x47ef70,init_cursor_cpp_47EF70,,,
0x47efd0,init_cursor_cpp_47EFD0,,,
0x47f030,init_cursor_cpp_47F030,,,
0x47f090,init_cursor_cpp_47F090,,,
0x47f0f0,?StopCursor@advManager@@QAAX_N@Z,advManager_StopCursor,"void (__thiscall ?StopCursor@advManager@@QAAX_N@Z)(advManager* this, bool standEnd)",
0x47f180,?DrawCursor@advManager@@QAAXHH@Z,advManager_DrawCursor,"void (__thiscall ?DrawCursor@advManager@@QAAXHH@Z)(advManager* this, int CellX, int CellY)",
0x47f460,?DrawCursorShadow@advManager@@QAAXHH@Z,advManager_DrawCursorShadow,"void (__thiscall ?DrawCursorShadow@advManager@@QAAXHH@Z)(advManager* this, int CellX, int CellY)",
0x47f5a0,?DrawCursorAlpha@advManager@@QAAXXZ,advManager_DrawCursorAlpha,void (__thiscall ?DrawCursorAlpha@advManager@@QAAXXZ)(advManager* this),
0x47f900,?TurnTo@advManager@@QAAXH@Z,advManager_TurnTo,"void (__thiscall ?TurnTo@advManager@@QAAXH@Z)(advManager* this, int newDirection)",
0x47f920,?GetMoveShowIt@advManager@@QAAHPAVhero@@H@Z,advManager_GetMoveShowIt,"int (__thiscall ?GetMoveShowIt@advManager@@QAAHPAVhero@@H@Z)(advManager* this, hero* currHero, int direction)",
0x47f9b0,?end_move_hero@advManager@@AAAPAVNewmapCell@@PAVhero@@PAV2@_NJJ2PAH@Z,advManager_end_move_hero,"NewmapCell* (__thiscall ?end_move_hero@advManager@@AAAPAVNewmapCell@@PAVhero@@PAV2@_NJJ2PAH@Z)(advManager* this, hero* curr, NewmapCell* returnCell, bool bIsRemoteMove, int iOrigX, int iOrigY, bool standEnd, int* bFoughtBattle)",
0x47fb60,?handle_stop_on_trigger@advManager@@AAAPAVNewmapCell@@PAVhero@@PAV2@_N2PAHJJ@Z,advManager_handle_stop_on_trigger,"NewmapCell* (__thiscall ?handle_stop_on_trigger@advManager@@AAAPAVNewmapCell@@PAVhero@@PAV2@_N2PAHJJ@Z)(advManager* this, hero* curr, NewmapCell* destCell, bool bIsRemoteMove, bool standEnd, int* bFoughtBattle, int curMoveCost, int nextMoveMinCost)",
0x47fca0,?animate_move@advManager@@QAAXPAVhero@@HHH@Z,advManager_animate_move,"void (__thiscall ?animate_move@advManager@@QAAXPAVhero@@HHH@Z)(advManager* this, hero* curr, int direction, int xInc, int yInc)",
0x47ff00,?MoveHero@advManager@@QAAPAVNewmapCell@@H_NAAUtype_point@@PAH020@Z,advManager_MoveHero,"NewmapCell* (__thiscall ?MoveHero@advManager@@QAAPAVNewmapCell@@H_NAAUtype_point@@PAH020@Z)(advManager* this, int direction, bool standEnd, type_point* trigger_point, int* bNoMove, bool bComputerMove, int* bFoughtBattle, bool bIsRemoteMove)",
0x481220,?CheckAdjacentMon@advManager@@QAAXPAH@Z,advManager_CheckAdjacentMon,"void (__thiscall ?CheckAdjacentMon@advManager@@QAAXPAH@Z)(advManager* this, int* bFoughtBattle)",
0x4813f0,?ValidMoveWithEvent@advManager@@QAAHPAVhero@@H@Z,advManager_ValidMoveWithEvent,"int (__thiscall ?ValidMoveWithEvent@advManager@@QAAHPAVhero@@H@Z)(advManager* this, hero* thisHero, int direction)",
0x481500,?ValidMove@advManager@@QAAHPBVhero@@HH_N@Z,advManager_ValidMove,"int (__thiscall ?ValidMove@advManager@@QAAHPBVhero@@HH_N@Z)(advManager* this, hero* currHero, int direction, int bWithEvent, bool normal_move_only)",
0x4817f0,?OnMoveHero@advManager@@QAAXPAVCMapChange@@@Z,advManager_OnMoveHero,"void (__thiscall ?OnMoveHero@advManager@@QAAXPAVCMapChange@@@Z)(advManager* this, CMCMoveHero* pMapChange)",
0x4818f0,?OnHideHero@advManager@@QAAXPAVCMapChange@@@Z,advManager_OnHideHero,"void (__thiscall ?OnHideHero@advManager@@QAAXPAVCMapChange@@@Z)(advManager* this, CMCHideHero* pMapChange)",
0x481930,?ProcessMapChangeNew@advManager@@QAAXPAVCMapChange@@@Z,advManager_ProcessMapChangeNew,"void (__thiscall ?ProcessMapChangeNew@advManager@@QAAXPAVCMapChange@@@Z)(advManager* this, CMapChange* map_change)",
0x481c60,??9type_point@@QBA_NABU0@@Z,op_9type_point,"BOOL (__thiscall ??9type_point@@QBA_NABU0@@Z)(type_point* this, type_point* other)",
0x481cb0,?SendMapChange@@YAXPAVCMapChange@@@Z,SendMapChange,void (__fastcall ?SendMapChange@@YAXPAVCMapChange@@@Z)(CMapChange* this),
0x481ce0,sub_481CE0,,,
0x481d00,sub_481D00,,,
0x481d60,sub_481D60,,,
0x481dc0,sub_481DC0,,,
0x481e30,sub_481E30,,,
0x481e90,sub_481E90,,,
0x481ef0,sub_481EF0,,,
0x481f50,sub_481F50,,,
0x481fb0,sub_481FB0,,,
0x482010,sub_482010,,,
0x482070,sub_482070,,,
0x4820d0,t_custom_campaign_window::t_custom_campaign_window,,void (__thiscall t_custom_campaign_window::t_custom_campaign_window)(t_custom_campaign_window* this),
0x482800,??_Gt_custom_campaign_window@@UAAPAXI@Z,op_Gt_custom_campaign_window,"t_custom_campaign_window* (__thiscall ??_Gt_custom_campaign_window@@UAAPAXI@Z)(t_custom_campaign_window* this, int8 flag)",
0x482830,??1t_custom_campaign_window@@UAA@XZ,t_custom_campaign_window_dtor,void (__thiscall ??1t_custom_campaign_window@@UAA@XZ)(t_custom_campaign_window* this),
0x4828f0,sub_4828F0,,void (__thiscall sub_4828F0)(t_custom_campaign_window* this),
0x482b60,sub_482B60,,,
0x482c50,sub_482C50,,void (__thiscall sub_482C50)(widget** this),
0x482ee0,sub_482EE0,,"int (__thiscall sub_482EE0)(int this, int, void*)",
0x482f90,sub_482F90,,int8 (__thiscall sub_482F90)(void* this),
0x483060,sub_483060,,"int (__thiscall sub_483060)(int this, int)",
0x4831a0,custom_campaign_begin,,,
0x4831e0,custom_campaign_back,,,
0x483210,custom_campaign_slider_callback,,void (__thiscall custom_campaign_slider_callback)(void* this),
0x483240,sub_483240,,"void* (__thiscall sub_483240)(int this, void*, unsigned int, void*)",
0x483450,sub_483450,,,
0x483470,sub_483470,,,
0x4835d0,sub_4835D0,,,
0x483670,sub_483670,,,
0x4836d0,sub_4836D0,,,
0x483730,sub_483730,,,
0x4837a0,sub_4837A0,,,
0x483800,sub_483800,,,
0x483860,sub_483860,,,
0x4838c0,sub_4838C0,,,
0x483920,sub_483920,,,
0x483980,sub_483980,,,
0x4839e0,sub_4839E0,,,
0x483a40,TStreamBufFile::read,,"int (__thiscall TStreamBufFile::read)(TStreamBufFile* this, void* buf, uint len)",
0x483a60,TStreamBufFile::write,,"int (__thiscall TStreamBufFile::write)(TStreamBufFile* this, int a2, int a3)",
0x483a80,sub_483A80,,int (__thiscall sub_483A80)(hero* this),
0x483ab0,sub_483AB0,,,
0x483b50,sub_483B50,,"void* (__thiscall sub_483B50)(void* Memory, int8)",
0x483b80,sub_483B80,,"int (__thiscall sub_483B80)(void* this, int)",
0x483bc0,sub_483BC0,,,
0x483bd0,sub_483BD0,,"hero* (__thiscall sub_483BD0)(int* this, int)",
0x483c00,sub_483C00,,,
0x483d60,sub_483D60,,"int8* (__thiscall sub_483D60)(void* this, int8* s)",
0x483db0,sub_483DB0,,"int8* (__thiscall sub_483DB0)(void* this, int8* s)",
0x483e00,sub_483E00,,"int8 (__thiscall sub_483E00)(int this, int)",
0x483e40,sub_483E40,,"int8 (__thiscall sub_483E40)(int* this, int)",
0x484020,sub_484020,,"int (__thiscall sub_484020)(void* this, int)",
0x484080,sub_484080,,,
0x484090,sub_484090,,int (__thiscall sub_484090)(void* this),
0x4840a0,sub_4840A0,,"int8* (__thiscall sub_4840A0)(void* this, int8* s)",
0x484120,sub_484120,,"int (__thiscall sub_484120)(void* this, int)",
0x484150,sub_484150,,int8* (__thiscall sub_484150)(void* this),
0x484170,t_start_building_bonus::get_frame,,"int (__thiscall t_start_building_bonus::get_frame)(t_start_building_bonus* this, int player)",
0x4842c0,xor_eax_eax_function,,int (__thiscall xor_eax_eax_function)(CHeroWindowEx* this),
0x4842d0,sub_4842D0,,"int8* (__thiscall sub_4842D0)(int* this, int8* s)",
0x484310,t_start_building_bonus::from_town,,"void (__thiscall t_start_building_bonus::from_town)(t_start_building_bonus* this, TTownType town_type)",
0x484340,sub_484340,,,
0x484350,?GetAbortPopupMsg@CNetMsgHandler@@UAAPAVCNetMsg@@XZ,CNetMsgHandler_GetAbortPopupMsg,CNetMsg* (__thiscall ?GetAbortPopupMsg@CNetMsgHandler@@UAAPAVCNetMsg@@XZ)(CNetMsgHandler* this),
0x484360,sub_484360,,"int8* (__thiscall sub_484360)(void* this, int8* s)",
0x4843a0,sub_4843A0,,"int8 (__thiscall sub_4843A0)(int this, int)",
0x4843e0,sub_4843E0,,"int (__thiscall sub_4843E0)(void* this, int)",
0x484420,sub_484420,,,
0x484430,sub_484430,,int (__thiscall sub_484430)(int8* this),
0x484450,sub_484450,,"int (__thiscall sub_484450)(int8* this, int)",
0x4846d0,sub_4846D0,,"hero* (__thiscall sub_4846D0)(int* this, int)",
0x484730,sub_484730,,"int (__thiscall sub_484730)(void* this, int)",
0x484770,sub_484770,,,
0x484780,sub_484780,,int (__thiscall sub_484780)(void* this),
0x484790,sub_484790,,"int8* (__thiscall sub_484790)(void* this, int8* s)",
0x4847e0,sub_4847E0,,"hero* (__thiscall sub_4847E0)(int* this, int)",
0x484830,sub_484830,,"int (__thiscall sub_484830)(void* this, int)",
0x484890,sub_484890,,,
0x4848a0,sub_4848A0,,int (__thiscall sub_4848A0)(void* this),
0x4848c0,sub_4848C0,,"int8* (__thiscall sub_4848C0)(void* this, int8* s)",
0x484950,sub_484950,,"playerData* (__thiscall sub_484950)(void* this, int)",
0x484a30,sub_484A30,,"int (__thiscall sub_484A30)(void* this, int)",
0x484a70,sub_484A70,,,
0x484a80,sub_484A80,,"void* (__thiscall sub_484A80)(void* Memory, int8)",
0x484ab0,sub_484AB0,,"int (__thiscall sub_484AB0)(void* this, void*, int)",
0x484b30,sub_484B30,,"int8 (__thiscall sub_484B30)(void* this, int, int)",
0x484bc0,sub_484BC0,,,
0x484bd0,sub_484BD0,,void (__thiscall sub_484BD0)(void* this),
0x484c60,sub_484C60,,"void* (__thiscall sub_484C60)(void* Memory, int8)",
0x484c90,sub_484C90,,int (__thiscall sub_484C90)(void* this),
0x484cb0,sub_484CB0,,"int (__thiscall sub_484CB0)(void* this, int)",
0x484cc0,sub_484CC0,,,
0x484e70,sub_484E70,,void (__thiscall sub_484E70)(void* this),
0x484e80,sub_484E80,,"void* (__thiscall sub_484E80)(void* Memory, int8)",
0x484eb0,sub_484EB0,,"void* (__thiscall sub_484EB0)(void* this, int)",
0x484ef0,sub_484EF0,,"int (__thiscall sub_484EF0)(void* this, int)",
0x484f40,sub_484F40,,"int (__thiscall sub_484F40)(void* this, int)",
0x484f60,sub_484F60,,"int (__thiscall sub_484F60)(void* this, int)",
0x484f80,sub_484F80,,"int (__thiscall sub_484F80)(void* this, int, int)",
0x484fa0,sub_484FA0,,"int (__thiscall sub_484FA0)(void* this, int, int, int)",
0x484fd0,sub_484FD0,,int (__thiscall sub_484FD0)(void* this),
0x484ff0,sub_484FF0,,"int8* (__thiscall sub_484FF0)(void* this, int, int)",
0x485060,sub_485060,,"int8* (__thiscall sub_485060)(void* this, int8* s, TCampaignBrief::CampaignHeaderStruct* campaign, int a4)",
0x4852c0,sub_4852C0,,"int (__thiscall sub_4852C0)(void* this, int)",
0x4852e0,sub_4852E0,,"int (__thiscall sub_4852E0)(int* this, int*)",
0x4854e0,sub_4854E0,,"int (__thiscall sub_4854E0)(void* this, int, int)",
0x485510,sub_485510,,"int8 (__thiscall sub_485510)(void* this, int, int)",
0x485560,sub_485560,,,
0x485570,sub_485570,,int (__thiscall sub_485570)(void* this),
0x485590,sub_485590,,"int8* (__thiscall sub_485590)(void* this, int, int)",
0x4855c0,StartWithHeroStr,,"int8* (__thiscall StartWithHeroStr)(void* this, int8* s, int, int)",
0x485680,sub_485680,,"int (__thiscall sub_485680)(void* this, int)",
0x485690,sub_485690,,"int (__thiscall sub_485690)(int8* this, TAbstractFile* a2)",
0x485890,sub_485890,,"int (__thiscall sub_485890)(void* this, int)",
0x4858b0,read_string,,"std::string* (__fastcall read_string)(std::string* str, TAbstractFile* infile)",
0x485a70,sub_485A70,,void* (__thiscall sub_485A70)(void* this),
0x485b00,TCampaignBrief::ScenarioStruct::destructor,,void (__thiscall TCampaignBrief::ScenarioStruct::destructor)(TCampaignBrief::ScenarioStruct* this),
0x485c30,game::SoD_SetRandomHero,,"void (__thiscall game::SoD_SetRandomHero)(game* this, THeroID hero_id)",
0x485f60,SCampaign::SoD_ProcessHeroes,,void (__thiscall SCampaign::SoD_ProcessHeroes)(SCampaign* this),
0x4860b0,sub_4860B0,,"int (__thiscall sub_4860B0)(void* this, TArtifactSlot slot, int p_last)",
0x486b40,sub_486B40,,,
0x486db0,TCampaignBrief::ScenarioStruct::randomHero,,void (__thiscall TCampaignBrief::ScenarioStruct::randomHero)(TCampaignBrief::ScenarioStruct* this),
0x487420,sub_487420,,int (__thiscall sub_487420)(void* this),
0x4876f0,sub_4876F0,,"std::exception* (__thiscall sub_4876F0)(std::exception* this, int8*)",
0x487850,sub_487850,,"void (__thiscall sub_487850)(TCampaignBrief::ScenarioStruct* this, std::streambuf* src, NewSMapHeader* mapHeader, void* a4)",
0x4878f0,sub_4878F0,,"void* (__thiscall sub_4878F0)(void* Memory, int8)",
0x487920,TAbstractFile::scalar_deleting_destructor,,"void* (__thiscall TAbstractFile::scalar_deleting_destructor)(void* Memory, int8)",
0x487950,sub_487950,,"unsigned int (__thiscall sub_487950)(void* this, int)",
0x487980,sub_487980,,"void* (__thiscall sub_487980)(void* this, TGzFile*, void* Memory, int ptr)",
0x487f10,sub_487F10,,,
0x487f40,sub_487F40,,"void** (__thiscall sub_487F40)(void** Memory, int8)",
0x487f70,sub_487F70,,"void** (__thiscall sub_487F70)(void** Memory, int8)",
0x487fa0,sub_487FA0,,int (__thiscall sub_487FA0)(void** this),
0x487fd0,sub_487FD0,,int (__thiscall sub_487FD0)(void** this),
0x488000,sub_488000,,"void (__thiscall sub_488000)(TCampaignBrief::ScenarioStruct* this, std::streambuf* stream, int)",
0x488110,TCampaignBrief::CampaignHeaderStruct::CampaignHeaderStruct,,"TCampaignBrief::CampaignHeaderStruct* (__thiscall TCampaignBrief::CampaignHeaderStruct::CampaignHeaderStruct)(TCampaignBrief::CampaignHeaderStruct* this, int8* filename)",
0x4881e0,??1CampaignHeaderStruct@TCampaignBrief@@QAA@XZ,TCampaignBrief_CampaignHeaderStruct_dtor,void (__thiscall ??1CampaignHeaderStruct@TCampaignBrief@@QAA@XZ)(TCampaignBrief::CampaignHeaderStruct* this),0x886a0
0x488320,TCampaignBrief::CampaignHeaderStruct::_CampaignHeaderStruct,,void (__thiscall TCampaignBrief::CampaignHeaderStruct::_CampaignHeaderStruct)(TCampaignBrief::CampaignHeaderStruct* this),
0x488350,sub_488350,,"int8 (__thiscall sub_488350)(TCampaignBrief::CampaignHeaderStruct* this, void* a2, NewSMapHeader* a3)",
0x488390,sub_488390,,int (__thiscall sub_488390)(void* this),
0x4883c0,??0CampaignHeaderStruct@TCampaignBrief@@QAA@XZ,TCampaignBrief_CampaignHeaderStruct_ctor,void (__thiscall ??0CampaignHeaderStruct@TCampaignBrief@@QAA@XZ)(TCampaignBrief::CampaignHeaderStruct* this),0x88880
0x4889a0,std::locale::locale,,std::locale::facet** (__thiscall std::locale::locale)(std::locale::facet** this),
0x4889f0,sub_4889F0,,"TCampaignBrief::ScenarioStruct* (__thiscall sub_4889F0)(TCampaignBrief::ScenarioStruct* Memory, int8)",
0x488a20,StartCampaignMP3,,void (__thiscall StartCampaignMP3)(void* this),
0x488a40,sub_488A40,,"int (__thiscall sub_488A40)(void* this, int)",
0x488af0,PlayCampaignVideo,,,
0x489020,sub_489020,,"void (__thiscall sub_489020)(TCampaignBrief::CampaignHeaderStruct* this, int a2, int a3)",
0x489040,??0SCampaign@@QAA@XZ,SCampaign_ctor,SCampaign* (__fastcall ??0SCampaign@@QAA@XZ)(SCampaign* this),0x89500
0x4890d0,sub_4890D0,,"void (__thiscall sub_4890D0)(SCampaign* this, ECampaignType a2, int8* a3)",
0x489310,?CampaignComplete@SCampaign@@QAA_NXZ,SCampaign_CampaignComplete,bool (__thiscall ?CampaignComplete@SCampaign@@QAA_NXZ)(SCampaign* this),0x897d0
0x489360,sub_489360,,"int (__thiscall sub_489360)(SCampaign* this, int a2)",
0x489960,sub_489960,,"int (__thiscall sub_489960)(void* this, int)",
0x489db0,PlayCampaignMapIntro,,"void (__thiscall PlayCampaignMapIntro)(SCampaign* a1, int a2)",
0x489de0,sub_489DE0,,"void (__thiscall sub_489DE0)(int this, int)",
0x489e50,readCampaignInfo,,"int (__thiscall readCampaignInfo)(SCampaign* this, TGzFile* outfile, int version)",
0x48a970,sub_48A970,,int (__thiscall sub_48A970)(int this),
0x48a9d0,sub_48A9D0,,"unknown* (__thiscall sub_48A9D0)(int8* this, unsigned int j)",
0x48ad40,?get_score@SCampaign@@QBAHXZ,SCampaign_get_score,int (__thiscall ?get_score@SCampaign@@QBAHXZ)(SCampaign* this),
0x48adc0,?get_total_time@SCampaign@@QBAHXZ,SCampaign_get_total_time,int (__thiscall ?get_total_time@SCampaign@@QBAHXZ)(SCampaign* this),
0x48ae20,sub_48AE20,,"int8 (__thiscall sub_48AE20)(int this, int)",
0x48aeb0,sub_48AEB0,,"std::string* (__thiscall sub_48AEB0)(std::string* this, int8*, void*)",
0x48af80,vector_size16_48AF80,,int (__thiscall vector_size16_48AF80)(void* this),
0x48afa0,?size@?$vector@Vhero@@V?$allocator@Vhero@@@std@@@std@@QBAIXZ,Vhero_vector_size,uint (__thiscall ?size@?$vector@Vhero@@V?$allocator@Vhero@@@std@@@std@@QBAIXZ)(std::vector_hero_* this),
0x48afd0,?overflow@?$basic_filebuf@DU?$char_traits@D@std@@@std@@MAEHH@Z,std_D_DU_char_traits_basic_filebuf_overflow,"int (__thiscall ?overflow@?$basic_filebuf@DU?$char_traits@D@std@@@std@@MAEHH@Z)(std::filebuf* this, int a2)",
0x48b1c0,?pbackfail@?$basic_filebuf@DU?$char_traits@D@std@@@std@@MAEHH@Z,std_D_DU_char_traits_basic_filebuf_pbackfail,"int (__thiscall ?pbackfail@?$basic_filebuf@DU?$char_traits@D@std@@@std@@MAEHH@Z)(std::filebuf* this, int a2)",
0x48b370,?underflow@?$basic_filebuf@DU?$char_traits@D@std@@@std@@MAEHXZ,std_D_DU_char_traits_basic_filebuf_underflow,int (__thiscall ?underflow@?$basic_filebuf@DU?$char_traits@D@std@@@std@@MAEHXZ)(std::filebuf* this),
0x48b3a0,?uflow@?$basic_filebuf@DU?$char_traits@D@std@@@std@@MAEHXZ,std_D_DU_char_traits_basic_filebuf_uflow,int (__thiscall ?uflow@?$basic_filebuf@DU?$char_traits@D@std@@@std@@MAEHXZ)(std::filebuf* this),
0x48b590,?seekoff@?$basic_filebuf@DU?$char_traits@D@std@@@std@@MAE?AV?$fpos@H@2@JHH@Z,std_D_DU_char_traits_basic_filebuf_seekoff,,
0x48b620,?seekpos@?$basic_filebuf@DU?$char_traits@D@std@@@std@@MAE?AV?$fpos@H@2@V32@H@Z,std_D_DU_char_traits_basic_filebuf_seekpos,"fpos_int_* (__thiscall ?seekpos@?$basic_filebuf@DU?$char_traits@D@std@@@std@@MAE?AV?$fpos@H@2@V32@H@Z)(std::filebuf* this, fpos_int_* Result, fpos_int_ Pos, int Openmode)",
0x48b7b0,?setbuf@?$basic_filebuf@DU?$char_traits@D@std@@@std@@MAEPAV?$basic_streambuf@DU?$char_traits@D@std@@@2@PADH@Z,std_D_DU_char_traits_basic_filebuf_setbuf,"std::streambuf* (__thiscall ?setbuf@?$basic_filebuf@DU?$char_traits@D@std@@@std@@MAEPAV?$basic_streambuf@DU?$char_traits@D@std@@@2@PADH@Z)(std::filebuf* this, int8* Buf, size_t Size)",
0x48b7f0,?sync@?$basic_filebuf@DU?$char_traits@D@std@@@std@@MAEHXZ,std_D_DU_char_traits_basic_filebuf_sync,int (__thiscall ?sync@?$basic_filebuf@DU?$char_traits@D@std@@@std@@MAEHXZ)(std::filebuf* this),
0x48b810,??_G?$basic_filebuf@DU?$char_traits@D@std@@@std@@UAEPAXI@Z,std_D_DU_char_traits_op_G_basic_filebuf,"std::filebuf* (__thiscall ??_G?$basic_filebuf@DU?$char_traits@D@std@@@std@@UAEPAXI@Z)(std::filebuf* this, int8 a2)",
0x48b840,??1?$basic_filebuf@DU?$char_traits@D@std@@@std@@UAE@XZ,std_D_DU_char_traits_basic_filebuf_dtor,void (__thiscall ??1?$basic_filebuf@DU?$char_traits@D@std@@@std@@UAE@XZ)(std::filebuf* this),
0x48b990,?_Init@?$basic_streambuf@DU?$char_traits@D@std@@@std@@IAEXXZ,std_D_DU_char_traits_basic_streambuf_Init,void (__thiscall ?_Init@?$basic_streambuf@DU?$char_traits@D@std@@@std@@IAEXXZ)(std::streambuf* this),
0x48b9f0,sub_48B9F0,,"int8* (__thiscall sub_48B9F0)(int8** this, int8*, int8*)",
0x48bba0,sub_48BBA0,,"void* (__thiscall sub_48BBA0)(void* this, int)",
0x48bbd0,sub_48BBD0,,"int8* (__thiscall sub_48BBD0)(void* this, int, int)",
0x48bd60,sub_48BD60,,"unsigned int (__thiscall sub_48BD60)(void* this, int8*, unsigned int, void*)",
0x48bff0,vector_48BFF0,,"hero** (__thiscall vector_48BFF0)(void* this, hero**, void*)",
0x48c0a0,sub_48C0A0,,,
0x48c100,sub_48C100,,"int8* (__thiscall sub_48C100)(void* this, int, int)",
0x48c290,sub_48C290,,"unsigned int (__thiscall sub_48C290)(void* this, int*, unsigned int, int*)",
0x48c520,sub_48C520,,"int* (__thiscall sub_48C520)(void* this, int*, int*)",
0x48c590,sub_48C590,,,
0x48c5d0,sub_48C5D0,,,
0x48c8c0,vector_48C8C0,,"int8* (__thiscall vector_48C8C0)(void* this, int8*, int8*)",
0x48c910,sub_48C910,,int (__thiscall sub_48C910)(void* this),
0x48c940,sub_48C940,,"int (__thiscall sub_48C940)(int this, hero*, hero*)",
0x48cb50,sub_48CB50,,"int (__thiscall sub_48CB50)(void* this, hero*, unsigned int, hero* other)",
0x48ce90,sub_48CE90,,"hero* (__thiscall sub_48CE90)(void* this, hero*, hero* other)",
0x48cf00,sub_48CF00,,,
0x48cf30,sub_48CF30,,,
0x48cf70,sub_48CF70,,"void* (__thiscall sub_48CF70)(void* this, int)",
0x48cfa0,sub_48CFA0,,"int8* (__thiscall sub_48CFA0)(std::vector* this, void*, void*)",
0x48d170,std::filebuf::_Init,,"void (__thiscall std::filebuf::_Init)(std::filebuf* this, FILE*, int)",0x8d4b0
0x48d260,std::filebuf::_Initcvt,,void (__thiscall std::filebuf::_Initcvt)(std::filebuf* this),0x8d5a0
0x48d490,sub_48D490,,void (__thiscall sub_48D490)(std::locale::facet* this),
0x48d4c0,sub_48D4C0,,"std::locale::facet** (__thiscall sub_48D4C0)(std::locale::facet** this, std::locale::facet**)",
0x48d4e0,sub_48D4E0,,"void* (__thiscall sub_48D4E0)(void* this, void*)",
0x48d520,sub_48D520,,,
0x48d560,sub_48D560,,,
0x48d590,sub_48D590,,,
0x48d5d0,sub_48D5D0,,,
0x48d600,sub_48D600,,,
0x48d630,sub_48D630,,,
0x48d700,sub_48D700,,,
0x48d7d0,sub_48D7D0,,,
0x48d800,sub_48D800,,,
0x48d830,sub_48D830,,"hero* (__fastcall sub_48D830)(hero* other, hero*, hero*)",
0x48d870,sub_48D870,,,
0x48db00,sub_48DB00,,,
0x48ddd0,sub_48DDD0,,"hero* (__fastcall sub_48DDD0)(int, int, hero* other)",
0x48e0a0,sub_48E0A0,,,
0x48e240,sub_48E240,,,
0x48e400,sub_48E400,,"void (__fastcall sub_48E400)(hero* this, hero*, hero* other)",
0x48e430,sub_48E430,,,
0x48e470,sub_48E470,,,
0x48e580,sub_48E580,,,
0x48e590,sub_48E590,,,
0x48e5a0,sub_48E5A0,,"int* (__thiscall sub_48E5A0)(int* this, int8)",
0x48e610,sub_48E610,,"int* (__thiscall sub_48E610)(int* this, int8)",
0x48e680,sub_48E680,,"int* (__thiscall sub_48E680)(int* this, int8)",
0x48e6f0,sub_48E6F0,,"void* (__thiscall sub_48E6F0)(int* this, void*)",
0x48e710,sub_48E710,,"void* (__thiscall sub_48E710)(void* this, int)",
0x48e780,sub_48E780,,int8 (__thiscall sub_48E780)(std::codecvt_base* this),
0x48e790,sub_48E790,,,
0x48e7a0,sub_48E7A0,,,
0x48e7c0,sub_48E7C0,,,
0x48e7e0,sub_48E7E0,,,
0x48e860,sub_48E860,,"BOOL (__thiscall sub_48E860)(void* this, unsigned int)",
0x48e8a0,sub_48E8A0,,"void* (__thiscall sub_48E8A0)(void* this, int)",
0x48e8d0,sub_48E8D0,,,
0x48e970,sub_48E970,,,
0x48ea40,sub_48EA40,,,
0x48ee30,sub_48EE30,,"void (__fastcall sub_48EE30)(hero* this, hero*, hero*, int)",
0x48f170,sub_48F170,,,
0x48f1b0,sub_48F1B0,,,
0x48f360,sub_48F360,,,
0x48f4c0,sub_48F4C0,,"void (__thiscall sub_48F4C0)(hero* this, hero other, int)",
0x48f5c0,sub_48F5C0,,,
0x48f7a0,sub_48F7A0,,,
0x48f940,??0TDialogBox@@QAA@HHHHI@Z,TDialogBox_ctor,"void (__thiscall ??0TDialogBox@@QAA@HHHHI@Z)(TDialogBox* this, int winX, int winY, int winWidth, int winHeight, heroWindow::TAttribute winType)",0x8fdc0
0x48f9b0,??_GTDialogBox@@UAAPAXI@Z,op_GTDialogBox,"TDialogBox* (__thiscall ??_GTDialogBox@@UAAPAXI@Z)(TDialogBox* this, int8 a2)",
0x48f9e0,??0TDialogBox@@QAA@I@Z,TDialogBox_ctor,"heroWindow* (__thiscall ??0TDialogBox@@QAA@I@Z)(heroWindow* this, heroWindow::TAttribute winType)",0x8fe60
0x48fa10,??1TDialogBox@@UAA@XZ,TDialogBox_dtor,void (__thiscall ??1TDialogBox@@UAA@XZ)(TDialogBox* this),
0x48fa80,?Setup@TDialogBox@@UAA_NHHHH@Z,TDialogBox_Setup,"bool (__thiscall ?Setup@TDialogBox@@UAA_NHHHH@Z)(TDialogBox* this, int winX, int winY, int winWidth, int winHeight)",
0x4902c0,??_GCTextDialog@@UAAPAXI@Z,op_GCTextDialog,"CTextDialog* (__thiscall ??_GCTextDialog@@UAAPAXI@Z)(CTextDialog* this, bool flag)",
0x4902f0,??1CTextDialog@@UAA@XZ,CTextDialog_dtor,void (__thiscall ??1CTextDialog@@UAA@XZ)(CTextDialog* this),
0x490360,??0CTextDialog@@QAA@I@Z,CTextDialog_ctor,"void (__thiscall ??0CTextDialog@@QAA@I@Z)(CTextDialog* this, heroWindow::TAttribute winType)",0x907e0
0x4903a0,?Setup@CTextDialog@@UAA_NPBDPAVfont@@@Z,CTextDialog_Setup,"bool (__thiscall ?Setup@CTextDialog@@UAA_NPBDPAVfont@@@Z)(TDialogBox* this, int8* cText, font* pFont)",
0x490610,?CalcDimensions@CTextDialog@@MAAXPBDPAVfont@@AAH222@Z,CTextDialog_CalcDimensions,"void (__thiscall ?CalcDimensions@CTextDialog@@MAAXPBDPAVfont@@AAH222@Z)(CTextDialog* this, int8* cText, font* pFont, int* winX, int* winY, int* winWidth, int* winHeight)",
0x4906a0,?ExitDialog@CTextDialog@@QAAHAAUmessage@@@Z,CTextDialog_ExitDialog,"int (__thiscall ?ExitDialog@CTextDialog@@QAAHAAUmessage@@@Z)(CTextDialog* this, message* msg)",0x90b20
0x4906d0,?UpdateText@CTextDialog@@UAAXPBD@Z,CTextDialog_UpdateText,"void (__thiscall ?UpdateText@CTextDialog@@UAAXPBD@Z)(CTextDialog* this, int8* cNewText)",
0x4906f0,sub_4906F0,,,
0x490710,sub_490710,,,
0x490770,sub_490770,,,
0x4907d0,sub_4907D0,,,
0x490840,sub_490840,,,
0x4908a0,sub_4908A0,,,
0x490900,sub_490900,,,
0x490960,sub_490960,,,
0x4909c0,sub_4909C0,,,
0x490a20,sub_490A20,,,
0x490a80,sub_490A80,,,
0x490ae0,?Apply@CDiffFile@@QAAPAXPAEH@Z,CDiffFile_Apply,"void* (__thiscall ?Apply@CDiffFile@@QAAPAXPAEH@Z)(CDiffFile* this, BYTE* oldSaveGame, int oldSaveGameSize)",
0x490bb0,??0CDiffMaker@@QAA@PAEH0H@Z,CDiffMaker_ctor,"void (__thiscall ??0CDiffMaker@@QAA@PAEH0H@Z)(CDiffMaker* this, uchar* oldData, int oldSize, uchar* newData, int newSize)",
0x490bd0,?FindNextSame@CDiffMaker@@IAA_NHHAAH0@Z,CDiffMaker_FindNextSame,"bool (__thiscall ?FindNextSame@CDiffMaker@@IAA_NHHAAH0@Z)(CDiffMaker* this, int oldOffset, int newOffset, int* oldCount, int* newCount)",
0x490cc0,?MakeDiff@CDiffMaker@@QAAPAVCDiffFile@@AAK@Z,CDiffMaker_MakeDiff,"CDiffFile* (__thiscall ?MakeDiff@CDiffMaker@@QAAPAVCDiffFile@@AAK@Z)(CDiffMaker* this, DWORD* diffSize)",
0x490e80,sub_490E80,,,
0x490ea0,sub_490EA0,,,
0x490f00,sub_490F00,,,
0x490f60,sub_490F60,,,
0x490fd0,sub_490FD0,,,
0x491030,sub_491030,,,
0x491090,sub_491090,,,
0x4910f0,sub_4910F0,,,
0x491150,sub_491150,,,
0x4911b0,sub_4911B0,,,
0x491210,sub_491210,,,
0x491270,??0TDimensionDoorWindow@@QAA@XZ,TDimensionDoorWindow_ctor,TDimensionDoorWindow* (__thiscall ??0TDimensionDoorWindow@@QAA@XZ)(TDimensionDoorWindow* this),
0x4913e0,sub_4913E0,,"CAdvPopup* (__thiscall sub_4913E0)(CAdvPopup* Memory, int8)",
0x491410,??1TDimensionDoorWindow@@QAA@XZ,TDimensionDoorWindow_dtor,void (__thiscall ??1TDimensionDoorWindow@@QAA@XZ)(CAdvPopup* this),
0x491480,?WindowHandler@TDimensionDoorWindow@@UAAHAAUmessage@@@Z,TDimensionDoorWindow_WindowHandler,"int (__thiscall ?WindowHandler@TDimensionDoorWindow@@UAAHAAUmessage@@@Z)(CAdvPopup* this, message* msg)",
0x491640,sub_491640,,,
0x491670,??0TSkuttleBoatWindow@@QAA@XZ,TSkuttleBoatWindow_ctor,TSkuttleBoatWindow* (__thiscall ??0TSkuttleBoatWindow@@QAA@XZ)(TSkuttleBoatWindow* this),
0x4917e0,??_GTSkuttleBoatWindow@@UAAPAXI@Z,op_GTSkuttleBoatWindow,"CAdvPopup* (__thiscall ??_GTSkuttleBoatWindow@@UAAPAXI@Z)(CAdvPopup* Memory, int8)",
0x491810,??1TSkuttleBoatWindow@@UAA@XZ,TSkuttleBoatWindow_dtor,void (__thiscall ??1TSkuttleBoatWindow@@UAA@XZ)(CAdvPopup* this),
0x491880,?WindowHandler@TSkuttleBoatWindow@@UAAHAAUmessage@@@Z,TSkuttleBoatWindow_WindowHandler,"int (__thiscall ?WindowHandler@TSkuttleBoatWindow@@UAAHAAUmessage@@@Z)(CAdvPopup* this, message* msg)",
0x491a30,?ExitDialog@TSkuttleBoatWindow@@UAAHAAUmessage@@@Z,TSkuttleBoatWindow_ExitDialog,,
0x491a60,sub_491A60,,,
0x491a80,sub_491A80,,,
0x491aa0,sub_491AA0,,,
0x491b00,sub_491B00,,,
0x491b60,sub_491B60,,,
0x491bd0,sub_491BD0,,,
0x491c30,sub_491C30,,,
0x491c90,sub_491C90,,,
0x491cf0,sub_491CF0,,,
0x491d50,sub_491D50,,,
0x491db0,sub_491DB0,,,
0x491e10,sub_491E10,,,
0x491e70,sub_491E70,,"int8 (__thiscall sub_491E70)(int this, int8* Dest, army*)",
0x4923c0,?CombatMessage@combatManager@@QAAXH@Z,combatManager_CombatMessage,"void (__thiscall ?CombatMessage@combatManager@@QAAXH@Z)(combatManager* this, int command)",
0x492f50,get_estimated_damage,,"std::string* (__fastcall get_estimated_damage)(std::string* result, army* currArmy, army* target, bool ranged, int distance)",
0x4931d0,format_rounded,,"std::string* (__fastcall format_rounded)(std::string* result, int amount, int high)",
0x493290,?ResetLimitCreature@combatManager@@QAAXXZ,combatManager_ResetLimitCreature,int (__thiscall ?ResetLimitCreature@combatManager@@QAAXXZ)(combatManager* this),0x93710
0x493300,?UpdateCombatArea@combatManager@@QAAXXZ,combatManager_UpdateCombatArea,void (__thiscall ?UpdateCombatArea@combatManager@@QAAXXZ)(combatManager* this),0x93780
0x493350,?SetupGridForArmy@combatManager@@QAAXPBVarmy@@@Z,combatManager_SetupGridForArmy,"void (__thiscall ?SetupGridForArmy@combatManager@@QAAXPBVarmy@@@Z)(combatManager* this, army* thisArmy)",
0x4934b0,?UpdateGrid@combatManager@@QAAHHH@Z,combatManager_UpdateGrid,"int (__thiscall ?UpdateGrid@combatManager@@QAAHHH@Z)(combatManager* this, bool32 bPostGridIsClean, bool32 bSetupGrid)",0x93930
0x493870,?DrawBackground@combatManager@@QAAXXZ,combatManager_DrawBackground,void (__thiscall ?DrawBackground@combatManager@@QAAXXZ)(combatManager* this),
0x493a20,?UpdateMouseGrid@combatManager@@QAAXHAAV?$vector@JV?$allocator@J@std@@@std@@@Z,combatManager_UpdateMouseGrid,"void (__thiscall ?UpdateMouseGrid@combatManager@@QAAXHAAV?$vector@JV?$allocator@J@std@@@std@@@Z)(combatManager* this, int iNewMouseGridIndex, std::vector_int_* hexes, bool unused)",
0x493ef0,sub_493EF0,,,
0x493f10,?UpdateMouseGrid@combatManager@@QAAXHH@Z,combatManager_UpdateMouseGrid,"void (__thiscall ?UpdateMouseGrid@combatManager@@QAAXHH@Z)(combatManager* this, int iNewMouseGridIndex, int bAllowDuringAction)",0x94390
0x493fc0,?DrawFrame@combatManager@@QAAX_N00H00@Z,combatManager_DrawFrame,"void (__thiscall ?DrawFrame@combatManager@@QAAX_N00H00@Z)(combatManager* this, bool32 update, bool32 bLimitCreatureEffect, bool32 bLimitDraw, int iDelay, bool32 bRefreshBackground, bool32 bDoDelayTil)",0x94440
0x4947a0,?DrawWallAt@combatManager@@QAAXHH@Z,combatManager_DrawWallAt,"void (__thiscall ?DrawWallAt@combatManager@@QAAXHH@Z)(combatManager* this, int hex_index, int d_x)",
0x494ac0,?DrawOccupant@combatManager@@QAAXHHH@Z,combatManager_DrawOccupant,"void (__thiscall ?DrawOccupant@combatManager@@QAAXHHH@Z)(combatManager* this, int index, int iDrawPriority, int bNumBoxOnly)",
0x494c10,?DrawArcher@combatManager@@QAAHPBVCSprite@@HHHHPAUSLimitData@@_N@Z,combatManager_DrawArcher,"int (__thiscall ?DrawArcher@combatManager@@QAAHPBVCSprite@@HHHHPAUSLimitData@@_N@Z)(combatManager* this, CSprite* sprite, int sequence, int frame, int x, int y, SLimitData* pLimitData, bool isFlipped, bool bUnknown)",
0x494d30,?DrawCreature@combatManager@@QAAHPBVCSprite@@HHHHPAUSLimitData@@H_NH@Z,combatManager_DrawCreature,"int (__thiscall ?DrawCreature@combatManager@@QAAHPBVCSprite@@HHHHPAUSLimitData@@H_NH@Z)(combatManager* this, CSprite* sprite, int sequence, int frame, int x, int y, SLimitData* pLimitData, int id, bool isFlipped, int iColor)",
0x494e30,?DrawCombatHero@combatManager@@QAAHPBVCSprite@@HHHHPAUSLimitData@@_N@Z,combatManager_DrawCombatHero,"int (__thiscall ?DrawCombatHero@combatManager@@QAAHPBVCSprite@@HHHHPAUSLimitData@@_N@Z)(combatManager* this, CSprite* sprite, int sequence, int frame, int x, int y, SLimitData* pLimitData, bool isFlipped)",
0x494f30,?DrawSpellEffect@combatManager@@QAAHPBVCSprite@@HHH_N1@Z,combatManager_DrawSpellEffect,"int (__thiscall ?DrawSpellEffect@combatManager@@QAAHPBVCSprite@@HHH_N1@Z)(combatManager* this, CSprite* sprite, int frame, int x, int y, bool isFlipped, bool is_flipped)",
0x495080,?DrawSpriteObject@combatManager@@QAAHPBVCSprite@@HHH_N@Z,combatManager_DrawSpriteObject,"int (__thiscall ?DrawSpriteObject@combatManager@@QAAHPBVCSprite@@HHH_N@Z)(combatManager* this, CSprite* sprite, int frame, int x, int y, bool isFlipped)",
0x4951d0,?DrawCreatureAndHeroSubwindows@combatManager@@QAAHXZ,combatManager_DrawCreatureAndHeroSubwindows,int (__thiscall ?DrawCreatureAndHeroSubwindows@combatManager@@QAAHXZ)(combatManager* this),
0x4952b0,?DrawObstacle@combatManager@@QAAHABVhexcell@@@Z,combatManager_DrawObstacle,"int (__thiscall ?DrawObstacle@combatManager@@QAAHABVhexcell@@@Z)(combatManager* this, hexcell* cell)",
0x495330,?DrawWall@combatManager@@QAAHPBVBitmap816@@HHHHHH@Z,combatManager_DrawWall,"int (__thiscall ?DrawWall@combatManager@@QAAHPBVBitmap816@@HHHHHH@Z)(combatManager* this, Bitmap816* image, int x, int y, int w, int h, int dx, int dy)",
0x495460,?DrawObject@combatManager@@QAAHPBVBitmap816@@HH@Z,combatManager_DrawObject,"int (__thiscall ?DrawObject@combatManager@@QAAHPBVBitmap816@@HH@Z)(combatManager* this, Bitmap816* image, int x, int y)",
0x495770,?ComputeMaxExtent@combatManager@@QAAXXZ,combatManager_ComputeMaxExtent,void (__thiscall ?ComputeMaxExtent@combatManager@@QAAXXZ)(combatManager* this),0x95bf0
0x495ad0,?ComputeExtent@combatManager@@AAAXPBVCSprite@@HHHHPAUSLimitData@@H_N@Z,combatManager_ComputeExtent,"void (__thiscall ?ComputeExtent@combatManager@@AAAXPBVCSprite@@HHHHPAUSLimitData@@H_N@Z)(combatManager* this, CSprite* sprite, int sequence, int frame, int x, int y, SLimitData* pLimitData, int isFlipped, bool SaveBiggestExtent)",0x95f50
0x495c50,?CycleCombatScreen@combatManager@@QAAXXZ,combatManager_CycleCombatScreen,void (__thiscall ?CycleCombatScreen@combatManager@@QAAXXZ)(combatManager* this),0x960d0
0x4963c0,?SpellEffect@combatManager@@QAAXHPAVarmy@@H_N@Z,combatManager_SpellEffect,"void (__thiscall ?SpellEffect@combatManager@@QAAXHPAVarmy@@H_N@Z)(combatManager* this, int effect, army* target_army, int iDelay, bool bDoWince)",
0x496590,?SpellEffect@combatManager@@QAAXHHH_N@Z,combatManager_SpellEffect,"void (__thiscall ?SpellEffect@combatManager@@QAAXHHH_N@Z)(combatManager* this, int effect, int hex, int iDelay, bool leave_last_frame)",
0x4967d0,init_dxplay_cpp,,,
0x4967f0,?SetGuid@CDPlay@@UAAXU_GUID@@@Z,CDPlay_SetGuid,"void (__thiscall ?SetGuid@CDPlay@@UAAXU_GUID@@@Z)(CDPlay* this, _GUID guid)",
0x496820,?GetGuid@CDPlay@@UAAPAU_GUID@@XZ,CDPlay_GetGuid,_GUID* (__thiscall ?GetGuid@CDPlay@@UAAPAU_GUID@@XZ)(CDPlay* this),
0x496830,?IsHost@CDPlay@@UAA_NXZ,CDPlay_IsHost,bool (__thiscall ?IsHost@CDPlay@@UAA_NXZ)(CDPlay* this),
0x496840,?ReceiveMsg@CDPlay@@MAA_NKKPAVCDPlayMsg@@@Z,CDPlay_ReceiveMsg,"bool (__thiscall ?ReceiveMsg@CDPlay@@MAA_NKKPAVCDPlayMsg@@@Z)(CDPlay* this, unsigned int from, unsigned int to, CDPlayMsg* pMsg)",
0x496850,mov_al_1_retn_function,,,
0x496860,??_GCDPlay@@UAAPAXI@Z,op_GCDPlay,"CDPlay* (__thiscall ??_GCDPlay@@UAAPAXI@Z)(CDPlay* this, int8 flag)",
0x496890,sub_496890,,,
0x4968b0,?Init@CDPlay@@UAA_NXZ,CDPlay_Init,bool (__thiscall ?Init@CDPlay@@UAA_NXZ)(CDPlay* this),
0x4968f0,?InitConnection@CDPlay@@UAA_NPAVCDPlayConnection@@@Z,CDPlay_InitConnection,"bool (__thiscall ?InitConnection@CDPlay@@UAA_NPAVCDPlayConnection@@@Z)(CDPlay* this, CDPlayConnection* pConnection)",
0x496930,?HostSession@CDPlay@@UAA_NPADKK0@Z,CDPlay_HostSession,"bool (__thiscall ?HostSession@CDPlay@@UAA_NPADKK0@Z)(CDPlay* this, int8* sessionName, unsigned int dwFlags, unsigned int maxPlayers, int8* password)",
0x4969e0,?JoinSession@CDPlay@@UAA_NPAU_GUID@@PAD@Z,CDPlay_JoinSession,"bool (__thiscall ?JoinSession@CDPlay@@UAA_NPAU_GUID@@PAD@Z)(CDPlay* this, _GUID* lpSessionGuid, int8* pPassword)",
0x496aa0,?GetCurrSession@CDPlay@@UAAPAUDPSESSIONDESC2@@XZ,CDPlay_GetCurrSession,DPSESSIONDESC2* (__thiscall ?GetCurrSession@CDPlay@@UAAPAUDPSESSIONDESC2@@XZ)(CDPlay* this),
0x496b10,?UpdateSessionDesc@CDPlay@@UAA_NPAUDPSESSIONDESC2@@@Z,CDPlay_UpdateSessionDesc,"bool (__thiscall ?UpdateSessionDesc@CDPlay@@UAA_NPAUDPSESSIONDESC2@@@Z)(CDPlay* this, DPSESSIONDESC2* lpSessionDesc)",
0x496b40,?CreatePlayer@CDPlay@@UAAKPADPAXK1@Z,CDPlay_CreatePlayer,"uint (__thiscall ?CreatePlayer@CDPlay@@UAAKPADPAXK1@Z)(CDPlay* this, int8* sPlayerName, void* lpData, unsigned int dwSize, void* hEvent)",
0x496bc0,?DestroyPlayer@CDPlay@@UAA_NK@Z,CDPlay_DestroyPlayer,"bool (__thiscall ?DestroyPlayer@CDPlay@@UAA_NK@Z)(CDPlay* this, unsigned int playerId)",
0x496bf0,?CreateGroup@CDPlay@@UAAKPADPAXK_N@Z,CDPlay_CreateGroup,"uint (__thiscall ?CreateGroup@CDPlay@@UAAKPADPAXK_N@Z)(CDPlay* this, int8* sGroupName, void* pGroupData, unsigned int dwGroupDataSize, bool32 stagingArea)",
0x496c60,?CreateGroupInGroup@CDPlay@@UAAKKPADPAXK_N@Z,CDPlay_CreateGroupInGroup,"uint (__thiscall ?CreateGroupInGroup@CDPlay@@UAAKKPADPAXK_N@Z)(CDPlay* this, ulong dpidParent, int8* sGroupName, void* pGroupData, uint dataSize, DPID* lpidGroup)",
0x496cd0,?DestroyGroup@CDPlay@@UAA_NK@Z,CDPlay_DestroyGroup,"bool (__thiscall ?DestroyGroup@CDPlay@@UAA_NK@Z)(CDPlay* this, unsigned int groupId)",
0x496d00,?DeleteGroupFromGroup@CDPlay@@UAA_NKK@Z,CDPlay_DeleteGroupFromGroup,"bool (__thiscall ?DeleteGroupFromGroup@CDPlay@@UAA_NKK@Z)(CDPlay* this, int dpidParent, int dpidGroup)",
0x496d30,?EnumConnections@CDPlay@@UAA_NPAV?$CAutoArray@VCDPlayConnection@@@@@Z,CDPlay_EnumConnections,"bool (__thiscall ?EnumConnections@CDPlay@@UAA_NPAV?$CAutoArray@VCDPlayConnection@@@@@Z)(CDPlay* this, CAutoArray_CDPlayConnection_* pConnectionArray)",
0x496dd0,?StartSession@CDPlay@@UAA_NK@Z,CDPlay_StartSession,"bool (__thiscall ?StartSession@CDPlay@@UAA_NK@Z)(CDPlay* this, unsigned int groupId)",
0x496e10,?CloseSession@CDPlay@@UAA_NXZ,CDPlay_CloseSession,bool (__thiscall ?CloseSession@CDPlay@@UAA_NXZ)(CDPlay* this),
0x496e40,?EnumGroups@CDPlay@@UAA_NPAV?$CAutoArray@VCDPlayGroup@@@@PAU_GUID@@K@Z,CDPlay_EnumGroups,"bool (__thiscall ?EnumGroups@CDPlay@@UAA_NPAV?$CAutoArray@VCDPlayGroup@@@@PAU_GUID@@K@Z)(CDPlay* this, CAutoArray_CDPlayGroup_* pGroupArray, _GUID* lpGuidInstance, unsigned int dwFlags)",
0x496ec0,?EnumPlayers@CDPlay@@UAA_NPAV?$CAutoArray@VCDPlayPlayer@@@@PAU_GUID@@K@Z,CDPlay_EnumPlayers,"bool (__thiscall ?EnumPlayers@CDPlay@@UAA_NPAV?$CAutoArray@VCDPlayPlayer@@@@PAU_GUID@@K@Z)(CDPlay* this, CAutoArray_CDPlayPlayer_* pPlayerArray, _GUID* lpGuidInstance, unsigned int dwFlags)",
0x496f40,?EnumGroupPlayers@CDPlay@@UAA_NPAV?$CAutoArray@VCDPlayPlayer@@@@KPAU_GUID@@K@Z,CDPlay_EnumGroupPlayers,"bool (__thiscall ?EnumGroupPlayers@CDPlay@@UAA_NPAV?$CAutoArray@VCDPlayPlayer@@@@KPAU_GUID@@K@Z)(CDPlay* this, CAutoArray_CDPlayPlayer_* pPlayerArray, unsigned int dpidGroup, _GUID* lpGuidInstance, unsigned int dwFlags)",
0x496fc0,?EnumSessions@CDPlay@@UAA_NPAV?$CAutoArray@VCDPlaySession@@@@KK@Z,CDPlay_EnumSessions,"bool (__thiscall ?EnumSessions@CDPlay@@UAA_NPAV?$CAutoArray@VCDPlaySession@@@@KK@Z)(CDPlay* this, CAutoArray_CDPlaySession_* pSessionArray, unsigned int timeOut, unsigned int dwFlags)",
0x497080,?SendChat@CDPlay@@UAA_NPADKK@Z,CDPlay_SendChat,"bool (__thiscall ?SendChat@CDPlay@@UAA_NPADKK@Z)(CDPlay* this, int8* sMsg, unsigned int idFrom, unsigned int idTo)",
0x4970e0,?Send@CDPlay@@UAA_NPAXKKK_N@Z,CDPlay_Send,"bool (__thiscall ?Send@CDPlay@@UAA_NPAXKKK_N@Z)(CDPlay* this, void* lpData, unsigned int dwSize, unsigned int idFrom, unsigned int idTo, bool guaranteed)",
0x497130,?Receive@CDPlay@@UAA_NPAK0PAVCDPlayMsg@@K@Z,CDPlay_Receive,"bool (__thiscall ?Receive@CDPlay@@UAA_NPAK0PAVCDPlayMsg@@K@Z)(CDPlay* this, ulong* pFromID, ulong* pToID, CDPlayMsg* pMsg, unsigned int dwFlags)",
0x497230,?FlushReceiveQueue@CDPlay@@UAA_NXZ,CDPlay_FlushReceiveQueue,bool (__thiscall ?FlushReceiveQueue@CDPlay@@UAA_NXZ)(CDPlay* this),
0x497310,sub_497310,,,
0x497340,?AddSessionEnum@CDPlay@@MAA_NPBUDPSESSIONDESC2@@K@Z,CDPlay_AddSessionEnum,"bool (__thiscall ?AddSessionEnum@CDPlay@@MAA_NPBUDPSESSIONDESC2@@K@Z)(CDPlay* this, DPSESSIONDESC2* lpDPSessionDesc, unsigned int dwFlags)",
0x497490,?ReceiveSystemMsg@CDPlay@@MAA_NKPAVCDPlayMsg@@@Z,CDPlay_ReceiveSystemMsg,"bool (__thiscall ?ReceiveSystemMsg@CDPlay@@MAA_NKPAVCDPlayMsg@@@Z)(CDPlay* this, unsigned int toID, CDPlayMsg* pMsg)",
0x497610,?AddGroupEnum@CDPlay@@MAA_NKPBUDPNAME@@K@Z,CDPlay_AddGroupEnum,"bool (__thiscall ?AddGroupEnum@CDPlay@@MAA_NKPBUDPNAME@@K@Z)(CDPlay* this, unsigned int dpid, DPNAME* lpName, unsigned int dwFlags)",
0x497680,?AddPlayerEnum@CDPlay@@MAA_NKPBUDPNAME@@K@Z,CDPlay_AddPlayerEnum,"bool (__thiscall ?AddPlayerEnum@CDPlay@@MAA_NKPBUDPNAME@@K@Z)(CDPlay* this, unsigned int dpid, DPNAME* lpName, unsigned int dwFlags)",
0x4976f0,?AddConnectionEnum@CDPlay@@MAA_NPBU_GUID@@PAXKPBUDPNAME@@K@Z,CDPlay_AddConnectionEnum,"bool (__thiscall ?AddConnectionEnum@CDPlay@@MAA_NPBU_GUID@@PAXKPBUDPNAME@@K@Z)(CDPlay* this, _GUID* lpguidSP, void* lpConnection, unsigned int dwConnectionSize, DPNAME* lpName, unsigned int dwFlags)",
0x4977d0,?GetErrorDesc@CDPlay@@UAAXJPAD@Z,CDPlay_GetErrorDesc,"void (__thiscall ?GetErrorDesc@CDPlay@@UAAXJPAD@Z)(CDPlay* this, DPlay_Error error, int8* sDesc)",
0x497d50,?SysMsgHost@CDPlay@@MAA_NPAUDPMSG_GENERIC@@K@Z,CDPlay_SysMsgHost,"bool (__thiscall ?SysMsgHost@CDPlay@@MAA_NPAUDPMSG_GENERIC@@K@Z)(CDPlay* this, DPMSG_GENERIC* pSysMsg, unsigned int toID)",
0x497d60,?AddPlayerToGroup@CDPlay@@UAA_NKK@Z,CDPlay_AddPlayerToGroup,"bool (__thiscall ?AddPlayerToGroup@CDPlay@@UAA_NKK@Z)(CDPlay* this, unsigned int groupId, unsigned int playerId)",
0x497d90,?DeletePlayerFromGroup@CDPlay@@UAA_NKK@Z,CDPlay_DeletePlayerFromGroup,"bool (__thiscall ?DeletePlayerFromGroup@CDPlay@@UAA_NKK@Z)(CDPlay* this, unsigned int groupId, unsigned int playerId)",
0x497dc0,?SetPlayerName@CDPlay@@UAA_NKPAD0K@Z,CDPlay_SetPlayerName,"bool (__thiscall ?SetPlayerName@CDPlay@@UAA_NKPAD0K@Z)(CDPlay* this, unsigned int playerId, int8* sShort, int8* sLong, unsigned int dwFlags)",
0x497e10,?GetPlayerName@CDPlay@@UAA_NKPADH0H@Z,CDPlay_GetPlayerName,"int8 (__thiscall ?GetPlayerName@CDPlay@@UAA_NKPADH0H@Z)(CDPlay* this, unsigned int playerId, int8* sShort, int maxShort, int8* sLong, int maxLong)",
0x497f30,?SetGroupData@CDPlay@@UAA_NKPAXKK@Z,CDPlay_SetGroupData,"bool (__thiscall ?SetGroupData@CDPlay@@UAA_NKPAXKK@Z)(CDPlay* this, unsigned int groupId, void* pData, unsigned int dwDataSize, unsigned int dwFlags)",
0x497f60,?GetGroupData@CDPlay@@UAAPAXKPAKK@Z,CDPlay_GetGroupData,"void* (__thiscall ?GetGroupData@CDPlay@@UAAPAXKPAKK@Z)(CDPlay* this, unsigned int groupId, ulong* pdwSize, unsigned int dwFlags)",
0x498020,?SetGroupName@CDPlay@@UAA_NKPAD0K@Z,CDPlay_SetGroupName,"bool (__thiscall ?SetGroupName@CDPlay@@UAA_NKPAD0K@Z)(CDPlay* this, unsigned int groupId, int8* sShort, int8* sLong, unsigned int dwFlags)",
0x498070,?GetGroupName@CDPlay@@UAA_NKPADH0H@Z,CDPlay_GetGroupName,"int8 (__thiscall ?GetGroupName@CDPlay@@UAA_NKPADH0H@Z)(CDPlay* this, unsigned int groupId, int8* sShort, int maxShort, int8* sLong, int maxLong)",
0x498190,?SetPlayerData@CDPlay@@UAA_NKPAXKK@Z,CDPlay_SetPlayerData,"bool (__thiscall ?SetPlayerData@CDPlay@@UAA_NKPAXKK@Z)(CDPlay* this, unsigned int playerId, void* pData, unsigned int dwDataSize, unsigned int dwFlags)",
0x4981c0,?GetPlayerData@CDPlay@@UAAPAXKPAKK@Z,CDPlay_GetPlayerData,"void* (__thiscall ?GetPlayerData@CDPlay@@UAAPAXKPAKK@Z)(CDPlay* this, unsigned int playerId, ulong* pdwSize, unsigned int dwFlags)",
0x498280,?GetPlayerAddress@CDPlay@@UAAPAEKPAK@Z,CDPlay_GetPlayerAddress,"uchar* (__thiscall ?GetPlayerAddress@CDPlay@@UAAPAEKPAK@Z)(CDPlay* this, unsigned int dpid, ulong* pSize)",
0x498310,?GetCaps@CDPlay@@UAA_NPAUDPCAPS@@_N@Z,CDPlay_GetCaps,"bool (__thiscall ?GetCaps@CDPlay@@UAA_NPAUDPCAPS@@_N@Z)(CDPlay* this, DPCAPS* dpCaps, bool guaranteed)",
0x498360,?GetSendQueueSize@CDPlay@@UAA_NKKAAK0@Z,CDPlay_GetSendQueueSize,"bool (__thiscall ?GetSendQueueSize@CDPlay@@UAA_NKKAAK0@Z)(CDPlay* this, unsigned int from, unsigned int to, unsigned int* numMsgs, unsigned int* numBytes)",
0x4983a0,?GetReceiveQueueSize@CDPlay@@UAA_NKKAAK0@Z,CDPlay_GetReceiveQueueSize,"bool (__thiscall ?GetReceiveQueueSize@CDPlay@@UAA_NKKAAK0@Z)(CDPlay* this, unsigned int from, unsigned int to, unsigned int* numMsgs, unsigned int* numBytes)",
0x4983e0,??0CDPlayLobby@@QAA@XZ,CDPlayLobby_ctor,CDPlayLobby* (__thiscall ??0CDPlayLobby@@QAA@XZ)(CDPlayLobby* this),
0x498470,??_GCDPlayLobby@@UAAPAXI@Z,op_GCDPlayLobby,"CDPlayLobby* (__thiscall ??_GCDPlayLobby@@UAAPAXI@Z)(CDPlayLobby* this, int8 flag)",
0x4984a0,??1CDPlayLobby@@UAA@XZ,CDPlayLobby_dtor,void (__thiscall ??1CDPlayLobby@@UAA@XZ)(CDPlayLobby* this),
0x498510,?RegisterApp@CDPlayLobby@@UAA_NPAD00U_GUID@@@Z,CDPlayLobby_RegisterApp,"bool (__thiscall ?RegisterApp@CDPlayLobby@@UAA_NPAD00U_GUID@@@Z)(CDPlayLobby* this, int8* szAppName, int8* szFile, int8* szCmd, _GUID appGuid)",
0x4985d0,?Init@CDPlayLobby@@UAA_NXZ,CDPlayLobby_Init,bool (__thiscall ?Init@CDPlayLobby@@UAA_NXZ)(CDPlayLobby* this),
0x498650,?GetConnectionSettings@CDPlayLobby@@QAAPAUDPLCONNECTION@@KPAK@Z,CDPlayLobby_GetConnectionSettings,"DPLCONNECTION* (__thiscall ?GetConnectionSettings@CDPlayLobby@@QAAPAUDPLCONNECTION@@KPAK@Z)(CDPlayLobby* this, int a2, uint* a3)",
0x4986e0,?TestLobbied@CDPlayLobby@@QAA_NXZ,CDPlayLobby_TestLobbied,void (__thiscall ?TestLobbied@CDPlayLobby@@QAA_NXZ)(CDPlayLobby* this),
0x498750,?SetConnectionSettings@CDPlayLobby@@QAA_NKPAUDPLCONNECTION@@@Z,CDPlayLobby_SetConnectionSettings,"bool (__thiscall ?SetConnectionSettings@CDPlayLobby@@QAA_NKPAUDPLCONNECTION@@@Z)(CDPlayLobby* this, unsigned int dwAppId, DPLCONNECTION* pConnection)",
0x498790,?SetGroupConnectionSettings@CDPlayLobby@@UAA_NKPAUDPLCONNECTION@@@Z,CDPlayLobby_SetGroupConnectionSettings,"bool (__thiscall ?SetGroupConnectionSettings@CDPlayLobby@@UAA_NKPAUDPLCONNECTION@@@Z)(CDPlayLobby* this, unsigned int dpidGroup, DPLCONNECTION* pConnection)",
0x4987c0,?GetGroupConnectionSettings@CDPlayLobby@@UAAPAUDPLCONNECTION@@K@Z,CDPlayLobby_GetGroupConnectionSettings,"DPLCONNECTION* (__thiscall ?GetGroupConnectionSettings@CDPlayLobby@@UAAPAUDPLCONNECTION@@K@Z)(CDPlayLobby* this, unsigned int dpidGroup)",
0x498840,?Connect@CDPlayLobby@@QAA_NXZ,CDPlayLobby_Connect,bool (__thiscall ?Connect@CDPlayLobby@@QAA_NXZ)(CDPlayLobby* this),
0x4988f0,?CreateTCPIPConnection@CDPlayLobby@@QAAPAVCDPlayConnection@@PAD0PAV2@@Z,CDPlayLobby_CreateTCPIPConnection,"CDPlayConnection* (__thiscall ?CreateTCPIPConnection@CDPlayLobby@@QAAPAVCDPlayConnection@@PAD0PAV2@@Z)(CDPlayLobby* this, int8* sIPAddress, int8* sName, CDPlayConnection* pConnAppend)",
0x498cc0,?CreateIPXConnection@CDPlayLobby@@QAAPAVCDPlayConnection@@PADPAV2@@Z,CDPlayLobby_CreateIPXConnection,"CDPlayConnection* (__thiscall ?CreateIPXConnection@CDPlayLobby@@QAAPAVCDPlayConnection@@PADPAV2@@Z)(CDPlayLobby* this, int8* sName, CDPlayConnection* pConnAppend)",
0x499020,?CreateModemConnection@CDPlayLobby@@QAAPAVCDPlayConnection@@PAD00@Z,CDPlayLobby_CreateModemConnection,"CDPlayConnection* (__thiscall ?CreateModemConnection@CDPlayLobby@@QAAPAVCDPlayConnection@@PAD00@Z)(CDPlayLobby* this, int8* sName, int8* sPhoneNbr, int8* sModemString)",
0x499270,?CreateSerialConnection@CDPlayLobby@@QAAPAVCDPlayConnection@@PADPAU_DPCOMPORTADDRESS@@@Z,CDPlayLobby_CreateSerialConnection,"CDPlayConnection* (__thiscall ?CreateSerialConnection@CDPlayLobby@@QAAPAVCDPlayConnection@@PADPAU_DPCOMPORTADDRESS@@@Z)(CDPlayLobby* this, int8* sName, DPCOMPORTADDRESS* comPortInfo)",
0x499470,mov_al_1_retn8_function,,"bool (__thiscall mov_al_1_retn8_function)(CDPlay* this, DPMSG_CREATEPLAYERORGROUP* pSysMsg, unsigned int toID)",
0x499480,?EnumLobbyConnections@CDPlayLobby@@UAA_NPAV?$CAutoArray@VCDPlayConnection@@@@@Z,CDPlayLobby_EnumLobbyConnections,"bool (__thiscall ?EnumLobbyConnections@CDPlayLobby@@UAA_NPAV?$CAutoArray@VCDPlayConnection@@@@@Z)(CDPlayLobby* this, CAutoArray_CDPlayConnection_* pConnectionArray)",
0x499520,?EnumGroupsInGroup@CDPlayLobby@@UAA_NPAV?$CAutoArray@VCDPlayGroup@@@@KK@Z,CDPlayLobby_EnumGroupsInGroup,"bool (__thiscall ?EnumGroupsInGroup@CDPlayLobby@@UAA_NPAV?$CAutoArray@VCDPlayGroup@@@@KK@Z)(CDPlayLobby* this, CAutoArray_CDPlayPlayer_* pPlayerArray, unsigned int dpidGroup, unsigned int dwFlags)",
0x4995a0,?EnumGroupPlayers@CDPlayLobby@@UAA_NPAV?$CAutoArray@VCDPlayPlayer@@@@KK@Z,CDPlayLobby_EnumGroupPlayers,"bool (__thiscall ?EnumGroupPlayers@CDPlayLobby@@UAA_NPAV?$CAutoArray@VCDPlayPlayer@@@@KK@Z)(CDPlayLobby* this, CAutoArray_CDPlayPlayer_* pPlayerArray, unsigned int dpidGroup, unsigned int dwFlags)",
0x499620,?EnumGroupPlayersRemote@CDPlayLobby@@UAA_NPAV?$CAutoArray@VCDPlayPlayer@@@@KPAU_GUID@@K@Z,CDPlayLobby_EnumGroupPlayersRemote,"bool (__thiscall ?EnumGroupPlayersRemote@CDPlayLobby@@UAA_NPAV?$CAutoArray@VCDPlayPlayer@@@@KPAU_GUID@@K@Z)(CDPlayLobby* this, CAutoArray_CDPlayPlayer_* pPlayerArray, unsigned int dpidGroup, _GUID* lpGuidInstance, unsigned int dwFlags)",
0x4996a0,?EnumAddress@CDPlayLobby@@UAA_NPAXKPAV?$CAutoArray@VCDPlayAddressElement@@@@@Z,CDPlayLobby_EnumAddress,"bool (__thiscall ?EnumAddress@CDPlayLobby@@UAA_NPAXKPAV?$CAutoArray@VCDPlayAddressElement@@@@@Z)(CDPlayLobby* this, void* pConn, unsigned int size, CAutoArray_CDPlayAddressElement_* pArray)",
0x499730,?AddAddressEnum@CDPlayLobby@@MAA_NPBU_GUID@@KPBX@Z,CDPlayLobby_AddAddressEnum,"bool (__thiscall ?AddAddressEnum@CDPlayLobby@@MAA_NPBU_GUID@@KPBX@Z)(CDPlayLobby* this, _GUID* guid, unsigned int dataSize, void* pData)",
0x4997e0,?GetIPAddress@CDPlayLobby@@UAA_NKPAD@Z,CDPlayLobby_GetIPAddress,"bool (__thiscall ?GetIPAddress@CDPlayLobby@@UAA_NKPAD@Z)(CDPlayLobby* this, unsigned int dpid, int8* sIPAddress)",
0x4999a0,?EnumAddressCallback@@YAHABU_GUID@@KPBXPAX@Z,EnumAddressCallback,"int (__stdcall ?EnumAddressCallback@@YAHABU_GUID@@KPBXPAX@Z)(_GUID* guidDataType, unsigned int dwDataSize, void* lpData, CDPlayLobby* lpContext)",
0x4999d0,?EnumSession@@YAHPBUDPSESSIONDESC2@@PAKKPAX@Z,EnumSession,"int (__stdcall ?EnumSession@@YAHPBUDPSESSIONDESC2@@PAKKPAX@Z)(DPSESSIONDESC2* lpDPSessionDesc, ulong* lpdwTimeOut, unsigned int dwFlags, CDPlayLobby* lpContext)",
0x4999f0,?EnumConnectionsCallback@@YAHPBU_GUID@@PAXKPBUDPNAME@@K1@Z,EnumConnectionsCallback,"int (__stdcall ?EnumConnectionsCallback@@YAHPBU_GUID@@PAXKPBUDPNAME@@K1@Z)(_GUID* lpguidSP, void* lpConnection, unsigned int dwConnectionSize, DPNAME* lpName, unsigned int dwFlags, CDPlayLobby* lpContext)",
0x499a20,?EnumGroupsCallback@@YAHKKPBUDPNAME@@KPAX@Z,EnumGroupsCallback,"int (__stdcall ?EnumGroupsCallback@@YAHKKPBUDPNAME@@KPAX@Z)(unsigned int dpid, unsigned int dwPlayerType, DPNAME* lpName, unsigned int dwFlags, CDPlayLobby* lpContext)",
0x499a50,?EnumPlayersCallback@@YAHKKPBUDPNAME@@KPAX@Z,EnumPlayersCallback,"int (__stdcall ?EnumPlayersCallback@@YAHKKPBUDPNAME@@KPAX@Z)(unsigned int dpid, unsigned int dwPlayerType, DPNAME* lpName, unsigned int dwFlags, CDPlayLobby* lpContext)",
0x499a80,??1?$CAutoArray@VCDPlayAddressElement@@@@UAA@XZ,VCDPlayAddressElement_CAutoArray_dtor,void (__thiscall ??1?$CAutoArray@VCDPlayAddressElement@@@@UAA@XZ)(CAutoArray_CDPlayAddressElement_* this),
0x499ae0,?Destroy@?$CAutoArray@VCDPlayAddressElement@@@@QAAX_N@Z,VCDPlayAddressElement_CAutoArray_Destroy,"void (__thiscall ?Destroy@?$CAutoArray@VCDPlayAddressElement@@@@QAAX_N@Z)(CAutoArray_CDPlayAddressElement_* this, bool deleteData)",
0x499b40,?Add@?$CAutoArray@VCDPlayAddressElement@@@@UAA_NPAVCDPlayAddressElement@@@Z,VCDPlayAddressElement_CAutoArray_Add,"bool (__thiscall ?Add@?$CAutoArray@VCDPlayAddressElement@@@@UAA_NPAVCDPlayAddressElement@@@Z)(CAutoArray_CDPlayAddressElement_* this, CDPlayAddressElement* elem)",
0x499bc0,?Get@?$CAutoArray@VCDPlayAddressElement@@@@UAAPAVCDPlayAddressElement@@K@Z,VCDPlayAddressElement_CAutoArray_Get,"CDPlayAddressElement* (__thiscall ?Get@?$CAutoArray@VCDPlayAddressElement@@@@UAAPAVCDPlayAddressElement@@K@Z)(CAutoArray_CDPlayAddressElement_* this, unsigned int count)",
0x499be0,?Put@?$CAutoArray@VCDPlayAddressElement@@@@UAA_NKPAVCDPlayAddressElement@@@Z,VCDPlayAddressElement_CAutoArray_Put,"bool (__thiscall ?Put@?$CAutoArray@VCDPlayAddressElement@@@@UAA_NKPAVCDPlayAddressElement@@@Z)(CAutoArray_CDPlayAddressElement_* this, unsigned int elementNbr, CDPlayAddressElement* element)",
0x499c10,?GetCount@?$CAutoArray@VCDPlayAddressElement@@@@UAAKXZ,VCDPlayAddressElement_CAutoArray_GetCount,uint (__thiscall ?GetCount@?$CAutoArray@VCDPlayAddressElement@@@@UAAKXZ)(CAutoArray_CDPlayAddressElement_* this),
0x499c20,??_E?$CAutoArray@VCDPlayAddressElement@@@@UAAPAXI@Z,VCDPlayAddressElement_op_E_CAutoArray,"void* (__thiscall ??_E?$CAutoArray@VCDPlayAddressElement@@@@UAAPAXI@Z)(CAutoArray_CDPlayAddressElement_* this, int8 flag)",
0x499ca0,init_philai_cpp,,,
0x499cc0,??0philAI@@QAA@XZ,philAI_ctor,philAI* (__thiscall ??0philAI@@QAA@XZ)(philAI* this),
0x499cd0,sub_499CD0,,"std::exception* (__thiscall sub_499CD0)(std::exception* this, int8*)",
0x499dd0,sub_499DD0,,,
0x499df0,sub_499DF0,,,
0x499e50,sub_499E50,,,
0x499eb0,sub_499EB0,,,
0x499f20,sub_499F20,,,
0x499f80,sub_499F80,,,
0x499fe0,sub_499FE0,,,
0x49a040,sub_49A040,,,
0x49a0a0,sub_49A0A0,,,
0x49a100,sub_49A100,,,
0x49a160,sub_49A160,,,
0x49a1c0,type_event_record::scalar_deleting_destructor,,"type_event_record* (__thiscall type_event_record::scalar_deleting_destructor)(type_event_record* this, int8 a2)",
0x49a1f0,?load@type_event_record@@UAA_NPAX@Z,type_event_record_load,"bool (__thiscall ?load@type_event_record@@UAA_NPAX@Z)(type_event_record* this, TGzFile* infile, int version)",
0x49a210,?save@type_event_record@@UAA_NPAX@Z,type_event_record_save,"bool (__thiscall ?save@type_event_record@@UAA_NPAX@Z)(type_event_record* this, TGzFile* outfile, int version)",
0x49a230,virtual_retn4_function,,,
0x49a240,??1type_event_record@@UAA@XZ,type_event_record_dtor,void (__thiscall ??1type_event_record@@UAA@XZ)(type_event_record* this),
0x49a250,?create@type_record_move_hero@@SAPAVtype_event_record@@XZ,type_record_move_hero_create,type_record_move_hero* (__thiscall ?create@type_record_move_hero@@SAPAVtype_event_record@@XZ)(type_record_move_hero* this),
0x49a280,mov_eax_1_return_function,,,
0x49a290,?load@type_record_move_hero@@UAA_NPAX@Z,type_record_move_hero_load,"bool (__thiscall ?load@type_record_move_hero@@UAA_NPAX@Z)(type_record_move_hero* this, TGzFile* infile, int version)",
0x49a350,?save@type_record_move_hero@@UAA_NPAX@Z,type_record_move_hero_save,"bool (__thiscall ?save@type_record_move_hero@@UAA_NPAX@Z)(type_record_move_hero* this, TGzFile* outfile, int version)",
0x49a3c0,?replay@type_record_move_hero@@UAAX_N@Z,type_record_move_hero_replay,"void (__thiscall ?replay@type_record_move_hero@@UAAX_N@Z)(type_record_move_hero* this, bool draw)",
0x49a510,?undo@type_record_move_hero@@UAAXXZ,type_record_move_hero_undo,void (__thiscall ?undo@type_record_move_hero@@UAAXXZ)(type_record_move_hero* this),
0x49a580,?create@type_record_teleport@@SAPAVtype_event_record@@XZ,type_record_teleport_create,,
0x49a5b0,mov_eax_2_return_function,,,
0x49a5c0,?replay@type_record_teleport@@UAAX_N@Z,type_record_teleport_replay,"void (__thiscall ?replay@type_record_teleport@@UAAX_N@Z)(type_record_teleport* this, bool draw)",
0x49a640,?create@type_record_claim_mine@@SAPAVtype_event_record@@XZ,type_record_claim_mine_create,type_record_claim_mine* (__thiscall ?create@type_record_claim_mine@@SAPAVtype_event_record@@XZ)(type_record_claim_mine* this),
0x49a670,mov_eax_3_return_function,,,
0x49a680,?load@type_record_claim_mine@@UAA_NPAX@Z,type_record_claim_mine_load,"bool (__thiscall ?load@type_record_claim_mine@@UAA_NPAX@Z)(type_record_claim_mine* this, TGzFile* infile, int version)",
0x49a700,?save@type_record_claim_mine@@UAA_NPAX@Z,type_record_claim_mine_save,"bool (__thiscall ?save@type_record_claim_mine@@UAA_NPAX@Z)(type_record_claim_mine* this, TGzFile* outfile, int version)",
0x49a750,?replay@type_record_claim_mine@@UAAX_N@Z,type_record_claim_mine_replay,"void (__thiscall ?replay@type_record_claim_mine@@UAAX_N@Z)(type_record_claim_mine* this, bool draw)",
0x49a7d0,?undo@type_record_claim_mine@@UAAXXZ,type_record_claim_mine_undo,void (__thiscall ?undo@type_record_claim_mine@@UAAXXZ)(type_record_claim_mine* this),
0x49a7f0,?create@type_record_claim_town@@SAPAVtype_event_record@@XZ,type_record_claim_town_create,type_record_claim_town* (__thiscall ?create@type_record_claim_town@@SAPAVtype_event_record@@XZ)(type_record_claim_town* this),
0x49a820,mov_eax_4_return_function,,,
0x49a830,?replay@type_record_claim_town@@UAAX_N@Z,type_record_claim_town_replay,"void (__thiscall ?replay@type_record_claim_town@@UAAX_N@Z)(type_record_claim_town* this, bool draw)",
0x49a8b0,?undo@type_record_claim_town@@UAAXXZ,type_record_claim_town_undo,void (__thiscall ?undo@type_record_claim_town@@UAAXXZ)(type_record_claim_town* this),
0x49a8d0,?create@type_record_hide_boat@@SAPAVtype_event_record@@XZ,type_record_hide_boat_create,type_record_hide_boat* (__thiscall ?create@type_record_hide_boat@@SAPAVtype_event_record@@XZ)(type_record_hide_boat* this),
0x49a900,mov_eax_5_retn_function,,,
0x49a910,?load@type_record_hide_boat@@UAA_NPAX@Z,type_record_hide_boat_load,"bool (__thiscall ?load@type_record_hide_boat@@UAA_NPAX@Z)(type_record_hide_boat* this, TGzFile* infile, int version)",
0x49aa00,?save@type_record_hide_boat@@UAA_NPAX@Z,type_record_hide_boat_save,"bool (__thiscall ?save@type_record_hide_boat@@UAA_NPAX@Z)(type_record_hide_boat* this, TGzFile* outfile, int version)",
0x49aa90,?replay@type_record_hide_boat@@UAAX_N@Z,type_record_hide_boat_replay,"void (__thiscall ?replay@type_record_hide_boat@@UAAX_N@Z)(type_record_hide_boat* this, bool draw)",
0x49aae0,?undo@type_record_hide_boat@@UAAXXZ,type_record_hide_boat_undo,void (__thiscall ?undo@type_record_hide_boat@@UAAXXZ)(type_record_hide_boat* this),
0x49ab10,?create@type_record_show_boat@@SAPAVtype_event_record@@XZ,type_record_show_boat_create,type_record_show_boat* (__thiscall ?create@type_record_show_boat@@SAPAVtype_event_record@@XZ)(type_record_show_boat* this),
0x49ab40,?get_type@type_record_show_boat@@UBA?AW4type_event_record_type@@XZ,type_record_show_boat_get_type,,
0x49ab50,?load@type_record_show_boat@@UAA_NPAX@Z,type_record_show_boat_load,"bool (__thiscall ?load@type_record_show_boat@@UAA_NPAX@Z)(type_record_show_boat* this, TGzFile* outfile, int version)",
0x49abb0,?save@type_record_show_boat@@UAA_NPAX@Z,type_record_show_boat_save,"bool (__thiscall ?save@type_record_show_boat@@UAA_NPAX@Z)(type_record_show_boat* this, TGzFile* outfile, int version)",
0x49ac50,?replay@type_record_show_boat@@UAAX_N@Z,type_record_show_boat_replay,"void (__thiscall ?replay@type_record_show_boat@@UAAX_N@Z)(type_record_show_boat* this, bool draw)",
0x49ad10,?undo@type_record_show_boat@@UAAXXZ,type_record_show_boat_undo,void (__thiscall ?undo@type_record_show_boat@@UAAXXZ)(type_record_show_boat* this),
0x49ad60,??_Gtype_event_record@@UAAPAXI@Z,op_Gtype_event_record,"type_event_record* (__thiscall ??_Gtype_event_record@@UAAPAXI@Z)(type_event_record* Memory, int8)",
0x49ad90,?create@type_record_erase@@SAPAVtype_event_record@@XZ,type_record_erase_create,type_record_erase* (__thiscall ?create@type_record_erase@@SAPAVtype_event_record@@XZ)(type_record_erase* this),
0x49adc0,?get_type@type_record_erase@@UBA?AW4type_event_record_type@@XZ,type_record_erase_get_type,,
0x49add0,?load@type_record_erase@@UAA_NPAX@Z,type_record_erase_load,"bool (__thiscall ?load@type_record_erase@@UAA_NPAX@Z)(type_record_erase* this, TGzFile* infile, int version)",
0x49ae60,?save@type_record_erase@@UAA_NPAX@Z,type_record_erase_save,"bool (__thiscall ?save@type_record_erase@@UAA_NPAX@Z)(type_record_erase* this, TGzFile* outfile, int version)",
0x49aec0,?replay@type_record_erase@@UAAX_N@Z,type_record_erase_replay,"void (__thiscall ?replay@type_record_erase@@UAAX_N@Z)(type_record_erase* this, bool draw)",
0x49afb0,?undo@type_record_erase@@UAAXXZ,type_record_erase_undo,void (__thiscall ?undo@type_record_erase@@UAAXXZ)(type_record_erase* this),
0x49b040,?create@type_record_hide_hero@@SAPAVtype_event_record@@XZ,type_record_hide_hero_create,,
0x49b070,?get_type@type_record_hide_hero@@UBA?AW4type_event_record_type@@XZ,type_record_hide_hero_get_type,type_event_record_type (__thiscall ?get_type@type_record_hide_hero@@UBA?AW4type_event_record_type@@XZ)(type_record_hide_hero* this),
0x49b080,?load@type_record_hide_hero@@UAA_NPAX@Z,type_record_hide_hero_load,"bool (__thiscall ?load@type_record_hide_hero@@UAA_NPAX@Z)(type_record_hide_hero* this, TGzFile* infile, int version)",
0x49b150,?save@type_record_hide_hero@@UAA_NPAX@Z,type_record_hide_hero_save,"bool (__thiscall ?save@type_record_hide_hero@@UAA_NPAX@Z)(type_record_hide_hero* this, TGzFile* outfile, int version)",
0x49b1c0,?replay@type_record_hide_hero@@UAAX_N@Z,type_record_hide_hero_replay,"void (__thiscall ?replay@type_record_hide_hero@@UAAX_N@Z)(type_record_hide_hero* this, bool draw)",
0x49b2d0,?undo@type_record_hide_hero@@UAAXXZ,type_record_hide_hero_undo,void (__thiscall ?undo@type_record_hide_hero@@UAAXXZ)(type_record_hide_hero* this),
0x49b2f0,?create@type_record_show_hero@@SAPAVtype_event_record@@XZ,type_record_show_hero_create,type_record_show_hero* (__thiscall ?create@type_record_show_hero@@SAPAVtype_event_record@@XZ)(type_record_show_hero* this),
0x49b320,?get_type@type_record_show_hero@@UBA?AW4type_event_record_type@@XZ,type_record_show_hero_get_type,,
0x49b330,?load@type_record_show_hero@@UAA_NPAX@Z,type_record_show_hero_load,"bool (__thiscall ?load@type_record_show_hero@@UAA_NPAX@Z)(type_record_show_hero* this, TGzFile* infile, int version)",
0x49b3c0,?save@type_record_show_hero@@UAA_NPAX@Z,type_record_show_hero_save,"bool (__thiscall ?save@type_record_show_hero@@UAA_NPAX@Z)(type_record_show_hero* this, TGzFile* outfile, int version)",
0x49b460,?replay@type_record_show_hero@@UAAX_N@Z,type_record_show_hero_replay,"void (__thiscall ?replay@type_record_show_hero@@UAAX_N@Z)(type_record_show_hero* this, bool draw)",
0x49b5c0,?undo@type_record_show_hero@@UAAXXZ,type_record_show_hero_undo,void (__thiscall ?undo@type_record_show_hero@@UAAXXZ)(type_record_show_hero* this),
0x49b660,?create@type_record_player_death@@SAPAVtype_event_record@@XZ,type_record_player_death_create,type_record_player_death* (__thiscall ?create@type_record_player_death@@SAPAVtype_event_record@@XZ)(type_record_player_death* this),
0x49b690,?get_type@type_record_player_death@@UBA?AW4type_event_record_type@@XZ,type_record_player_death_get_type,,
0x49b6a0,?load@type_record_player_death@@UAA_NPAX@Z,type_record_player_death_load,"bool (__thiscall ?load@type_record_player_death@@UAA_NPAX@Z)(type_record_player_death* this, TGzFile* infile, int version)",
0x49b6e0,?save@type_record_player_death@@UAA_NPAX@Z,type_record_player_death_save,"bool (__thiscall ?save@type_record_player_death@@UAA_NPAX@Z)(type_record_player_death* this, TGzFile* outfile, int version)",
0x49b710,?replay@type_record_player_death@@UAAX_N@Z,type_record_player_death_replay,"void (__thiscall ?replay@type_record_player_death@@UAAX_N@Z)(type_record_player_death* this, int draw)",
0x49b830,retn_function,,,
0x49b840,??_Gtype_record_shroud@@UAAPAXI@Z,op_Gtype_record_shroud,"type_record_shroud* (__thiscall ??_Gtype_record_shroud@@UAAPAXI@Z)(type_record_shroud* Memory, int8)",
0x49b870,??1type_record_shroud@@UAA@XZ,type_record_shroud_dtor,void (__thiscall ??1type_record_shroud@@UAA@XZ)(type_record_shroud* this),
0x49b8a0,?create@type_record_shroud@@SAPAVtype_event_record@@XZ,type_record_shroud_create,type_record_shroud* (__fastcall ?create@type_record_shroud@@SAPAVtype_event_record@@XZ)(type_record_shroud* this),
0x49b8f0,?get_type@type_record_shroud@@UBA?AW4type_event_record_type@@XZ,type_record_shroud_get_type,,
0x49b900,?load@type_record_shroud@@UAA_NPAX@Z,type_record_shroud_load,"bool (__thiscall ?load@type_record_shroud@@UAA_NPAX@Z)(type_record_shroud* this, TGzFile* infile, int version)",
0x49ba60,?save@type_record_shroud@@UAA_NPAX@Z,type_record_shroud_save,"bool (__thiscall ?save@type_record_shroud@@UAA_NPAX@Z)(type_record_shroud* this, TGzFile* outfile, int version)",
0x49bad0,?replay@type_record_shroud@@UAAX_N@Z,type_record_shroud_replay,"void (__thiscall ?replay@type_record_shroud@@UAAX_N@Z)(type_record_shroud* this, bool draw)",
0x49bb90,?undo@type_record_shroud@@UAAXXZ,type_record_shroud_undo,void (__thiscall ?undo@type_record_shroud@@UAAXXZ)(type_record_shroud* this),
0x49bc00,?record_claim_mine@game@@QAAXJJ@Z,game_record_claim_mine,"void (__thiscall ?record_claim_mine@game@@QAAXJJ@Z)(game* this, int id, int new_owner)",
0x49be00,?record_claim_town@game@@QAAXJJ@Z,game_record_claim_town,"void (__thiscall ?record_claim_town@game@@QAAXJJ@Z)(game* this, int id, int new_owner)",
0x49c000,?record_erase_object@game@@QAAXPAVNewmapCell@@Utype_point@@@Z,game_record_erase_object,"void (__thiscall ?record_erase_object@game@@QAAXPAVNewmapCell@@Utype_point@@@Z)(game* this, NewmapCell* cell, type_point point)",
0x49c1d0,sub_49C1D0,,"int (__thiscall sub_49C1D0)(void* this, int, int8, int)",
0x49c390,?record_hide_hero@game@@QAAXPAVhero@@D@Z,game_record_hide_hero,"void (__thiscall ?record_hide_hero@game@@QAAXPAVhero@@D@Z)(game* this, hero* current_hero, int8 old_owner)",
0x49c570,sub_49C570,,"int (__thiscall sub_49C570)(void* this, int, int)",
0x49c790,?record_show_hero@game@@QAAXPAVhero@@DUtype_point@@_N@Z,game_record_show_hero,"void (__thiscall ?record_show_hero@game@@QAAXPAVhero@@DUtype_point@@_N@Z)(game* this, hero*, int8, type_point, bool)",
0x49c9c0,?record_move@game@@QAAXPAVhero@@HUtype_point@@@Z,game_record_move,"void (__thiscall ?record_move@game@@QAAXPAVhero@@HUtype_point@@@Z)(game* this, hero* current_hero, int direction, type_point destination)",
0x49cbc0,?record_teleport@game@@QAAXPAVhero@@Utype_point@@@Z,game_record_teleport,"void (__thiscall ?record_teleport@game@@QAAXPAVhero@@Utype_point@@@Z)(game* this, hero* current_hero, type_point destination)",
0x49cdd0,?SetVisibility@game@@QAAXHHHHH_N@Z,game_SetVisibility,"void (__thiscall ?SetVisibility@game@@QAAXHHHHH_N@Z)(game* this, int startX, int startY, int z, int whichPlayer, int range, int remote_move)",0x9d160
0x49d040,?ResetVisibility@game@@QAAXHHHHH@Z,game_ResetVisibility,"void (__thiscall ?ResetVisibility@game@@QAAXHHHHH@Z)(game* this, int start_x, int start_y, int z, int whichPlayer, int range)",0x9d3d0
0x49d2a0,?clear_event_records@game@@QAAXXZ,game_clear_event_records,void (__thiscall ?clear_event_records@game@@QAAXXZ)(game* this),0x9d630
0x49d330,?clear_event_records@game@@QAAXD@Z,game_clear_event_records,"void (__thiscall ?clear_event_records@game@@QAAXD@Z)(game* this, int8 player_id)",0x9d6c0
0x49d410,?play_recorded_events@game@@QAAXXZ,game_play_recorded_events,void (__thiscall ?play_recorded_events@game@@QAAXXZ)(game* this),
0x49d6e0,?replay_available@game@@QBA_NXZ,game_replay_available,bool (__thiscall ?replay_available@game@@QBA_NXZ)(game* this),
0x49d730,?load_recorded_events@game@@AAA_NPAX@Z,game_load_recorded_events,"bool (__thiscall ?load_recorded_events@game@@AAA_NPAX@Z)(game* this, TGzFile* infile, int version)",
0x49d8d0,?save_recorded_events@game@@AAA_NPAX@Z,game_save_recorded_events,"bool (__thiscall ?save_recorded_events@game@@AAA_NPAX@Z)(game* this, TAbstractFile* outfile, int version)",
0x49d960,sub_49D960,,,
0x49d980,sub_49D980,,,
0x49d9e0,sub_49D9E0,,,
0x49da40,sub_49DA40,,,
0x49dab0,sub_49DAB0,,,
0x49db10,sub_49DB10,,,
0x49db70,sub_49DB70,,,
0x49dbd0,sub_49DBD0,,,
0x49dc30,sub_49DC30,,,
0x49dc90,sub_49DC90,,,
0x49dcf0,sub_49DCF0,,,
0x49dd50,?InitializeAdventureEventText@@YA_NXZ,InitializeAdventureEventText,,
0x49dd70,?InitializeArtifactEventText@@YA_NXZ,InitializeArtifactEventText,,
0x49ddb0,?InitializeRandomSignText@@YA_NXZ,InitializeRandomSignText,,
0x49dde0,?EraseAndFizzle@advManager@@QAAXPAVNewmapCell@@Utype_point@@H@Z,advManager_EraseAndFizzle,"void (__thiscall ?EraseAndFizzle@advManager@@QAAXPAVNewmapCell@@Utype_point@@H@Z)(advManager* this, NewmapCell* eventCell, type_point point, int fizzleSound)",0x9e170
0x49df50,?DoEventShipyard@advManager@@AAAXPAVNewmapCell@@Utype_point@@_N@Z,advManager_DoEventShipyard,"void (__thiscall ?DoEventShipyard@advManager@@AAAXPAVNewmapCell@@Utype_point@@_N@Z)(advManager* this, NewmapCell*, type_point, bool)",
0x49e2e0,?DoEventAnchor@advManager@@AAAXPAVhero@@_N@Z,advManager_DoEventAnchor,"void (__thiscall ?DoEventAnchor@advManager@@AAAXPAVhero@@_N@Z)(advManager* this, hero* current_hero, bool human_player)",
0x49e440,?DoEventArena@advManager@@AAAXPAVhero@@PAVNewmapCell@@_N@Z,advManager_DoEventArena,"void (__thiscall ?DoEventArena@advManager@@AAAXPAVhero@@PAVNewmapCell@@_N@Z)(advManager* this, hero*, NewmapCell*, bool)",
0x49e560,?GiveArtifact@advManager@@AAAXPAVhero@@Utype_point@@_N@Z,advManager_GiveArtifact,"void (__thiscall ?GiveArtifact@advManager@@AAAXPAVhero@@Utype_point@@_N@Z)(advManager* this, hero* current_hero, type_point point, bool human_player)",
0x49e6b0,?FightForArtifact@advManager@@AAAXPAVhero@@PAVNewmapCell@@Utype_point@@_N@Z,advManager_FightForArtifact,"void (__thiscall ?FightForArtifact@advManager@@AAAXPAVhero@@PAVNewmapCell@@Utype_point@@_N@Z)(advManager* this, hero* current_hero, NewmapCell* cell, type_point point, bool32 human_player)",
0x49e9c0,?PayForArtifact@advManager@@AAAXPAVhero@@PAVNewmapCell@@Utype_point@@PBDFF_N@Z,advManager_PayForArtifact,"void (__thiscall ?PayForArtifact@advManager@@AAAXPAVhero@@PAVNewmapCell@@Utype_point@@PBDFF_N@Z)(advManager* this, hero* current_hero, NewmapCell* cell, type_point point, int8* dialog_text, int16 gold_cost, int16 resource_cost, bool human_player)",
0x49ecb0,?get_treasure_data@advManager@@QBAPAVTreasureData@@PAVNewmapCell@@@Z,advManager_get_treasure_data,"TreasureData* (__thiscall ?get_treasure_data@advManager@@QBAPAVTreasureData@@PAVNewmapCell@@@Z)(advManager* this, NewmapCell* this_cell)",0x9f040
0x49ece0,?DoCustomArtifact@advManager@@AAAXPAVhero@@PAVNewmapCell@@Utype_point@@_N@Z,advManager_DoCustomArtifact,"void (__thiscall ?DoCustomArtifact@advManager@@AAAXPAVhero@@PAVNewmapCell@@Utype_point@@_N@Z)(advManager* this, hero* current_hero, NewmapCell* cell, type_point point, bool human_player)",
0x49f450,?DoEventArtifact@advManager@@AAAXPAVhero@@PAVNewmapCell@@Utype_point@@_N@Z,advManager_DoEventArtifact,"void (__thiscall ?DoEventArtifact@advManager@@AAAXPAVhero@@PAVNewmapCell@@Utype_point@@_N@Z)(advManager* this, hero* current_hero, NewmapCell* cell, type_point point, bool human_player)",
0x49f700,?GiveBlackBoxReward@advManager@@AAA_NPBDPAVhero@@PAVNewmapCell@@Utype_point@@_NPAVBlackBoxData@@@Z,advManager_GiveBlackBoxReward,"bool (__thiscall ?GiveBlackBoxReward@advManager@@AAA_NPBDPAVhero@@PAVNewmapCell@@Utype_point@@_NPAVBlackBoxData@@@Z)(advManager* this, int8* text, hero* current_hero, NewmapCell* cell, type_point point, BOOL human_player, BlackBoxData* black_box)",
0x4a0770,show_rewards,,"void (__fastcall show_rewards)(std::string** text, std::vector_type_dialog_resource_* rewards, int threshold)",
0x4a0890,?get_black_box@advManager@@QBAPAVBlackBoxData@@PBUExtraInfoUnion@@@Z,advManager_get_black_box,"BlackBoxData* (__thiscall ?get_black_box@advManager@@QBAPAVBlackBoxData@@PBUExtraInfoUnion@@@Z)(advManager* this, ExtraInfoUnion* infounion)",0xa0c20
0x4a08c0,?DoEventBlackBox@advManager@@AAAXPAVhero@@PAVNewmapCell@@Utype_point@@_N@Z,advManager_DoEventBlackBox,"int (__thiscall ?DoEventBlackBox@advManager@@AAAXPAVhero@@PAVNewmapCell@@Utype_point@@_N@Z)(advManager* this, hero*, NewmapCell*, type_point, bool)",
0x4a0b40,?HandleMapEvent@advManager@@AAAXPAVhero@@PAVNewmapCell@@Utype_point@@_N@Z,advManager_HandleMapEvent,"void (__thiscall ?HandleMapEvent@advManager@@AAAXPAVhero@@PAVNewmapCell@@Utype_point@@_N@Z)(advManager* this, hero* current_hero, NewmapCell* cell, type_point point, bool human_player)",
0x4a0c80,?DoEventBoat@advManager@@AAAXPAVhero@@PAVNewmapCell@@@Z,advManager_DoEventBoat,"void (__thiscall ?DoEventBoat@advManager@@AAAXPAVhero@@PAVNewmapCell@@@Z)(advManager* this, hero*, NewmapCell*)",
0x4a0d90,?DoEventCampfire@advManager@@AAAXPAVhero@@PAVNewmapCell@@Utype_point@@_N@Z,advManager_DoEventCampfire,"void (__thiscall ?DoEventCampfire@advManager@@AAAXPAVhero@@PAVNewmapCell@@Utype_point@@_N@Z)(advManager* this, hero*, NewmapCell*, type_point, bool)",
0x4a0f60,?DoEventIdol@advManager@@AAAXPAVhero@@PAVNewmapCell@@_N@Z,advManager_DoEventIdol,"void (__thiscall ?DoEventIdol@advManager@@AAAXPAVhero@@PAVNewmapCell@@_N@Z)(advManager* this, hero*, NewmapCell*, bool)",
0x4a1120,?DoEventCoverOfDarkness@advManager@@AAAXPAVNewmapCell@@Utype_point@@_N@Z,advManager_DoEventCoverOfDarkness,"void (__thiscall ?DoEventCoverOfDarkness@advManager@@AAAXPAVNewmapCell@@Utype_point@@_N@Z)(advManager* this, NewmapCell*, type_point, bool)",
0x4a1210,?DoEventCreatureBank@advManager@@AAAXPAVhero@@PAVNewmapCell@@Utype_point@@_N@Z,advManager_DoEventCreatureBank,"void (__thiscall ?DoEventCreatureBank@advManager@@AAAXPAVhero@@PAVNewmapCell@@Utype_point@@_N@Z)(advManager* this, hero* current_hero, NewmapCell* cell, type_point point, bool32 human_player)",
0x4a1520,?DoEventCreatureGenerator@advManager@@AAAXPAVhero@@PAVNewmapCell@@Utype_point@@_N@Z,advManager_DoEventCreatureGenerator,"void (__thiscall ?DoEventCreatureGenerator@advManager@@AAAXPAVhero@@PAVNewmapCell@@Utype_point@@_N@Z)(advManager* this, hero* current_hero, NewmapCell* cell, type_point point, bool32 human_player)",
0x4a1cc0,?DoEventDefenseTower@advManager@@AAAXPAVhero@@PAVNewmapCell@@_N@Z,advManager_DoEventDefenseTower,"void (__thiscall ?DoEventDefenseTower@advManager@@AAAXPAVhero@@PAVNewmapCell@@_N@Z)(advManager* this, hero*, NewmapCell*, bool)",
0x4a1db0,?do_event_dragon_city@advManager@@AAAXPAVhero@@PAVNewmapCell@@Utype_point@@_N@Z,advManager_do_event_dragon_city,"void (__thiscall ?do_event_dragon_city@advManager@@AAAXPAVhero@@PAVNewmapCell@@Utype_point@@_N@Z)(advManager* this, hero*, NewmapCell*, type_point, bool)",
0x4a1ea0,?DoEventFlotsam@advManager@@AAAXPAVhero@@PAVNewmapCell@@Utype_point@@_N@Z,advManager_DoEventFlotsam,"void (__thiscall ?DoEventFlotsam@advManager@@AAAXPAVhero@@PAVNewmapCell@@Utype_point@@_N@Z)(advManager* this, hero*, NewmapCell*, type_point, bool)",
0x4a20f0,?DoEventFountain@advManager@@AAAXPAVhero@@PAVNewmapCell@@_N@Z,advManager_DoEventFountain,"void (__thiscall ?DoEventFountain@advManager@@AAAXPAVhero@@PAVNewmapCell@@_N@Z)(advManager* this, hero*, NewmapCell*, bool)",
0x4a2260,?DoEventFountainOfYouth@advManager@@AAAXPAVhero@@PAVNewmapCell@@_N@Z,advManager_DoEventFountainOfYouth,"void (__thiscall ?DoEventFountainOfYouth@advManager@@AAAXPAVhero@@PAVNewmapCell@@_N@Z)(advManager* this, hero*, NewmapCell*, bool)",
0x4a2380,?DoEventGarden@advManager@@AAAXPAVhero@@PAVNewmapCell@@_N@Z,advManager_DoEventGarden,"void (__thiscall ?DoEventGarden@advManager@@AAAXPAVhero@@PAVNewmapCell@@_N@Z)(advManager* this, hero*, NewmapCell*, bool)",
0x4a2470,?do_event_hero@advManager@@AAAXPAVhero@@PAVNewmapCell@@Utype_point@@_N@Z,advManager_do_event_hero,"void (__thiscall ?do_event_hero@advManager@@AAAXPAVhero@@PAVNewmapCell@@Utype_point@@_N@Z)(advManager* this, hero* current_hero, NewmapCell* cell, type_point point, bool human_player)",
0x4a25b0,exchange_spells,,"void (__fastcall exchange_spells)(hero* first_hero, hero* second_hero)",
0x4a2e10,?DoEventLeanTo@advManager@@AAAXPAVhero@@PAVNewmapCell@@_N@Z,advManager_DoEventLeanTo,"void (__thiscall ?DoEventLeanTo@advManager@@AAAXPAVhero@@PAVNewmapCell@@_N@Z)(advManager* this, hero* current_hero, NewmapCell* cell, bool human_player)",
0x4a2ef0,?DoEventLibrary@advManager@@AAAXPAVhero@@PAVNewmapCell@@_N@Z,advManager_DoEventLibrary,"void (__thiscall ?DoEventLibrary@advManager@@AAAXPAVhero@@PAVNewmapCell@@_N@Z)(advManager* this, hero*, NewmapCell*, bool)",
0x4a3050,?DoEventMagicSchool@advManager@@AAAXPAVhero@@PAVNewmapCell@@Utype_point@@_N@Z,advManager_DoEventMagicSchool,"void (__thiscall ?DoEventMagicSchool@advManager@@AAAXPAVhero@@PAVNewmapCell@@Utype_point@@_N@Z)(advManager* this, hero* current_hero, NewmapCell* cell, type_point point, bool human_player)",
0x4a3200,?DoEventMagicSpring@advManager@@AAAXPAVhero@@PAVNewmapCell@@_N@Z,advManager_DoEventMagicSpring,"void (__thiscall ?DoEventMagicSpring@advManager@@AAAXPAVhero@@PAVNewmapCell@@_N@Z)(advManager* this, hero*, NewmapCell*, bool)",
0x4a33a0,?DoEventMagicWell@advManager@@AAAXPAVhero@@PAVNewmapCell@@_N@Z,advManager_DoEventMagicWell,"void (__thiscall ?DoEventMagicWell@advManager@@AAAXPAVhero@@PAVNewmapCell@@_N@Z)(advManager* this, hero* current_hero, NewmapCell* cell, bool human_player)",
0x4a3520,?DoEventMercenaryCamp@advManager@@AAAXPAVhero@@PAVNewmapCell@@_N@Z,advManager_DoEventMercenaryCamp,"void (__thiscall ?DoEventMercenaryCamp@advManager@@AAAXPAVhero@@PAVNewmapCell@@_N@Z)(advManager* this, hero*, NewmapCell*, bool)",
0x4a3610,?DoEventMine@advManager@@AAAXPAVNewmapCell@@PAVhero@@Utype_point@@_N@Z,advManager_DoEventMine,"void (__thiscall ?DoEventMine@advManager@@AAAXPAVNewmapCell@@PAVhero@@Utype_point@@_N@Z)(advManager* this, NewmapCell* eventCell, hero* leftHero, type_point point, bool leave_guards)",
0x4a3830,?DoEventMysticalGarden@advManager@@AAAXPAVhero@@PAVNewmapCell@@_N@Z,advManager_DoEventMysticalGarden,"void (__thiscall ?DoEventMysticalGarden@advManager@@AAAXPAVhero@@PAVNewmapCell@@_N@Z)(advManager* this, hero* current_hero, NewmapCell* cell, bool human_player)",
0x4a3910,?DoEventOasis@advManager@@AAAXPAVhero@@PAVNewmapCell@@_N@Z,advManager_DoEventOasis,"void (__thiscall ?DoEventOasis@advManager@@AAAXPAVhero@@PAVNewmapCell@@_N@Z)(advManager* this, hero*, NewmapCell*, bool)",
0x4a3a30,?DoEventPowerSchool@advManager@@AAAXPAVhero@@PAVNewmapCell@@_N@Z,advManager_DoEventPowerSchool,"void (__thiscall ?DoEventPowerSchool@advManager@@AAAXPAVhero@@PAVNewmapCell@@_N@Z)(advManager* this, hero* current_hero, NewmapCell* cell, bool human_player)",
0x4a3b20,?DoEventPrison@advManager@@AAAXPAVhero@@PAVNewmapCell@@Utype_point@@_N@Z,advManager_DoEventPrison,"void (__thiscall ?DoEventPrison@advManager@@AAAXPAVhero@@PAVNewmapCell@@Utype_point@@_N@Z)(advManager* this, hero* current_hero, NewmapCell* cell, type_point point, bool human_player)",
0x4a3ea0,?do_event_pyramid@advManager@@AAAXPAVhero@@PAVNewmapCell@@Utype_point@@_N@Z,advManager_do_event_pyramid,"void (__thiscall ?do_event_pyramid@advManager@@AAAXPAVhero@@PAVNewmapCell@@Utype_point@@_N@Z)(advManager* this, hero*, NewmapCell*, type_point, bool)",
0x4a4130,?DoEventRallyFlag@advManager@@AAAXPAVhero@@PAVNewmapCell@@_N@Z,advManager_DoEventRallyFlag,"void (__thiscall ?DoEventRallyFlag@advManager@@AAAXPAVhero@@PAVNewmapCell@@_N@Z)(advManager* this, hero*, NewmapCell*, bool)",
0x4a4270,?DoEventRefugeeCamp@advManager@@AAAXPAVhero@@PAVNewmapCell@@_N@Z,advManager_DoEventRefugeeCamp,"void (__thiscall ?DoEventRefugeeCamp@advManager@@AAAXPAVhero@@PAVNewmapCell@@_N@Z)(advManager* this, hero* current_hero, NewmapCell* cell, bool human_player)",
0x4a43f0,?DoCustomResource@advManager@@AAAXPAVNewmapCell@@PAVhero@@Utype_point@@_N@Z,advManager_DoCustomResource,"void (__thiscall ?DoCustomResource@advManager@@AAAXPAVNewmapCell@@PAVhero@@Utype_point@@_N@Z)(advManager* this, NewmapCell* cell, hero* current_hero, type_point point, bool human_player)",
0x4a4850,?DoEventResource@advManager@@AAAXPAVNewmapCell@@PAVhero@@Utype_point@@_N@Z,advManager_DoEventResource,"void (__thiscall ?DoEventResource@advManager@@AAAXPAVNewmapCell@@PAVhero@@Utype_point@@_N@Z)(advManager* this, NewmapCell* cell, hero* current_hero, type_point point, bool human_player)",
0x4a4a30,?DoEventScholar@advManager@@AAAXPAVhero@@PAVNewmapCell@@Utype_point@@_N@Z,advManager_DoEventScholar,"void (__thiscall ?DoEventScholar@advManager@@AAAXPAVhero@@PAVNewmapCell@@Utype_point@@_N@Z)(advManager* this, hero*, NewmapCell*, type_point, bool)",
0x4a4ca0,?DoEventSeaChest@advManager@@AAAXPAVhero@@PAVNewmapCell@@Utype_point@@_N@Z,advManager_DoEventSeaChest,"void (__thiscall ?DoEventSeaChest@advManager@@AAAXPAVhero@@PAVNewmapCell@@Utype_point@@_N@Z)(advManager* this, hero*, NewmapCell*, type_point, bool)",
0x4a4f10,?DoEventSurvivor@advManager@@AAAXPAVhero@@PAVNewmapCell@@Utype_point@@_N@Z,advManager_DoEventSurvivor,"void (__thiscall ?DoEventSurvivor@advManager@@AAAXPAVhero@@PAVNewmapCell@@Utype_point@@_N@Z)(advManager* this, hero*, NewmapCell*, type_point, bool)",
0x4a50f0,?DoEventSkeleton@advManager@@AAAXPAVhero@@PAVNewmapCell@@_N@Z,advManager_DoEventSkeleton,"void (__stdcall ?DoEventSkeleton@advManager@@AAAXPAVhero@@PAVNewmapCell@@_N@Z)(advManager* this, hero*, NewmapCell*, bool)",
0x4a5280,?DoEventShrine@advManager@@AAAXPAVhero@@PAVNewmapCell@@PBDW4GlobalInfoFlags@@_N@Z,advManager_DoEventShrine,"void (__thiscall ?DoEventShrine@advManager@@AAAXPAVhero@@PAVNewmapCell@@PBDW4GlobalInfoFlags@@_N@Z)(advManager* this, hero* current_hero, NewmapCell* cell, int8* prompt, GlobalInfoFlags type, bool human_player)",
0x4a55d0,?GetTeam@game@@QBAHH@Z,game_GetTeam,"int (__thiscall ?GetTeam@game@@QBAHH@Z)(game* this, int)",0xa5960
0x4a55f0,?DoEventSiren@advManager@@AAAXPAVhero@@PAVNewmapCell@@_N@Z,advManager_DoEventSiren,"void (__thiscall ?DoEventSiren@advManager@@AAAXPAVhero@@PAVNewmapCell@@_N@Z)(advManager* this, hero*, NewmapCell*, bool)",
0x4a56f0,?DoCustomSpellScroll@advManager@@AAAXPAVhero@@PAVNewmapCell@@Utype_point@@_N@Z,advManager_DoCustomSpellScroll,"void (__thiscall ?DoCustomSpellScroll@advManager@@AAAXPAVhero@@PAVNewmapCell@@Utype_point@@_N@Z)(advManager* this, hero* current_hero, NewmapCell* cell, type_point point, bool32 human_player)",
0x4a5b10,?DoEventSpellScroll@advManager@@AAAXPAVhero@@PAVNewmapCell@@Utype_point@@_N@Z,advManager_DoEventSpellScroll,"void (__thiscall ?DoEventSpellScroll@advManager@@AAAXPAVhero@@PAVNewmapCell@@Utype_point@@_N@Z)(advManager* this, hero*, NewmapCell*, type_point, bool)",
0x4a5d10,?DoEventStables@advManager@@AAAXPAVhero@@PAVNewmapCell@@_N@Z,advManager_DoEventStables,"void (__thiscall ?DoEventStables@advManager@@AAAXPAVhero@@PAVNewmapCell@@_N@Z)(advManager* this, hero*, NewmapCell*, bool)",
0x4a5e70,?DoEventTemple@advManager@@AAAXPAVhero@@PAVNewmapCell@@_N@Z,advManager_DoEventTemple,"void (__thiscall ?DoEventTemple@advManager@@AAAXPAVhero@@PAVNewmapCell@@_N@Z)(advManager* this, hero*, NewmapCell*, bool)",
0x4a5fa0,?DoEventTrainingGrounds@advManager@@AAAXPAVhero@@PAVNewmapCell@@_N@Z,advManager_DoEventTrainingGrounds,"void (__thiscall ?DoEventTrainingGrounds@advManager@@AAAXPAVhero@@PAVNewmapCell@@_N@Z)(advManager* this, hero* current_hero, NewmapCell* cell, bool human_player)",
0x4a60b0,?DoTreasureDialog@advManager@@AAAXPAVhero@@H_N@Z,advManager_DoTreasureDialog,"void (__thiscall ?DoTreasureDialog@advManager@@AAAXPAVhero@@H_N@Z)(advManager* this, hero* this_hero, int amount, bool human_player)",
0x4a6190,?DoEventTreasure@advManager@@AAAXPAVhero@@PAVNewmapCell@@Utype_point@@_N@Z,advManager_DoEventTreasure,"void (__thiscall ?DoEventTreasure@advManager@@AAAXPAVhero@@PAVNewmapCell@@Utype_point@@_N@Z)(advManager* this, hero* current_hero, NewmapCell* cell, type_point point, bool human_player)",
0x4a6380,?DoEventTreeOfKnowledge@advManager@@AAAXPAVhero@@PAVNewmapCell@@_N@Z,advManager_DoEventTreeOfKnowledge,"void (__thiscall ?DoEventTreeOfKnowledge@advManager@@AAAXPAVhero@@PAVNewmapCell@@_N@Z)(advManager* this, hero* current_hero, NewmapCell* cell, bool human_player)",
0x4a6620,?DoEventWagon@advManager@@AAAXPAVhero@@PAVNewmapCell@@_N@Z,advManager_DoEventWagon,"void (__thiscall ?DoEventWagon@advManager@@AAAXPAVhero@@PAVNewmapCell@@_N@Z)(advManager* this, hero*, NewmapCell*, bool)",
0x4a67a0,?monsters_give_reward@advManager@@AAAXPAVhero@@PAVNewmapCell@@_N@Z,advManager_monsters_give_reward,"void (__thiscall ?monsters_give_reward@advManager@@AAAXPAVhero@@PAVNewmapCell@@_N@Z)(advManager* this, hero* current_hero, NewmapCell* cell, bool human_player)",
0x4a68d0,?monsters_fight@advManager@@AAAXPAVhero@@PAVNewmapCell@@Utype_point@@_N@Z,advManager_monsters_fight,"void (__thiscall ?monsters_fight@advManager@@AAAXPAVhero@@PAVNewmapCell@@Utype_point@@_N@Z)(advManager* this, hero* current_hero, NewmapCell* cell, type_point point, bool human_player)",
0x4a6a60,?monsters_flee@advManager@@AAAXPAVhero@@PAVNewmapCell@@Utype_point@@_N@Z,advManager_monsters_flee,"void (__thiscall ?monsters_flee@advManager@@AAAXPAVhero@@PAVNewmapCell@@Utype_point@@_N@Z)(advManager* this, hero* current_hero, NewmapCell* cell, type_point point, bool human_player)",
0x4a6c70,?monsters_join@advManager@@AAA_NPAVhero@@PAVNewmapCell@@Utype_point@@_N3@Z,advManager_monsters_join,"bool (__thiscall ?monsters_join@advManager@@AAA_NPAVhero@@PAVNewmapCell@@Utype_point@@_N3@Z)(advManager* this, hero* current_hero, NewmapCell* cell, type_point point, bool want_to_fight, bool human_player)",
0x4a6ec0,?monsters_sell_out@advManager@@AAA_NPAVhero@@PAVNewmapCell@@Utype_point@@_N3@Z,advManager_monsters_sell_out,"bool (__thiscall ?monsters_sell_out@advManager@@AAA_NPAVhero@@PAVNewmapCell@@Utype_point@@_N3@Z)(advManager* this, hero* current_hero, NewmapCell* cell, type_point point, bool want_to_fight, bool human_player)",
0x4a7230,?get_like_modifier@advManager@@CAHPAVhero@@W4TCreatureType@@@Z,advManager_get_like_modifier,"int (__fastcall ?get_like_modifier@advManager@@CAHPAVhero@@W4TCreatureType@@@Z)(hero* current_hero, TCreatureType creature)",0xa75c0
0x4a7330,?get_force_modifier@advManager@@CAHM@Z,advManager_get_force_modifier,int (__fastcall ?get_force_modifier@advManager@@CAHM@Z)(float strength_ratio),0xa76c0
0x4a73b0,?DoWanderingMonsterResult@advManager@@AAAXPAVNewmapCell@@PAVhero@@Utype_point@@_N@Z,advManager_DoWanderingMonsterResult,"void (__thiscall ?DoWanderingMonsterResult@advManager@@AAAXPAVNewmapCell@@PAVhero@@Utype_point@@_N@Z)(advManager* this, NewmapCell* cell, hero* current_hero, type_point point, bool32 human_player)",
0x4a7630,?DoEventWanderingMonster@advManager@@AAAXPAVNewmapCell@@PAVhero@@Utype_point@@_N@Z,advManager_DoEventWanderingMonster,"void (__thiscall ?DoEventWanderingMonster@advManager@@AAAXPAVNewmapCell@@PAVhero@@Utype_point@@_N@Z)(advManager* this, NewmapCell* cell, hero* current_hero, type_point* point, bool human_player)",
0x4a76b0,?DoEventWarSchool@advManager@@AAAXPAVhero@@PAVNewmapCell@@_N@Z,advManager_DoEventWarSchool,"void (__thiscall ?DoEventWarSchool@advManager@@AAAXPAVhero@@PAVNewmapCell@@_N@Z)(advManager* this, hero* current_hero, NewmapCell* cell, bool human_player)",
0x4a78a0,?do_event_warrior_tomb@advManager@@AAAXPAVhero@@PAVNewmapCell@@_N@Z,advManager_do_event_warrior_tomb,"void (__thiscall ?do_event_warrior_tomb@advManager@@AAAXPAVhero@@PAVNewmapCell@@_N@Z)(advManager* this, hero* current_hero, NewmapCell* cell, bool human_player)",
0x4a7a50,?do_event_water_wheel@advManager@@AAAXPAVhero@@PAVNewmapCell@@_N@Z,advManager_do_event_water_wheel,"void (__thiscall ?do_event_water_wheel@advManager@@AAAXPAVhero@@PAVNewmapCell@@_N@Z)(advManager* this, hero*, NewmapCell*, bool)",
0x4a7b10,?do_event_watering_hole@advManager@@AAAXPAVhero@@PAVNewmapCell@@_N@Z,advManager_do_event_watering_hole,"void (__thiscall ?do_event_watering_hole@advManager@@AAAXPAVhero@@PAVNewmapCell@@_N@Z)(advManager* this, hero*, NewmapCell*, bool)",
0x4a7c30,?do_event_windmill@advManager@@AAAXPAVhero@@PAVNewmapCell@@_N@Z,advManager_do_event_windmill,"void (__thiscall ?do_event_windmill@advManager@@AAAXPAVhero@@PAVNewmapCell@@_N@Z)(advManager* this, hero*, NewmapCell*, bool)",
0x4a7cf0,?do_event_witch_hut@advManager@@AAAXPAVhero@@PAVNewmapCell@@_N@Z,advManager_do_event_witch_hut,"void (__thiscall ?do_event_witch_hut@advManager@@AAAXPAVhero@@PAVNewmapCell@@_N@Z)(advManager* this, hero*, NewmapCell*, bool)",
0x4a7ea0,?do_event_lith_one_way@advManager@@AAAXPAVhero@@PAVNewmapCell@@_N@Z,advManager_do_event_lith_one_way,"void (__thiscall ?do_event_lith_one_way@advManager@@AAAXPAVhero@@PAVNewmapCell@@_N@Z)(advManager* this, hero*, NewmapCell*, bool)",
0x4a8000,?do_event_lith_two_way@advManager@@AAAXPAVhero@@PAVNewmapCell@@_N@Z,advManager_do_event_lith_two_way,"void (__thiscall ?do_event_lith_two_way@advManager@@AAAXPAVhero@@PAVNewmapCell@@_N@Z)(advManager* this, hero*, NewmapCell*, bool)",
0x4a8160,?DispatchEvent@advManager@@AAAXPAVhero@@PAVNewmapCell@@Utype_point@@_N@Z,advManager_DispatchEvent,"void (__thiscall ?DispatchEvent@advManager@@AAAXPAVhero@@PAVNewmapCell@@Utype_point@@_N@Z)(advManager* this, hero* current_hero, NewmapCell* cell, type_point point, bool32 human_player)",
0x4aa6b0,??1type_university_skill_button@@UAA@XZ,type_university_skill_button_dtor,void (__thiscall ??1type_university_skill_button@@UAA@XZ)(type_university_skill_button* this),
0x4aa710,?DoEvent@advManager@@QAAXPAVNewmapCell@@Utype_point@@@Z,advManager_DoEvent,"void (__thiscall ?DoEvent@advManager@@QAAXPAVNewmapCell@@Utype_point@@@Z)(advManager* this, NewmapCell* eventCell, type_point point)",
0x4aa820,?EraseObj@advManager@@QAAXPAVNewmapCell@@Utype_point@@_N@Z,advManager_EraseObj,"void (__thiscall ?EraseObj@advManager@@QAAXPAVNewmapCell@@Utype_point@@_N@Z)(advManager* this, NewmapCell* thisCell, type_point point, bool record)",0xaabb0
0x4aaa60,?HeroSwap@advManager@@QAAXPAVhero@@0@Z,advManager_HeroSwap,"void (__thiscall ?HeroSwap@advManager@@QAAXPAVhero@@0@Z)(advManager* this, hero* left, hero* right)",
0x4aac40,exception_related_4AAC40,,void (__thiscall exception_related_4AAC40)(void* this),
0x4aacc0,?TownEvent@advManager@@QAAXPAVNewmapCell@@Utype_point@@_N@Z,advManager_TownEvent,"void (__thiscall ?TownEvent@advManager@@QAAXPAVNewmapCell@@Utype_point@@_N@Z)(advManager* this, NewmapCell* cell, type_point point, bool human_player)",
0x4ab100,?EventSound@advManager@@AAAXPAVNewmapCell@@@Z,advManager_EventSound,"void (__thiscall ?EventSound@advManager@@AAAXPAVNewmapCell@@@Z)(advManager* this, int eventID, int extraInfo)",0xab410
0x4ab740,?GeneratorEvent@advManager@@QAAXPAVhero@@PAVNewmapCell@@Utype_point@@@Z,advManager_GeneratorEvent,"void (__thiscall ?GeneratorEvent@advManager@@QAAXPAVhero@@PAVNewmapCell@@Utype_point@@@Z)(advManager* this, hero* who, NewmapCell* eventCell, type_point point)",
0x4abab0,?CreatureBankEvent@advManager@@AAAHPAVhero@@PAVNewmapCell@@PADUtype_point@@_N@Z,advManager_CreatureBankEvent,"int (__thiscall ?CreatureBankEvent@advManager@@AAAHPAVhero@@PAVNewmapCell@@PADUtype_point@@_N@Z)(advManager* this, hero* who, NewmapCell* cell, int8* cText, type_point point, BOOL human_player)",
0x4ac180,?do_event_undead_lair@advManager@@AAAXPAVhero@@PAVNewmapCell@@PBD22KUtype_point@@@Z,advManager_do_event_undead_lair,"void (__thiscall ?do_event_undead_lair@advManager@@AAAXPAVhero@@PAVNewmapCell@@PBD22KUtype_point@@@Z)(advManager* this, hero* current_hero, NewmapCell* cell, int8* question_text, int8* empty_text, int8* reward_text, unsigned int visited_flag, type_point point)",
0x4ac270,?CombatMonsterEvent@advManager@@QAAHPAVhero@@W4TCreatureType@@PAHPAVNewmapCell@@Utype_point@@1HH1HH@Z,advManager_CombatMonsterEvent,"int (__thiscall ?CombatMonsterEvent@advManager@@QAAHPAVhero@@W4TCreatureType@@PAHPAVNewmapCell@@Utype_point@@1HH1HH@Z)(advManager* this, hero* who, TCreatureType monType, int* numMons, NewmapCell* eventCell, type_point point, TCreatureType monType2, int numMons2, int numGroups2, TCreatureType monType3, int numMons3, int numGroups3)",
0x4ac620,?HeroLoses@advManager@@QAAXPAVhero@@H@Z,advManager_HeroLoses,"void (__thiscall ?HeroLoses@advManager@@QAAXPAVhero@@H@Z)(advManager* this, hero* who, int vanish_sound)",
0x4ac790,?DoWhirlpool@advManager@@QAAXPAVhero@@@Z,advManager_DoWhirlpool,"void (__thiscall ?DoWhirlpool@advManager@@QAAXPAVhero@@@Z)(advManager* this, hero* h)",
0x4ac8a0,?FizzleCenter@advManager@@QAAXH@Z,advManager_FizzleCenter,"void (__thiscall ?FizzleCenter@advManager@@QAAXH@Z)(advManager* this, int whichSound)",0xacbb0
0x4ac990,?DoAIEvent@advManager@@QAAXPAVNewmapCell@@PAVhero@@Utype_point@@@Z,advManager_DoAIEvent,"void (__thiscall ?DoAIEvent@advManager@@QAAXPAVNewmapCell@@PAVhero@@Utype_point@@@Z)(advManager* this, NewmapCell* cell, hero* current_hero, type_point point)",
0x4aca60,?DoNetCombat@advManager@@QAAHPAVCCombatInitMsg@@@Z,advManager_DoNetCombat,"int (__thiscall ?DoNetCombat@advManager@@QAAHPAVCCombatInitMsg@@@Z)(advManager* this, CCombatInitMsg* msg)",
0x4acdd0,??1town@@QAA@XZ,town_dtor,void (__thiscall ??1town@@QAA@XZ)(town* this),0xad0e0
0x4ace20,sub_4ACE20,,void (__thiscall sub_4ACE20)(CCombatInitMsg* this),
0x4acee0,CCombatInitMsg::read,,"int8 (__thiscall CCombatInitMsg::read)(CCombatInitMsg* this, TAbstractFile* infile)",
0x4ad030,CCombatInitMsg::write,,"int8 (__thiscall CCombatInitMsg::write)(CCombatInitMsg* this, TAbstractFile* outfile)",
0x4ad160,?DoCombat@advManager@@QAAHUtype_point@@PAVhero@@PAVarmyGroup@@JPAVtown@@12H_N4@Z,advManager_DoCombat,"int (__thiscall ?DoCombat@advManager@@QAAHUtype_point@@PAVhero@@PAVarmyGroup@@JPAVtown@@12H_N4@Z)(advManager* this, type_point point, hero* leftHero, armyGroup* leftArmyGroup, int iRightPlayer, town* rightTown, hero* rightHero, armyGroup* rightArmyGroup, int iSeed, int bFinishHeroes, int alternate_layout)",
0x4ae6a0,sub_4AE6A0,,,
0x4ae6f0,sub_4AE6F0,,void (__thiscall sub_4AE6F0)(int this),
0x4ae7f0,sub_4AE7F0,,void (__thiscall sub_4AE7F0)(TDialogBox* this),
0x4ae840,?SendHeroTownData@advManager@@QAAXUtype_point@@PAVhero@@PAVarmyGroup@@JPAVtown@@12HHH_N4@Z,advManager_SendHeroTownData,"void (__thiscall ?SendHeroTownData@advManager@@QAAXUtype_point@@PAVhero@@PAVarmyGroup@@JPAVtown@@12HHH_N4@Z)(advManager* this, type_point point, hero* leftHero, armyGroup* leftArmyGroup, int right_player, town* rightTown, hero* rightHero, armyGroup* rightArmyGroup, int iSeed, int toWhoNetPos, int iWinner, bool bRetreatWin, bool bCombatSurrender)",
0x4aebd0,?ReceiveHeroTownData@advManager@@QAAXPAVCCombatInitMsg@@PAHAAUtype_point@@PAPAVhero@@PAPAVarmyGroup@@1PAPAVtown@@341PACPA_N7@Z,advManager_ReceiveHeroTownData,"void (__thiscall ?ReceiveHeroTownData@advManager@@QAAXPAVCCombatInitMsg@@PAHAAUtype_point@@PAPAVhero@@PAPAVarmyGroup@@1PAPAVtown@@341PACPA_N7@Z)(advManager* this, CCombatInitMsg* pCombatInitMsg, int* iFromWho, type_point* point, hero** leftHero, armyGroup** leftArmyGroup, int* right_player, town** rightTown, hero** rightHero, armyGroup** rightArmyGroup, int* iSeed, int8* iWinner, bool* bRetreatWin, bool* bCombatSurrender)",
0x4aefb0,sub_4AEFB0,,void (__thiscall sub_4AEFB0)(int this),
0x4af020,sub_4AF020,,"int8* (__thiscall sub_4AF020)(int this, int8*, int8*)",
0x4af1b0,sub_4AF1B0,,,
0x4af200,sub_4AF200,,"void* (__thiscall sub_4AF200)(void* this, void*, int*)",
0x4af240,retn_8_function,,"void (__stdcall retn_8_function)(void* first, void* last)",
0x4af250,sub_4AF250,,"unsigned int (__thiscall sub_4AF250)(void* this, int8*, unsigned int, int8*)",
0x4af500,sub_4AF500,,,
0x4af540,sub_4AF540,,,
0x4af570,sub_4AF570,,,
0x4af5b0,sub_4AF5B0,,,
0x4af710,sub_4AF710,,,
0x4af880,std::vector::_copy,,,
0x4af890,sub_4AF890,,,
0x4afa00,sub_4AFA00,,,
0x4afa10,sub_4AFA10,,,
0x4afd60,sub_4AFD60,,,
0x4afdf0,sub_4AFDF0,,,
0x4afe10,sub_4AFE10,,,
0x4b00b0,sub_4B00B0,,,
0x4b0160,sub_4B0160,,,
0x4b0290,sub_4B0290,,,
0x4b02f0,sub_4B02F0,,,
0x4b0350,sub_4B0350,,,
0x4b03c0,sub_4B03C0,,,
0x4b0420,sub_4B0420,,,
0x4b0480,sub_4B0480,,,
0x4b04e0,sub_4B04E0,,,
0x4b0540,sub_4B0540,,,
0x4b05a0,sub_4B05A0,,,
0x4b0600,sub_4B0600,,,
0x4b0660,??0executive@@QAA@XZ,executive_ctor,executive* (__thiscall ??0executive@@QAA@XZ)(executive* this),0xb0900
0x4b0670,?InitSystem@executive@@QAAHXZ,executive_InitSystem,int (__thiscall ?InitSystem@executive@@QAAHXZ)(executive* this),
0x4b06f0,?ShutDownSystem@executive@@QAAXXZ,executive_ShutDownSystem,void (__thiscall ?ShutDownSystem@executive@@QAAXXZ)(executive* this),
0x4b0770,?DoDialog@executive@@QAAHPAVbaseManager@@@Z,executive_DoDialog,"int (__thiscall ?DoDialog@executive@@QAAHPAVbaseManager@@@Z)(executive* this, baseManager* newDialog)",0xb0a10
0x4b0880,?AddManager@executive@@QAEHPAVbaseManager@@H@Z,executive_AddManager,"int (__thiscall ?AddManager@executive@@QAEHPAVbaseManager@@H@Z)(executive* this, baseManager* newManager, int newPriority)",0xb0b20
0x4b0950,?RemoveManager@executive@@QAEXPAVbaseManager@@@Z,executive_RemoveManager,"void (__thiscall ?RemoveManager@executive@@QAEXPAVbaseManager@@@Z)(executive* this, baseManager* mgr)",0xb0bf0
0x4b09d0,?CallManager@executive@@QAEXPAVbaseManager@@@Z,executive_CallManager,"void (__thiscall ?CallManager@executive@@QAEXPAVbaseManager@@@Z)(executive* this, baseManager* mgr)",0xb0c70
0x4b0ba0,?MainLoop@executive@@QAEXXZ,executive_MainLoop,void (__thiscall ?MainLoop@executive@@QAEXXZ)(executive* this),
0x4b0ca0,sub_4B0CA0,,,
0x4b0cc0,sub_4B0CC0,,,
0x4b0d20,sub_4B0D20,,,
0x4b0d80,sub_4B0D80,,,
0x4b0df0,sub_4B0DF0,,,
0x4b0e50,sub_4B0E50,,,
0x4b0eb0,sub_4B0EB0,,,
0x4b0f10,sub_4B0F10,,,
0x4b0f70,sub_4B0F70,,,
0x4b0fd0,sub_4B0FD0,,,
0x4b1030,sub_4B1030,,,
0x4b1090,?is_valid@type_point@@QBA_NXZ,type_point_is_valid,bool (__thiscall ?is_valid@type_point@@QBA_NXZ)(type_point* this),0xb1330
0x4b10d0,??0searchArray@@QAA@XZ,searchArray_ctor,searchArray* (__thiscall ??0searchArray@@QAA@XZ)(searchArray* this),0xb1370
0x4b1140,??1searchArray@@QAA@XZ,searchArray_dtor,void (__thiscall ??1searchArray@@QAA@XZ)(searchArray* this),0xb13e0
0x4b11c0,?Init@searchArray@@AAAXXZ,searchArray_Init,searchArray* (__thiscall ?Init@searchArray@@AAAXXZ)(searchArray* this),
0x4b1260,?Close@searchArray@@QAAXXZ,searchArray_Close,void (__thiscall ?Close@searchArray@@QAAXXZ)(searchArray* this),
0x4b1290,?Clear@searchArray@@AAAXJJJ@Z,searchArray_Clear,"int (__thiscall ?Clear@searchArray@@AAAXJJJ@Z)(searchArray* this, int fly_level, int start_z, int stop_z)",
0x4b14a0,?CalcTerrainCost@@YAHPBVNewmapCell@@HHW4TSkillMastery@@W4TRoadType@@11W4TTerrainType@@@Z,CalcTerrainCost,"int (__fastcall ?CalcTerrainCost@@YAHPBVNewmapCell@@HHW4TSkillMastery@@W4TRoadType@@11W4TTerrainType@@@Z)(NewmapCell* cell, int dir, int points_left, TSkillMastery iPathfinding, TRoadType end_road, TSkillMastery flying, TSkillMastery water_walking, TTerrainType native_terrain)",
0x4b15e0,?MinimumTerrainCost@@YAHPBVNewmapCell@@HW4TSkillMastery@@11@Z,MinimumTerrainCost,"int (__fastcall ?MinimumTerrainCost@@YAHPBVNewmapCell@@HW4TSkillMastery@@11@Z)(NewmapCell* cell, int points_left, TSkillMastery iPathfinding, TSkillMastery flying, TSkillMastery water_walking)",
0x4b1620,?GetTerrainCost@@YAHPAVhero@@Utype_point@@HH@Z,GetTerrainCost,"int (__fastcall ?GetTerrainCost@@YAHPAVhero@@Utype_point@@HH@Z)(hero* current_hero, type_point start, int direction, int move_left)",
0x4b17d0,?PushPoint@searchArray@@AAAXABUpathCell@@AAU2@HHHJUtype_point@@H@Z,searchArray_PushPoint,"void (__thiscall ?PushPoint@searchArray@@AAAXABUpathCell@@AAU2@HHHJUtype_point@@H@Z)(searchArray* this, pathCell* old_cell, pathCell* point, int direction, int move_cost, int limit, int barrier_value, type_point monster, int isTrigger)",
0x4b2060,?TestPossibleDirections@searchArray@@AAAXPBVhero@@AAUpathCell@@JJ_NUtype_point@@W4TSkillMastery@@W4type_search_type@@W4TTerrainType@@@Z,searchArray_TestPossibleDirections,"void (__thiscall ?TestPossibleDirections@searchArray@@AAAXPBVhero@@AAUpathCell@@JJ_NUtype_point@@W4TSkillMastery@@W4type_search_type@@W4TTerrainType@@@Z)(searchArray* this, hero* current_hero, pathCell* source, int turn_mobility, int maxMobility, bool adjacent_monster, type_point monster_location, TSkillMastery iPathfinding, type_search_type search_type, TTerrainType native_terrain)",
0x4b2b00,?SeedCombatPosition@searchArray@@QAAXPBVarmy@@JJ_NJ@Z,searchArray_SeedCombatPosition,"void (__thiscall ?SeedCombatPosition@searchArray@@QAAXPBVarmy@@JJ_NJ@Z)(searchArray* this, army* thisArmy, int current_group, int limit, bool in_placement_phase, int base_speed)",0xb2da0
0x4b2d50,?mark_teleport@searchArray@@QAAXPBVarmy@@J@Z,searchArray_mark_teleport,"int (__thiscall ?mark_teleport@searchArray@@QAAXPBVarmy@@J@Z)(searchArray* this, army* current_army, int current_group)",
0x4b2ff0,?set_moat@searchArray@@AAAXPBVarmy@@@Z,searchArray_set_moat,"void (__thiscall ?set_moat@searchArray@@AAAXPBVarmy@@@Z)(searchArray* this, army* current_army)",
0x4b3160,?FindCombatPath@searchArray@@QAA_NPBVarmy@@JJ_NJJ@Z,searchArray_FindCombatPath,"bool (__thiscall ?FindCombatPath@searchArray@@QAA_NPBVarmy@@JJ_NJJ@Z)(searchArray* this, army* current_army, int current_group, int destination, int in_placement_phase, int limit, int base_speed)",0xb3400
0x4b38f0,searchArray::getCellData,,"pathCell* (__thiscall searchArray::getCellData)(searchArray* this, int pos)",0xb3b90
0x4b3910,?PushCombatPoint@searchArray@@AAAXHHHHH@Z,searchArray_PushCombatPoint,"void (__thiscall ?PushCombatPoint@searchArray@@AAAXHHHHH@Z)(searchArray* this, int index, int direction, int cost, int flight_cost, int limit)",
0x4b3c70,?lower_door@searchArray@@QAAXXZ,searchArray_lower_door,void (__thiscall ?lower_door@searchArray@@QAAXXZ)(searchArray* this),
0x4b3c80,?get_travel_time@searchArray@@QBAJPBVarmy@@J@Z,searchArray_get_travel_time,"int (__thiscall ?get_travel_time@searchArray@@QBAJPBVarmy@@J@Z)(searchArray* this, army* current_army, int hex)",0xb3f20
0x4b3cd0,sub_4B3CD0,,"int8* (__thiscall sub_4B3CD0)(void* this, int8*, unsigned int, void*)",
0x4b3fd0,sub_4B3FD0,,,
0x4b4010,sub_4B4010,,,
0x4b4030,sub_4B4030,,,
0x4b4050,trash_004B4050,,,
0x4b40b0,trash_004B40B0,,,
0x4b4110,trash_004B4110,,,
0x4b4180,sub_4B4180,,,
0x4b41e0,sub_4B41E0,,,
0x4b4240,sub_4B4240,,,
0x4b42a0,sub_4B42A0,,,
0x4b4300,sub_4B4300,,,
0x4b4360,sub_4B4360,,,
0x4b43c0,sub_4B43C0,,,
0x4b4420,?ValidFlight@army@@QBA_NH_N@Z,army_ValidFlight,"bool (__thiscall ?ValidFlight@army@@QBA_NH_N@Z)(army* this, unsigned int destIndex, bool bLiteralTest)",0xb46c0
0x4b4720,?FlyTo@army@@QAAHH_N@Z,army_FlyTo,"int (__thiscall ?FlyTo@army@@QAAHH_N@Z)(army* this, int destIndex, int8 restore_facing)",
0x4b47a0,?Fly@army@@QAAHH@Z,army_Fly,"int (__thiscall ?Fly@army@@QAAHH@Z)(army* this, int destIndex)",
0x4b4bf0,?TeleportTo@army@@QAAHH_N@Z,army_TeleportTo,"void (__thiscall ?TeleportTo@army@@QAAHH_N@Z)(army* this, unsigned int destIndex, int8 restore_facing)",
0x4b4c70,?Teleport@army@@QAAHH@Z,army_Teleport,"int (__thiscall ?Teleport@army@@QAAHH@Z)(army* this, int destIndex)",
0x4b4d80,init_004B4D80,,,
0x4b4da0,??_Gfont@@UAAPAXI@Z,op_Gfont,"font* (__thiscall ??_Gfont@@UAAPAXI@Z)(font* Memory, int8)",
0x4b4dd0,??0font@@QAA@PBDABUTFontSpec@0@HPAE@Z,font_ctor,"void (__thiscall ??0font@@QAA@PBDABUTFontSpec@0@HPAE@Z)(font* this, int8* name, font::TFontSpec* fontspec, int dsize, bool* d)",0xb5070
0x4b4e70,??1font@@UAA@XZ,font_dtor,void (__thiscall ??1font@@UAA@XZ)(font* this),0xb5110
0x4b4ee0,?SetPalette@font@@QAAXABVTPalette16@@@Z,font_SetPalette,"void (__thiscall ?SetPalette@font@@QAAXABVTPalette16@@@Z)(font* this, TPalette16* other)",0xb5180
0x4b4f00,?DrawCharacter@font@@QBAXHPAVBitmap16Bit@@HHH@Z,font_DrawCharacter,"void (__thiscall ?DrawCharacter@font@@QBAXHPAVBitmap16Bit@@HHH@Z)(font* this, int c, Bitmap16Bit* bmp, int x, int y, int color)",0xb51a0
0x4b4fb0,font::GetSize,,uint (__thiscall font::GetSize)(font* this),
0x4b4fc0,?DrawStringExecute@font@@AAAXPBDHPAVBitmap16Bit@@HHW4TColor@1@HHHHH@Z,font_DrawStringExecute,"void (__thiscall ?DrawStringExecute@font@@AAAXPBDHPAVBitmap16Bit@@HHW4TColor@1@HHHHH@Z)(font* this, int8* text, int count, Bitmap16Bit* bitmap, int x, int y, font::TColor color_scheme, int clipX, int clipY, int clipWidth, int clipHeight, int cursorPos)",
0x4b51f0,?DrawBoundedString@font@@QAAXPBDPAVBitmap16Bit@@HHHHW4TColor@1@IH@Z,font_DrawBoundedString,"void (__thiscall ?DrawBoundedString@font@@QAAXPBDPAVBitmap16Bit@@HHHHW4TColor@1@IH@Z)(font* this, int8* str, Bitmap16Bit* bitmap, int x, int y, int boxWidth, int boxHeight, font::TColor color_scheme, font::EJustify justification, int cursorPos)",0xb5490
0x4b5500,?GetCharacterWidth@font@@QBAHE@Z,font_GetCharacterWidth,"int (__thiscall ?GetCharacterWidth@font@@QBAHE@Z)(font* this, uchar currChar)",
0x4b5530,?get_string_width@font@@QBAJPBD@Z,font_get_string_width,"int (__thiscall ?get_string_width@font@@QBAJPBD@Z)(font* this, int8* arg)",
0x4b5580,?LineLength@font@@QBAHPBDH@Z,font_LineLength,"int (__thiscall ?LineLength@font@@QBAHPBDH@Z)(font* this, int8* str, int boxWidth)",0xb5820
0x4b5680,?LineWidth@font@@QBAHPBD@Z,font_LineWidth,"int (__thiscall ?LineWidth@font@@QBAHPBD@Z)(font* this, int8* text)",0xb5920
0x4b56f0,?LongestLineWidth@font@@QBAHPBD@Z,font_LongestLineWidth,"int (__thiscall ?LongestLineWidth@font@@QBAHPBD@Z)(font* this, int8* str)",0xb5990
0x4b5770,?longest_word_length@font@@QBAHPBD@Z,font_longest_word_length,"int (__thiscall ?longest_word_length@font@@QBAHPBD@Z)(void* this, unsigned int8*)",0xb5a10
0x4b57e0,?LongestWrappedLineWidth@font@@QBAHPBDH@Z,font_LongestWrappedLineWidth,"int (__thiscall ?LongestWrappedLineWidth@font@@QBAHPBDH@Z)(font* this, int8* str, int boxWidth)",0xb5a80
0x4b58f0,font::SoD_FillLinesVector,,"void (__thiscall font::SoD_FillLinesVector)(font* this, int8* str, int boxWidth, std::vector_string_* result)",0xb5b90
0x4b5ca0,sub_4B5CA0,,"std::string* (__thiscall sub_4B5CA0)(std::string* this, uint, int8)",
0x4b5d70,sub_4B5D70,,"void* (__thiscall sub_4B5D70)(void* this, void*, int)",
0x4b5ef0,sub_4B5EF0,,,
0x4b5f10,sub_4B5F10,,,
0x4b5f40,sub_4B5F40,,,
0x4b5fc0,SoD_Immersion::SoD_Immersion,,"SoD_Immersion* (__thiscall SoD_Immersion::SoD_Immersion)(SoD_Immersion* this, HANDLE hinstApp, HWND hWnd)",
0x4b6430,forcefeedback_cpp::t_initializer::t_initialize_failure::virtual_destructor,,"std::exception* (__thiscall forcefeedback_cpp::t_initializer::t_initialize_failure::virtual_destructor)(std::exception* Memory, int8)",
0x4b6460,CImmMouse::virtual_destructor,,"CImmMouse* (__thiscall CImmMouse::virtual_destructor)(CImmMouse* Memory, int8)",
0x4b6490,sub_4B6490,,"std::exception* (__thiscall sub_4B6490)(std::exception* this, std::exception*)",
0x4b65f0,SoD_Init_Imm,,"int8 (__fastcall SoD_Init_Imm)(HANDLE hinstApp, HWND hWnd)",
0x4b6670,SoD_CloseImmersion,,,
0x4b66b0,SoD_ImmersionRect,,,
0x4b6750,SoD_StartImmersionEffect,,"bool (__fastcall SoD_StartImmersionEffect)(int8* lpszEffectName, DWORD dwIterations)",
0x4b67b0,sub_4B67B0,,"CImmEnclosure** (__thiscall sub_4B67B0)(CImmEnclosure** this, LONG*, int, int, int, int8, int8*)",
0x4b6940,sub_4B6940,,"std::exception* (__thiscall sub_4B6940)(std::exception* Memory, int8)",
0x4b6970,sub_4B6970,,"CImmEnclosure* (__thiscall sub_4B6970)(CImmEnclosure* Memory, int8)",
0x4b69a0,sub_4B69A0,,"std::exception* (__thiscall sub_4B69A0)(std::exception* this, std::exception*)",
0x4b6b00,sub_4B6B00,,"void* (__thiscall sub_4B6B00)(void* this, LONG*, int, int, int, int8, int8*)",
0x4b6b80,sub_4B6B80,,void (__thiscall sub_4B6B80)(void* this),
0x4b6c70,SoD_Immersion_4B6C70,,bool (__thiscall SoD_Immersion_4B6C70)(TAdventureMapWindow* this),
0x4b6c90,SoD_Immersion_4B6C90,,int (__thiscall SoD_Immersion_4B6C90)(TAdventureMapWindow* this),
0x4b6ca0,BinTreeList_Dword_Ctor,,"void* (__thiscall BinTreeList_Dword_Ctor)(void* this, void*, void*)",
0x4b6d60,sub_4B6D60,,,
0x4b6da0,sub_4B6DA0,,"void* (__thiscall sub_4B6DA0)(void* Memory, int8)",
0x4b6e00,AddItem2BinTree_Dword,,"int* (__thiscall AddItem2BinTree_Dword)(int this, int*, unsigned int*)",
0x4b6f20,sub_4B6F20,,"void* (__thiscall sub_4B6F20)(void* this, void*, void*, void*)",
0x4b7050,sub_4B7050,,void (__thiscall sub_4B7050)(int* this),
0x4b7100,sub_4B7100,,"bool (__thiscall sub_4B7100)(void* this, void*)",
0x4b7120,sub_4B7120,,int (__thiscall sub_4B7120)(int this),
0x4b71c0,sub_4B71C0,,"void* (__thiscall sub_4B71C0)(void* this, void*, void*)",
0x4b76d0,FindItemInBinTree_Dword2,,"void* (__thiscall FindItemInBinTree_Dword2)(void* this, void*, void*)",
0x4b76f0,sub_4B76F0,,void (__stdcall sub_4B76F0)(void** Memory),
0x4b7770,DoAddItem2BinTree_Dword,,"int* (__thiscall DoAddItem2BinTree_Dword)(void* this, int*, void*, void*, void*)",
0x4b7a70,FindItemInBinTree_Dword1,,"void* (__thiscall FindItemInBinTree_Dword1)(void* this, void*)",
0x4b7ac0,sub_4B7AC0,,"void* (__thiscall sub_4B7AC0)(void* this, int)",
0x4b7ad0,sub_4B7AD0,,void (__thiscall sub_4B7AD0)(void* this),
0x4b7b90,FindItemInBinTree_Dword,,"void* (__thiscall FindItemInBinTree_Dword)(void* this, void*)",
0x4b7be0,sub_4B7BE0,,,
0x4b7d00,sub_4B7D00,,,
0x4b7d40,sub_4B7D40,,,
0x4b7da0,sub_4B7DA0,,,
0x4b7e00,sub_4B7E00,,,
0x4b7e70,sub_4B7E70,,,
0x4b7ed0,sub_4B7ED0,,,
0x4b7f30,sub_4B7F30,,,
0x4b7f90,sub_4B7F90,,,
0x4b7ff0,sub_4B7FF0,,,
0x4b8050,sub_4B8050,,,
0x4b80b0,sub_4B80B0,,,
0x4b8110,?InitializeRandomTavernText@@YA_NXZ,InitializeRandomTavernText,,
0x4b8150,HeroExtra::fromID,,"void (__thiscall HeroExtra::fromID)(HeroExtra* this, THeroID id)",
0x4b8250,??0generator@@QAA@XZ,generator_ctor,generator* (__thiscall ??0generator@@QAA@XZ)(generator* this),0xb8550
0x4b82a0,?load@generator@@QAA_NPAX@Z,generator_load,"bool (__thiscall ?load@generator@@QAA_NPAX@Z)(generator* this, TGzFile* infile)",0xb85a0
0x4b83e0,?save@generator@@QAA_NPAX@Z,generator_save,"bool (__thiscall ?save@generator@@QAA_NPAX@Z)(generator* this, TAbstractFile* outfile)",0xb86e0
0x4b84a0,?update_bonus@generator@@QAAXXZ,generator_update_bonus,void (__thiscall ?update_bonus@generator@@QAAXXZ)(generator* this),0xb87a0
0x4b8560,?Initialize@generator@@QAAXJ@Z,generator_Initialize,"void (__thiscall ?Initialize@generator@@QAAXJ@Z)(generator* this, int new_owner)",0xb8860
0x4b8760,?Grow@generator@@QAAXXZ,generator_Grow,void (__thiscall ?Grow@generator@@QAAXXZ)(generator* this),0xb8a60
0x4b87f0,?calculate_production@game@@QAAXXZ,game_calculate_production,void (__thiscall ?calculate_production@game@@QAAXXZ)(game* this),
0x4b8d70,?LoadSignPool@game@@AAAHPAX@Z,game_LoadSignPool,"int (__thiscall ?LoadSignPool@game@@AAAHPAX@Z)(game* this, TAbstractFile* infile)",
0x4b8f30,?SaveSignPool@game@@AAAHPAX@Z,game_SaveSignPool,"int (__thiscall ?SaveSignPool@game@@AAAHPAX@Z)(game* this, TAbstractFile* outfile)",
0x4b9000,?LoadMinePool@game@@AAAHPAX@Z,game_LoadMinePool,"int (__thiscall ?LoadMinePool@game@@AAAHPAX@Z)(game* this, TAbstractFile* infile, int version)",
0x4b9240,?SaveMinePool@game@@AAAHPAX@Z,game_SaveMinePool,"int (__thiscall ?SaveMinePool@game@@AAAHPAX@Z)(game* this, TGzFile* outfile)",
0x4b93b0,?LoadGarrisonPool@game@@AAAHPAX@Z,game_LoadGarrisonPool,"int (__thiscall ?LoadGarrisonPool@game@@AAAHPAX@Z)(game* this, TAbstractFile* infile, int version)",
0x4b9580,?SaveGarrisonPool@game@@AAAHPAX@Z,game_SaveGarrisonPool,"int (__thiscall ?SaveGarrisonPool@game@@AAAHPAX@Z)(game* this, TAbstractFile* outfile)",
0x4b96c0,?LoadBoatPool@game@@AAAHPAX@Z,game_LoadBoatPool,"int (__thiscall ?LoadBoatPool@game@@AAAHPAX@Z)(game* this, TGzFile* outfile)",
0x4b9900,?SaveBoatPool@game@@AAAHPAX@Z,game_SaveBoatPool,"int (__thiscall ?SaveBoatPool@game@@AAAHPAX@Z)(game* this, TGzFile* infile)",
0x4b9ab0,??0playerData@@QAA@XZ,playerData_ctor,void (__thiscall ??0playerData@@QAA@XZ)(playerData* this),0xb9df0
0x4b9ae0,?Init@playerData@@QAAXXZ,playerData_Init,void (__thiscall ?Init@playerData@@QAAXXZ)(playerData* this),
0x4b9c00,?HasCapitol@playerData@@QAA_NXZ,playerData_HasCapitol,bool (__thiscall ?HasCapitol@playerData@@QAA_NXZ)(playerData* this),0xb9f40
0x4b9c80,?add_garrison_hero@playerData@@QAA_NPAVtown@@@Z,playerData_add_garrison_hero,"bool (__thiscall ?add_garrison_hero@playerData@@QAA_NPAVtown@@@Z)(playerData* this, town* our_town)",0xb9fc0
0x4b9df0,?SetName@playerData@@QAAXPAD@Z,playerData_SetName,"void (__thiscall ?SetName@playerData@@QAAXPAD@Z)(playerData* this, int8* cNewName)",0xba130
0x4b9e30,?ClearNetInfo@playerData@@QAAXXZ,playerData_ClearNetInfo,int (__thiscall ?ClearNetInfo@playerData@@QAAXXZ)(playerData* this),0xba170
0x4b9e80,read_heroes_num,,"THeroID (__fastcall read_heroes_num)(TAbstractFile* infile, int game_version)",
0x4b9ed0,load_hero_id,,"int (__fastcall load_hero_id)(TAbstractFile* file, int version)",
0x4b9f20,?load@playerData@@QAAHPAX@Z,playerData_load,"int (__thiscall ?load@playerData@@QAAHPAX@Z)(playerData* this, TAbstractFile* infile, int version)",0xba260
0x4ba330,?save@playerData@@QAAHPAX@Z,playerData_save,"int (__thiscall ?save@playerData@@QAAHPAX@Z)(playerData* this, TAbstractFile* outfile)",0xba670
0x4ba6a0,?FindHero@playerData@@QBAHH@Z,playerData_FindHero,"int (__thiscall ?FindHero@playerData@@QBAHH@Z)(playerData* this, int id)",0xba9e0
0x4ba6d0,?FindTown@playerData@@QBAHH@Z,playerData_FindTown,"int (__thiscall ?FindTown@playerData@@QBAHH@Z)(playerData* this, int id)",0xbaa10
0x4ba700,?NextHero@playerData@@QAAHXZ,playerData_NextHero,THeroID (__thiscall ?NextHero@playerData@@QAAHXZ)(playerData* this),0xbaa40
0x4ba800,?NextTown@playerData@@QAAHXZ,playerData_NextTown,int (__thiscall ?NextTown@playerData@@QAAHXZ)(playerData* this),0xbab40
0x4ba850,?HasMobileHero@playerData@@QAA_NXZ,playerData_HasMobileHero,bool (__thiscall ?HasMobileHero@playerData@@QAA_NXZ)(playerData* this),0xbab90
0x4ba860,?GetNumObelisks@@YAHH@Z,GetNumObelisks,int (__fastcall ?GetNumObelisks@@YAHH@Z)(int whichPlayer),0xbaba0
0x4ba890,?NumOfGivenArtifact@playerData@@QBAHH@Z,playerData_NumOfGivenArtifact,"int (__thiscall ?NumOfGivenArtifact@playerData@@QBAHH@Z)(playerData* this, TArtifact iWhichArtifact)",0xbabd0
0x4ba970,playerData::HasArtifact,,"bool (__thiscall playerData::HasArtifact)(playerData* this, TArtifact artifact)",0xbacb0
0x4baa40,?IsLocalHuman@playerData@@QBA_NXZ,playerData_IsLocalHuman,bool (__thiscall ?IsLocalHuman@playerData@@QBA_NXZ)(playerData* this),0xbad80
0x4baa60,?IsHuman@playerData@@QBA_NXZ,playerData_IsHuman,bool (__thiscall ?IsHuman@playerData@@QBA_NXZ)(playerData* this),0xbada0
0x4baa70,?GetName@playerData@@QAAPADXZ,playerData_GetName,int8* (__thiscall ?GetName@playerData@@QAAPADXZ)(playerData* this),0xbadb0
0x4bab10,?guess_grail_location@playerData@@QAAXJ@Z,playerData_guess_grail_location,"void (__thiscall ?guess_grail_location@playerData@@QAAXJ@Z)(playerData* this, int player_id)",
0x4bab30,?MineTypesOwned@game@@QAAHHH@Z,game_MineTypesOwned,"int (__thiscall ?MineTypesOwned@game@@QAAHHH@Z)(game* this, int iWhichPlayer, int iMineType)",
0x4bab90,?ComputeUALoc@@YAXH@Z,ComputeUALoc,void (__fastcall ?ComputeUALoc@@YAXH@Z)(int whichPlayer),
0x4babc0,?SetupPuzzlePieces@game@@QAAHHH@Z,game_SetupPuzzlePieces,"int (__thiscall ?SetupPuzzlePieces@game@@QAAHHH@Z)(game* this, int whichPlayer, int countOnly)",
0x4bae20,?GetWorldMapData@game@@QAAPAVNewfullMap@@XZ,game_GetWorldMapData,NewfullMap* (__thiscall ?GetWorldMapData@game@@QAAPAVNewfullMap@@XZ)(game* this),
0x4bae30,?get_new_boat_id@game@@QAAHXZ,game_get_new_boat_id,int (__thiscall ?get_new_boat_id@game@@QAAHXZ)(game* this),0xbb170
0x4baf10,?CreateBoat@game@@QAAHHHHH_NC@Z,game_CreateBoat,"int (__thiscall ?CreateBoat@game@@QAAHHHHH_NC@Z)(game* this, int x, int y, int z, int owner, bool bIsRemoteMove, int8 type)",0xbb250
0x4bb0c0,?GetStartingHeroId@game@@QAA?AW4THeroID@@W4TTownType@@HH@Z,game_GetStartingHeroId,"THeroID (__thiscall ?GetStartingHeroId@game@@QAA?AW4THeroID@@W4TTownType@@HH@Z)(game* this, TTownType alignment, int playerPos, type_point mapPosition)",0xbb400
0x4bb2a0,?GetNewHeroId@game@@QAA?AW4THeroID@@W4TTownType@@W4THeroClass@@_N@Z,game_GetNewHeroId,"THeroID (__thiscall ?GetNewHeroId@game@@QAA?AW4THeroID@@W4TTownType@@W4THeroClass@@_N@Z)(game* this, TTownType alignment, THeroClass excluded, bool prefer_alignment, THeroClass target)",0xbb5e0
0x4bb530,?GetTownId@game@@QAAHHHH@Z,game_GetTownId,"int (__thiscall ?GetTownId@game@@QAAHHHH@Z)(game* this, int x, int y, int z)",0xbb870
0x4bb5c0,?GetGeneratorId@game@@QAAHHHH@Z,game_GetGeneratorId,"int (__thiscall ?GetGeneratorId@game@@QAAHHHH@Z)(game* this, int x, int y, int z)",0xbb900
0x4bb650,read_string_4BB650,,"int (__fastcall read_string_4BB650)(TAbstractFile* outfile, std::string* str)",
0x4bb820,write_string_4BB820,,"int (__fastcall write_string_4BB820)(TAbstractFile* outfile, std::string* str)",
0x4bb8e0,?SaveRumours@game@@AAAHPAX@Z,game_SaveRumours,"int (__thiscall ?SaveRumours@game@@AAAHPAX@Z)(game* this, TGzFile* outfile)",
0x4bbb00,game_4BBB00,,"int (__thiscall game_4BBB00)(game* this, int a2)",
0x4bbda0,SavedGameHeader::SavedGameHeader,,SavedGameHeader* (__thiscall SavedGameHeader::SavedGameHeader)(SavedGameHeader* this),0xbc0e0
0x4bc000,VictoryConditionStruct::VictoryConditionStruct,,VictoryConditionStruct* (__thiscall VictoryConditionStruct::VictoryConditionStruct)(VictoryConditionStruct* this),0xbc340
0x4bc010,SaveGame1,,int (__thiscall SaveGame1)(int this),
0x4bc290,sub_4BC290,,"int (__thiscall sub_4BC290)(int this, int*)",
0x4bc410,readSaveHeader,,"int (__thiscall readSaveHeader)(SavedGameHeader* this, TAbstractFile* outfile)",
0x4bc7f0,sub_4BC7F0,,int (__thiscall sub_4BC7F0)(int* this),
0x4bca60,?Load@game@@AAAHPAX@Z,game_Load,"int (__thiscall ?Load@game@@AAAHPAX@Z)(game* this, TAbstractFile* infile)",
0x4bd930,sub_4BD930,,"void* (__thiscall sub_4BD930)(void* this, int)",
0x4bdc40,SavedGameHeader::destructor,,void (__thiscall SavedGameHeader::destructor)(SavedGameHeader* this),0xbdf80
0x4bde00,sub_4BDE00,,"int (__thiscall sub_4BDE00)(void* this, int*)",
0x4bdf20,write_4BDF20,,"int (__thiscall write_4BDF20)(SGameSetupOptions* this, TGzFile* outfile, int version)",
0x4be0b0,?Save@game@@AAAHPAX@Z,game_Save,"int (__thiscall ?Save@game@@AAAHPAX@Z)(game* this, TGzFile* outfile)",
0x4beb60,?SaveGame@game@@QAA_NPBD_N111@Z,game_SaveGame,"bool (__thiscall ?SaveGame@game@@QAA_NPBD_N111@Z)(game* this, int8* filename, bool bDetermineSuffix, bool bCampaignWinMode, bool compressIt, bool xferFile)",
0x4bee60,?SetupOrigData@game@@QAAXXZ,game_SetupOrigData,void (__thiscall ?SetupOrigData@game@@QAAXXZ)(game* this),
0x4beff0,?LoadGame@game@@QAAHPBDHH@Z,game_LoadGame,"int (__thiscall ?LoadGame@game@@QAAHPBDHH@Z)(game* this, int8* filename, int bIsOrigData, int bIsQuickLoad)",
0x4bf230,?GiveTroopsToNeutralTown@game@@QAAXH@Z,game_GiveTroopsToNeutralTown,"void (__thiscall ?GiveTroopsToNeutralTown@game@@QAAXH@Z)(game* this, int iTownId)",
0x4bf440,?ValidateVictoryLossConditions@game@@QAAX_N@Z,game_ValidateVictoryLossConditions,"bool (__thiscall ?ValidateVictoryLossConditions@game@@QAAX_N@Z)(game* this, bool check_map_locations)",
0x4bfb30,?NewMap@game@@QAAXPADPAW4THeroID@@@Z,game_NewMap,"void (__thiscall ?NewMap@game@@QAAXPADPAW4THeroID@@@Z)(game* this, TAbstractFile* infile, THeroID* playerHeroFaces, TCampaignBrief::ScenarioStruct* scenario, int game_type)",
0x4c01e0,NewMap,,"int8 (__thiscall NewMap)(game* this, int8* arg0, int8* arg4, int*, int)",
0x4c02f0,?SetupFirstPlayer@@YAXXZ,SetupFirstPlayer,int (__thiscall ?SetupFirstPlayer@@YAXXZ)(game* this),
0x4c03b0,SetUpNewUniver,,"int8* (__thiscall SetUpNewUniver)(void* this, unsigned int*)",
0x4c0530,?RandomizeHolyGrail@game@@QAAXXZ,game_RandomizeHolyGrail,void (__thiscall ?RandomizeHolyGrail@game@@QAAXXZ)(game* this),
0x4c0760,?InitRandomArtifacts@game@@QAAXXZ,game_InitRandomArtifacts,void (__thiscall ?InitRandomArtifacts@game@@QAAXXZ)(game* this),
0x4c0820,?match_underground_gates@game@@AAAXXZ,game_match_underground_gates,void (__thiscall ?match_underground_gates@game@@AAAXXZ)(game* this),
0x4c0980,?RandomizeEvents@game@@QAAXXZ,game_RandomizeEvents,void (__thiscall ?RandomizeEvents@game@@QAAXXZ)(game* this),
0x4c1ff0,sub_4C1FF0,,"unsigned int (__thiscall sub_4C1FF0)(unsigned int* this, int8, unsigned int8)",
0x4c2020,sub_4C2020,,"unsigned int (__thiscall sub_4C2020)(unsigned int* this, int8, int8)",
0x4c2050,sub_4C2050,,"unsigned int (__thiscall sub_4C2050)(unsigned int* this, int16)",
0x4c2080,sub_4C2080,,"unsigned int (__thiscall sub_4C2080)(unsigned int* this, int8)",
0x4c20a0,sub_4C20A0,,"void* (__thiscall sub_4C20A0)(void* this, int, int)",
0x4c20e0,sub_4C20E0,,int (__thiscall sub_4C20E0)(int this),
0x4c2110,?LoadMap@game@@QAAHPAD@Z,game_LoadMap,"int (__thiscall ?LoadMap@game@@QAAHPAD@Z)(game* this, TAbstractFile* infile)",
0x4c29a0,sub_4C29A0,,"int (__thiscall sub_4C29A0)(int8* this, void*, int)",
0x4c2d50,j_??0logic_error@std@@QAE@ABV?$basic_string@DU?$char_traits@D@std@@V?$allocator@D@2@@1@@Z,,"std::logic_error* (__thiscall j_??0logic_error@std@@QAE@ABV?$basic_string@DU?$char_traits@D@std@@V?$allocator@D@2@@1@@Z)(std::logic_error* this, std::string* Message)",
0x4c2ec0,sub_4C2EC0,,"int (__thiscall sub_4C2EC0)(void* this, int, int*)",
0x4c3260,sub_4C3260,,"int (__thiscall sub_4C3260)(int this, int, int*)",
0x4c3550,sub_4C3550,,"int (__thiscall sub_4C3550)(int this, int, int, int)",
0x4c3940,sub_4C3940,,"int (__thiscall sub_4C3940)(int this, int, int)",
0x4c3a50,sub_4C3A50,,"int (__thiscall sub_4C3A50)(int this, int, int, int)",
0x4c3bb0,sub_4C3BB0,,"void (__thiscall sub_4C3BB0)(void* this, Sign*, int)",
0x4c4050,?Read@NewSMapHeader@@QAAHPAX@Z,NewSMapHeader_Read,"int (__thiscall ?Read@NewSMapHeader@@QAAHPAX@Z)(NewSMapHeader* this, TAbstractFile* infile, int scenario)",
0x4c4980,sub_4C4980,,"void* (__thiscall sub_4C4980)(void* this, int, int8, int8*, unsigned int, int, int)",
0x4c4ab0,sub_4C4AB0,,,
0x4c4af0,game::SoD_PreSetup,,void (__thiscall game::SoD_PreSetup)(game* this),
0x4c4bd0,sub_4C4BD0,,"int (__thiscall sub_4C4BD0)(void* this, int*)",
0x4c52f0,NewSMapHeader::read,,"int (__thiscall NewSMapHeader::read)(NewSMapHeader* this, TGzFile* infile, int version)",
0x4c5ac0,?Get@NewSMapHeader@@QAAHPBD@Z,NewSMapHeader_Get,"int (__thiscall ?Get@NewSMapHeader@@QAAHPBD@Z)(NewSMapHeader* this, int8* path, int8* filename, int scenario)",
0x4c5cd0,?readString@NewSMapHeader@@SAHPAXAAV?$basic_string@DU?$char_traits@D@std@@V?$allocator@D@2@@std@@@Z,NewSMapHeader_readString,"int (__fastcall ?readString@NewSMapHeader@@SAHPAXAAV?$basic_string@DU?$char_traits@D@std@@V?$allocator@D@2@@std@@@Z)(void* infile, std::string* s)",
0x4c5ea0,?ClaimTown@game@@QAAXHH_N0@Z,game_ClaimTown,"void (__thiscall ?ClaimTown@game@@QAAXHH_N0@Z)(game* this, int townId, int newPlayerOwner, bool bIsRemoteMove, bool check_end_game)",0xc61e0
0x4c6350,get_monster_fraction,,"TTownType (__thiscall get_monster_fraction)(void* this, int)",
0x4c63a0,?ClaimMine@game@@QAAXHHW4type_action_type@@@Z,game_ClaimMine,"void (__thiscall ?ClaimMine@game@@QAAXHHW4type_action_type@@@Z)(game* this, int mineId, int newPlayerOwner, type_action_type action_type)",0xc66e0
0x4c6470,?ClaimGenerator@game@@QAAXHH@Z,game_ClaimGenerator,"void (__thiscall ?ClaimGenerator@game@@QAAXHH@Z)(game* this, int generatorId, int newPlayerOwner)",0xc67b0
0x4c6620,?ClaimGarrison@game@@QAAXHH@Z,game_ClaimGarrison,"void (__thiscall ?ClaimGarrison@game@@QAAXHH@Z)(game* this, int garrisonId, int newPlayerOwner)",0xc6960
0x4c66f0,?ClaimShipyard@game@@QAAXUtype_point@@H@Z,game_ClaimShipyard,"void (__thiscall ?ClaimShipyard@game@@QAAXUtype_point@@H@Z)(game* this, type_point point, int newPlayerOwner)",0xc6a30
0x4c6910,?ViewArmy@game@@QAAXAAVarmyGroup@@HPBVhero@@PBVtown@@HH_N3@Z,game_ViewArmy,"void (__thiscall ?ViewArmy@game@@QAAXAAVarmyGroup@@HPBVhero@@PBVtown@@HH_N3@Z)(game* this, armyGroup* group, int iArmy, hero* this_hero, town* this_town, int x, int y, bool show_dismiss, bool isQuickView)",
0x4c6c00,?StartAITheme@@YAXXZ,StartAITheme,,
0x4c6c40,startAITheme,,,
0x4c6c90,sub_4C6C90,,,
0x4c6ca0,?NextPlayer@game@@QAAXXZ,game_NextPlayer,void (__thiscall ?NextPlayer@game@@QAAXXZ)(game* this),
0x4c75f0,?ComputeDailyGold@game@@QAAHH_N@Z,game_ComputeDailyGold,"int (__thiscall ?ComputeDailyGold@game@@QAAHH_N@Z)(game* this, unsigned int iWhichPlayer, bool include_silo)",
0x4c7860,game::GrowCoverOfDarkness,,int8 (__thiscall game::GrowCoverOfDarkness)(void* this),
0x4c7910,?ResetAllPlayerVisibility@game@@QAAXXZ,game_ResetAllPlayerVisibility,void (__thiscall ?ResetAllPlayerVisibility@game@@QAAXXZ)(game* this),
0x4c7ca0,?PerDay@game@@QAAXXZ,game_PerDay,void (__thiscall ?PerDay@game@@QAAXXZ)(game* this),
0x4c8110,?set_recruits@game@@QAAXXZ,game_set_recruits,"void (__thiscall ?set_recruits@game@@QAAXXZ)(game* this, unsigned int which_player)",
0x4c8360,?replace_recruit@game@@QAAXQAW4THeroID@@JW4TTownType@@@Z,game_replace_recruit,"void (__thiscall ?replace_recruit@game@@QAAXQAW4THeroID@@JW4TTownType@@@Z)(game* this, int recruit_slot, TTownType alignment)",
0x4c8440,?PerWeek@game@@QAAXXZ,game_PerWeek,void (__thiscall ?PerWeek@game@@QAAXXZ)(game* this),
0x4c8c00,?PerMonth@game@@QAAXXZ,game_PerMonth,void (__thiscall ?PerMonth@game@@QAAXXZ)(game* this),
0x4c8f80,?GetRandomMonster@game@@QAA?AW4TCreatureType@@HH@Z,game_GetRandomMonster,"TCreatureType (__thiscall ?GetRandomMonster@game@@QAA?AW4TCreatureType@@HH@Z)(game* this, int minLevel, int maxLevel)",0xc92c0
0x4c9190,?GetRandomArtifactId@game@@QAA?AW4TArtifact@@H@Z,game_GetRandomArtifactId,"TArtifact (__thiscall ?GetRandomArtifactId@game@@QAA?AW4TArtifact@@H@Z)(game* this, int ArtifactClass)",0xc94d0
0x4c9260,?GetRandomSpell@game@@QAA?AW4SpellID@@H@Z,game_GetRandomSpell,"SpellID (__thiscall ?GetRandomSpell@game@@QAA?AW4SpellID@@H@Z)(game* this, std::bitset_5_* spell_level)",0xc95a0
0x4c93f0,?SetRandomHeroArmies@game@@QAAXHH_N@Z,game_SetRandomHeroArmies,"void (__thiscall ?SetRandomHeroArmies@game@@QAAXHH_N@Z)(game* this, int iHero, int bCheat, bool minimal)",
0x4c9550,?InsertObject@game@@QAAXHHHHHH@Z,game_InsertObject,"void (__thiscall ?InsertObject@game@@QAAXHHHHHH@Z)(game* this, int x, int y, int z, TAdventureObjectType objType, int objectIndex, int extraInfo)",0xc9890
0x4c9650,?ConvertObject@game@@QAAXPAVNewmapCell@@@Z,game_ConvertObject,"void (__thiscall ?ConvertObject@game@@QAAXPAVNewmapCell@@@Z)(game* this, NewmapCell* tempCell)",0xc9990
0x4c9a90,?ProcessRandomObjects@game@@QAAXXZ,game_ProcessRandomObjects,void (__thiscall ?ProcessRandomObjects@game@@QAAXXZ)(game* this),
0x4c9d00,?CreateTownHeroes@game@@QAAXXZ,game_CreateTownHeroes,"void (__thiscall ?CreateTownHeroes@game@@QAAXXZ)(game* this, THeroID* heroes)",
0x4c9f00,?MakeTerrainVisible@game@@QAAXHG@Z,game_MakeTerrainVisible,"void (__thiscall ?MakeTerrainVisible@game@@QAAXHG@Z)(game* this, int whichPlayer, unsigned int16 visMask)",0xca240
0x4ca000,?GiveArmy@game@@QAAXPAVarmyGroup@@HHH@Z,game_GiveArmy,"void (__thiscall ?GiveArmy@game@@QAAXPAVarmyGroup@@HHH@Z)(game* this, armyGroup* thisMonInfo, int iMonType, int iMonNum, int slot)",
0x4ca070,armyGroup::get_sum_of_health,,,
0x4ca0d0,?SetupAdjacentMons@game@@QAAXXZ,game_SetupAdjacentMons,void (__thiscall ?SetupAdjacentMons@game@@QAAXXZ)(game* this),
0x4ca1f0,?CancelComputerScreen@game@@QAAXXZ,game_CancelComputerScreen,void (__thiscall ?CancelComputerScreen@game@@QAAXXZ)(game* this),
0x4ca270,?ShowComputerScreen@game@@QAAXXZ,game_ShowComputerScreen,void (__thiscall ?ShowComputerScreen@game@@QAAXXZ)(game* this),
0x4ca440,?ShowHeroesLogo@game@@QAAXXZ,game_ShowHeroesLogo,void (__thiscall ?ShowHeroesLogo@game@@QAAXXZ)(game* this),
0x4ca500,?WaitForPlayer@game@@QAAXPADH@Z,game_WaitForPlayer,"void (__thiscall ?WaitForPlayer@game@@QAAXPADH@Z)(game* this, int8* cText, int iPlayer)",
0x4ca6a0,sub_4CA6A0,,,
0x4ca6d0,??0TPickRandomTownName@@QAA@XZ,TPickRandomTownName_ctor,void (__thiscall ??0TPickRandomTownName@@QAA@XZ)(TPickRandomTownName* this),
0x4ca6e0,sub_4CA6E0,,,
0x4ca700,??1TPickRandomTownName@@QAA@XZ,TPickRandomTownName_dtor,void (__thiscall ??1TPickRandomTownName@@QAA@XZ)(TPickRandomTownName* this),
0x4ca730,?ProcessOnMapTowns@game@@QAAXXZ,game_ProcessOnMapTowns,void (__thiscall ?ProcessOnMapTowns@game@@QAAXXZ)(game* this),
0x4caad0,?ProcessOnMapHeroes@game@@QAAXXZ,game_ProcessOnMapHeroes,void (__thiscall ?ProcessOnMapHeroes@game@@QAAXXZ)(game* this),
0x4cac90,?TransmitSaveGame@game@@QAAHHH_N0@Z,game_TransmitSaveGame,"int (__thiscall ?TransmitSaveGame@game@@QAAHHH_N0@Z)(game* this, int iToWho, int thisPlayerDead, bool inGame, bool makeOrig)",
0x4cb9b0,sub_4CB9B0,,void (__thiscall sub_4CB9B0)(TDialogBox* this),
0x4cba00,?ReceiveSaveGame@game@@QAAHHHH_N0@Z,game_ReceiveSaveGame,"int (__thiscall ?ReceiveSaveGame@game@@QAAHHHH_N0@Z)(game* this, int iFileSize, int iFullGameCRC, int iFromWho, bool inGame, bool isDiff)",
0x4cc490,?DoNewTurn@game@@QAAXXZ,game_DoNewTurn,void (__thiscall ?DoNewTurn@game@@QAAXXZ)(game* this),
0x4cca90,?GetBoatsBuilt@game@@QAAHXZ,game_GetBoatsBuilt,int (__thiscall ?GetBoatsBuilt@game@@QAAHXZ)(game* this),
0x4ccaf0,?GetNumThievesGuilds@game@@QAAHH@Z,game_GetNumThievesGuilds,"int (__thiscall ?GetNumThievesGuilds@game@@QAAHH@Z)(game* this, int iWhichPlayer)",
0x4ccbb0,?SetMapSize@game@@QAAXHH@Z,game_SetMapSize,"void (__thiscall ?SetMapSize@game@@QAAXHH@Z)(game* this, int width, int height)",
0x4ccbe0,?SetCannedRumour@game@@AAAXXZ,game_SetCannedRumour,void (__thiscall ?SetCannedRumour@game@@AAAXXZ)(game* this),
0x4ccc70,?SetMapRumour@game@@AAAXXZ,game_SetMapRumour,void (__thiscall ?SetMapRumour@game@@AAAXXZ)(game* this),
0x4cce30,?SetSpecialRumour@game@@AAAXXZ,game_SetSpecialRumour,void (__thiscall ?SetSpecialRumour@game@@AAAXXZ)(game* this),
0x4cd3d0,?GiveTimeEventReward@game@@QAAXABVTTimedEvent@@@Z,game_GiveTimeEventReward,"void (__thiscall ?GiveTimeEventReward@game@@QAAXABVTTimedEvent@@@Z)(game* this, TTimedEvent* event)",
0x4cd5d0,?CheckForTimeEvent@game@@QAAXXZ,game_CheckForTimeEvent,void (__thiscall ?CheckForTimeEvent@game@@QAAXXZ)(game* this),
0x4cd6d0,?GiveTownEventReward@game@@QAAXABVTTownEvent@@@Z,game_GiveTownEventReward,void (__thiscall ?GiveTownEventReward@game@@QAAXABVTTownEvent@@@Z)(game* this),
0x4cd840,?get_random_lith@game@@ABA_NABV?$vector@Utype_point@@V?$allocator@Utype_point@@@std@@@std@@AAUtype_point@@JJ@Z,game_get_random_lith,"bool (__thiscall ?get_random_lith@game@@ABA_NABV?$vector@Utype_point@@V?$allocator@Utype_point@@@std@@@std@@AAUtype_point@@JJ@Z)(game* this, std::vector* points, type_point* result, int cell_type, int excluded)",0xcdb80
0x4cda80,?get_random_lith_exit@game@@QBA_NJAAUtype_point@@@Z,game_get_random_lith_exit,"bool (__thiscall ?get_random_lith_exit@game@@QBA_NJAAUtype_point@@@Z)(game* this, int color, type_point* result)",0xcddc0
0x4cdab0,?get_random_lith@game@@QBA_NJJAAUtype_point@@@Z,game_get_random_lith,"bool (__thiscall ?get_random_lith@game@@QBA_NJJAAUtype_point@@@Z)(game* this, int color, int excluded, type_point* result)",0xcddf0
0x4cdae0,?get_random_whirlpool@game@@QBA_NJAAUtype_point@@@Z,game_get_random_whirlpool,"bool (__thiscall ?get_random_whirlpool@game@@QBA_NJAAUtype_point@@@Z)(game* this, int excluded, type_point* result)",0xcde20
0x4cdb00,?get_underground_gate_exit@game@@QBA?AUtype_point@@PBVNewmapCell@@@Z,game_get_underground_gate_exit,"type_point (__thiscall ?get_underground_gate_exit@game@@QBA?AUtype_point@@PBVNewmapCell@@@Z)(game* this, NewmapCell*)",0xcde40
0x4cdbe0,??0game@@QAA@XZ,game_ctor,game* (__thiscall ??0game@@QAA@XZ)(game* this),0xcdf20
0x4ce170,??0HeroExtra@@QAA@XZ,HeroExtra_ctor,void (__thiscall ??0HeroExtra@@QAA@XZ)(HeroExtra* this),
0x4ce1e0,??1HeroExtra@@QAA@XZ,HeroExtra_dtor,void (__thiscall ??1HeroExtra@@QAA@XZ)(HeroExtra* this),
0x4ce230,??1playerData@@QAA@XZ,playerData_dtor,void (__thiscall ??1playerData@@QAA@XZ)(playerData* this),0xce570
0x4ce270,??1game@@QAA@XZ,game_dtor,void (__thiscall ??1game@@QAA@XZ)(game* this),0xce5b0
0x4ce5c0,?GetHeroBoat@game@@QAAPAVboat@@H_N@Z,game_GetHeroBoat,"boat* (__thiscall ?GetHeroBoat@game@@QAAPAVboat@@H_N@Z)(game* this, int id, bool occupied)",0xce900
0x4ce600,?IsHuman@game@@QBA_NH@Z,game_IsHuman,"bool (__thiscall ?IsHuman@game@@QBA_NH@Z)(game* this, uint gamePos)",0xce940
0x4ce630,?IsLocalHuman@game@@QBA_NH@Z,game_IsLocalHuman,"bool (__thiscall ?IsLocalHuman@game@@QBA_NH@Z)(game* this, unsigned int cur_player)",0xce970
0x4ce670,?GetLocalPlayer@game@@QAAPAVplayerData@@XZ,game_GetLocalPlayer,playerData* (__thiscall ?GetLocalPlayer@game@@QAAPAVplayerData@@XZ)(game* this),0xce9b0
0x4ce6e0,?GetLocalPlayerGamePos@game@@QBAHXZ,game_GetLocalPlayerGamePos,int (__thiscall ?GetLocalPlayerGamePos@game@@QBAHXZ)(game* this),0xcea20
0x4ce730,?get_puzzle_origin@game@@QBA?AUtype_point@@XZ,game_get_puzzle_origin,"type_point* (__thiscall ?get_puzzle_origin@game@@QBA?AUtype_point@@XZ)(game* this, type_point* retstr)",
0x4ce820,?GetPlayerName@game@@QAAPADH@Z,game_GetPlayerName,"int8* (__thiscall ?GetPlayerName@game@@QAAPADH@Z)(game* this, int player)",0xceb60
0x4ce8e0,?GetGamePosFromDPID@game@@QBAHK@Z,game_GetGamePosFromDPID,"int (__thiscall ?GetGamePosFromDPID@game@@QBAHK@Z)(game* this, int id)",
0x4ce910,NoMoreHumanPlayers,,"int8 (__thiscall NoMoreHumanPlayers)(void* this, int)",
0x4ce950,?IsMultiplayer@game@@QBA_NXZ,game_IsMultiplayer,bool (__thiscall ?IsMultiplayer@game@@QBA_NXZ)(game* this),0xcec90
0x4ce970,?ResetGame@game@@QAAXXZ,game_ResetGame,"int (__thiscall ?ResetGame@game@@QAAXXZ)(game* this, NewSMapHeader* psMapHeaderDefault)",
0x4cea00,game_4CEA00,,"void* (__thiscall game_4CEA00)(game* this, int a2, int a3)",
0x4cebd0,sub_4CEBD0,,"int* (__thiscall sub_4CEBD0)(void* this, int*, int)",
0x4cec40,sub_4CEC40,,"int* (__thiscall sub_4CEC40)(int* this, int8)",
0x4cecb0,?count@?$bitset@$0JB@@std@@QBEIXZ,n0JB_bitset_count,int (__thiscall ?count@?$bitset@$0JB@@std@@QBEIXZ)(unsigned int* this),
0x4cece0,sub_4CECE0,,"int* (__thiscall sub_4CECE0)(int* this, int8)",
0x4ced50,DeleteAllTownsPreSetup,,int (__thiscall DeleteAllTownsPreSetup)(int* this),
0x4ced90,sub_4CED90,,"void (__thiscall sub_4CED90)(int* this, unsigned int, void*)",
0x4cf070,sub_4CF070,,int (__thiscall sub_4CF070)(std::vector_town_* this),
0x4cf0b0,sub_4CF0B0,,"void (__thiscall sub_4CF0B0)(std::vector_town_* this, unsigned int, void*)",
0x4cf360,?size@?$vector@Vtown@@V?$allocator@Vtown@@@std@@@std@@QBAIXZ,Vtown_vector_size,uint (__thiscall ?size@?$vector@Vtown@@V?$allocator@Vtown@@@std@@@std@@QBAIXZ)(std::vector_town_* this),
0x4cf390,??_GSign@@QAAPAXI@Z,op_GSign,int (__thiscall ??_GSign@@QAAPAXI@Z)(Sign* this),
0x4cf3d0,?size@?$vector@Vmine@@V?$allocator@Vmine@@@std@@@std@@QBAIXZ,Vmine_vector_size,uint (__thiscall ?size@?$vector@Vmine@@V?$allocator@Vmine@@@std@@@std@@QBAIXZ)(std::vector_mine_* this),
0x4cf3f0,?size@?$vector@Vboat@@V?$allocator@Vboat@@@std@@@std@@QBAIXZ,Vboat_vector_size,int (__thiscall ?size@?$vector@Vboat@@V?$allocator@Vboat@@@std@@@std@@QBAIXZ)(void* this),
0x4cf420,sub_4CF420,,int (__thiscall sub_4CF420)(int* this),
0x4cf460,sub_4CF460,,int (__thiscall sub_4CF460)(int this),
0x4cf4a0,vector_size_4CF4A0,,int (__thiscall vector_size_4CF4A0)(void* this),
0x4cf4d0,sub_4CF4D0,,"int* (__thiscall sub_4CF4D0)(int* this, int8)",
0x4cf540,sub_4CF540,,"void* (__thiscall sub_4CF540)(void* this, unsigned int)",
0x4cf5a0,?count@?$bitset@$0BM@@std@@QBEIXZ,n0BM_bitset_count,int (__thiscall ?count@?$bitset@$0BM@@std@@QBEIXZ)(unsigned int* this),
0x4cf5c0,sub_4CF5C0,,"int* (__thiscall sub_4CF5C0)(int* this, int8)",
0x4cf630,sub_4CF630,,"BOOL (__thiscall sub_4CF630)(void* this, unsigned int)",
0x4cf670,?set@?$bitset@$0JA@@std@@QAEAAV12@I_N@Z,n0JA_bitset_set,"void* (__thiscall ?set@?$bitset@$0JA@@std@@QAEAAV12@I_N@Z)(void* this, unsigned int, int8)",
0x4cf6e0,sub_4CF6E0,,"void* (__thiscall sub_4CF6E0)(void* this, int)",
0x4cf710,sub_4CF710,,int (__thiscall sub_4CF710)(void* this),
0x4cf730,?set@?$bitset@$0JB@@std@@QAEAAV12@I_N@Z,n0JB_bitset_set,"void* (__thiscall ?set@?$bitset@$0JB@@std@@QAEAAV12@I_N@Z)(void* this, unsigned int, int8)",
0x4cf7a0,?test@?$bitset@$0JB@@std@@QBE_NI@Z,n0JB_bitset_test,"BOOL (__thiscall ?test@?$bitset@$0JB@@std@@QBE_NI@Z)(void* this, unsigned int)",
0x4cf7e0,sub_4CF7E0,,"int (__thiscall sub_4CF7E0)(void* this, void*, unsigned int, void*)",
0x4cfb00,sub_4CFB00,,"Sign* (__thiscall sub_4CFB00)(void* this, Sign*, int8*)",
0x4cfb90,sub_4CFB90,,,
0x4cfbc0,sub_4CFBC0,,"BOOL (__thiscall sub_4CFBC0)(void* this, unsigned int)",
0x4cfc00,?_Tidy@?$bitset@$07@std@@AAEXK@Z,std_07_bitset_Tidy,"void (__thiscall ?_Tidy@?$bitset@$07@std@@AAEXK@Z)(std::bitset_8_* this, uint value)",
0x4cfc20,sub_4CFC20,,"int* (__thiscall sub_4CFC20)(int this, int*, int*)",
0x4cfd40,sub_4CFD40,,"void* (__thiscall sub_4CFD40)(void* this, unsigned int, int8)",
0x4cfdb0,sub_4CFDB0,,,
0x4d00b0,sub_4D00B0,,"int8* (__thiscall sub_4D00B0)(void* this, int8*, int8*)",
0x4d0100,sub_4D0100,,"unsigned int (__thiscall sub_4D0100)(void* this, int8*, unsigned int, int8*)",
0x4d0420,sub_4D0420,,"int8* (__thiscall sub_4D0420)(void* this, int8*, int8*)",
0x4d0490,sub_4D0490,,,
0x4d04c0,?insert@?$vector@USign@@V?$allocator@USign@@@std@@@std@@QAAXPAUSign@@IABU3@@Z,USign_vector_insert,"void (__thiscall ?insert@?$vector@USign@@V?$allocator@USign@@@std@@@std@@QAAXPAUSign@@IABU3@@Z)(std::vector* this, Sign* P, unsigned int M, Sign* X)",
0x4d07e0,?loadString@game@@SAHPAXAAV?$basic_string@DU?$char_traits@D@std@@V?$allocator@D@2@@std@@@Z,game_loadString,"int (__thiscall ?loadString@game@@SAHPAXAAV?$basic_string@DU?$char_traits@D@std@@V?$allocator@D@2@@std@@@Z)(std::string* str, Sign* sign)",
0x4d0870,sub_4D0870,,"int8* (__thiscall sub_4D0870)(void* this, int8*, unsigned int, void*)",
0x4d0ae0,sub_4D0AE0,,"int8* (__thiscall sub_4D0AE0)(void* this, int8*, int8*)",
0x4d0b30,sub_4D0B30,,"int (__thiscall sub_4D0B30)(int this, int8*, void*)",
0x4d0d40,sub_4D0D40,,,
0x4d1030,sub_4D1030,,"int8* (__thiscall sub_4D1030)(void* this, int8*, int8*)",
0x4d1080,sub_4D1080,,,
0x4d10b0,sub_4D10B0,,"int (__thiscall sub_4D10B0)(void* this, int8*, unsigned int, int)",
0x4d13b0,sub_4D13B0,,"int8* (__thiscall sub_4D13B0)(void* this, int8*, int8*)",
0x4d1430,sub_4D1430,,,
0x4d1460,sub_4D1460,,"int (__thiscall sub_4D1460)(int* this, int)",
0x4d1480,?flip@?$bitset@$0BM@@std@@QAEAAV12@XZ,n0BM_bitset_flip,int* (__thiscall ?flip@?$bitset@$0BM@@std@@QAEAAV12@XZ)(int* this),
0x4d14a0,sub_4D14A0,,"BOOL (__thiscall sub_4D14A0)(void* this, unsigned int)",
0x4d14e0,?any@?$bitset@$0BM@@std@@QBE_NXZ,n0BM_bitset_any,,
0x4d1500,sub_4D1500,,"int (__thiscall sub_4D1500)(int* this, int)",
0x4d1520,sub_4D1520,,,
0x4d15f0,sub_4D15F0,,"unsigned int (__thiscall sub_4D15F0)(void* this, int8*, unsigned int, int)",
0x4d1950,bitset_out_of_range,,,
0x4d1a20,sub_4D1A20,,"int* (__thiscall sub_4D1A20)(void* this, int*, void*, void*, void*)",
0x4d1d20,sub_4D1D20,,void** (__thiscall sub_4D1D20)(void** this),
0x4d1d60,sub_4D1D60,,,
0x4d1e30,sub_4D1E30,,,
0x4d1e70,sub_4D1E70,,,
0x4d1eb0,sub_4D1EB0,,,
0x4d1ef0,sub_4D1EF0,,,
0x4d1f20,sub_4D1F20,,,
0x4d1f60,sub_4D1F60,,,
0x4d1fa0,sub_4D1FA0,,"int8* (__thiscall sub_4D1FA0)(int8* this, int8*, unsigned int, void*)",
0x4d22b0,sub_4D22B0,,"unsigned int (__thiscall sub_4D22B0)(void* this, int, unsigned int, int*)",
0x4d2630,sub_4D2630,,,
0x4d2700,sub_4D2700,,,
0x4d27d0,sub_4D27D0,,void (__thiscall sub_4D27D0)(void* this),
0x4d2890,?load_object_vector@@YA_NPAXAAV?$vector@Utype_creature_bank@@V?$allocator@Utype_creature_bank@@@std@@@std@@@Z,load_object_vector,"bool (__fastcall ?load_object_vector@@YA_NPAXAAV?$vector@Utype_creature_bank@@V?$allocator@Utype_creature_bank@@@std@@@std@@@Z)(TGzFile* file, std::vector_type_creature_bank_* dest_vector)",
0x4d2ae0,sub_4D2AE0,,,
0x4d2b40,sub_4D2B40,,,
0x4d2ba0,sub_4D2BA0,,,
0x4d2cb0,sub_4D2CB0,,,
0x4d2e70,sub_4D2E70,,,
0x4d3000,sub_4D3000,,,
0x4d3300,sub_4D3300,,,
0x4d3650,sub_4D3650,,,
0x4d38a0,sub_4D38A0,,,
0x4d3a10,sub_4D3A10,,,
0x4d3a30,sub_4D3A30,,,
0x4d3b90,sub_4D3B90,,"int8 (__fastcall sub_4D3B90)(int, int8* edx0)",
0x4d3d50,sub_4D3D50,,,
0x4d3e10,sub_4D3E10,,"int8* (__thiscall sub_4D3E10)(int8* this, int8*)",
0x4d40e0,sub_4D40E0,,"int (__thiscall sub_4D40E0)(int this, void*)",
0x4d4280,sub_4D4280,,"int (__thiscall sub_4D4280)(int this, int)",
0x4d4470,sub_4D4470,,void (__thiscall sub_4D4470)(void* this),
0x4d44b0,sub_4D44B0,,"int* (__thiscall sub_4D44B0)(int* this, int*)",
0x4d4640,sub_4D4640,,"unsigned int (__thiscall sub_4D4640)(int this, unsigned int, int*)",
0x4d4840,sub_4D4840,,"int* (__thiscall sub_4D4840)(int* this, int8)",
0x4d48b0,sub_4D48B0,,"void (__thiscall sub_4D48B0)(int this, unsigned int, void*)",
0x4d4b80,sub_4D4B80,,int (__thiscall sub_4D4B80)(void* this),
0x4d4bb0,sub_4D4BB0,,"unsigned int (__thiscall sub_4D4BB0)(void* this, unsigned int, void*)",
0x4d4e10,sub_4D4E10,,,
0x4d4e50,sub_4D4E50,,"void* (__thiscall sub_4D4E50)(void* this, void*, int)",
0x4d4e70,sub_4D4E70,,"void* (__thiscall sub_4D4E70)(int* this, void*)",
0x4d4e90,std::vector::resize_4D4E90,,"void (__thiscall std::vector::resize_4D4E90)(std::vector* this, uint new_size, void* x)",
0x4d4ed0,sub_4D4ED0,,"void* (__thiscall sub_4D4ED0)(void* this, unsigned int, int8)",
0x4d4f30,sub_4D4F30,,"void* (__thiscall sub_4D4F30)(void* this, void*, int)",
0x4d4ff0,sub_4D4FF0,,"void* (__thiscall sub_4D4FF0)(void* this, unsigned int, int8)",
0x4d5060,sub_4D5060,,"BOOL (__thiscall sub_4D5060)(void* this, unsigned int)",
0x4d50a0,sub_4D50A0,,"void* (__thiscall sub_4D50A0)(void* this, int)",
0x4d50c0,Exception_004D50C0,,,
0x4d5190,sub_4D5190,,,
0x4d51d0,sub_4D51D0,,,
0x4d5210,sub_4D5210,,,
0x4d52e0,sub_4D52E0,,,
0x4d5300,sub_4D5300,,,
0x4d5360,sub_4D5360,,,
0x4d53c0,sub_4D53C0,,,
0x4d5430,sub_4D5430,,,
0x4d5490,sub_4D5490,,,
0x4d54f0,sub_4D54F0,,,
0x4d5550,sub_4D5550,,,
0x4d55b0,sub_4D55B0,,,
0x4d5610,sub_4D5610,,,
0x4d5670,sub_4D5670,,,
0x4d56d0,sub_4D56D0,,"heroWindow* (__thiscall sub_4D56D0)(heroWindow* this, button*)",
0x4d5a70,sub_4D5A70,,"heroWindow* (__thiscall sub_4D5A70)(heroWindow* Memory, int8)",
0x4d5aa0,sub_4D5AA0,,void (__thiscall sub_4D5AA0)(heroWindow* this),
0x4d5b20,sub_4D5B20,,int (__thiscall sub_4D5B20)(heroWindow* this),
0x4d5b50,sub_4D5B50,,,
0x4d5d70,sub_4D5D70,,,
0x4d5d90,sub_4D5D90,,,
0x4d5db0,sub_4D5DB0,,,
0x4d5e10,sub_4D5E10,,,
0x4d5e70,sub_4D5E70,,,
0x4d5ee0,sub_4D5EE0,,,
0x4d5f40,sub_4D5F40,,,
0x4d5fa0,sub_4D5FA0,,,
0x4d6000,sub_4D6000,,,
0x4d6060,sub_4D6060,,,
0x4d60c0,sub_4D60C0,,,
0x4d6120,trash_4D6120,,,
0x4d6180,sub_4D6180,,,
0x4d61a0,sub_4D61A0,,,
0x4d61c0,sub_4D61C0,,,
0x4d61e0,sub_4D61E0,,int (__thiscall sub_4D61E0)(int this),
0x4d6260,??0TGzInflateBuf@@QAE@AAV?$basic_streambuf@DU?$char_traits@D@std@@@std@@@Z,TGzInflateBuf_ctor,"TGzInflateBuf* (__thiscall ??0TGzInflateBuf@@QAE@AAV?$basic_streambuf@DU?$char_traits@D@std@@@std@@@Z)(TGzInflateBuf* this, std::streambuf* _source)",0xd6050
0x4d67f0,sub_4D67F0,,std::exception* (__thiscall sub_4D67F0)(std::exception* this),
0x4d68a0,??1logic_error@std@@UAE@XZ,std_logic_error_dtor,void (__thiscall ??1logic_error@std@@UAE@XZ)(std::exception* this),
0x4d68f0,sub_4D68F0,,"std::exception* (__thiscall sub_4D68F0)(std::exception* this, std::exception*)",
0x4d6a50,sub_4D6A50,,"TGzInflateBuf* (__thiscall sub_4D6A50)(TGzInflateBuf* Memory, int8)",
0x4d6a80,TGzInflateBuf::destructor,,void (__thiscall TGzInflateBuf::destructor)(TGzInflateBuf* this),
0x4d6b80,TGzInflateBuf::underflow,,int (__thiscall TGzInflateBuf::underflow)(TGzInflateBuf* this),
0x4d6de0,sub_4D6DE0,,std::exception* (__thiscall sub_4D6DE0)(std::exception* this),
0x4d6e00,sub_4D6E00,,int (__thiscall sub_4D6E00)(int this),
0x4d6e90,sub_4D6E90,,,
0x4d6eb0,TGzFile::TGzFile,,"TGzFile* (__thiscall TGzFile::TGzFile)(TGzFile* this, int8* path, int8* mode)",0xd6c50
0x4d6f30,TGzFile::scalar_deleting_destructor,,"Buffer* (__thiscall TGzFile::scalar_deleting_destructor)(Buffer* this, int8 a2)",
0x4d6f60,j_??1exception@@UAE@XZ,,,
0x4d6f70,sub_4D6F70,,"std::exception* (__thiscall sub_4D6F70)(std::exception* this, std::exception*)",
0x4d6f90,sub_4D6F90,,"std::exception* (__thiscall sub_4D6F90)(std::exception* Memory, int8)",
0x4d6fc0,TGzFile::destructor,,int (__thiscall TGzFile::destructor)(TGzFile* this),0xd6d60
0x4d6fe0,TGzFile::read,,"int (__thiscall TGzFile::read)(TGzFile* this, int8* a2, int8* a3)",
0x4d7000,TGzFile::write,,"int (__thiscall TGzFile::write)(int* this, unsigned int8*, unsigned int)",
0x4d7020,sub_4D7020,,void (__thiscall sub_4D7020)(void* this),
0x4d7030,sub_4D7030,,,
0x4d7090,sub_4D7090,,,
0x4d70f0,sub_4D70F0,,,
0x4d7160,sub_4D7160,,,
0x4d71c0,sub_4D71C0,,,
0x4d7220,sub_4D7220,,,
0x4d7280,sub_4D7280,,,
0x4d72e0,sub_4D72E0,,,
0x4d7340,sub_4D7340,,,
0x4d73a0,sub_4D73A0,,,
0x4d7400,sub_4D7400,,,
0x4d7410,?InitializeHeroSpecificAbilitiesTable@@YA_NXZ,InitializeHeroSpecificAbilitiesTable,,
0x4d7490,?GetSpecificAbilityTextShort@hero@@QAAPBDXZ,hero_GetSpecificAbilityTextShort,int8* (__thiscall ?GetSpecificAbilityTextShort@hero@@QAAPBDXZ)(hero* this),
0x4d74b0,?initialize_ballistics_table@@YA_NXZ,initialize_ballistics_table,,
0x4d76e0,??0type_obscuring_object@@QAA@XZ,type_obscuring_object_ctor,void (__thiscall ??0type_obscuring_object@@QAA@XZ)(type_obscuring_object* this),0xd7470
0x4d7700,?get_obscured_town@type_obscuring_object@@QBAPAVtown@@XZ,type_obscuring_object_get_obscured_town,town* (__thiscall ?get_obscured_town@type_obscuring_object@@QBAPAVtown@@XZ)(type_obscuring_object* this),0xd7490
0x4d7740,?initialize@type_obscuring_object@@QAAXXZ,type_obscuring_object_initialize,void (__thiscall ?initialize@type_obscuring_object@@QAAXXZ)(type_obscuring_object* this),0xd74d0
0x4d7760,?load@type_obscuring_object@@QAA_NPAX@Z,type_obscuring_object_load,"bool (__thiscall ?load@type_obscuring_object@@QAA_NPAX@Z)(type_obscuring_object* this, int version)",
0x4d7840,?obscure_cell@type_obscuring_object@@IAAXW4TAdventureObjectType@@J@Z,type_obscuring_object_obscure_cell,"void (__thiscall ?obscure_cell@type_obscuring_object@@IAAXW4TAdventureObjectType@@J@Z)(type_obscuring_object* this, TAdventureObjectType new_type, int id)",0xd75d0
0x4d7950,?restore_cell@type_obscuring_object@@QAAXXZ,type_obscuring_object_restore_cell,void (__thiscall ?restore_cell@type_obscuring_object@@QAAXXZ)(type_obscuring_object* this),0xd76e0
0x4d7a20,?save@type_obscuring_object@@QAA_NPAX@Z,type_obscuring_object_save,"bool (__thiscall ?save@type_obscuring_object@@QAA_NPAX@Z)(int8* this, int)",
0x4d7b00,?hire@hero@@QAAXHUtype_point@@@Z,hero_hire,"void (__thiscall ?hire@hero@@QAAXHUtype_point@@@Z)(hero* this, int iPlayer, type_point point)",
0x4d7b70,?PlaceInMap@hero@@QAAXHUtype_point@@_N@Z,hero_PlaceInMap,"void (__thiscall ?PlaceInMap@hero@@QAAXHUtype_point@@_N@Z)(hero* this, int iPlayer, type_point point, bool reset_flags)",
0x4d7c90,?load@hero@@QAAHPAX@Z,hero_load,"int (__thiscall ?load@hero@@QAAHPAX@Z)(hero* this, TGzFile* infile, int version)",
0x4d8330,?save@hero@@QAAHPAX@Z,hero_save,"int (__thiscall ?save@hero@@QAAHPAX@Z)(hero* this, void* outfile)",
0x4d8860,??0hero@@QAA@XZ,hero_ctor,void (__thiscall ??0hero@@QAA@XZ)(hero* this),0xd85f0
0x4d8990,hero::fromID,,"void (__thiscall hero::fromID)(hero* this, int16 id)",
0x4d8da0,initialize_hero,,"void (__fastcall initialize_hero)(hero* current_hero, HeroExtra* setup)",
0x4d91e0,hero::SoD_GemCampaignTypeName,,int8* (__thiscall hero::SoD_GemCampaignTypeName)(hero* this),
0x4d9220,sub_4D9220,,int8* (__thiscall sub_4D9220)(hero* this),
0x4d92c0,?belongs_to_human@hero@@QBA_NXZ,hero_belongs_to_human,bool (__thiscall ?belongs_to_human@hero@@QBA_NXZ)(hero* this),
0x4d92e0,?get_equipped_artifacts@hero@@QBAJ_N@Z,hero_get_equipped_artifacts,"int (__thiscall ?get_equipped_artifacts@hero@@QBAJ_N@Z)(hero* this, bool countWarMachines)",0xd9070
0x4d9330,?get_number_in_backpack@hero@@QBAJ_N@Z,hero_get_number_in_backpack,"int (__thiscall ?get_number_in_backpack@hero@@QBAJ_N@Z)(hero* this, bool countWarMachines)",0xd90c0
0x4d9380,?GetStandSequence@hero@@QAA?AW4hero_seqid@@XZ,hero_GetStandSequence,hero_seqid (__thiscall ?GetStandSequence@hero@@QAA?AW4hero_seqid@@XZ)(hero* this),0xd9110
0x4d93d0,?GetStandSequence@boat@@QAA?AW4hero_seqid@@XZ,boat_GetStandSequence,hero_seqid (__thiscall ?GetStandSequence@boat@@QAA?AW4hero_seqid@@XZ)(boat* this),
0x4d9420,?HasArtifact@hero@@QBAHH@Z,hero_HasArtifact,"bool (__thiscall ?HasArtifact@hero@@QBAHH@Z)(hero* this, TArtifact artifact)",0xd91b0
0x4d9460,?IsWieldingArtifact@hero@@QBAHH@Z,hero_IsWieldingArtifact,"bool (__thiscall ?IsWieldingArtifact@hero@@QBAHH@Z)(hero* this, TArtifact artifact)",0xd91f0
0x4d94d0,?DestroySiegeWeaponArtifact@hero@@QAAXH@Z,hero_DestroySiegeWeaponArtifact,"void (__thiscall ?DestroySiegeWeaponArtifact@hero@@QAAXH@Z)(hero* this, TCreatureType creature_type)",
0x4d9540,?UseSpell@hero@@QAAXH@Z,hero_UseSpell,"void (__thiscall ?UseSpell@hero@@QAAXH@Z)(hero* this, int cost)",
0x4d95a0,?AddSpell@hero@@QAAXH@Z,hero_AddSpell,"void (__thiscall ?AddSpell@hero@@QAAXH@Z)(hero* this, SpellID whichSpell)",
0x4d95c0,sub_4D95C0,,,
0x4d9840,?update_spell_list@hero@@AAAXXZ,hero_update_spell_list,void (__thiscall ?update_spell_list@hero@@AAAXXZ)(hero* this),
0x4d9a60,?UpdateArmies@hero@@QAAXXZ,hero_UpdateArmies,void (__thiscall ?UpdateArmies@hero@@QAAXXZ)(hero* this),
0x4d9c00,?ViewStat@hero@@QAAXHH@Z,hero_ViewStat,"void (__thiscall ?ViewStat@hero@@QAAXHH@Z)(hero* this, int whichStat, bool32 isQuickView)",
0x4d9c70,?ViewArtifact@hero@@QAAXABUtype_artifact@@H@Z,hero_ViewArtifact,"void (__thiscall ?ViewArtifact@hero@@QAAXABUtype_artifact@@H@Z)(hero* this, type_artifact* artifact, int isQuickView)",
0x4d9da0,sub_4D9DA0,,,
0x4d9f30,sub_4D9F30,,,
0x4da130,?Deallocate@hero@@QAAX_N0@Z,hero_Deallocate,"void (__thiscall ?Deallocate@hero@@QAAX_N0@Z)(hero* this, bool bGameLoaded, bool remote_move)",0xd9ec0
0x4da610,?GetExperience@hero@@SAHH@Z,hero_GetExperience,int (__fastcall ?GetExperience@hero@@SAHH@Z)(int iLevel),0xda3a0
0x4da690,?GetExperienceIncrement@hero@@SAHH@Z,hero_GetExperienceIncrement,int (__fastcall ?GetExperienceIncrement@hero@@SAHH@Z)(int level),0xda420
0x4da780,?ApplyBattleWinTemps@hero@@QAAXXZ,hero_ApplyBattleWinTemps,void (__thiscall ?ApplyBattleWinTemps@hero@@QAAXXZ)(hero* this),
0x4da980,?ApplyBattleLossTemps@hero@@QAAXXZ,hero_ApplyBattleLossTemps,,
0x4da990,?CheckLevel@hero@@QAAXXZ,hero_CheckLevel,void (__thiscall ?CheckLevel@hero@@QAAXXZ)(hero* this),
0x4daf70,get_skill_award,,"TSecondarySkill (__fastcall get_skill_award)(hero* current_hero, TSkillMastery min_level, int max_level, TSecondarySkill excluded)",
0x4db200,?update_slot@THeroScreenWindow@@QAAXW4TArtifactSlot@@@Z,THeroScreenWindow_update_slot,"void (__thiscall ?update_slot@THeroScreenWindow@@QAAXW4TArtifactSlot@@@Z)(THeroScreenWindow* this, TArtifactSlot slot)",
0x4db440,?update_all_slots@THeroScreenWindow@@QAAXXZ,THeroScreenWindow_update_all_slots,void (__thiscall ?update_all_slots@THeroScreenWindow@@QAAXXZ)(THeroScreenWindow* this),
0x4db460,?UpdateBackpack@@YAXXZ,UpdateBackpack,,
0x4db5c0,?get_rollover_text@type_artifact@@QBAXPAD@Z,type_artifact_get_rollover_text,"void (__thiscall ?get_rollover_text@type_artifact@@QBAXPAD@Z)(type_artifact* this, int8* buffer)",0xdb350
0x4db650,?get_description@type_artifact@@QBA?AV?$basic_string@DU?$char_traits@D@std@@V?$allocator@D@2@@std@@XZ,type_artifact_get_description,"std::string* (__thiscall ?get_description@type_artifact@@QBA?AV?$basic_string@DU?$char_traits@D@std@@V?$allocator@D@2@@std@@XZ)(type_artifact* this, std::string* retstr)",0xdb3e0
0x4db8d0,?UpdateHeroScreenStatusBar@THeroScreenWindow@@AAAXAAUmessage@@@Z,THeroScreenWindow_UpdateHeroScreenStatusBar,"int (__thiscall ?UpdateHeroScreenStatusBar@THeroScreenWindow@@AAAXAAUmessage@@@Z)(heroWindow* this, int)",
0x4dc000,?get_last_backpack_index@hero@@QBAJXZ,hero_get_last_backpack_index,int (__thiscall ?get_last_backpack_index@hero@@QBAJXZ)(hero* this),
0x4dc020,?rotate_backpack_left@hero@@QAAXXZ,hero_rotate_backpack_left,void (__thiscall ?rotate_backpack_left@hero@@QAAXXZ)(hero* this),
0x4dc080,?rotate_backpack_right@hero@@QAAXXZ,hero_rotate_backpack_right,int (__thiscall ?rotate_backpack_right@hero@@QAAXXZ)(hero* this),
0x4dc0f0,hero::SoD_NoBlockedComboArtifacts,,"bool (__thiscall hero::SoD_NoBlockedComboArtifacts)(hero* this, int combo_artifact)",
0x4dc1a0,hero::SoD_AssembleComboArtifact,,"void (__thiscall hero::SoD_AssembleComboArtifact)(hero* this, int combo, TArtifactSlot slot)",
0x4dc2e0,hero::SoD_DisassembleComboArtifact,,"void (__fastcall hero::SoD_DisassembleComboArtifact)(hero* this, TArtifactSlot slot)",
0x4dc370,hero::SoD_EquipComboArtifact,,"void (__thiscall hero::SoD_EquipComboArtifact)(hero* this, TArtifactSlot slot)",
0x4dc590,?get_morale_description@hero@@QBA?AV?$basic_string@DU?$char_traits@D@std@@V?$allocator@D@2@@std@@XZ,hero_get_morale_description,"std::string* (__thiscall ?get_morale_description@hero@@QBA?AV?$basic_string@DU?$char_traits@D@std@@V?$allocator@D@2@@std@@XZ)(hero* this, std::string* retstr)",0xdc320
0x4dcd30,?get_luck_description@hero@@QBA?AV?$basic_string@DU?$char_traits@D@std@@V?$allocator@D@2@@std@@XZ,hero_get_luck_description,"std::string* (__thiscall ?get_luck_description@hero@@QBA?AV?$basic_string@DU?$char_traits@D@std@@V?$allocator@D@2@@std@@XZ)(hero* this, std::string* ret_str)",0xdcac0
0x4dd510,callback_4DD510,,int (__stdcall callback_4DD510)(message* this),
0x4dd540,?WindowHandler@THeroScreenWindow@@EAAHAAUmessage@@@Z,THeroScreenWindow_WindowHandler,"int (__thiscall ?WindowHandler@THeroScreenWindow@@EAAHAAUmessage@@@Z)(heroWindow* this, message* msg)",
0x4de980,??0THeroScreenWindow@@QAA@XZ,THeroScreenWindow_ctor,THeroScreenWindow* (__thiscall ??0THeroScreenWindow@@QAA@XZ)(THeroScreenWindow* this),
0x4e15e0,sub_4E15E0,,"void* (__thiscall sub_4E15E0)(void* this, int)",
0x4e1790,sub_4E1790,,"CAdvPopup* (__thiscall sub_4E1790)(CAdvPopup* Memory, int8)",
0x4e17c0,??1THeroScreenWindow@@UAA@XZ,THeroScreenWindow_dtor,void (__thiscall ??1THeroScreenWindow@@UAA@XZ)(CAdvPopup* this),
0x4e1870,sub_4E1870,,"void (__thiscall sub_4E1870)(heroWindow* this, int)",
0x4e1940,?UpdateStats@hero@@QAAXXZ,hero_UpdateStats,void (__thiscall ?UpdateStats@hero@@QAAXXZ)(hero* this),
0x4e1a70,?HeroView@@YAHHHH_N@Z,HeroView,"int (__fastcall ?HeroView@@YAHHHH_N@Z)(int iHeroID, bool32 bNoDismiss, bool32 bAlreadyFaded, bool32 bQuickView)",
0x4e1cc0,?SetupHeroView@THeroScreenWindow@@QAAXXZ,THeroScreenWindow_SetupHeroView,void (__thiscall ?SetupHeroView@THeroScreenWindow@@QAAXXZ)(heroWindow* this),
0x4e2480,?SetSS@hero@@QAAXHH@Z,hero_SetSS,"void (__thiscall ?SetSS@hero@@QAAXHH@Z)(hero* this, int iWhichSS, int iLevelToSet)",0xe2210
0x4e24c0,?TakeSS@hero@@QAAHHH@Z,hero_TakeSS,"int (__thiscall ?TakeSS@hero@@QAAHHH@Z)(hero* this, int iWhichSS, int iNumLevelsToTake)",0xe2250
0x4e2540,?GiveSS@hero@@QAAHHH@Z,hero_GiveSS,"int (__thiscall ?GiveSS@hero@@QAAHHH@Z)(hero* this, int iWhichSS, int iNumLevelsToGive)",0xe22d0
0x4e25b0,?CreatureTypeCount@hero@@QAAHH@Z,hero_CreatureTypeCount,"int (__thiscall ?CreatureTypeCount@hero@@QAAHH@Z)(hero* this, TCreatureType creatureType)",0xe2340
0x4e25e0,?UpgradeCreatures@hero@@QAAXHH@Z,hero_UpgradeCreatures,"void (__thiscall ?UpgradeCreatures@hero@@QAAXHH@Z)(hero* this, TCreatureType sourceCreatureType, TCreatureType destCreatureType)",0xe2370
0x4e2610,?GetNthSS@hero@@QAAHH@Z,hero_GetNthSS,"int (__thiscall ?GetNthSS@hero@@QAAHH@Z)(hero* this, int nSS)",0xe23a0
0x4e2640,?TransferArtifacts@hero@@QAAXPAV1@@Z,hero_TransferArtifacts,"void (__thiscall ?TransferArtifacts@hero@@QAAXPAV1@@Z)(hero* this, hero* src)",0xe23d0
0x4e27c0,hero::SoD_ArtifactAllowedInSlot,,"bool (__thiscall hero::SoD_ArtifactAllowedInSlot)(hero* this, TArtifact artifact, TArtifactSlot slot)",0xe2550
0x4e2ab0,hero::SoD_ArtifactEquippableInSlot,,"bool (__thiscall hero::SoD_ArtifactEquippableInSlot)(hero* this, TArtifact artifact, TArtifactSlot slot)",0xe2840
0x4e2c70,?equip_artifact@hero@@QAA_NABUtype_artifact@@J@Z,hero_equip_artifact,"bool (__thiscall ?equip_artifact@hero@@QAA_NABUtype_artifact@@J@Z)(hero* this, type_artifact* artifact, int slot)",0xe2a00
0x4e2e40,?remove_artifact@hero@@QAAXW4TArtifactSlot@@@Z,hero_remove_artifact,"void (__thiscall ?remove_artifact@hero@@QAAXW4TArtifactSlot@@@Z)(hero* this, TArtifactSlot slot)",0xe2bd0
0x4e2fc0,?remove_backpack_artifact@hero@@QAAXF@Z,hero_remove_backpack_artifact,"void (__thiscall ?remove_backpack_artifact@hero@@QAAXF@Z)(hero* this, int16 slot)",0xe2d50
0x4e3040,?remove_artifact@hero@@QAA_NW4TArtifact@@@Z,hero_remove_artifact,"bool (__thiscall ?remove_artifact@hero@@QAA_NW4TArtifact@@@Z)(hero* this, TArtifact art)",0xe2dd0
0x4e3140,?get_backpack_error@hero@@QBA?AV?$basic_string@DU?$char_traits@D@std@@V?$allocator@D@2@@std@@W4TArtifact@@@Z,hero_get_backpack_error,"std::string* (__thiscall ?get_backpack_error@hero@@QBA?AV?$basic_string@DU?$char_traits@D@std@@V?$allocator@D@2@@std@@W4TArtifact@@@Z)(hero* this, std::string* retstr, TArtifact artifact)",0xe2ed0
0x4e3200,?add_to_backpack@hero@@QAA_NABUtype_artifact@@J@Z,hero_add_to_backpack,"bool (__thiscall ?add_to_backpack@hero@@QAA_NABUtype_artifact@@J@Z)(hero* this, type_artifact* artifact, int slot)",0xe2f90
0x4e32e0,?GiveArtifact@hero@@QAAXABUtype_artifact@@H_N@Z,hero_GiveArtifact,"bool (__thiscall ?GiveArtifact@hero@@QAAXABUtype_artifact@@H_N@Z)(hero* this, type_artifact* artifact, int bCheckEnd, bool equip_it)",0xe3070
0x4e3620,?GiveExperience@hero@@QAAHHH_N@Z,hero_GiveExperience,"int (__thiscall ?GiveExperience@hero@@QAAHHH_N@Z)(hero* this, int howMuch, int bCheckLevel, bool show_cap_window)",0xe33b0
0x4e3870,?GiveResource@hero@@QAAXHH@Z,hero_GiveResource,"void (__thiscall ?GiveResource@hero@@QAAXHH@Z)(hero* this, int whichRes, int howMuch)",0xe3600
0x4e3930,?GetLuck@hero@@QBAHPBV1@_N1@Z,hero_GetLuck,"int (__thiscall ?GetLuck@hero@@QBAHPBV1@_N1@Z)(hero* this, hero* otherHero, int on_cursed_ground, int apply_limits)",0xe36c0
0x4e3c20,?GetMorale@hero@@QBAHPBV1@_N1@Z,hero_GetMorale,"int (__thiscall ?GetMorale@hero@@QBAHPBV1@_N1@Z)(hero* this, hero* other_hero, bool on_cursed_ground, int apply_limits)",0xe39b0
0x4e3ed0,hero::SoD_getNecromancyCreature,,TCreatureType (__thiscall hero::SoD_getNecromancyCreature)(hero* this),0xe3c60
0x4e3f40,?GetNecromancyFactor@hero@@QBAM_N@Z,hero_GetNecromancyFactor,"float (__thiscall ?GetNecromancyFactor@hero@@QBAM_N@Z)(hero* this, bool apply_limit)",0xe3cd0
0x4e41b0,?GetMysticismBonus@hero@@QBAHXZ,hero_GetMysticismBonus,int (__thiscall ?GetMysticismBonus@hero@@QBAHXZ)(hero* this),0xe3f40
0x4e42e0,?GetVisibility@hero@@QBAHXZ,hero_GetVisibility,int (__thiscall ?GetVisibility@hero@@QBAHXZ)(hero* this),0xe4070
0x4e43d0,?GetArcheryFactor@hero@@QBAMXZ,hero_GetArcheryFactor,float (__thiscall ?GetArcheryFactor@hero@@QBAMXZ)(hero* this),0xe4160
0x4e4520,?GetOffenseFactor@hero@@QBAMXZ,hero_GetOffenseFactor,float (__thiscall ?GetOffenseFactor@hero@@QBAMXZ)(hero* this),0xe42b0
0x4e4580,?GetDefenseFactor@hero@@QBAMXZ,hero_GetDefenseFactor,unknown float (__thiscall ?GetDefenseFactor@hero@@QBAMXZ)(hero* this),0xe4310
0x4e4600,?GetEstatesBonus@hero@@QBAHXZ,hero_GetEstatesBonus,int (__thiscall ?GetEstatesBonus@hero@@QBAHXZ)(hero* this),0xe4390
0x4e4690,?GetEagleEyeChance@hero@@QBAMXZ,hero_GetEagleEyeChance,float (__thiscall ?GetEagleEyeChance@hero@@QBAMXZ)(hero* this),0xe4420
0x4e47f0,?GetSurrenderCostFactor@hero@@QBAMXZ,hero_GetSurrenderCostFactor,float (__thiscall ?GetSurrenderCostFactor@hero@@QBAMXZ)(hero* this),0xe4580
0x4e4950,?GetMagicResistanceFactor@hero@@QBAMXZ,hero_GetMagicResistanceFactor,float (__thiscall ?GetMagicResistanceFactor@hero@@QBAMXZ)(hero* this),0xe46e0
0x4e4ab0,?GetExperienceBonusFactor@hero@@QBAMXZ,hero_GetExperienceBonusFactor,float (__thiscall ?GetExperienceBonusFactor@hero@@QBAMXZ)(hero* this),0xe4840
0x4e4b20,?GetIntelligenceFactor@hero@@QBAMXZ,hero_GetIntelligenceFactor,unknown float (__thiscall ?GetIntelligenceFactor@hero@@QBAMXZ)(hero* this),0xe48b0
0x4e4b90,?GetFirstAidFactor@hero@@QBAMXZ,hero_GetFirstAidFactor,unknown float (__thiscall ?GetFirstAidFactor@hero@@QBAMXZ)(hero* this),0xe4920
0x4e4c00,?GetMobility@hero@@QBAH_N@Z,hero_GetMobility,"int (__thiscall ?GetMobility@hero@@QBAH_N@Z)(hero* this, bool sea_movement)",0xe4990
0x4e5000,?GetMobility@hero@@QBAHXZ,hero_GetMobility,int (__thiscall ?GetMobility@hero@@QBAHXZ)(hero* this),0xe4d90
0x4e5020,?GetSpellDurationBonus@hero@@QBAHXZ,hero_GetSpellDurationBonus,int (__thiscall ?GetSpellDurationBonus@hero@@QBAHXZ)(hero* this),0xe4db0
0x4e5130,hero__GetGroundModifier,,TAdventureObjectType (__thiscall hero__GetGroundModifier)(hero* this),0xe4ec0
0x4e5210,?get_special_terrain@hero@@QBA?AW4TAdventureObjectType@@XZ,hero_get_special_terrain,int (__thiscall ?get_special_terrain@hero@@QBA?AW4TAdventureObjectType@@XZ)(hero* this),0xe4fa0
0x4e52f0,?get_spell_level@hero@@QBA?AW4TSkillMastery@@W4SpellID@@_N@Z,hero_get_spell_level,"TSkillMastery (__thiscall ?get_spell_level@hero@@QBA?AW4TSkillMastery@@W4SpellID@@_N@Z)(hero* this, SpellID spell, int magic_terrain_type)",0xe5080
0x4e5370,?GetSpellSchoolLevel@hero@@QBA?AW4TSkillMastery@@W4TSpellSchool@@_N@Z,hero_GetSpellSchoolLevel,"TSkillMastery (__thiscall ?GetSpellSchoolLevel@hero@@QBA?AW4TSkillMastery@@W4TSpellSchool@@_N@Z)(hero* this, TSpellSchool school_mask, bool is_on_magic_plains)",0xe5100
0x4e5430,?GetHighestSchool@hero@@QBA?AW4TSpellSchool@@W42@@Z,hero_GetHighestSchool,"TSpellSchool (__thiscall ?GetHighestSchool@hero@@QBA?AW4TSpellSchool@@W42@@Z)(hero* this, TSpellSchool school_mask)",0xe51c0
0x4e54b0,?GetManaCost@hero@@QBAHHPBVarmyGroup@@_N@Z,hero_GetManaCost,"int (__thiscall ?GetManaCost@hero@@QBAHHPBVarmyGroup@@_N@Z)(hero* this, SpellID iWhichSpell, armyGroup* enemy, int8 magic_terrain)",0xe5240
0x4e55a0,?GetMobilityFrame@hero@@QBAHXZ,hero_GetMobilityFrame,int (__thiscall ?GetMobilityFrame@hero@@QBAHXZ)(hero* this),
0x4e55f0,?GetManaFrame@hero@@QBAHXZ,hero_GetManaFrame,int (__thiscall ?GetManaFrame@hero@@QBAHXZ)(hero* this),
0x4e5630,?VisitedArena@hero@@QBA_NPBVNewmapCell@@@Z,hero_VisitedArena,"bool (__thiscall ?VisitedArena@hero@@QBA_NPBVNewmapCell@@@Z)(hero* this, NewmapCell* cell)",
0x4e5650,?SetVisitedArena@hero@@QAAXPBVNewmapCell@@@Z,hero_SetVisitedArena,"void (__thiscall ?SetVisitedArena@hero@@QAAXPBVNewmapCell@@@Z)(hero* this, NewmapCell* cell)",
0x4e5670,?get_combat_value_modifier@hero@@QBAMXZ,hero_get_combat_value_modifier,float (__thiscall ?get_combat_value_modifier@hero@@QBAMXZ)(hero* this),
0x4e5710,?find_summonable_boat@hero@@QBAPAVboat@@XZ,hero_find_summonable_boat,boat* (__thiscall ?find_summonable_boat@hero@@QBAPAVboat@@XZ)(hero* this),0xe54a0
0x4e57c0,?can_summon_boat@hero@@QBA_NXZ,hero_can_summon_boat,bool (__thiscall ?can_summon_boat@hero@@QBA_NXZ)(hero* this),0xe5550
0x4e5920,?get_player@hero@@QBAPAVplayerData@@XZ,hero_get_player,playerData* (__thiscall ?get_player@hero@@QBAPAVplayerData@@XZ)(hero* this),
0x4e5950,?is_in_patrol_radius@hero@@QBA_NUtype_point@@@Z,hero_is_in_patrol_radius,"bool (__thiscall ?is_in_patrol_radius@hero@@QBA_NUtype_point@@@Z)(hero* this, type_point point)",0xe56e0
0x4e59d0,?modify_spell_damage@hero@@QBAJW4SpellID@@HPBVarmy@@@Z,hero_modify_spell_damage,"int (__thiscall ?modify_spell_damage@hero@@QBAJW4SpellID@@HPBVarmy@@@Z)(hero* this, SpellID spell, int damage, army* target_army)",0xe5760
0x4e5bd0,?get_primary_skill_total@hero@@QBAFXZ,hero_get_primary_skill_total,int16 (__thiscall ?get_primary_skill_total@hero@@QBAFXZ)(hero* this),
0x4e5c10,?Fly@hero@@QAAXH@Z,hero_Fly,"void (__thiscall ?Fly@hero@@QAAXH@Z)(hero* this, TSkillMastery mastery)",
0x4e5d10,?get_combat_speed_bonus@hero@@QBAJXZ,hero_get_combat_speed_bonus,int (__thiscall ?get_combat_speed_bonus@hero@@QBAJXZ)(hero* this),0xe5aa0
0x4e5df0,?get_hit_point_bonus@hero@@QBAJXZ,hero_get_hit_point_bonus,"int (__thiscall ?get_hit_point_bonus@hero@@QBAJXZ)(hero* this, TCreatureType creature)",0xe5b80
0x4e5f50,?can_land@hero@@ABA_NXZ,hero_can_land,bool (__thiscall ?can_land@hero@@ABA_NXZ)(hero* this),
0x4e6040,?WalkOnWater@hero@@QAAXH@Z,hero_WalkOnWater,"void (__thiscall ?WalkOnWater@hero@@QAAXH@Z)(hero* this, int level)",
0x4e6050,hero::GetRoguePower,,int (__thiscall hero::GetRoguePower)(hero* this),0xe5de0
0x4e6080,?IsInIdentifyRange@hero@@QBA_NABUtype_point@@@Z,hero_IsInIdentifyRange,"bool (__thiscall ?IsInIdentifyRange@hero@@QBA_NABUtype_point@@@Z)(hero* this, type_point* point)",0xe5e10
0x4e61a0,?IsMobile@hero@@QBA_NXZ,hero_IsMobile,bool (__thiscall ?IsMobile@hero@@QBA_NXZ)(hero* this),0xe5f30
0x4e6260,?GetHeroSpellBonus@hero@@QBAHW4SpellID@@HH@Z,hero_GetHeroSpellBonus,"int (__thiscall ?GetHeroSpellBonus@hero@@QBAHW4SpellID@@HH@Z)(hero* this, SpellID spell_id, int target_level, int value)",0xe5ff0
0x4e6390,hero::SoD_AddBonuses,,"void (__thiscall hero::SoD_AddBonuses)(hero* this, TCreatureType creature_type, TCreatureTypeTraits* traits)",
0x4e6730,std::bitset_144_::any,,bool (__thiscall std::bitset_144_::any)(std::bitset_144_* this),
0x4e6750,sub_4E6750,,int (__thiscall sub_4E6750)(void* this),
0x4e6760,sub_4E6760,,int (__thiscall sub_4E6760)(void* this),
0x4e6770,sub_4E6770,,"void* (__thiscall sub_4E6770)(void* this, int)",
0x4e67a0,sub_4E67A0,,"void* (__thiscall sub_4E67A0)(void* this, unsigned int, int8)",
0x4e6800,?limit@@YAHHHH@Z,limit,"int* (__fastcall ?limit@@YAHHHH@Z)(int* min, int* value, int* max)",
0x4e6830,sub_4E6830,,,
0x4e6850,?InitializeHeroTraitsTable@@YA_NXZ,InitializeHeroTraitsTable,,
0x4e69d0,?InitializeHeroClassTraitsTable@@YA_NXZ,InitializeHeroClassTraitsTable,,
0x4e6bc0,?InitializeSSkillTraitsTable@@YA_NXZ,InitializeSSkillTraitsTable,,
0x4e6d90,sub_4E6D90,,void (__thiscall sub_4E6D90)(sample* this),
0x4e6da0,sub_4E6DA0,,,
0x4e6dc0,sub_4E6DC0,,,
0x4e6de0,sub_4E6DE0,,,
0x4e6e00,sub_4E6E00,,,
0x4e6e20,sub_4E6E20,,,
0x4e6e40,sub_4E6E40,,,
0x4e6ea0,sub_4E6EA0,,,
0x4e6f00,sub_4E6F00,,,
0x4e6f70,sub_4E6F70,,,
0x4e6fd0,sub_4E6FD0,,,
0x4e7030,sub_4E7030,,,
0x4e7090,sub_4E7090,,,
0x4e70f0,sub_4E70F0,,,
0x4e7150,sub_4E7150,,,
0x4e71b0,sub_4E71B0,,,
0x4e7210,??0hexcell@@QAA@XZ,hexcell_ctor,hexcell* (__thiscall ??0hexcell@@QAA@XZ)(hexcell* this),0xe7150
0x4e7230,?get_army@hexcell@@QBAPAVarmy@@XZ,hexcell_get_army,army* (__thiscall ?get_army@hexcell@@QBAPAVarmy@@XZ)(hexcell* this),0xe7170
0x4e7270,?get_dead_army@hexcell@@QBAPAVarmy@@H@Z,hexcell_get_dead_army,"army* (__thiscall ?get_dead_army@hexcell@@QBAPAVarmy@@H@Z)(hexcell* this, int i)",0xe71b0
0x4e72c0,sub_4E72C0,,,
0x4e72e0,sub_4E72E0,,,
0x4e7340,sub_4E7340,,,
0x4e73a0,sub_4E73A0,,,
0x4e7410,sub_4E7410,,,
0x4e7470,sub_4E7470,,,
0x4e74d0,sub_4E74D0,,,
0x4e7530,sub_4E7530,,,
0x4e7590,sub_4E7590,,,
0x4e75f0,sub_4E75F0,,,
0x4e7650,sub_4E7650,,,
0x4e76b0,??0THillFortWindow@@QAA@XZ,THillFortWindow_ctor,THillFortWindow* (__thiscall ??0THillFortWindow@@QAA@XZ)(THillFortWindow* this),
0x4e7ea0,sub_4E7EA0,,"THillFortWindow* (__thiscall sub_4E7EA0)(THillFortWindow* Memory, int8)",
0x4e7ed0,??1THillFortWindow@@UAA@XZ,THillFortWindow_dtor,void (__thiscall ??1THillFortWindow@@UAA@XZ)(THillFortWindow* this),
0x4e7f50,?DoModal@THillFortWindow@@QAAXXZ,THillFortWindow_DoModal,void (__thiscall ?DoModal@THillFortWindow@@QAAXXZ)(THillFortWindow* this),
0x4e7f70,?Recalculate@THillFortWindow@@AAAX_N@Z,THillFortWindow_Recalculate,"void (__thiscall ?Recalculate@THillFortWindow@@AAAX_N@Z)(THillFortWindow* this, bool DrawDimmedButtons)",
0x4e85c0,?UpgradeSlot@THillFortWindow@@AAAXH_N@Z,THillFortWindow_UpgradeSlot,"void (__thiscall ?UpgradeSlot@THillFortWindow@@AAAXH_N@Z)(THillFortWindow* this, int which, bool show_message)",
0x4e8750,?HandleClick@THillFortWindow@@AAAXAAUmessage@@@Z,THillFortWindow_HandleClick,"void (__thiscall ?HandleClick@THillFortWindow@@AAAXAAUmessage@@@Z)(THillFortWindow* this, message* msg)",
0x4e8910,HillFortWindowHandler,,,
0x4e8c80,sub_4E8C80,,,
0x4e8ca0,sub_4E8CA0,,,
0x4e8d00,sub_4E8D00,,,
0x4e8d60,sub_4E8D60,,,
0x4e8dd0,sub_4E8DD0,,,
0x4e8e30,sub_4E8E30,,,
0x4e8e90,sub_4E8E90,,,
0x4e8ef0,sub_4E8EF0,,,
0x4e8f50,sub_4E8F50,,,
0x4e8fb0,sub_4E8FB0,,,
0x4e9010,sub_4E9010,,,
0x4e9070,sub_4E9070,,int (__thiscall sub_4E9070)(int this),
0x4e9130,??0highScoreManager@@QAA@XZ,highScoreManager_ctor,highScoreManager* (__thiscall ??0highScoreManager@@QAA@XZ)(highScoreManager* this),
0x4e9150,??1highScoreManager@@QAA@XZ,highScoreManager_dtor,void (__thiscall ??1highScoreManager@@QAA@XZ)(void* this),
0x4e9160,?Open@highScoreManager@@UAAHH@Z,highScoreManager_Open,"int (__thiscall ?Open@highScoreManager@@UAAHH@Z)(highScoreManager* this, int a2)",
0x4e91d0,ShowHiScores,,,
0x4e9290,?AddScoreToHighScore@highScoreManager@@QAAHHHHHPBD@Z,highScoreManager_AddScoreToHighScore,"int (__thiscall ?AddScoreToHighScore@highScoreManager@@QAAHHHHHPBD@Z)(highScoreManager* this, int iScore, int iDays, int iDiffRating, int iHighScoreType, int8* cLand)",
0x4e9760,??0CHighScoreEdit@@QAA@HHHHHPAD0HW4EJustify@font@@0HHHHHH@Z,CHighScoreEdit_ctor,"textEntryWidget* (__thiscall ??0CHighScoreEdit@@QAA@HHHHHPAD0HW4EJustify@font@@0HHHHHH@Z)(CHighScoreEdit* this, int textWidgetX, int textWidgetY, int textWidgetWidth, int textWidgetHeight, int textStringSize, int8* textString, int8* textFontName, int colorIndex, font::EJustify justification, int8* backgroundIconName, int backgroundFrame, int textWidgetId, int textWidgetStyle, int iReadType, int textInsetX, int textInsetY)",
0x4e97d0,?OnKeyPress@CHighScoreEdit@@UAAHAAUmessage@@@Z,CHighScoreEdit_OnKeyPress,"int (__thiscall ?OnKeyPress@CHighScoreEdit@@UAAHAAUmessage@@@Z)(CHighScoreEdit* this, message* msg)",
0x4e9800,sub_4E9800,,void (__thiscall sub_4E9800)(int this),
0x4e9820,sub_4E9820,,void (__thiscall sub_4E9820)(heroWindow* this),
0x4e9870,sub_4E9870,,"int (__thiscall sub_4E9870)(void* this, int, void*)",
0x4e98d0,sub_4E98D0,,int (__thiscall sub_4E98D0)(void* this),
0x4e98e0,sub_4E98E0,,"heroWindow* (__thiscall sub_4E98E0)(heroWindow* Memory, int8)",
0x4e9910,sub_4E9910,,,
0x4e9960,sub_4E9960,,heroWindow* (__thiscall sub_4E9960)(int this),
0x4e9e70,sub_4E9E70,,"void* (__thiscall sub_4E9E70)(void* Memory, int8)",
0x4e9ea0,sub_4E9EA0,,void (__thiscall sub_4E9EA0)(int this),
0x4e9f30,HiScores_004E9F30,,void (__thiscall HiScores_004E9F30)(heroWindow* this),
0x4ea2b0,sub_4EA2B0,,,
0x4ea710,sub_4EA710,,"unsigned int (__thiscall sub_4EA710)(int this, unsigned int)",
0x4ea7b0,sub_4EA7B0,,,
0x4ea7d0,??_GiconWidget@@UAAPAXI@Z,op_GiconWidget,"widget* (__thiscall ??_GiconWidget@@UAAPAXI@Z)(widget* Memory, int8)",
0x4ea800,??0iconWidget@@QAA@HHHHHPBDHH_NIH1@Z,iconWidget_ctor,"iconWidget* (__thiscall ??0iconWidget@@QAA@HHHHHPBDHH_NIH1@Z)(iconWidget* this, int x, int y, int w, int h, int id, int8* image, int frame, int sequence, bool32 flipped, uint back_color, widget::ETypes style)",
0x4ea890,??1iconWidget@@UAA@XZ,iconWidget_dtor,void (__thiscall ??1iconWidget@@UAA@XZ)(iconWidget* this),0xea7b0
0x4ea8f0,?Main@iconWidget@@UAAHAAUmessage@@@Z,iconWidget_Main,"int (__fastcall ?Main@iconWidget@@UAAHAAUmessage@@@Z)(int, message*, message* msg)",
0x4eabf0,?handle_click@border@@UAA_N_N0@Z,border_handle_click,"int8 (__fastcall ?handle_click@border@@UAA_N_N0@Z)(border* this, bool, bool, int)",
0x4eac00,?GetRealWidth@button@@UBAHXZ,button_GetRealWidth,int (__thiscall ?GetRealWidth@button@@UBAHXZ)(button* this),
0x4eac10,retn8_function,,,
0x4eac20,?Draw@iconWidget@@UBAXXZ,iconWidget_Draw,void (__thiscall ?Draw@iconWidget@@UBAXXZ)(iconWidget* this),
0x4eb0d0,?SetIconFrame@iconWidget@@QAAXH@Z,iconWidget_SetIconFrame,"void (__thiscall ?SetIconFrame@iconWidget@@QAAXH@Z)(iconWidget* this, int newFrame)",0xeaff0
0x4eb110,?SetSprite@iconWidget@@QAAXPBD@Z,iconWidget_SetSprite,"void (__thiscall ?SetSprite@iconWidget@@QAAXPBD@Z)(iconWidget* this, int8* new_sprite)",0xeb030
0x4eb140,?NextRandomFrame@iconWidget@@QAAXXZ,iconWidget_NextRandomFrame,void (__thiscall ?NextRandomFrame@iconWidget@@QAAXXZ)(iconWidget* this),0xeb060
0x4eb330,?NextRandomSiegeEngineFrame@iconWidget@@QAAXXZ,iconWidget_NextRandomSiegeEngineFrame,iconWidget* (__thiscall ?NextRandomSiegeEngineFrame@iconWidget@@QAAXXZ)(iconWidget* this),0xeb250
0x4eb420,sub_4EB420,,,
0x4eb440,sub_4EB440,,,
0x4eb4a0,sub_4EB4A0,,,
0x4eb500,sub_4EB500,,,
0x4eb570,sub_4EB570,,,
0x4eb5d0,sub_4EB5D0,,,
0x4eb630,sub_4EB630,,,
0x4eb690,sub_4EB690,,,
0x4eb6f0,sub_4EB6F0,,,
0x4eb750,sub_4EB750,,,
0x4eb7b0,sub_4EB7B0,,,
0x4eb810,?initialize_game_data@@YAXXZ,initialize_game_data,,
0x4ebbf0,sub_4EBBF0,,,
0x4ebc50,sub_4EBC50,,,
0x4ebd30,sub_4EBD30,,,
0x4ebdd0,sub_4EBDD0,,,
0x4ebdf0,sub_4EBDF0,,,
0x4ebe50,sub_4EBE50,,,
0x4ebeb0,sub_4EBEB0,,,
0x4ebf20,sub_4EBF20,,,
0x4ebf80,sub_4EBF80,,,
0x4ebfe0,sub_4EBFE0,,,
0x4ec040,sub_4EC040,,,
0x4ec0a0,sub_4EC0A0,,,
0x4ec100,sub_4EC100,,,
0x4ec160,sub_4EC160,,,
0x4ec1c0,?KeyboardMessageHandler@@YAHPAXIIJ@Z,KeyboardMessageHandler,"int (__fastcall ?KeyboardMessageHandler@@YAHPAXIIJ@Z)(void* hwnd, unsigned int winMsg, unsigned int wParam, int lParam)",
0x4ec370,?MouseMessageHandler@@YAHPAXIIJ@Z,MouseMessageHandler,"int (__fastcall ?MouseMessageHandler@@YAHPAXIIJ@Z)(void* hwnd, unsigned int winMsg, unsigned int wParam, int lParam)",
0x4ec540,??0inputManager@@QAA@XZ,inputManager_ctor,inputManager* (__thiscall ??0inputManager@@QAA@XZ)(inputManager* this),0xec460
0x4ec5b0,?Open@inputManager@@UAAHH@Z,inputManager_Open,"int (__thiscall ?Open@inputManager@@UAAHH@Z)(inputManager* this, int kFilter)",
0x4ec620,?Close@inputManager@@UAAXXZ,inputManager_Close,void (__thiscall ?Close@inputManager@@UAAXXZ)(inputManager* this),
0x4ec640,?Flush@inputManager@@QAAXXZ,inputManager_Flush,void (__thiscall ?Flush@inputManager@@QAAXXZ)(inputManager* this),0xec570
0x4ec660,?GetEvent@inputManager@@QAA?AUmessage@@XZ,inputManager_GetEvent,"message* (__thiscall ?GetEvent@inputManager@@QAA?AUmessage@@XZ)(inputManager* this, message* retstr)",0xec590
0x4ec710,?PeekEvent@inputManager@@QAA?AUmessage@@XZ,inputManager_PeekEvent,"message* (__thiscall ?PeekEvent@inputManager@@QAA?AUmessage@@XZ)(inputManager* this, message* retstr)",0xec640
0x4ec7c0,?AsciiConvert@inputManager@@QAAXAAUmessage@@@Z,inputManager_AsciiConvert,"void (__thiscall ?AsciiConvert@inputManager@@QAAXAAUmessage@@@Z)(inputManager* this, message* msg)",0xec6f0
0x4ec990,?MakeScanCodeTable@inputManager@@QAAXXZ,inputManager_MakeScanCodeTable,void (__thiscall ?MakeScanCodeTable@inputManager@@QAAXXZ)(inputManager* this),
0x4eccd0,?ForceMouseMove@inputManager@@QAAXXZ,inputManager_ForceMouseMove,void (__thiscall ?ForceMouseMove@inputManager@@QAAXXZ)(inputManager* this),0xecc00
0x4ecda0,sub_4ECDA0,,,
0x4ecdc0,sub_4ECDC0,,,
0x4ed190,sub_4ED190,,,
0x4ed1a0,sub_4ED1A0,,,
0x4ed280,sub_4ED280,,int8 (__thiscall sub_4ED280)(int8* this),
0x4ed460,j_XorEncriptABFiles,,,
0x4ed470,sub_4ED470,,"void* (__thiscall sub_4ED470)(void* this, unsigned int, int8)",
0x4ed4d0,sub_4ED4D0,,,
0x4ed4f0,sub_4ED4F0,,,
0x4ed550,sub_4ED550,,,
0x4ed5b0,sub_4ED5B0,,,
0x4ed620,sub_4ED620,,,
0x4ed680,sub_4ED680,,,
0x4ed6e0,sub_4ED6E0,,,
0x4ed740,sub_4ED740,,,
0x4ed7a0,sub_4ED7A0,,,
0x4ed800,sub_4ED800,,,
0x4ed860,sub_4ED860,,,
0x4ed8c0,?DrawProgressCount@@YAXXZ,DrawProgressCount,,
0x4ed930,?IncProgressBar@@YAX_N@Z,IncProgressBar,void (__fastcall ?IncProgressBar@@YAX_N@Z)(bool bUpdate),
0x4ed9e0,?ShowProgressBar@@YAXXZ,ShowProgressBar,,
0x4edae0,?UnloadProgressBar@@YAXXZ,UnloadProgressBar,,
0x4edb20,?PollSound@@YAXXZ,PollSound,,0xed490
0x4edce0,?EarlySetup@@YAHXZ,EarlySetup,,
0x4ee1d0,InitMainClasses,,,
0x4ee430,?CreditsWait@@YAXXZ,CreditsWait,,
0x4ee840,sub_4EE840,,"int (__fastcall sub_4EE840)(int id, int8* Source)",
0x4ee940,?LostGame@@YAXXZ,LostGame,,
0x4eea70,oldmain,,,
0x4f0670,?GetMap@Bitmap16Bit@@QAAPAGHH@Z,Bitmap16Bit_GetMap,"ushort* (__thiscall ?GetMap@Bitmap16Bit@@QAAPAGHH@Z)(Bitmap16Bit* this, int x, int y)",
0x4f0690,sub_4F0690,,"void (__thiscall sub_4F0690)(Bitmap16Bit* this, int sX, int sY, int sW, int sH, int, int d_X, int d_Y, bool alpha)",
0x4f06d0,sub_4F06D0,,"void (__thiscall sub_4F06D0)(CSprite* this, int, int, int, int, int, int, int, int, int, bool, bool)",
0x4f0720,DoCampaignWindow,,,
0x4f0b20,ShowChooseNewGameScreen,,,
0x4f0c20,sub_4F0C20,,,
0x4f0ca0,sub_4F0CA0,,,
0x4f0d20,InterpretCommandLine,,,
0x4f0f60,sub_4F0F60,,int (__thiscall sub_4F0F60)(message* msg),
0x4f1170,sub_4F1170,,"void** (__thiscall sub_4F1170)(void** Memory, int8)",
0x4f11a0,j_??1border@@UAA@XZ,,void (__thiscall j_??1border@@UAA@XZ)(void** this),
0x4f11b0,MessageDialogPictureOnRightClick,,"int8 (__thiscall MessageDialogPictureOnRightClick)(void* this, int8, int8)",
0x4f1650,?EventWindowHandler@@YAHAAUmessage@@@Z,EventWindowHandler,int (__fastcall ?EventWindowHandler@@YAHAAUmessage@@@Z)(message* msg),
0x4f1820,?TrueFalseDialogHandler@@YAHAAUmessage@@@Z,TrueFalseDialogHandler,int (__fastcall ?TrueFalseDialogHandler@@YAHAAUmessage@@@Z)(message* msg),
0x4f1830,?PlayerDead@@YAXH@Z,PlayerDead,void (__fastcall ?PlayerDead@@YAXH@Z)(int id),
0x4f1af0,?GetTeamNames@@YA_NHPAD@Z,GetTeamNames,"bool (__fastcall ?GetTeamNames@@YA_NHPAD@Z)(int player, int8* sNames)",
0x4f1c70,?DisplayVCWinLoss@@YA_NAAUVictoryConditionStruct@@AAH1_N@Z,DisplayVCWinLoss,"bool (__fastcall ?DisplayVCWinLoss@@YA_NAAUVictoryConditionStruct@@AAH1_N@Z)(VictoryConditionStruct* VictoryCondition, int* bGameWon, int* bGameLost, bool remoteCheck)",
0x4f2fc0,sub_4F2FC0,,"void* (__thiscall sub_4F2FC0)(void* this, int, int)",
0x4f2ff0,?DisplayLCWinLoss@@YA_NAAULossConditionStruct@@AAH1_N@Z,DisplayLCWinLoss,"bool (__fastcall ?DisplayLCWinLoss@@YA_NAAULossConditionStruct@@AAH1_N@Z)(LossConditionStruct* LossCondition, int* bGameWon, int* bGameLost, bool remoteCheck)",
0x4f3370,?CheckEndGame@@YAXH@Z,CheckEndGame,void (__fastcall ?CheckEndGame@@YAXH@Z)(int arg),
0x4f3930,sub_4F3930,,,
0x4f3bd0,sub_4F3BD0,,,
0x4f3d20,?ShutDown@@YAXPBD@Z,ShutDown,void (__fastcall ?ShutDown@@YAXPBD@Z)(int8* lpText),
0x4f3fd0,??1combatManager@@QAA@XZ,combatManager_dtor,void (__thiscall ??1combatManager@@QAA@XZ)(combatManager* this),0xf3940
0x4f4080,??1advManager@@QAA@XZ,advManager_dtor,void (__thiscall ??1advManager@@QAA@XZ)(advManager* this),0xf39f0
0x4f40f0,?FileError@@YAXPBD@Z,FileError,void (__fastcall ?FileError@@YAXPBD@Z)(int8* msg),
0x4f4140,?CongratsWait@@YAXHPADHHH@Z,CongratsWait,"void (__fastcall ?CongratsWait@@YAXHPADHHH@Z)(int mode, int8* rank, int iBase, int iScore, int iDays)",
0x4f44c0,?get_base_map_score@game@@QBAFXZ,game_get_base_map_score,int16 (__thiscall ?get_base_map_score@game@@QBAFXZ)(game* this),
0x4f4540,?get_map_score@game@@QBAFXZ,game_get_map_score,int16 (__thiscall ?get_map_score@game@@QBAFXZ)(game* this),
0x4f45f0,ShowCongrats,,void (__fastcall ShowCongrats)(int hsType),
0x4f4950,?MemError@@YAXXZ,MemError,,
0x4f49a0,?GameUnsaved@@YAHXZ,GameUnsaved,,
0x4f49e0,?HandleAppSpecificMenuCommands@@YAHH@Z,HandleAppSpecificMenuCommands,int (__fastcall ?HandleAppSpecificMenuCommands@@YAHH@Z)(int command),
0x4f51e0,sub_4F51E0,,,
0x4f5230,?GetNextHumanPlayer@@YAHH@Z,GetNextHumanPlayer,int (__fastcall ?GetNextHumanPlayer@@YAHH@Z)(int start),
0x4f5290,?HandleRemoteDeadPlayerExit@@YAXH_N@Z,HandleRemoteDeadPlayerExit,void (__fastcall ?HandleRemoteDeadPlayerExit@@YAXH_N@Z)(int iDPGamePos),
0x4f5540,?set@type_dialog_icon@@QAAXW4EGameResource@@J@Z,type_dialog_icon_set,"void (__thiscall ?set@type_dialog_icon@@QAAXW4EGameResource@@J@Z)(type_dialog_icon* this, EGameResource resource, int qualifier)",
0x4f6410,?CalculateNormalDialogSize@@YAXAAUTNormalDialogInfo@@@Z,CalculateNormalDialogSize,int (__thiscall ?CalculateNormalDialogSize@@YAXAAUTNormalDialogInfo@@@Z)(TNormalDialogInfo* this),
0x4f6930,?get_quickview_size@@YAXPBDPAH1@Z,get_quickview_size,"void (__fastcall ?get_quickview_size@@YAXPBDPAH1@Z)(int8* text, int* width, int* height)",
0x4f6aa0,sub_4F6AA0,,void (__thiscall sub_4F6AA0)(int8* this),
0x4f6b20,??0type_dialog_icon@@QAA@XZ,type_dialog_icon_ctor,void (__thiscall ??0type_dialog_icon@@QAA@XZ)(type_dialog_icon* this),
0x4f6b50,??1type_dialog_icon@@QAA@XZ,type_dialog_icon_dtor,void (__thiscall ??1type_dialog_icon@@QAA@XZ)(void* this),
0x4f6bc0,?NormalDialogTimeOut@@YAXPBDHHHHHHHHHHH@Z,NormalDialogTimeOut,"void (__fastcall ?NormalDialogTimeOut@@YAXPBDHHHHHHHHHHH@Z)(int8* cText, int iMBType, int timeOut, int x, int y, int iResType1, int iResExtra1, int iResType2, int iResExtra2, int iSpecial, int iResType3, int iResExtra3)",
0x4f6c00,?NormalDialog@@YAXPBDHHHHHHHHHHH@Z,NormalDialog,"void (__fastcall ?NormalDialog@@YAXPBDHHHHHHHHHHH@Z)(int8* cText, int iMBType, int x, int y, int iResType1, int iResExtra1, int iResType2, int iResExtra2, int iSpecial, int iTimeout, int iResType3, int iResExtra3)",0xf6570
0x4f6ea0,??0TNormalDialogInfo@@QAA@ABU0@@Z,TNormalDialogInfo_ctor,"TNormalDialogInfo* (__thiscall ??0TNormalDialogInfo@@QAA@ABU0@@Z)(TNormalDialogInfo* this, TNormalDialogInfo*)",
0x4f7020,DoNormalDialog,,void (__stdcall DoNormalDialog)(TNormalDialogInfo DialogInfo),
0x4f7cb0,sub_4F7CB0,,,
0x4f7d20,?extended_dialog@@YAXPBDAAV?$vector@Utype_dialog_resource@@V?$allocator@Utype_dialog_resource@@@std@@@std@@JJJ@Z,extended_dialog,"void (__fastcall ?extended_dialog@@YAXPBDAAV?$vector@Utype_dialog_resource@@V?$allocator@Utype_dialog_resource@@@std@@@std@@JJJ@Z)(int8* text, std::vector* resources, int x, int y, int timeout)",0xf7690
0x4f8040,?GetMapExtra@@YAGHHH@Z,GetMapExtra,"ushort (__fastcall ?GetMapExtra@@YAGHHH@Z)(int X, int Y, int Z)",0xf79b0
0x4f8070,?GetMapExtraPtr@@YAPAGHHH@Z,GetMapExtraPtr,"ushort* (__fastcall ?GetMapExtraPtr@@YAPAGHHH@Z)(int x, int y, int z)",0xf79e0
0x4f80a0,sub_4F80A0,,,
0x4f80c0,_WinMain@16,,"int (__stdcall _WinMain@16)(HINSTANCE hInstance, HINSTANCE hPrevInstance, LPSTR lpCmdLine, int nShowCmd)",
0x4f8290,AppWndProc,,"int (__stdcall AppWndProc)(void* hwnd, MACRO_WM msg, unsigned int wParam, int lParam)",
0x4f8630,?AppExit@@YAXXZ,AppExit,,
0x4f8640,?Process1WindowsMessage@@YAXXZ,Process1WindowsMessage,,0xf7fb0
0x4f86f0,?AppCommand@@YAJPAXIIJ@Z,AppCommand,"int (__fastcall ?AppCommand@@YAJPAXIIJ@Z)(void* hwnd, unsigned int msg, unsigned int wParam, int lParam)",
0x4f87d0,?UpdateDfltMenu@@YAXPAX@Z,UpdateDfltMenu,"int (__fastcall ?UpdateDfltMenu@@YAXPAX@Z)(void* hwnd, unsigned int msg, unsigned int wParam, int lParam)",
0x4f8810,?KBChangeMenu@@YAXPAX@Z,KBChangeMenu,void (__fastcall ?KBChangeMenu@@YAXPAX@Z)(HMENU menu),0xf8180
0x4f8870,?SetNoDialogMenus@@YIXH@Z,SetNoDialogMenus,void (__fastcall ?SetNoDialogMenus@@YIXH@Z)(int arg),0xf81e0
0x4f88b0,?SetMenus@@YIXPAXH@Z,SetMenus,,
0x4f8970,?Get@GameTime@@YAKXZ,GameTime_Get,,0xf82e0
0x4f8980,?DelayTil@GameTime@@YAXK@Z,GameTime_DelayTil,void (__fastcall ?DelayTil@GameTime@@YAXK@Z)(ulong time),
0x4f8a50,?Delay@GameTime@@YAXH@Z,GameTime_Delay,void (__fastcall ?Delay@GameTime@@YAXH@Z)(ulong time),0xf83c0
0x4f8b20,sub_4F8B20,,,
0x4f8b40,sub_4F8B40,,,
0x4f8ba0,sub_4F8BA0,,,
0x4f8c00,sub_4F8C00,,,
0x4f8c70,sub_4F8C70,,,
0x4f8cd0,sub_4F8CD0,,,
0x4f8d30,sub_4F8D30,,,
0x4f8d90,sub_4F8D90,,,
0x4f8df0,sub_4F8DF0,,,
0x4f8e50,sub_4F8E50,,,
0x4f8eb0,sub_4F8EB0,,,
0x4f8f10,??0TLevelUpWindow@@QAA@PAVhero@@HHH@Z,TLevelUpWindow_ctor,"TLevelUpWindow* (__thiscall ??0TLevelUpWindow@@QAA@PAVhero@@HHH@Z)(TLevelUpWindow* this, int Format, button*, int frame, int*)",
0x4f9d90,??_GTLevelUpWindow@@UAAPAXI@Z,op_GTLevelUpWindow,"CAdvPopup* (__thiscall ??_GTLevelUpWindow@@UAAPAXI@Z)(CAdvPopup* Memory, int8)",
0x4f9dc0,sub_4F9DC0,,void (__thiscall sub_4F9DC0)(CAdvPopup* this),
0x4f9e10,?WindowHandler@TLevelUpWindow@@UAAHAAUmessage@@@Z,TLevelUpWindow_WindowHandler,,
0x4fa250,sub_4FA250,,,
0x4fa270,sub_4FA270,,"unsigned int* (__thiscall sub_4FA270)(unsigned int* this, unsigned int, void*)",
0x4fa330,sub_4FA330,,,
0x4fa340,sub_4FA340,,,
0x4fa590,sub_4FA590,,,
0x4fa6e0,sub_4FA6E0,,"void* (__thiscall sub_4FA6E0)(void* this, void*, int*)",
0x4fa710,sub_4FA710,,,
0x4fa910,sub_4FA910,,"int (__thiscall sub_4FA910)(int this, int, int, void*)",
0x4fa940,sub_4FA940,,"int* (__thiscall sub_4FA940)(int** this, unsigned int*)",
0x4faa50,sub_4FAA50,,"int8 (__thiscall sub_4FAA50)(int** this, int*)",
0x4fabb0,sub_4FABB0,,"void* (__thiscall sub_4FABB0)(void* this, void*)",
0x4fabd0,sub_4FABD0,,"void* (__thiscall sub_4FABD0)(void* this, void*)",
0x4fac00,sub_4FAC00,,,
0x4fac20,?clear@LODFile@@QAAXXZ,LODFile_clear,void (__thiscall ?clear@LODFile@@QAAXXZ)(LODFile* this),
0x4faca0,?getItemIndex@LODFile@@QAAPAULODEntry@@PBD@Z,LODFile_getItemIndex,"LODEntry* (__thiscall ?getItemIndex@LODFile@@QAAPAULODEntry@@PBD@Z)(LODFile* this, int8* item_name)",0xfa610
0x4facf0,?Find@LODFile@@AAAXIIPBD@Z,LODFile_Find,"void (__thiscall ?Find@LODFile@@AAAXIIPBD@Z)(LODFile* this, uint begin, uint end, int8* item_name)",0xfa660
0x4fae10,??0LODFile@@QAA@XZ,LODFile_ctor,int8* (__thiscall ??0LODFile@@QAA@XZ)(LODFile* this),
0x4fae90,??1LODFile@@QAA@XZ,LODFile_dtor,void (__thiscall ??1LODFile@@QAA@XZ)(LODFile* this),0xfa800
0x4faf30,?open@LODFile@@QAAHPBDH@Z,LODFile_open,"int (__thiscall ?open@LODFile@@QAAHPBDH@Z)(LODFile* this, int8* filename, int flags)",0xfa8a0
0x4fb100,?pointAt@LODFile@@QAA_NPBD@Z,LODFile_pointAt,"bool (__thiscall ?pointAt@LODFile@@QAA_NPBD@Z)(LODFile* this, int8* itemName)",0xfaa70
0x4fb1b0,?read@LODFile@@QAAHPAXH@Z,LODFile_read,"int (__thiscall ?read@LODFile@@QAAHPAXH@Z)(LODFile* this, uchar* dest, int numBytes)",0xfab20
0x4fb2d0,sub_4FB2D0,,"int8* (__thiscall sub_4FB2D0)(void* this, int8*, unsigned int, void*)",
0x4fb540,sub_4FB540,,,
0x4fb560,sub_4FB560,,,
0x4fb5c0,sub_4FB5C0,,,
0x4fb620,sub_4FB620,,,
0x4fb690,sub_4FB690,,,
0x4fb6f0,sub_4FB6F0,,,
0x4fb750,sub_4FB750,,,
0x4fb7b0,sub_4FB7B0,,,
0x4fb810,sub_4FB810,,,
0x4fb870,sub_4FB870,,,
0x4fb8d0,sub_4FB8D0,,,
0x4fb930,??0TMainMenu@@QAA@XZ,TMainMenu_ctor,TMainMenu* (__thiscall ??0TMainMenu@@QAA@XZ)(TMainMenu* this),
0x4fbcc0,sub_4FBCC0,,"heroWindow* (__thiscall sub_4FBCC0)(heroWindow* Memory, int8)",
0x4fbcf0,??1TMainMenu@@UAA@XZ,TMainMenu_dtor,void (__thiscall ??1TMainMenu@@UAA@XZ)(heroWindow* this),
0x4fbd70,?DoModal@TMainMenu@@QAAXXZ,TMainMenu_DoModal,int (__thiscall ?DoModal@TMainMenu@@QAAXXZ)(heroWindow* this),
0x4fbda0,MainMenuHandler,,int (__thiscall MainMenuHandler)(message* msg),
0x4fc230,sub_4FC230,,,
0x4fc250,sub_4FC250,,,
0x4fc2b0,sub_4FC2B0,,,
0x4fc310,sub_4FC310,,,
0x4fc380,sub_4FC380,,,
0x4fc3e0,sub_4FC3E0,,,
0x4fc440,sub_4FC440,,,
0x4fc4a0,sub_4FC4A0,,,
0x4fc500,sub_4FC500,,,
0x4fc560,sub_4FC560,,,
0x4fc5c0,sub_4FC5C0,,,
0x4fc620,?SetCellVisited@ExtraInfoUnion@@QAAXF@Z,ExtraInfoUnion_SetCellVisited,"void (__thiscall ?SetCellVisited@ExtraInfoUnion@@QAAXF@Z)(ExtraInfoUnion* this, ushort player)",0xfbf90
0x4fc690,?readTimedEventList@NewfullMap@@QAAHPAX@Z,NewfullMap_readTimedEventList,"int (__thiscall ?readTimedEventList@NewfullMap@@QAAHPAX@Z)(NewfullMap* this, TAbstractFile* infile, int version)",
0x4fc830,?Read@TTimedEvent@@QAAHPAX@Z,TTimedEvent_Read,"int (__thiscall ?Read@TTimedEvent@@QAAHPAX@Z)(TTimedEvent* this, TAbstractFile* infile, int version)",
0x4fca20,?saveTimedEventList@NewfullMap@@QAAHPAX@Z,NewfullMap_saveTimedEventList,"int (__thiscall ?saveTimedEventList@NewfullMap@@QAAHPAX@Z)(NewfullMap* this, TAbstractFile* outfile)",
0x4fcad0,?Save@TTimedEvent@@QAAHPAX@Z,TTimedEvent_Save,"int (__thiscall ?Save@TTimedEvent@@QAAHPAX@Z)(TTimedEvent* this, TAbstractFile* infile)",
0x4fcb90,?loadTimedEventList@NewfullMap@@QAAHPAX@Z,NewfullMap_loadTimedEventList,"int (__thiscall ?loadTimedEventList@NewfullMap@@QAAHPAX@Z)(NewfullMap* this, TAbstractFile* infile, int version)",
0x4fcd30,?Load@TTimedEvent@@QAAHPAX@Z,TTimedEvent_Load,"int (__thiscall ?Load@TTimedEvent@@QAAHPAX@Z)(TTimedEvent* this, TAbstractFile* infile, int version)",
0x4fce00,?saveTownEventList@NewfullMap@@QAAHPAX@Z,NewfullMap_saveTownEventList,"int (__thiscall ?saveTownEventList@NewfullMap@@QAAHPAX@Z)(NewfullMap* this, TAbstractFile* outfile)",
0x4fcf00,?loadTownEventList@NewfullMap@@QAAHPAX@Z,NewfullMap_loadTownEventList,"int (__thiscall ?loadTownEventList@NewfullMap@@QAAHPAX@Z)(NewfullMap* this, TAbstractFile* infile, int version)",
0x4fd0f0,?get_trigger_cell@NewmapCell@@QAAPAV1@XZ,NewmapCell_get_trigger_cell,NewmapCell* (__thiscall ?get_trigger_cell@NewmapCell@@QAAPAV1@XZ)(NewmapCell* this),0xfcaa0
0x4fd220,?get_map_object@NewmapCell@@QBA?AW4TAdventureObjectType@@XZ,NewmapCell_get_map_object,TAdventureObjectType (__thiscall ?get_map_object@NewmapCell@@QBA?AW4TAdventureObjectType@@XZ)(NewmapCell* this),0xfcbd0
0x4fd280,?get_map_extraInfo@NewmapCell@@QBAKXZ,NewmapCell_get_map_extraInfo,uint (__thiscall ?get_map_extraInfo@NewmapCell@@QBAKXZ)(NewmapCell* this),0xfcc30
0x4fd2d0,?cell_is_trigger@NewmapCell@@QBA_NXZ,NewmapCell_cell_is_trigger,bool (__thiscall ?cell_is_trigger@NewmapCell@@QBA_NXZ)(NewmapCell* this),0xfcc80
0x4fd340,?is_diggable@NewmapCell@@QBA_NXZ,NewmapCell_is_diggable,bool (__thiscall ?is_diggable@NewmapCell@@QBA_NXZ)(NewmapCell* this),0xfccf0
0x4fd410,?HasTriggerableEvent@NewmapCell@@QBA?B_NXZ,NewmapCell_HasTriggerableEvent,bool (__thiscall ?HasTriggerableEvent@NewmapCell@@QBA?B_NXZ)(NewmapCell* this),0xfcdc0
0x4fd470,?get_special_terrain@NewmapCell@@QBA?AW4TAdventureObjectType@@XZ,NewmapCell_get_special_terrain,TAdventureObjectType (__thiscall ?get_special_terrain@NewmapCell@@QBA?AW4TAdventureObjectType@@XZ)(NewmapCell* this),0xfce20
0x4fd590,NewmapCell::SoD_get_magic_terrain_type,,EMagicTerrain (__thiscall NewmapCell::SoD_get_magic_terrain_type)(NewmapCell* this),0xfcf40
0x4fd6b0,??0NewfullMap@@QAA@XZ,NewfullMap_ctor,void (__thiscall ??0NewfullMap@@QAA@XZ)(NewfullMap* this),0xfd060
0x4fd810,std::vector_TObjectType_::vector,,void (__thiscall std::vector_TObjectType_::vector)(void* this),
0x4fd830,??1NewfullMap@@QAA@XZ,NewfullMap_dtor,void (__thiscall ??1NewfullMap@@QAA@XZ)(NewfullMap* this),0xfd1e0
0x4fdab0,??_ENewmapCell@@QAAPAXI@Z,op_ENewmapCell,"void (__thiscall ??_ENewmapCell@@QAAPAXI@Z)(NewmapCell* this, int8 flag)",
0x4fdb10,??1NewmapCell@@QAA@XZ,NewmapCell_dtor,void (__thiscall ??1NewmapCell@@QAA@XZ)(NewmapCell* this),0xfd4c0
0x4fdb40,?Init@NewfullMap@@AAAXH_N@Z,NewfullMap_Init,"void (__thiscall ?Init@NewfullMap@@AAAXH_N@Z)(NewfullMap* this, int size, bool two_layers)",
0x4fdca0,??0NewmapCell@@QAA@XZ,NewmapCell_ctor,void (__thiscall ??0NewmapCell@@QAA@XZ)(NewmapCell* this),0xfd650
0x4fdce0,?Read@NewfullMap@@QAAHPAXH_N@Z,NewfullMap_Read,"int (__thiscall ?Read@NewfullMap@@QAAHPAXH_N@Z)(NewfullMap* this, TGzFile* infile, int size, bool two_layers)",
0x4fdfa0,NewfullMap::readQuestGuardList,,"TQuestGuard* (__thiscall NewfullMap::readQuestGuardList)(NewfullMap* this, TAbstractFile* infile, int version)",
0x4fe210,?Load@NewfullMap@@QAAHPAXH_N@Z,NewfullMap_Load,"int (__thiscall ?Load@NewfullMap@@QAAHPAXH_N@Z)(NewfullMap* this, TGzFile* infile, int size, bool32 two_layers)",
0x4fe590,?Save@NewfullMap@@QAAHPAXH_N@Z,NewfullMap_Save,"int (__fastcall ?Save@NewfullMap@@QAAHPAXH_N@Z)(NewfullMap* this, TGzFile* outfile, int size, bool two_layers)",
0x4fe870,?readMapLayer@NewfullMap@@AAAHPAXHH@Z,NewfullMap_readMapLayer,"int (__thiscall ?readMapLayer@NewfullMap@@AAAHPAXHH@Z)(NewfullMap* this, TGzFile* infile, int size, int layer)",
0x4feae0,?saveMapLayer@NewfullMap@@AAAHPAXHH@Z,NewfullMap_saveMapLayer,"int (__fastcall ?saveMapLayer@NewfullMap@@AAAHPAXHH@Z)(NewfullMap* this, TGzFile* outfile, int size, int layer)",
0x4fed10,SoD_SetupRoEObject,,"void (__fastcall SoD_SetupRoEObject)(NewmapCell* cell, int version)",
0x4fef70,?loadMapLayer@NewfullMap@@AAAHPAXHH@Z,NewfullMap_loadMapLayer,"int (__thiscall ?loadMapLayer@NewfullMap@@AAAHPAXHH@Z)(NewfullMap* this, TGzFile* infile, int size, int layer)",
0x4ff260,?get_object_type_ptr@CObject@@QBAPAVCObjectType@@XZ,CObject_get_object_type_ptr,CObjectType* (__thiscall ?get_object_type_ptr@CObject@@QBAPAVCObjectType@@XZ)(CObject* this),0xfec10
0x4ff280,?FindTrigger@CObject@@QBAXAAH0@Z,CObject_FindTrigger,"void (__thiscall ?FindTrigger@CObject@@QBAXAAH0@Z)(CObject* this, int* result_x, int* result_y)",0xfec30
0x4ff390,?readGeneratorData@NewfullMap@@QAAHPAXPAVCObject@@@Z,NewfullMap_readGeneratorData,"int (__thiscall ?readGeneratorData@NewfullMap@@QAAHPAXPAVCObject@@@Z)(NewfullMap* this, TAbstractFile* infile, CObject* generatorObject)",
0x4ff4a0,?readTreasureData@NewfullMap@@QAAHPAXPAVTreasureData@@@Z,NewfullMap_readTreasureData,"int (__thiscall ?readTreasureData@NewfullMap@@QAAHPAXPAVTreasureData@@@Z)(NewfullMap* this, void* infile, TreasureData* treasure_data)",
0x4ff560,sub_4FF560,,"int (__stdcall sub_4FF560)(NewfullMap* a1, int a2)",
0x4ff5b0,sub_4FF5B0,,"int (__thiscall sub_4FF5B0)(TreasureData* this, TGzFile*)",
0x4ff770,?readArtifactData@NewfullMap@@QAAHPAXPAVCObject@@@Z,NewfullMap_readArtifactData,"int (__thiscall ?readArtifactData@NewfullMap@@QAAHPAXPAVCObject@@@Z)(NewfullMap* this, void* infile, CObject* artifactObject)",
0x4ff940,?readSpellScrollData@NewfullMap@@QAAHPAXPAVCObject@@@Z,NewfullMap_readSpellScrollData,"int (__thiscall ?readSpellScrollData@NewfullMap@@QAAHPAXPAVCObject@@@Z)(NewfullMap* this, TGzFile* infile, CObject* obj)",
0x4ffb20,?readResourceData@NewfullMap@@QAAHPAXPAVCObject@@@Z,NewfullMap_readResourceData,"int (__thiscall ?readResourceData@NewfullMap@@QAAHPAXPAVCObject@@@Z)(NewfullMap* this, void* infile, CObject* obj)",
0x4ffd00,?readBlackBox@NewfullMap@@QAAHPAXAAVBlackBoxData@@@Z,NewfullMap_readBlackBox,"int (__thiscall ?readBlackBox@NewfullMap@@QAAHPAXAAVBlackBoxData@@@Z)(NewfullMap* this, void* infile, BlackBoxData* black_box)",
0x500240,?readBlackBoxData@NewfullMap@@QAAHPAXPAVCObject@@@Z,NewfullMap_readBlackBoxData,"int (__thiscall ?readBlackBoxData@NewfullMap@@QAAHPAXPAVCObject@@@Z)(NewfullMap* this, void* infile, CObject* blackboxObject)",
0x500440,sub_500440,,void (__thiscall sub_500440)(NewfullMap* this),
0x5004f0,sub_5004F0,,,
0x500850,sub_500850,,"int (__thiscall sub_500850)(void* this, TGzFile*, int)",
0x500a80,sub_500A80,,"int (__stdcall sub_500A80)(TGzFile* infile, int, int)",
0x500f00,?readEventData@NewfullMap@@QAAHPAXPAVCObject@@@Z,NewfullMap_readEventData,"int (__thiscall ?readEventData@NewfullMap@@QAAHPAXPAVCObject@@@Z)(NewfullMap* this, void* infile, CObject* eventObject)",
0x501180,?readScholarData@NewfullMap@@QAAHPAXPAVCObject@@@Z,NewfullMap_readScholarData,"int (__thiscall ?readScholarData@NewfullMap@@QAAHPAXPAVCObject@@@Z)(NewfullMap* this, void* infile, CObject* scholarObject)",
0x501430,NewfullMap::LoadShipyards,,int (__thiscall NewfullMap::LoadShipyards)(NewfullMap* this),
0x501670,?readMineData@NewfullMap@@QAAHPAXPAVCObject@@@Z,NewfullMap_readMineData,"int (__thiscall ?readMineData@NewfullMap@@QAAHPAXPAVCObject@@@Z)(NewfullMap* this, void* infile, CObject* mineObject)",
0x501780,?readAbandonedMineData@NewfullMap@@QAAHPAXPAVCObject@@@Z,NewfullMap_readAbandonedMineData,"int (__thiscall ?readAbandonedMineData@NewfullMap@@QAAHPAXPAVCObject@@@Z)(NewfullMap* this, void* infile, CObject* mineObject)",
0x5018c0,?readSignData@NewfullMap@@QAAHPAXPAVCObject@@@Z,NewfullMap_readSignData,"int (__thiscall ?readSignData@NewfullMap@@QAAHPAXPAVCObject@@@Z)(NewfullMap* this, void* infile, CObject* obj)",
0x501a00,?readMonsterData@NewfullMap@@QAAHPAXPAVCObject@@@Z,NewfullMap_readMonsterData,"int (__thiscall ?readMonsterData@NewfullMap@@QAAHPAXPAVCObject@@@Z)(NewfullMap* this, void* infile, CObject* monsterObject)",
0x501de0,sub_501DE0,,"int (__thiscall sub_501DE0)(void* this, int*)",
0x501fd0,sub_501FD0,,,
0x502040,?readTownData@NewfullMap@@QAAHPAXPAVCObject@@@Z,NewfullMap_readTownData,"int (__thiscall ?readTownData@NewfullMap@@QAAHPAXPAVCObject@@@Z)(NewfullMap* this, TAbstractFile* infile, CObject* townObject, int version)",
0x502810,?readHeroData@NewfullMap@@QAAHPAXPAVCObject@@@Z,NewfullMap_readHeroData,"int (__thiscall ?readHeroData@NewfullMap@@QAAHPAXPAVCObject@@@Z)(NewfullMap* this, void* infile, CObject* heroObject)",
0x503050,?readGarrisonData@NewfullMap@@QAAHPAXPAVCObject@@@Z,NewfullMap_readGarrisonData,"int (__thiscall ?readGarrisonData@NewfullMap@@QAAHPAXPAVCObject@@@Z)(NewfullMap* this, void* infile, CObject* garrisonObject)",
0x5031b0,NewfullMap::SoD_transformRandomDwellings,,void (__thiscall NewfullMap::SoD_transformRandomDwellings)(NewfullMap* this),
0x503450,?readObject@NewfullMap@@QAAHPAXAAVCObject@@@Z,NewfullMap_readObject,"int (__thiscall ?readObject@NewfullMap@@QAAHPAXAAVCObject@@@Z)(NewfullMap* this, TAbstractFile* infile, CObject* obj, CObject* tempObject)",
0x503c90,sub_503C90,,,
0x503d20,sub_503D20,,,
0x503dd0,?readObjectType@NewfullMap@@QAAHPAXAAVCObjectType@@@Z,NewfullMap_readObjectType,"int (__thiscall ?readObjectType@NewfullMap@@QAAHPAXAAVCObjectType@@@Z)(NewfullMap* this, TAbstractFile* infile, CObjectType* tempObjectType)",
0x504290,sub_504290,,,
0x504550,sub_504550,,,
0x5048b0,sub_5048B0,,,
0x5048e0,sub_5048E0,,,
0x504910,sub_504910,,NewfullMap* (__thiscall sub_504910)(NewfullMap* this),
0x504ac0,?readMapObjects@NewfullMap@@AAAHPAX@Z,NewfullMap_readMapObjects,"int (__thiscall ?readMapObjects@NewfullMap@@AAAHPAX@Z)(NewfullMap* this, TAbstractFile* infile, CObject* obj)",
0x505090,sub_505090,,"int (__thiscall sub_505090)(void* this, int*)",
0x5051c0,sub_5051C0,,"int (__thiscall sub_5051C0)(int this, int)",
0x5056b0,?GenerateHeightMap@NewfullMap@@QAAXABVCObject@@AAY175D@Z,NewfullMap_GenerateHeightMap,"void (__thiscall ?GenerateHeightMap@NewfullMap@@QAAXABVCObject@@AAY175D@Z)(NewfullMap* this, CObject* obj, int8[6][8]* map)",
0x505880,?StampObject@NewfullMap@@QAAXAAVNewmapCell@@AAUTObjectCell@2@@Z,NewfullMap_StampObject,"void (__thiscall ?StampObject@NewfullMap@@QAAXAAVNewmapCell@@AAUTObjectCell@2@@Z)(NewfullMap* this, NewmapCell* this_cell, NewmapCell::TObjectCell* objCell)",
0x505c60,?calc_cell_extra@NewfullMap@@AAAXAAVNewmapCell@@_N@Z,NewfullMap_calc_cell_extra,"void (__thiscall ?calc_cell_extra@NewfullMap@@AAAXAAVNewmapCell@@_N@Z)(NewfullMap* this, NewmapCell* thisCell, bool bSetExtraInfo)",
0x506060,?CalculateCellExtra@NewfullMap@@QAAXAAVNewmapCell@@_N@Z,NewfullMap_CalculateCellExtra,"void (__thiscall ?CalculateCellExtra@NewfullMap@@QAAXAAVNewmapCell@@_N@Z)(NewfullMap* this, NewmapCell* thisCell, bool bSetExtraInfo)",
0x506170,?PlaceObject@NewfullMap@@QAAHH_N@Z,NewfullMap_PlaceObject,"int (__thiscall ?PlaceObject@NewfullMap@@QAAHH_N@Z)(NewfullMap* this, int ObjectIndex, bool setExtraInfo)",0x105b20
0x506370,NewfullMap::SoD_CheckQuestHeroDefeated,,"void (__thiscall NewfullMap::SoD_CheckQuestHeroDefeated)(NewfullMap* this, THeroID target, int player)",
0x5063b0,NewfullMap::SoD_CheckQuestMonsterDefeated,,"void (__thiscall NewfullMap::SoD_CheckQuestMonsterDefeated)(NewfullMap* this, type_point point, int player)",
0x5063f0,NewfullMap::SetupObjectTypeTable,,void (__thiscall NewfullMap::SetupObjectTypeTable)(NewfullMap* this),
0x5064f0,NewfullMap::findObjectType,,"CObjectType* (__thiscall NewfullMap::findObjectType)(NewfullMap* this, TAdventureObjectType type, int subtype)",
0x506570,NewfullMap::SoD_insertObject,,"void (__thiscall NewfullMap::SoD_insertObject)(NewfullMap* this, CObject* obj, int index, int subtype, TTerrainType terrain)",
0x5066d0,CObjectType::CObjectType,,"void (__thiscall CObjectType::CObjectType)(CObjectType* this, TObjectType* tmpl)",
0x5068b0,std::vector_TObjectType_::destructor,,void (__thiscall std::vector_TObjectType_::destructor)(std::vector_CObjectType_* this),
0x5068f0,sub_5068F0,,int (__thiscall sub_5068F0)(void* this),
0x506920,sub_506920,,int (__thiscall sub_506920)(int this),
0x506960,sub_506960,,int (__thiscall sub_506960)(int this),
0x5069a0,sub_5069A0,,int (__thiscall sub_5069A0)(int* this),
0x5069e0,sub_5069E0,,"void (__thiscall sub_5069E0)(void* this, unsigned int, int)",
0x506d00,?size@?$vector@VTSeerHut@@V?$allocator@VTSeerHut@@@std@@@std@@QBAIXZ,VTSeerHut_vector_size,uint (__thiscall ?size@?$vector@VTSeerHut@@V?$allocator@VTSeerHut@@@std@@@std@@QBAIXZ)(std::vector_TSeerHut_* this),
0x506d30,sub_506D30,,int (__thiscall sub_506D30)(void* this),
0x506d50,sub_506D50,,int (__thiscall sub_506D50)(int this),
0x506d90,sub_506D90,,int (__thiscall sub_506D90)(int this),
0x506dd0,?set@?$bitset@$0DA@@std@@QAEAAV12@I_N@Z,n0DA_bitset_set,"std::bitset_48_* (__thiscall ?set@?$bitset@$0DA@@std@@QAEAAV12@I_N@Z)(std::bitset_48_* this, unsigned int pos, int8 set)",
0x506e30,?test@?$bitset@$0DA@@std@@QBE_NI@Z,n0DA_bitset_test,"bool (__thiscall ?test@?$bitset@$0DA@@std@@QBE_NI@Z)(std::bitset_48_* this, unsigned int pos)",
0x506e70,sub_506E70,,"void* (__thiscall sub_506E70)(void* this, unsigned int, int8)",
0x506ed0,sub_506ED0,,"int (__thiscall sub_506ED0)(int* this, int)",
0x506ef0,sub_506EF0,,"void* (__thiscall sub_506EF0)(void* this, int8*, int)",
0x506fd0,sub_506FD0,,"void* (__thiscall sub_506FD0)(void* this, void*, void*)",
0x507020,?insert@?$vector@VTreasureData@@V?$allocator@VTreasureData@@@std@@@std@@QAAXPAVTreasureData@@IABV3@@Z,VTreasureData_vector_insert,"void (__thiscall ?insert@?$vector@VTreasureData@@V?$allocator@VTreasureData@@@std@@@std@@QAAXPAVTreasureData@@IABV3@@Z)(std::vector* this, TreasureData*, unsigned int, TreasureData*)",
0x507360,sub_507360,,"void* (__thiscall sub_507360)(void* this, int8*, int8*)",
0x507410,?insert@?$vector@VMonsterData@@V?$allocator@VMonsterData@@@std@@@std@@QAAXPAVMonsterData@@IABV3@@Z,VMonsterData_vector_insert,"void (__thiscall ?insert@?$vector@VMonsterData@@V?$allocator@VMonsterData@@@std@@@std@@QAAXPAVMonsterData@@IABV3@@Z)(std::vector* this, MonsterData*, unsigned int, MonsterData*)",
0x507740,sub_507740,,"void* (__thiscall sub_507740)(void* this, int8*, int8*)",
0x5077f0,sub_5077F0,,"unsigned int (__thiscall sub_5077F0)(void* this, int8*, unsigned int, int)",
0x507b20,sub_507B20,,"int (__thiscall sub_507B20)(void* this, int, int)",
0x507c70,std::vector_507C70,,"int (__thiscall std::vector_507C70)(void* this, int, int)",
0x507ee0,sub_507EE0,,"int (__thiscall sub_507EE0)(void* this, int, int)",
0x507f50,sub_507F50,,"int8* (__thiscall sub_507F50)(void* this, int, int)",
0x508170,sub_508170,,"unsigned int (__thiscall sub_508170)(void* this, int, unsigned int, int)",
0x508470,sub_508470,,"TQuestGuard* (__thiscall sub_508470)(std::vector* this, TQuestGuard* first, TQuestGuard* last)",
0x5084c0,sub_5084C0,,"int (__thiscall sub_5084C0)(void* this, int8*, unsigned int, int8*)",
0x5087f0,sub_5087F0,,"int8* (__thiscall sub_5087F0)(void* this, int8*, int)",
0x5088c0,sub_5088C0,,,
0x5088f0,sub_5088F0,,"int (__thiscall sub_5088F0)(void* this, int8*, unsigned int, int)",
0x508c40,sub_508C40,,"int8* (__thiscall sub_508C40)(void* this, int8*, int)",
0x508d40,sub_508D40,,,
0x508d70,?clear@?$vector@Utype_university@@V?$allocator@Utype_university@@@std@@@std@@QAAXXZ,Utype_university_vector_clear,void (__thiscall ?clear@?$vector@Utype_university@@V?$allocator@Utype_university@@@std@@@std@@QAAXXZ)(std::vector* this),
0x508dd0,sub_508DD0,,"int (__thiscall sub_508DD0)(void* this, int, int)",
0x508f00,sub_508F00,,"int8* (__thiscall sub_508F00)(void* this, int8*, int8*)",
0x508f50,sub_508F50,,,
0x508fb0,sub_508FB0,,,
0x509000,sub_509000,,,
0x509040,sub_509040,,,
0x509080,sub_509080,,"unsigned int (__thiscall sub_509080)(void* this, int8*, unsigned int, int)",
0x509440,?push_back@?$vector@Vgenerator@@V?$allocator@Vgenerator@@@std@@@std@@QAAXABVgenerator@@@Z,Vgenerator_vector_push_back,,
0x509750,sub_509750,,,
0x509900,sub_509900,,,
0x509940,sub_509940,,,
0x509980,?clear@?$vector@Utype_creature_bank@@V?$allocator@Utype_creature_bank@@@std@@@std@@QAAXXZ,Utype_creature_bank_vector_clear,void (__thiscall ?clear@?$vector@Utype_creature_bank@@V?$allocator@Utype_creature_bank@@@std@@@std@@QAAXXZ)(std::vector_type_creature_bank_* this),
0x509b90,sub_509B90,,,
0x509d00,sub_509D00,,"void (__fastcall sub_509D00)(std::string*, std::string* edx0)",
0x509e70,sub_509E70,,,
0x50a080,sub_50A080,,,
0x50a0b0,sub_50A0B0,,,
0x50a0c0,sub_50A0C0,,,
0x50a250,sub_50A250,,,
0x50a410,sub_50A410,,,
0x50a5f0,sub_50A5F0,,"std::string* (__thiscall sub_50A5F0)(std::string* this, std::string*)",
0x50a760,sub_50A760,,"int8* (__thiscall sub_50A760)(int8* this, int)",
0x50aa60,sub_50AA60,,"int (__thiscall sub_50AA60)(int this, int)",
0x50abe0,sub_50ABE0,,"int (__thiscall sub_50ABE0)(int this, void*)",
0x50ad90,sub_50AD90,,"int8* (__thiscall sub_50AD90)(int8* this, int)",
0x50af60,sub_50AF60,,int (__thiscall sub_50AF60)(void* this),
0x50af80,sub_50AF80,,int (__thiscall sub_50AF80)(void* this),
0x50afa0,sub_50AFA0,,,
0x50afd0,sub_50AFD0,,,
0x50aff0,sub_50AFF0,,,
0x50b050,sub_50B050,,,
0x50b0b0,sub_50B0B0,,,
0x50b120,sub_50B120,,,
0x50b180,sub_50B180,,,
0x50b1e0,sub_50B1E0,,,
0x50b240,sub_50B240,,,
0x50b2a0,sub_50B2A0,,,
0x50b300,sub_50B300,,,
0x50b360,sub_50B360,,,
0x50b3c0,?SafeRandom@@YAHHH@Z,SafeRandom,"int (__fastcall ?SafeRandom@@YAHHH@Z)(int iMin, int iMax)",0x10b1d0
0x50b420,?CheckConfigFile@@YAXXZ,CheckConfigFile,,
0x50b690,?SetGameDefaults@@YAXXZ,SetGameDefaults,,
0x50b8c0,?SetDefaultSystemOptions@@YAXXZ,SetDefaultSystemOptions,,
0x50b910,?ReadPrefs@@YAXXZ,ReadPrefs,,
0x50b970,DoReadRegistry,,,
0x50bfd0,?WritePrefsToRegistry@@YAXXZ,WritePrefsToRegistry,,
0x50c370,?WritePrefs@@YAXXZ,WritePrefs,,
0x50c380,?SetupCDDrive@@YAHXZ,SetupCDDrive,,
0x50c760,?FileSize@@YAJPAD@Z,FileSize,int (__thiscall ?FileSize@@YAJPAD@Z)(int8* Filename),
0x50c7b0,?SRand@@YAXH@Z,SRand,void (__thiscall ?SRand@@YAXH@Z)(int Seed),
0x50c7c0,?Random@@YAHHH@Z,Random,"int (__fastcall ?Random@@YAHHH@Z)(int x, int y)",0x10b230
0x50c7f0,?vsprintf@@YA?AV?$basic_string@DU?$char_traits@D@std@@V?$allocator@D@2@@std@@PBDZZ,vsprintf,"std::string* (?vsprintf@@YA?AV?$basic_string@DU?$char_traits@D@std@@V?$allocator@D@2@@std@@PBDZZ)(std::string* result, int8* format)",
0x50c8d0,??0TPickANumber@@QAA@HH@Z,TPickANumber_ctor,"TPickANumber* (__thiscall ??0TPickANumber@@QAA@HH@Z)(TPickANumber* this, int low, int high)",0x10c6e0
0x50c930,?Pick@TPickANumber@@QAAHXZ,TPickANumber_Pick,int (__thiscall ?Pick@TPickANumber@@QAAHXZ)(TPickANumber* this),0x10c740
0x50c990,?get_available_disk_space@@YAKXZ,get_available_disk_space,,
0x50c9e0,sub_50C9E0,,,
0x50ca00,?InitializeCreatureAnimationTraitsTable@@YA_NXZ,InitializeCreatureAnimationTraitsTable,,
0x50cbf0,InitializeCreatureAnimationTraits,,,
0x50cd20,sub_50CD20,,,
0x50cd40,??0mouseManager@@QAA@XZ,mouseManager_ctor,mouseManager* (__thiscall ??0mouseManager@@QAA@XZ)(mouseManager* this),0x10cb50
0x50cdb0,??_GmouseManager@@UAAPAXI@Z,op_GmouseManager,"void (__thiscall ??_GmouseManager@@UAAPAXI@Z)(mouseManager* this, uchar flag)",
0x50cde0,?Open@mouseManager@@UAAHH@Z,mouseManager_Open,"int (__thiscall ?Open@mouseManager@@UAAHH@Z)(mouseManager* this, int newPriority)",
0x50ce30,?Close@mouseManager@@UAAXXZ,mouseManager_Close,void (__thiscall ?Close@mouseManager@@UAAXXZ)(mouseManager* this),
0x50ce70,?Reset@mouseManager@@QAAXXZ,mouseManager_Reset,void (__thiscall ?Reset@mouseManager@@QAAXXZ)(mouseManager* this),
0x50ce90,xor_eax_eax_retn4_function,,,
0x50cea0,?SetPointer@mouseManager@@QAAXHW4EPointerSet@1@@Z,mouseManager_SetPointer,"void (__thiscall ?SetPointer@mouseManager@@QAAXHW4EPointerSet@1@@Z)(mouseManager* this, int new_frame, mouseManager::EPointerSet new_set)",0x10cca0
0x50cf90,?Update@mouseManager@@QAAX_N@Z,mouseManager_Update,"void (__thiscall ?Update@mouseManager@@QAAX_N@Z)(mouseManager* this, bool bForceIt)",0x10cd90
0x50d700,?MouseCoords@mouseManager@@QAAXAAH0@Z,mouseManager_MouseCoords,"void (__thiscall ?MouseCoords@mouseManager@@QAAXAAH0@Z)(mouseManager* this, int* x, int* y)",0x10d500
0x50d740,?HidePointer@mouseManager@@QAAXXZ,mouseManager_HidePointer,void (__thiscall ?HidePointer@mouseManager@@QAAXXZ)(mouseManager* this),0x10d540
0x50d7b0,?ShowPointer@mouseManager@@QAAX_N@Z,mouseManager_ShowPointer,"void (__thiscall ?ShowPointer@mouseManager@@QAAX_N@Z)(mouseManager* this, bool force)",0x10d5b0
0x50d880,?CheckUpdate@mouseManager@@QAAXXZ,mouseManager_CheckUpdate,void (__thiscall ?CheckUpdate@mouseManager@@QAAXXZ)(mouseManager* this),0x10d680
0x50da90,??0TCSLock@@QAA@PAUCRITICAL_SECTION@@@Z,TCSLock_ctor,"void* (__thiscall ??0TCSLock@@QAA@PAUCRITICAL_SECTION@@@Z)(TCSLock* this, LPCRITICAL_SECTION lpCriticalSection)",
0x50dab0,?LoadFrame@mouseManager@@AAAXH@Z,mouseManager_LoadFrame,"void (__thiscall ?LoadFrame@mouseManager@@AAAXH@Z)(mouseManager* this, int new_frame)",0x10d8b0
0x50dc20,?ShowSystemCursor@mouseManager@@QAAX_N@Z,mouseManager_ShowSystemCursor,"void (__thiscall ?ShowSystemCursor@mouseManager@@QAAX_N@Z)(mouseManager* this, bool show_it)",0x10da20
0x50dc60,sub_50DC60,,,
0x50dc80,sub_50DC80,,,
0x50dce0,sub_50DCE0,,,
0x50dd40,sub_50DD40,,,
0x50ddb0,sub_50DDB0,,,
0x50de10,sub_50DE10,,,
0x50de70,sub_50DE70,,,
0x50ded0,sub_50DED0,,,
0x50df30,sub_50DF30,,,
0x50df90,sub_50DF90,,,
0x50dff0,sub_50DFF0,,,
0x50e050,sub_50E050,,"int (__thiscall sub_50E050)(void** this, message*)",
0x50e0e0,sub_50E0E0,,int (__thiscall sub_50E0E0)(textEntryWidget* this),
0x50e160,sub_50E160,,"int (__thiscall sub_50E160)(textEntryWidget* this, message* msg)",
0x50e250,??0TMultiPlayerWindow@@QAA@XZ,TMultiPlayerWindow_ctor,TMultiPlayerWindow* (__thiscall ??0TMultiPlayerWindow@@QAA@XZ)(TMultiPlayerWindow* this),
0x50ef50,sub_50EF50,,int (__thiscall sub_50EF50)(void* this),
0x50ef60,sub_50EF60,,"int (__thiscall sub_50EF60)(textEntryWidget* this, message* msg)",
0x50efb0,sub_50EFB0,,"void* (__thiscall sub_50EFB0)(void* Memory, int8)",
0x50efe0,sub_50EFE0,,"void* (__thiscall sub_50EFE0)(void* Memory, int8)",
0x50f010,sub_50F010,,void (__thiscall sub_50F010)(void* this),
0x50f070,sub_50F070,,void (__thiscall sub_50F070)(void* this),
0x50f0a0,sub_50F0A0,,void (__thiscall sub_50F0A0)(int this),
0x50f150,?GoSessionList@TMultiPlayerWindow@@QAAXXZ,TMultiPlayerWindow_GoSessionList,void (__thiscall ?GoSessionList@TMultiPlayerWindow@@QAAXXZ)(TMultiPlayerWindow* this),
0x50f220,sub_50F220,,void (__thiscall sub_50F220)(heroWindow* this),
0x50f350,sub_50F350,,void (__thiscall sub_50F350)(void* this),
0x50f740,?OnWidgetDeselect@TMultiPlayerWindow@@UAAHHAA_N@Z,TMultiPlayerWindow_OnWidgetDeselect,"int (__thiscall ?OnWidgetDeselect@TMultiPlayerWindow@@UAAHHAA_N@Z)(TMultiPlayerWindow* this, TMultiPlayerWindow::EOtherWidgetIDs id, bool* bExitFlag)",
0x50fba0,sub_50FBA0,,"int (__thiscall sub_50FBA0)(CHeroWindowEx* this, message* msg)",
0x50fc70,sub_50FC70,,"int8 (__thiscall sub_50FC70)(void* this, int, int)",
0x50fd10,sub_50FD10,,"int8 (__thiscall sub_50FD10)(int8* this, int8*, int)",
0x50fe20,sub_50FE20,,"int8 (__thiscall sub_50FE20)(void* this, int, int8* Memory, void*)",
0x50feb0,sub_50FEB0,,int8 (__thiscall sub_50FEB0)(void* this),
0x510000,sub_510000,,int8 (__thiscall sub_510000)(int8* this),
0x5102c0,sub_5102C0,,"int (__thiscall sub_5102C0)(int this, void*, int)",
0x5109c0,BuildEditedTextField2,,"textEntryWidget* (__thiscall BuildEditedTextField2)(textEntryWidget* this, int textEntryWidgetX, int textEntryWidgetY, int textEntryWidgetWidth, int textEntryWidgetHeight, int, int8* textString, int8* textFontName, int color, int justification, int8* Source, int textBackgroundFrame, int textEntryWidgetId, int textEntryWidgetStyle, int iReadType, int textInsetX, int textInsetY)",
0x510a30,sub_510A30,,"int (__thiscall sub_510A30)(textEntryWidget* this, message* msg)",
0x510ab0,sub_510AB0,,void (__thiscall sub_510AB0)(void* this),
0x510ad0,sub_510AD0,,"void (__thiscall sub_510AD0)(int16* this, int8)",
0x510ae0,sub_510AE0,,"void* (__thiscall sub_510AE0)(void* Memory, int8)",
0x510b10,sub_510B10,,void (__thiscall sub_510B10)(heroWindow* this),
0x510b60,sub_510B60,,"int (__thiscall sub_510B60)(void* this, int, void*)",
0x510be0,sub_510BE0,,int (__thiscall sub_510BE0)(void* this),
0x510bf0,sub_510BF0,,int (__thiscall sub_510BF0)(heroWindow* this),
0x510c50,sub_510C50,,"heroWindow* (__thiscall sub_510C50)(heroWindow* Memory, int8)",
0x510c80,sub_510C80,,int8 (__thiscall sub_510C80)(void* this),
0x510f20,sub_510F20,,int8 (__thiscall sub_510F20)(void* this),
0x5111b0,sub_5111B0,,int8 (__thiscall sub_5111B0)(int this),
0x511530,sub_511530,,bool (__thiscall sub_511530)(void* this),
0x511550,initWinSocket,,int8 (__thiscall initWinSocket)(int8* str),
0x511660,sub_511660,,int8 (__thiscall sub_511660)(heroWindow* this),
0x5118d0,sub_5118D0,,int8 (__thiscall sub_5118D0)(void* this),
0x511f40,sub_511F40,,"textEntryWidget* (__thiscall sub_511F40)(textEntryWidget* this, int textEntryWidgetX, int textEntryWidgetY, int textEntryWidgetWidth, int textEntryWidgetHeight, int, int8* textString, int8* textFontName, int color, int justification, int8* Source, int textBackgroundFrame, int textEntryWidgetId, int textEntryWidgetStyle, int iReadType, int textInsetX, int textInsetY)",
0x511fb0,?OnHotSeat@TMultiPlayerWindow@@QAA_NXZ,TMultiPlayerWindow_OnHotSeat,bool (__thiscall ?OnHotSeat@TMultiPlayerWindow@@QAA_NXZ)(TMultiPlayerWindow* this),
0x512090,??0CHotSeatDlg@@QAA@XZ,CHotSeatDlg_ctor,heroWindow* (__thiscall ??0CHotSeatDlg@@QAA@XZ)(heroWindow* this),
0x512640,sub_512640,,void (__thiscall sub_512640)(heroWindow* this),
0x512690,sub_512690,,"int (__thiscall sub_512690)(int8* this, int, void*)",
0x5126e0,sub_5126E0,,int8 (__thiscall sub_5126E0)(int8* this),
0x5127a0,sub_5127A0,,int (__thiscall sub_5127A0)(void* this),
0x5127b0,sub_5127B0,,"heroWindow* (__thiscall sub_5127B0)(heroWindow* Memory, int8)",
0x5127e0,sub_5127E0,,"int (__thiscall sub_5127E0)(void* this, int8)",
0x512840,?Delete@?$CAutoArray@VCDPlayAddressElement@@@@UAA_NK@Z,VCDPlayAddressElement_CAutoArray_Delete,"bool (__thiscall ?Delete@?$CAutoArray@VCDPlayAddressElement@@@@UAA_NK@Z)(CAutoArray_CDPlayAddressElement_* this, unsigned int elementNbr)",
0x512880,sub_512880,,"void* (__thiscall sub_512880)(void* Memory, int8)",
0x5128f0,sub_5128F0,,,
0x512910,sub_512910,,,
0x512970,sub_512970,,,
0x5129d0,sub_5129D0,,,
0x512a40,sub_512A40,,,
0x512aa0,sub_512AA0,,,
0x512b00,sub_512B00,,,
0x512b60,sub_512B60,,,
0x512bc0,sub_512BC0,,,
0x512c20,sub_512C20,,,
0x512c80,sub_512C80,,,
0x512ce0,sub_512CE0,,"void* (__thiscall sub_512CE0)(void* Memory, int8)",
0x512d10,sub_512D10,,void (__thiscall sub_512D10)(void* this),
0x512d40,sub_512D40,,"unsigned int (__thiscall sub_512D40)(void* this, void*, unsigned int)",
0x512d90,sub_512D90,,"unsigned int (__thiscall sub_512D90)(int this, void*, unsigned int)",
0x512e30,??0t_complex_net_message@@QAA@XZ,t_complex_net_message_ctor,CNetMsg* (__thiscall ??0t_complex_net_message@@QAA@XZ)(t_complex_net_message* this),
0x512e60,??0t_complex_net_message@@QAA@W4eRS_Messages@@@Z,t_complex_net_message_ctor,"CNetMsg* (__thiscall ??0t_complex_net_message@@QAA@W4eRS_Messages@@@Z)(t_complex_net_message* this, CNetMsg::eRS_Messages subType)",
0x512e90,sub_512E90,,"bool (__thiscall sub_512E90)(int8* this, unsigned int, bool, bool)",
0x512f50,sub_512F50,,"bool (__thiscall sub_512F50)(int8* this, int, bool, bool)",
0x513010,sub_513010,,,
0x5130d0,sub_5130D0,,,
0x5130f0,sub_5130F0,,,
0x513150,sub_513150,,,
0x5131b0,sub_5131B0,,,
0x513220,sub_513220,,,
0x513280,sub_513280,,,
0x5132e0,sub_5132E0,,,
0x513340,sub_513340,,,
0x5133a0,sub_5133A0,,,
0x513400,sub_513400,,,
0x513460,sub_513460,,,
0x5134c0,sub_5134C0,,,
0x5134e0,?pick_alignment@@YA?AW4TTownType@@E_N@Z,pick_alignment,"int (__fastcall ?pick_alignment@@YA?AW4TTownType@@E_N@Z)(int legal_alignments, bool getFirstAvail)",
0x513530,?InitNewGame@game@@QAAXPAVNewSMapHeader@@@Z,game_InitNewGame,"void (__thiscall ?InitNewGame@game@@QAAXPAVNewSMapHeader@@@Z)(game* this, int8 difficulty, int version, NewSMapHeader* mapHeader, TAbstractFile* infile)",
0x513950,?ShowScenInfo@game@@QAAXXZ,game_ShowScenInfo,void (__thiscall ?ShowScenInfo@game@@QAAXXZ)(game* this),
0x513a10,?GetLossConditionText@game@@QAAXPAD@Z,game_GetLossConditionText,"void (__thiscall ?GetLossConditionText@game@@QAAXPAD@Z)(game* this, int8* rText)",
0x513bf0,?GetVictoryConditionText@game@@QAAXPAD@Z,game_GetVictoryConditionText,"void (__thiscall ?GetVictoryConditionText@game@@QAAXPAD@Z)(game* this, int8* rText)",
0x514240,sub_514240,,,
0x514260,sub_514260,,,
0x514270,TUniqueSet_string_::TUniqueSet,,int8* (__thiscall TUniqueSet_string_::TUniqueSet)(int8* this),
0x514340,sub_514340,,void (__thiscall sub_514340)(int this),
0x5143c0,sub_5143C0,,"bool (__thiscall sub_5143C0)(void* this, int)",
0x514430,sub_514430,,,
0x514470,sub_514470,,"BOOL (__thiscall sub_514470)(void* this, int)",
0x514490,sub_514490,,,
0x5144b0,sub_5144B0,,"void* (__thiscall sub_5144B0)(void* this, int)",
0x5144d0,sub_5144D0,,"void* (__thiscall sub_5144D0)(void* Memory, int8)",
0x514500,sub_514500,,void (__thiscall sub_514500)(void* this),
0x514510,unknown_libname_4,,,
0x514520,sub_514520,,,
0x514540,unknown_libname_5,,,
0x514550,sub_514550,,,
0x514570,unknown_libname_6,,,
0x514580,sub_514580,,,
0x5145a0,unknown_libname_7,,,
0x5145b0,sub_5145B0,,,
0x5145d0,unknown_libname_8,,,
0x5145e0,sub_5145E0,,,
0x514600,unknown_libname_9,,,
0x514610,sub_514610,,,
0x514630,unknown_libname_10,,,
0x514640,sub_514640,,,
0x514660,unknown_libname_11,,,
0x514670,sub_514670,,,
0x514690,unknown_libname_12,,,
0x5146a0,sub_5146A0,,,
0x5146c0,unknown_libname_13,,,
0x5146d0,sub_5146D0,,void* (__thiscall sub_5146D0)(void* this),
0x5146e0,sub_5146E0,,,
0x514700,sub_514700,,"void* (__thiscall sub_514700)(void* this, int)",
0x514720,sub_514720,,"void* (__thiscall sub_514720)(void* Memory, int8)",
0x514750,unknown_libname_14,,,
0x514760,sub_514760,,,
0x514780,unknown_libname_15,,,
0x514790,sub_514790,,,
0x5147b0,unknown_libname_16,,,
0x5147c0,sub_5147C0,,,
0x5147e0,unknown_libname_17,,,
0x5147f0,sub_5147F0,,,
0x514810,unknown_libname_18,,,
0x514820,TObjectType::setImageName,,"TObjectType* (__thiscall TObjectType::setImageName)(TObjectType* this, std::string* newImageName)",
0x514b40,sub_514B40,,,
0x514b70,sub_514B70,,int8* (__thiscall sub_514B70)(unsigned int* this),
0x514c20,sub_514C20,,,
0x514c70,sub_514C70,,,
0x514d90,sub_514D90,,,
0x514f90,TObjectTypeTable::load,,"void (__thiscall TObjectTypeTable::load)(TObjectTypeTable* this, int8* fileName)",
0x515220,sub_515220,,"void (__thiscall sub_515220)(std::string* this, unsigned int)",
0x5153c0,sub_5153C0,,"void* (__thiscall sub_5153C0)(void* this, int, int8, int)",
0x515470,??1?$basic_istream@DU?$char_traits@D@std@@@std@@UAE@XZ,std_D_DU_char_traits_basic_istream_dtor,,
0x515480,sub_515480,,"int8* (__thiscall sub_515480)(int8* this, void*)",
0x515690,sub_515690,,"void (__thiscall sub_515690)(std::bitset_48_* this, unsigned int a2)",
0x515700,sub_515700,,,
0x515750,sub_515750,,,
0x5159a0,sub_5159A0,,int (__thiscall sub_5159A0)(void** this),
0x5159c0,sub_5159C0,,,
0x515c10,sub_515C10,,"int8* (__thiscall sub_515C10)(std::ios_base* this, int8)",
0x515c50,std::string::replace,,"std::string* (__thiscall std::string::replace)(std::string* this, unsigned int, size_t Size, void*, unsigned int)",
0x515df0,std::string::find_last_of,,"void* (__thiscall std::string::find_last_of)(void* this, void*, void*, unsigned int)",
0x515e70,sub_515E70,,"int8 (__thiscall sub_515E70)(int8* this, void* Memory)",
0x5160f0,sub_5160F0,,"void (__thiscall sub_5160F0)(std::ios_base* this, int, int)",
0x516120,sub_516120,,"void** (__thiscall sub_516120)(void** this, void*, unsigned int8, void*)",
0x516230,sub_516230,,,
0x516240,sub_516240,,,
0x516260,sub_516260,,,
0x5162a0,sub_5162A0,,,
0x5162c0,sub_5162C0,,,
0x516300,sub_516300,,"void* (__thiscall sub_516300)(void* Memory, int8)",
0x516330,??1?$ctype@D@std@@UAE@XZ,std_D_ctype_dtor,void (__thiscall ??1?$ctype@D@std@@UAE@XZ)(void* this),
0x516360,sub_516360,,,
0x5163c0,sub_5163C0,,,
0x516420,sub_516420,,,
0x516490,sub_516490,,,
0x5164f0,sub_5164F0,,,
0x516550,sub_516550,,,
0x5165b0,sub_5165B0,,,
0x516610,sub_516610,,,
0x516670,sub_516670,,,
0x5166d0,sub_5166D0,,,
0x516730,sub_516730,,"void* (__thiscall sub_516730)(void* Memory, int8)",
0x516760,sub_516760,,,
0x516780,unknown_libname_19,,,
0x516790,sub_516790,,,
0x5167b0,unknown_libname_20,,,
0x5167c0,std::strstreambuf::strstreambuf,,"std::strstreambuf* (__thiscall std::strstreambuf::strstreambuf)(std::strstreambuf* this, int8* Str, int)",0x1165f0
0x5168b0,sub_5168B0,,"BOOL (__thiscall sub_5168B0)(void* this, unsigned int)",
0x5168f0,sub_5168F0,,"int8* (__thiscall sub_5168F0)(std::istrstream* this, int8)",
0x516920,sub_516920,,,
0x516940,?flip@?$bitset@$0DA@@std@@QAEAAV12@XZ,n0DA_bitset_flip,void* (__thiscall ?flip@?$bitset@$0DA@@std@@QAEAAV12@XZ)(void* this),
0x516970,sub_516970,,,
0x516c60,sub_516C60,,"int8* (__thiscall sub_516C60)(void* this, int8*, int8*)",
0x516cb0,sub_516CB0,,"void*** (__thiscall sub_516CB0)(void* this, void***, void** Memory, void**)",
0x516de0,sub_516DE0,,"int (__thiscall sub_516DE0)(int this, int8*, void*)",
0x516ff0,sub_516FF0,,"int8* (__thiscall sub_516FF0)(void* this, int)",
0x517010,sub_517010,,,
0x5170e0,??1logic_error@std@@UAE@XZ_0,std_logic_error_dtor,void (__thiscall ??1logic_error@std@@UAE@XZ_0)(std::exception* this),
0x517130,sub_517130,,,
0x517150,sub_517150,,"std::exception* (__thiscall sub_517150)(std::exception* Memory, int8)",
0x517180,sub_517180,,"std::exception* (__thiscall sub_517180)(std::exception* this, std::exception*)",
0x5172e0,sub_5172E0,,"void* (__thiscall sub_5172E0)(void* this, void*, void* Memory)",
0x517820,sub_517820,,"void (__thiscall sub_517820)(void* this, void* Memory)",
0x5178d0,sub_5178D0,,,
0x5179a0,sub_5179A0,,int (__thiscall sub_5179A0)(void* this),
0x5179d0,sub_5179D0,,,
0x517a10,sub_517A10,,,
0x517a50,sub_517A50,,void (__thiscall sub_517A50)(int* this),
0x517b00,sub_517B00,,"int8* (__cdecl sub_517B00)(int8*, void* Memory)",
0x517dc0,sub_517DC0,,"void (__thiscall sub_517DC0)(std::ios_base* this, int8, int)",
0x517de0,sub_517DE0,,int (__thiscall sub_517DE0)(void** this),
0x517e20,sub_517E20,,,
0x517e40,sub_517E40,,"int* (__thiscall sub_517E40)(void* this, int*, int8*)",
0x517e70,TUniqueSet_string_::add,,"int (__thiscall TUniqueSet_string_::add)(void* this, int*, int)",
0x517f00,sub_517F00,,"std::string* (__thiscall sub_517F00)(std::string* this, std::string*, void**)",
0x518040,sub_518040,,"void* (__thiscall sub_518040)(void* this, int)",
0x5180a0,sub_5180A0,,,
0x518450,sub_518450,,,
0x518840,sub_518840,,,
0x518c20,sub_518C20,,,
0x518ff0,sub_518FF0,,,
0x5193c0,sub_5193C0,,,
0x5197d0,sub_5197D0,,"BOOL (__thiscall sub_5197D0)(void* this, unsigned int16, unsigned int8)",
0x519800,sub_519800,,,
0x519c20,sub_519C20,,,
0x51a040,sub_51A040,,,
0x51a3e0,sub_51A3E0,,"void* (__thiscall sub_51A3E0)(void* Memory, int8)",
0x51a410,sub_51A410,,"std::string* (__thiscall sub_51A410)(std::string* this, uint, int8, void*)",
0x51a4e0,sub_51A4E0,,"int (__cdecl sub_51A4E0)(void*, void*, int, int16, std::locale* Memory)",
0x51aa20,sub_51AA20,,int8* (__thiscall sub_51AA20)(int8* this),
0x51aa70,sub_51AA70,,"std::string* (__fastcall sub_51AA70)(std::string*, int edx0, uint, int8)",
0x51ab30,sub_51AB30,,"int8* (__thiscall sub_51AB30)(std::string* this, unsigned int)",
0x51abd0,sub_51ABD0,,void (__thiscall sub_51ABD0)(void* this),
0x51ac30,sub_51AC30,,int8 (__thiscall sub_51AC30)(void* this),
0x51ac80,sub_51AC80,,,
0x51ae80,sub_51AE80,,"std::locale::facet* (__cdecl sub_51AE80)(std::locale*, int, int8* Memory)",
0x51b080,sub_51B080,,"BOOL (__thiscall sub_51B080)(void* this, int)",
0x51b140,sub_51B140,,,
0x51b1c0,sub_51B1C0,,,
0x51b240,sub_51B240,,"int* (__thiscall sub_51B240)(void* this, int*, int8*)",
0x51b3a0,std::vector::push_back_54B3A0,,"void (__thiscall std::vector::push_back_54B3A0)(std::vector* this, void* a2, void* a3)",
0x51b560,sub_51B560,,,
0x51b600,sub_51B600,,"void* (__thiscall sub_51B600)(void* this, void*, void*)",
0x51b620,sub_51B620,,,
0x51b6c0,sub_51B6C0,,"int* (__thiscall sub_51B6C0)(void* this, int*, void*, void*, int8*)",
0x51b9c0,sub_51B9C0,,"void* (__thiscall sub_51B9C0)(void* this, int)",
0x51ba80,sub_51BA80,,void (__thiscall sub_51BA80)(void* this),
0x51bb40,sub_51BB40,,,
0x51bb80,sub_51BB80,,,
0x51bce0,sub_51BCE0,,,
0x51bd60,?Log@CLogFile@@QAAXPADZZ,CLogFile_Log,"void (?Log@CLogFile@@QAAXPADZZ)(CLogFile* this, int8* msg)",
0x51bd70,sub_51BD70,,"int (__thiscall sub_51BD70)(int this, int)",
0x51bdd0,sub_51BDD0,,"int (__thiscall sub_51BDD0)(void* this, unsigned int, unsigned int, int8*, unsigned int)",
0x51be40,sub_51BE40,,,
0x51bea0,sub_51BEA0,,,
0x51bf00,sub_51BF00,,,
0x51bf70,sub_51BF70,,,
0x51bfd0,sub_51BFD0,,,
0x51c030,sub_51C030,,,
0x51c090,sub_51C090,,,
0x51c0f0,sub_51C0F0,,,
0x51c150,sub_51C150,,,
0x51c1b0,sub_51C1B0,,,
0x51c210,?SetupDynamicStuff@game@@QAAXHH@Z,game_SetupDynamicStuff,"void (__thiscall ?SetupDynamicStuff@game@@QAAXHH@Z)(game* this, int bUpdate, int bForceUpdate)",
0x51e7f0,?SetupNewOverviewType@game@@QAAXH_N@Z,game_SetupNewOverviewType,"void (__thiscall ?SetupNewOverviewType@game@@QAAXH_N@Z)(game* this, int iWhichType, bool bUpdate)",
0x51eb30,sub_51EB30,,"int (__thiscall sub_51EB30)(heroWindow* this, int)",
0x51ec80,sub_51EC80,,int (__thiscall sub_51EC80)(heroWindow* this),
0x51ecb0,sub_51ECB0,,"void (__thiscall sub_51ECB0)(heroWindow* this, int)",
0x51ed90,?Overview@game@@QAAXXZ,game_Overview,void (__thiscall ?Overview@game@@QAAXXZ)(game* this),
0x51f310,?ProcessIconSelect@game@@QAAHH_N@Z,game_ProcessIconSelect,"int (__thiscall ?ProcessIconSelect@game@@QAAHH_N@Z)(game* this, int codeY, bool bRightMouse)",
0x51fee0,?OverviewSliderCallback@@YAXHPAVheroWindow@@@Z,OverviewSliderCallback,void (__fastcall ?OverviewSliderCallback@@YAXHPAVheroWindow@@@Z)(int arg),
0x51ff00,??0TOverviewWindow@@QAA@XZ,TOverviewWindow_ctor,TOverviewWindow* (__thiscall ??0TOverviewWindow@@QAA@XZ)(TOverviewWindow* this),
0x521220,sub_521220,,"void* (__thiscall sub_521220)(void* Memory, int8)",
0x521250,sub_521250,,void (__thiscall sub_521250)(int this),
0x5212f0,sub_5212F0,,"int (__thiscall sub_5212F0)(void* this, int)",
0x521e20,?WindowHandler@TOverviewWindow@@UAAHAAUmessage@@@Z,TOverviewWindow_WindowHandler,"int (__thiscall ?WindowHandler@TOverviewWindow@@UAAHAAUmessage@@@Z)(void* this, message* msg)",
0x522930,sub_522930,,,
0x522a90,sub_522A90,,,
0x522af0,sub_522AF0,,,
0x522b20,sub_522B20,,,
0x522b40,??0TPalette16@@QAA@XZ,TPalette16_ctor,TPalette16* (__thiscall ??0TPalette16@@QAA@XZ)(TPalette16* this),0x122650
0x522b60,sub_522B60,,"TPalette16* (__thiscall sub_522B60)(TPalette16* Memory, int8)",
0x522b90,??0TPalette16@@QAA@PBG@Z,TPalette16_ctor,"TPalette16* (__thiscall ??0TPalette16@@QAA@PBG@Z)(TPalette16* this, ushort* data)",0x1226a0
0x522bc0,??0TPalette16@@QAA@ABVTPalette24@@HHHHHH@Z,TPalette16_ctor,"TPalette16* (__thiscall ??0TPalette16@@QAA@ABVTPalette24@@HHHHHH@Z)(TPalette16* this, TPalette24* p24, int rbits, int rshift, int gbits, int gshift, int bbits, int bshift)",0x1226d0
0x522c60,??0TPalette16@@QAA@PBDABVTPalette24@@HHHHHH@Z,TPalette16_ctor,"TPalette16* (__thiscall ??0TPalette16@@QAA@PBDABVTPalette24@@HHHHHH@Z)(TPalette16* this, int8* name, TPalette24* p24, int rbits, int rshift, int gbits, int gshift, int bbits, int bshift)",0x122770
0x522d00,??0TPalette16@@QAA@ABVTPalette24@@@Z,TPalette16_ctor,"TPalette16* (__thiscall ??0TPalette16@@QAA@ABVTPalette24@@@Z)(TPalette16* this, TPalette24* p24)",0x122810
0x522dd0,??0TPalette16@@QAA@ABV0@@Z,TPalette16_ctor,"TPalette16* (__thiscall ??0TPalette16@@QAA@ABV0@@Z)(TPalette16* this, TPalette16* copy)",0x1228e0
0x522e00,??4TPalette16@@QAAAAV0@ABV0@@Z,op_4TPalette16,"TPalette16* (__thiscall ??4TPalette16@@QAAAAV0@ABV0@@Z)(TPalette16* this, TPalette16* other)",0x122910
0x522e30,??1TPalette16@@UAA@XZ,TPalette16_dtor,void (__thiscall ??1TPalette16@@UAA@XZ)(TPalette16* this),0x122940
0x522e40,?Cycle@TPalette16@@QAAXHHH@Z,TPalette16_Cycle,"void (__thiscall ?Cycle@TPalette16@@QAAXHHH@Z)(TPalette16* this, int begin, int end, int step)",0x122950
0x522f00,?AdjustSaturation@TPalette16@@QAAXM@Z,TPalette16_AdjustSaturation,"void (__thiscall ?AdjustSaturation@TPalette16@@QAAXM@Z)(TPalette16* this, float amount)",0x122a10
0x523030,sub_523030,,,
0x523040,?AdjustHSV@TPalette16@@QAAXMMMM@Z,TPalette16_AdjustHSV,"void (__thiscall ?AdjustHSV@TPalette16@@QAAXMMMM@Z)(TPalette16* this, float hue, float hue_adjust, float saturation_adjust, float value_adjust)",0x122b50
0x523240,?Gray@TPalette16@@QAAXXZ,TPalette16_Gray,void (__thiscall ?Gray@TPalette16@@QAAXXZ)(TPalette16* this),0x122d50
0x523320,??0TPalette24@@QAA@XZ,TPalette24_ctor,TPalette24* (__thiscall ??0TPalette24@@QAA@XZ)(TPalette24* this),0x122e30
0x523340,??_GTPalette24@@UAAPAXI@Z,op_GTPalette24,"TPalette24* (__thiscall ??_GTPalette24@@UAAPAXI@Z)(TPalette24* Memory, int8)",
0x523370,??0TPalette24@@QAA@PBE@Z,TPalette24_ctor,"void (__thiscall ??0TPalette24@@QAA@PBE@Z)(TPalette24* this, uchar* data)",0x122e80
0x5233a0,??0TPalette24@@QAA@PBUTRGBA@@@Z,TPalette24_ctor,"void (__thiscall ??0TPalette24@@QAA@PBUTRGBA@@@Z)(TPalette24* this, TRGBA* rgba)",0x122eb0
0x5233f0,??0TPalette24@@QAA@ABV0@@Z,TPalette24_ctor,"TPalette24* (__thiscall ??0TPalette24@@QAA@ABV0@@Z)(TPalette24* this, TPalette24* other)",0x122f00
0x523420,??4TPalette24@@QAAAAV0@ABV0@@Z,op_4TPalette24,"TPalette24* (__thiscall ??4TPalette24@@QAAAAV0@ABV0@@Z)(TPalette24* this, TPalette24* p24)",0x122f30
0x523450,??1TPalette24@@UAA@XZ,TPalette24_dtor,void (__thiscall ??1TPalette24@@UAA@XZ)(TPalette24* this),0x122f60
0x523460,sub_523460,,,
0x523470,?AdjustHSV@TPalette24@@QAAXMMMM@Z,TPalette24_AdjustHSV,"void (__thiscall ?AdjustHSV@TPalette24@@QAAXMMMM@Z)(TPalette24* this, float hue, float hue_adjust, float saturation_adjust, float value_adjust)",0x122f80
0x523680,RGBToHSV,,"void (__fastcall RGBToHSV)(unsigned int r, unsigned int g, unsigned int b, float* h, float* s, float* v)",0x123190
0x5237e0,HSVToRGB,,"void (__fastcall HSVToRGB)(float h, float s, float v, uint* r, uint* g, uint* b)",0x1232f0
0x523ad0,sub_523AD0,,,
0x523af0,sub_523AF0,,,
0x523b50,sub_523B50,,,
0x523bb0,sub_523BB0,,,
0x523c20,sub_523C20,,,
0x523c80,sub_523C80,,,
0x523ce0,sub_523CE0,,,
0x523d40,sub_523D40,,,
0x523da0,sub_523DA0,,,
0x523e00,sub_523E00,,,
0x523e60,sub_523E60,,,
0x523ec0,?FindPath@army@@QAAHHH_N0@Z,army_FindPath,"bool (__thiscall ?FindPath@army@@QAAHHH_N0@Z)(army* this, int fpTargetCellIndex, int maxMoves, bool bMoveUnlimited, bool bLiteralTarget)",0x1239d0
0x523f60,?ValidPath@army@@QAA_NH_N@Z,army_ValidPath,"bool (__thiscall ?ValidPath@army@@QAA_NH_N@Z)(army* this, int destIndex, bool bLiteralTest)",0x123a70
0x524010,?GetAttackMask@army@@QBAIHHH@Z,army_GetAttackMask,"uint (__thiscall ?GetAttackMask@army@@QBAIHHH@Z)(army* this, int currIndex, int criteria, int iLiteralTargetIndex)",0x123b20
0x5240a0,?ValidAttack@army@@QBAHHHHHPAH@Z,army_ValidAttack,"int (__thiscall ?ValidAttack@army@@QBAHHHHHPAH@Z)(army* this, int currIndex, int direction, int criteria, int iLiteralIndex, int* testCellIndex)",0x123bb0
0x524280,?GetAdjacentCellIndex@army@@QBAHHH@Z,army_GetAdjacentCellIndex,"int (__thiscall ?GetAdjacentCellIndex@army@@QBAHHH@Z)(army* this, unsigned int currIndex, int direction)",0x123d90
0x5242e0,?get_adjacent_hex@army@@QBAJJJ@Z,army_get_adjacent_hex,"int (__thiscall ?get_adjacent_hex@army@@QBAJJJ@Z)(army* this, int hex, int direction)",0x123df0
0x524370,?GetAdjacentCellIndexNoArmy@@YAHHH@Z,GetAdjacentCellIndexNoArmy,,
0x5243b0,?OppositeDirection@@YAHH@Z,OppositeDirection,int (__fastcall ?OppositeDirection@@YAHH@Z)(int direction),
0x5243d0,sub_5243D0,,,
0x5243f0,sub_5243F0,,,
0x524450,sub_524450,,,
0x5244b0,sub_5244B0,,,
0x524520,sub_524520,,,
0x524580,sub_524580,,,
0x5245e0,sub_5245E0,,,
0x524640,sub_524640,,,
0x5246a0,sub_5246A0,,,
0x524700,sub_524700,,,
0x524760,sub_524760,,,
0x5247c0,?CheckDoMain@@YAXHH@Z,CheckDoMain,"void (__fastcall ?CheckDoMain@@YAXHH@Z)(int bForceMouseCheck, int bMouseOnly)",
0x524850,?AI_enter_garrison@@YAXPAVhero@@PAVgarrison@@@Z,AI_enter_garrison,,
0x5248d0,?AI_visit_black_market@@YAXPAVhero@@PAUTBlackMarket@@@Z,AI_visit_black_market,"void (__fastcall ?AI_visit_black_market@@YAXPAVhero@@PAUTBlackMarket@@@Z)(hero* current_hero, TBlackMarket* black_market)",
0x5248e0,buy_artifacts,,"void (__fastcall buy_artifacts)(hero* current_hero, TArtifact* artifact_list, int market_count)",
0x524a30,get_artifact_purchase_price,,"int (__fastcall get_artifact_purchase_price)(TArtifact artifact, int market_count, EGameResource* best_resource)",0x124550
0x524b10,SoD_get_seer_skill_value,,"int (__thiscall SoD_get_seer_skill_value)(hero* this, TSecondarySkill first, int)",
0x524b70,get_skill_value,,"int (__fastcall get_skill_value)(hero* our_hero, TSecondarySkill first, bool complex_choice)",
0x525200,get_school_value,,"int (__fastcall get_school_value)(hero* new_hero, TSecondarySkill skill)",
0x5252b0,wants_skill,,"bool (__fastcall wants_skill)(hero* our_hero, TSecondarySkill first, bool complex_choice)",
0x5253b0,?AI_visit_university@@YAXPAVhero@@PAVNewmapCell@@@Z,AI_visit_university,,
0x5254a0,?AI_visit_war_factory@@YAXPAVhero@@@Z,AI_visit_war_factory,void (__fastcall ?AI_visit_war_factory@@YAXPAVhero@@@Z)(hero* current_hero),
0x525600,value_of_war_factory,,"int (__fastcall value_of_war_factory)(hero* current_hero, TArtifact engine, int move_cost)",
0x5256e0,?consider_garrisoning@@YAXPAVhero@@PAVtown@@@Z,consider_garrisoning,,
0x5258b0,?AI_enter_town@@YAXPAVhero@@PAVtown@@@Z,AI_enter_town,"void (__fastcall ?AI_enter_town@@YAXPAVhero@@PAVtown@@@Z)(hero* current_hero, town* current_town)",
0x525ec0,buy_artifact_merchants,,"void (__fastcall buy_artifact_merchants)(hero* curr_hero, town* curr_town)",
0x5260d0,value_of_university,,"int (__fastcall value_of_university)(hero* current_hero, NewmapCell* cell, int8 a3)",
0x526180,buy_siege_engine,,"void (__fastcall buy_siege_engine)(hero* current_hero, town* current_town, type_building_id building, TArtifact engine)",
0x5262a0,?AI_friendly_hero_meeting@@YAXPAVhero@@0@Z,AI_friendly_hero_meeting,,
0x526360,?DoAI@philAI@@QAAXH@Z,philAI_DoAI,"void (__thiscall ?DoAI@philAI@@QAAXH@Z)(philAI* this, int whichPlayer)",
0x5266d0,MoveHero,,"void (__fastcall MoveHero)(hero* current_hero, int* danger_zones, bool is_last_hero, uchar* explore_mode)",
0x526c90,move_hero,,"void (__fastcall move_hero)(hero* current_hero, bool is_last_hero, bool* explore_mode)",
0x526f70,sub_526F70,,,
0x527150,?AI_resource_cost@@YAHPBVplayerData@@QBH@Z,AI_resource_cost,,0x126c70
0x5271a0,?AI_resource_cost@@YAHJQBH@Z,AI_resource_cost,"int (__fastcall ?AI_resource_cost@@YAHJQBH@Z)(int player_id, int* resources)",0x126cc0
0x527200,trade_resources,,"void (__fastcall trade_resources)(int player, int* cost, int number)",
0x527220,??0type_spellvalue@@QAA@PBVhero@@@Z,type_spellvalue_ctor,"type_spellvalue* (__thiscall ??0type_spellvalue@@QAA@PBVhero@@@Z)(type_spellvalue* this, hero* new_hero)",0x126d40
0x5275c0,?get_damage_spell_value@type_spellvalue@@IBAJW4SpellID@@W4TSkillMastery@@JJ@Z,type_spellvalue_get_damage_spell_value,"int (__thiscall ?get_damage_spell_value@type_spellvalue@@IBAJW4SpellID@@W4TSkillMastery@@JJ@Z)(type_spellvalue* this, SpellID spell, TSkillMastery mastery, int times_castable, int combat_value)",0x1270e0
0x5276a0,?get_mass_damage_spell_value@type_spellvalue@@IBAJW4SpellID@@W4TSkillMastery@@J@Z,type_spellvalue_get_mass_damage_spell_value,"int (__thiscall ?get_mass_damage_spell_value@type_spellvalue@@IBAJW4SpellID@@W4TSkillMastery@@J@Z)(type_spellvalue* this, SpellID spell, TSkillMastery mastery, int times_castable)",0x1271c0
0x527770,?get_enchantment_value@type_spellvalue@@IBAJW4SpellID@@W4TSkillMastery@@J@Z,type_spellvalue_get_enchantment_value,"int (__thiscall ?get_enchantment_value@type_spellvalue@@IBAJW4SpellID@@W4TSkillMastery@@J@Z)(type_spellvalue* this, SpellID spell, TSkillMastery mastery, int times_castable)",0x127290
0x5278b0,?get_raw_spell_value@type_spellvalue@@QBAJW4SpellID@@@Z,type_spellvalue_get_raw_spell_value,"int (__thiscall ?get_raw_spell_value@type_spellvalue@@QBAJW4SpellID@@@Z)(type_spellvalue* this, SpellID spell)",0x1273d0
0x527a90,?get_best_spell_value@type_spellvalue@@QBAJJ@Z,type_spellvalue_get_best_spell_value,"int (__thiscall ?get_best_spell_value@type_spellvalue@@QBAJJ@Z)(type_spellvalue* this, int bits)",0x1275b0
0x527b20,?AI_get_spell_value@@YAJPBVhero@@W4SpellID@@@Z,AI_get_spell_value,"int (__fastcall ?AI_get_spell_value@@YAJPBVhero@@W4SpellID@@@Z)(hero* our_hero, SpellID spell)",0x127640
0x527bf0,?value_of_experience@@YAMPBVhero@@ABVarmyGroup@@@Z,value_of_experience,"float (__fastcall ?value_of_experience@@YAMPBVhero@@ABVarmyGroup@@@Z)(hero* current_hero, armyGroup* current_army)",
0x527c40,?AI_set_hero_bonuses@@YAXPAVhero@@@Z,AI_set_hero_bonuses,void (__thiscall ?AI_set_hero_bonuses@@YAXPAVhero@@@Z)(hero* our_hero),
0x527e40,?GetTurnAIVars@philAI@@QAAXH@Z,philAI_GetTurnAIVars,"void (__thiscall ?GetTurnAIVars@philAI@@QAAXH@Z)(philAI* this, int whichPlayer)",
0x527f80,ValueOfSpell,,"int (__thiscall ValueOfSpell)(hero* current_hero, SpellID spell)",0x127aa0
0x527fe0,?AI_PurchaseCreatures@@YAXPAVhero@@PAVgenerator@@@Z,AI_PurchaseCreatures,"void (__fastcall ?AI_PurchaseCreatures@@YAXPAVhero@@PAVgenerator@@@Z)(hero* current_hero, generator* current_generator)",
0x528090,?AI_visit_hill_fort@@YAXPAVhero@@@Z,AI_visit_hill_fort,void (__fastcall ?AI_visit_hill_fort@@YAXPAVhero@@@Z)(hero* Hero),
0x5281b0,?AI_ChooseMagicSkill@@YA?AW4TPrimarySkill@@PAVhero@@@Z,AI_ChooseMagicSkill,TPrimarySkill (__fastcall ?AI_ChooseMagicSkill@@YA?AW4TPrimarySkill@@PAVhero@@@Z)(hero* this),
0x5281d0,MoraleIncreaseValue,,"int (__thiscall MoraleIncreaseValue)(hero* this, int value)",
0x528260,LuckIncreaseValue,,"int (__thiscall LuckIncreaseValue)(hero* this, int value)",
0x5282f0,?AI_RecruitRefugees@@YAXPAVhero@@W4TCreatureType@@AAF@Z,AI_RecruitRefugees,"void (__fastcall ?AI_RecruitRefugees@@YAXPAVhero@@W4TCreatureType@@AAF@Z)(hero* current_hero, TCreatureType type, int16* number)",
0x5283a0,?AI_VisitSirens@@YAHPBVhero@@AAVarmyGroup@@@Z,AI_VisitSirens,"int (__fastcall ?AI_VisitSirens@@YAHPBVhero@@AAVarmyGroup@@@Z)(hero* current_hero, armyGroup* current_army)",
0x528440,?AI_bribe_monsters@@YA_NPBVhero@@PAVNewmapCell@@W4TCreatureType@@FJ@Z,AI_bribe_monsters,"bool (__fastcall ?AI_bribe_monsters@@YA_NPBVhero@@PAVNewmapCell@@W4TCreatureType@@FJ@Z)(hero* current_hero, NewmapCell* cell, TCreatureType type, int16 amount, int gold_cost)",
0x5284c0,?AI_choose_resource_or_experience@@YA_NPBVhero@@W4EGameResource@@HH@Z,AI_choose_resource_or_experience,"bool (__fastcall ?AI_choose_resource_or_experience@@YA_NPBVhero@@W4EGameResource@@HH@Z)(hero* current_hero, EGameResource resource, int amount, int experience)",
0x528520,?AI_value_of_event@@YAJPBVhero@@Utype_point@@AAJ@Z,AI_value_of_event,"int (__fastcall ?AI_value_of_event@@YAJPBVhero@@Utype_point@@AAJ@Z)(hero* current_hero, type_point point, int* move_cost)",
0x529b70,?PlayerKnowsCell@ExtraInfoUnion@@QBA_NF@Z,ExtraInfoUnion_PlayerKnowsCell,"bool (__thiscall ?PlayerKnowsCell@ExtraInfoUnion@@QBA_NF@Z)(ExtraInfoUnion* this, int16 player)",0x129690
0x529bb0,?OnSameTeam@game@@QBA_NHH@Z,game_OnSameTeam,"bool (__thiscall ?OnSameTeam@game@@QBA_NHH@Z)(game* this, int player1, int player2)",0x1296d0
0x529bf0,?UpgradedCreatureType@@YA?AW4TCreatureType@@W41@@Z,UpgradedCreatureType,"TCreatureType (__thiscall ?UpgradedCreatureType@@YA?AW4TCreatureType@@W41@@Z)(void* this, TCreatureType*)",0x129710
0x529c30,get_artifact_purchase_value,,"int (__fastcall get_artifact_purchase_value)(TArtifact artifact, int market_count, int* funds)",0x129750
0x529cb0,ValueOfWarFactory,,"int (__fastcall ValueOfWarFactory)(hero* current_hero, int move_cost)",
0x529cf0,NetValueOfArtifact,,"int (__fastcall NetValueOfArtifact)(hero* current_hero, int artifact_value, int gold_cost, int resource_cost, int resource_type)",
0x529d70,value_of_custom_item,,"int (__fastcall value_of_custom_item)(hero* current_hero, NewmapCell* cell, int item_value)",
0x529db0,value_of_learning,,"int (__fastcall value_of_learning)(hero* this, SpellID)",
0x529e00,value_of_bank,,,
0x529f10,ValueOfGenerator,,"int (__fastcall ValueOfGenerator)(hero* current_hero, int x, int y, int z, NewmapCell* cell, int move_cost)",
0x52a190,value_of_enemy_town,,"int (__fastcall value_of_enemy_town)(hero*, town*, int16, NewmapCell* cell)",
0x52a470,ValueOfMagicSchool,,"int (__fastcall ValueOfMagicSchool)(hero* this, void*)",
0x52a4f0,ValueOfMine,,,
0x52a620,value_of_monsters,,,
0x52a6c0,value_of_oasis,,,
0x52a790,value_of_obelisk,,,
0x52a860,ValueOfPowerSchool,,,
0x52a880,ValueOfPrison,,,
0x52a8f0,value_of_pyramid,,,
0x52a9f0,get_value_of_well,,,
0x52aad0,ValueOfRallyFlag,,,
0x52abe0,ValueOfRefugeeCamp,,,
0x52abf0,value_of_recruiting,,,
0x52aca0,ValueOfResource,,"int64 (__fastcall ValueOfResource)(hero* current_hero, NewmapCell* current_cell, int player)",
0x52ad50,ValueOfSeaChest,,int64 (__thiscall ValueOfSeaChest)(hero* this),
0x52ada0,ValueOfScroll,,,
0x52ae40,ValueOfSirens,,,
0x52afa0,ValueOfStables,,,
0x52b060,value_of_town,,"int (__fastcall value_of_town)(hero* current_hero, int x, int y, int z, int16 move_cost)",
0x52b570,value_of_reinforcing,,"int (__fastcall value_of_reinforcing)(hero* current_hero, town* current_town, int16 move_cost)",
0x52b6c0,sub_52B6C0,,"int (__fastcall sub_52B6C0)(hero* this, int8*)",
0x52b9c0,ValueOfTreasure,,int64 (__thiscall ValueOfTreasure)(hero* this),
0x52ba80,ValueOfTree,,"int (__fastcall ValueOfTree)(hero* this, void*)",
0x52bbf0,value_of_wagon,,,
0x52bc70,value_of_war_school,,"int (__fastcall value_of_war_school)(hero* this, void*)",
0x52bcf0,get_value_of_spring,,,
0x52bde0,value_of_witch_hut,,"int (__fastcall value_of_witch_hut)(hero* current_hero, NewmapCell* cell)",
0x52bea0,AI_examine_map,,,
0x52c0b0,?AI_choose_secondary_skill@@YA?AW4TSecondarySkill@@PBVhero@@W41@1_N@Z,AI_choose_secondary_skill,"TSecondarySkill (__fastcall ?AI_choose_secondary_skill@@YA?AW4TSecondarySkill@@PBVhero@@W41@1_N@Z)(hero* our_hero, TSecondarySkill first, TSecondarySkill second, bool complex_choice)",0x12bbd0
0x52c140,?AI_join_decision@@YAXPAVhero@@W4TCreatureType@@F@Z,AI_join_decision,"void (__fastcall ?AI_join_decision@@YAXPAVhero@@W4TCreatureType@@F@Z)(hero* current_hero, TCreatureType creature, int16 amount)",
0x52c1f0,?AI_value_of_event@@YAJPBVhero@@Utype_point@@@Z,AI_value_of_event,"int (__thiscall ?AI_value_of_event@@YAJPBVhero@@Utype_point@@@Z)(hero* this, type_point)",
0x52c210,sub_52C210,,,
0x52c230,sub_52C230,,"int (__thiscall sub_52C230)(void* this, int, int, int, int)",
0x52c280,sub_52C280,,,
0x52c2b0,sub_52C2B0,,,
0x52c2d0,sub_52C2D0,,,
0x52c2f0,sub_52C2F0,,,
0x52c350,sub_52C350,,,
0x52c3b0,sub_52C3B0,,,
0x52c420,sub_52C420,,,
0x52c480,sub_52C480,,,
0x52c4e0,sub_52C4E0,,,
0x52c540,sub_52C540,,,
0x52c5a0,sub_52C5A0,,,
0x52c600,sub_52C600,,,
0x52c660,sub_52C660,,,
0x52c6c0,??0TPuzzleWindow@@QAA@H@Z,TPuzzleWindow_ctor,"TPuzzleWindow* (__thiscall ??0TPuzzleWindow@@QAA@H@Z)(TPuzzleWindow* this, int Memory)",
0x52ca50,??_GTPuzzleWindow@@UAAPAXI@Z,op_GTPuzzleWindow,"CAdvPopup* (__thiscall ??_GTPuzzleWindow@@UAAPAXI@Z)(CAdvPopup* Memory, int8)",
0x52ca80,??1TPuzzleWindow@@UAA@XZ,TPuzzleWindow_dtor,void (__thiscall ??1TPuzzleWindow@@UAA@XZ)(CAdvPopup* this),
0x52cb20,?WindowHandler@TPuzzleWindow@@UAAHAAUmessage@@@Z,TPuzzleWindow_WindowHandler,"int (__fastcall ?WindowHandler@TPuzzleWindow@@UAAHAAUmessage@@@Z)(CAdvPopup* this, message*, void*)",
0x52cba0,?UpdatePuzzle@TPuzzleWindow@@QAAHH@Z,TPuzzleWindow_UpdatePuzzle,"int (__fastcall ?UpdatePuzzle@TPuzzleWindow@@QAAHH@Z)(TPuzzleWindow* this, int, int)",
0x52cc50,??0type_AI_puzzle_tile@@QAA@PAVNewmapCell@@Utype_point@@@Z,type_AI_puzzle_tile_ctor,"type_AI_puzzle_tile* (__thiscall ??0type_AI_puzzle_tile@@QAA@PAVNewmapCell@@Utype_point@@@Z)(type_AI_puzzle_tile* this, NewmapCell*, type_point)",
0x52cd90,?mark_puzzle@Bitmap816@@QAAXPA_NJJ@Z,Bitmap816_mark_puzzle,"void (__thiscall ?mark_puzzle@Bitmap816@@QAAXPA_NJJ@Z)(Bitmap816* this, int visible, int destX, int destY)",
0x52ce90,?AI_attempt_puzzle_guess@@YA?AUtype_point@@J@Z,AI_attempt_puzzle_guess,"type_point* (__fastcall ?AI_attempt_puzzle_guess@@YA?AUtype_point@@J@Z)(type_point* return_udt, int player)",
0x52d3f0,match_puzzle,,"int (__fastcall match_puzzle)(type_point* return_udt, int player, type_AI_puzzle_tile* puzzle_map)",
0x52d9b0,sub_52D9B0,,,
0x52d9d0,sub_52D9D0,,,
0x52da30,sub_52DA30,,,
0x52da90,sub_52DA90,,,
0x52db00,sub_52DB00,,,
0x52db60,sub_52DB60,,,
0x52dbc0,sub_52DBC0,,,
0x52dc20,sub_52DC20,,,
0x52dc80,sub_52DC80,,,
0x52dce0,sub_52DCE0,,,
0x52dd40,sub_52DD40,,,
0x52dda0,??0TQuestLogWindow@@QAA@XZ,TQuestLogWindow_ctor,TQuestLogWindow* (__thiscall ??0TQuestLogWindow@@QAA@XZ)(TQuestLogWindow* this),
0x52e650,QuestSliderCallback,,int (__thiscall QuestSliderCallback)(TSeerHut* pos),
0x52e690,??_GTQuestLogWindow@@UAAPAXI@Z,op_GTQuestLogWindow,"TQuestLogWindow* (__thiscall ??_GTQuestLogWindow@@UAAPAXI@Z)(TQuestLogWindow* Memory, int8)",
0x52e6c0,??1TQuestLogWindow@@UAA@XZ,TQuestLogWindow_dtor,void (__thiscall ??1TQuestLogWindow@@UAA@XZ)(TQuestLogWindow* this),
0x52e750,?UpdateQuestLocators@TQuestLogWindow@@QAAXXZ,TQuestLogWindow_UpdateQuestLocators,void (__thiscall ?UpdateQuestLocators@TQuestLogWindow@@QAAXXZ)(TQuestLogWindow* this),
0x52e8f0,?WindowHandler@TQuestLogWindow@@UAAHAAUmessage@@@Z,TQuestLogWindow_WindowHandler,"int (__thiscall ?WindowHandler@TQuestLogWindow@@UAAHAAUmessage@@@Z)(TQuestLogWindow* this, message* msg)",
0x52e910,?DoQuestLog@@YAXH@Z,DoQuestLog,void (__fastcall ?DoQuestLog@@YAXH@Z)(int player),
0x52eb90,type_quest::get_text,,SeerHutText* (__thiscall type_quest::get_text)(type_quest* this),
0x52ebc0,sub_52EBC0,,,
0x52ebe0,sub_52EBE0,,,
0x52ec40,sub_52EC40,,,
0x52eca0,sub_52ECA0,,,
0x52ed10,sub_52ED10,,,
0x52ed70,sub_52ED70,,,
0x52edd0,sub_52EDD0,,,
0x52ee30,sub_52EE30,,,
0x52ee90,sub_52EE90,,,
0x52eef0,sub_52EEF0,,,
0x52ef50,sub_52EF50,,,
0x52efb0,??0TQuickHeroWindow@@QAA@PAVhero@@W4TViewLevel@0@@Z,TQuickHeroWindow_ctor,"TQuickHeroWindow* (__thiscall ??0TQuickHeroWindow@@QAA@PAVhero@@W4TViewLevel@0@@Z)(TQuickHeroWindow* this, hero*, int)",
0x52f880,??_GTQuickHeroWindow@@UAAPAXI@Z,op_GTQuickHeroWindow,"heroWindow* (__thiscall ??_GTQuickHeroWindow@@UAAPAXI@Z)(heroWindow* Memory, int8)",
0x52f8b0,??1TQuickHeroWindow@@UAA@XZ,TQuickHeroWindow_dtor,void (__thiscall ??1TQuickHeroWindow@@UAA@XZ)(heroWindow* this),
0x52f920,sub_52F920,,"void (__thiscall sub_52F920)(std::ios_base* this, int, int8)",
0x52f970,sub_52F970,,,
0x52f9d0,sub_52F9D0,,,
0x52fa30,sub_52FA30,,,
0x52fa90,sub_52FA90,,,
0x52fb00,sub_52FB00,,,
0x52fb60,sub_52FB60,,,
0x52fbc0,sub_52FBC0,,,
0x52fc20,sub_52FC20,,,
0x52fc80,sub_52FC80,,,
0x52fce0,sub_52FCE0,,,
0x52fd40,sub_52FD40,,,
0x52fda0,??0TQuickCreatureWindow@@QAA@W4TViewLevel@0@W4TCreatureType@@HW4TDisposition@0@H@Z,TQuickCreatureWindow_ctor,"TDialogBox* (__thiscall ??0TQuickCreatureWindow@@QAA@W4TViewLevel@0@W4TCreatureType@@HW4TDisposition@0@H@Z)(TDialogBox* this, void*, unsigned int, int, int, int)",
0x5301d0,??_GTQuickCreatureWindow@@UAAPAXI@Z,op_GTQuickCreatureWindow,"TDialogBox* (__thiscall ??_GTQuickCreatureWindow@@UAAPAXI@Z)(TDialogBox* Memory, int8)",
0x530200,sub_530200,,void (__thiscall sub_530200)(TDialogBox* this),
0x530210,sub_530210,,,
0x530230,sub_530230,,,
0x530290,sub_530290,,,
0x5302f0,sub_5302F0,,,
0x530360,sub_530360,,,
0x5303c0,sub_5303C0,,,
0x530420,sub_530420,,,
0x530480,sub_530480,,,
0x5304e0,sub_5304E0,,,
0x530540,sub_530540,,,
0x5305a0,sub_5305A0,,,
0x530600,??0TQuickTownWindow@@QAA@PBVtown@@W4TViewLevel@0@@Z,TQuickTownWindow_ctor,"heroWindow* (__thiscall ??0TQuickTownWindow@@QAA@PBVtown@@W4TViewLevel@0@@Z)(heroWindow* this, town* thisTown, TQuickTownWindow::TViewLevel view_level)",
0x530c80,??_GTQuickTownWindow@@UAAPAXI@Z,op_GTQuickTownWindow,"heroWindow* (__thiscall ??_GTQuickTownWindow@@UAAPAXI@Z)(heroWindow* Memory, int8)",
0x530cb0,??0TQuickTownWindow@@QAA@PBVgarrison@@W4TViewLevel@0@@Z,TQuickTownWindow_ctor,"TQuickTownWindow* (__thiscall ??0TQuickTownWindow@@QAA@PBVgarrison@@W4TViewLevel@0@@Z)(TQuickTownWindow* this, garrison*, armyGroup*)",
0x530e00,??1TQuickTownWindow@@UAA@XZ,TQuickTownWindow_dtor,void (__thiscall ??1TQuickTownWindow@@UAA@XZ)(heroWindow* this),
0x530e70,?initialize_army_display@TQuickTownWindow@@QAAXABVarmyGroup@@W4TViewLevel@1@@Z,TQuickTownWindow_initialize_army_display,"int (__fastcall ?initialize_army_display@TQuickTownWindow@@QAAXABVarmyGroup@@W4TViewLevel@1@@Z)(TQuickTownWindow* this, armyGroup*, armyGroup* textWidgetId, int)",
0x531180,?center@TQuickTownWindow@@QAAXJJ@Z,TQuickTownWindow_center,"int (__thiscall ?center@TQuickTownWindow@@QAAXJJ@Z)(void* this, int new_x, int new_y)",
0x531210,sub_531210,,,
0x531270,sub_531270,,,
0x5312f0,sub_5312F0,,"void* (__thiscall sub_5312F0)(void* this, int)",
0x531310,sub_531310,,"void* (__thiscall sub_531310)(void* Memory, int8)",
0x531340,type_progress_bar::destructor,,void (__thiscall type_progress_bar::destructor)(type_progress_bar* this),
0x531350,setter_00531350,,"int (__thiscall setter_00531350)(void* this, int)",
0x531360,sub_531360,,void (__thiscall sub_531360)(void* this),
0x5313b0,sub_5313B0,,void (__thiscall sub_5313B0)(void** this),
0x5313e0,sub_5313E0,,int (__thiscall sub_5313E0)(void* this),
0x531450,sub_531450,,"void* (__thiscall sub_531450)(void* Memory, int8)",
0x531480,sub_531480,,"void* (__thiscall sub_531480)(void* this, void* Memory, int, int)",
0x531520,sub_531520,,"int8* (__thiscall sub_531520)(int8* this, int8)",
0x531580,sub_531580,,void (__thiscall sub_531580)(void* this),
0x531610,sub_531610,,int (__thiscall sub_531610)(void* this),
0x531640,sub_531640,,"bool (__thiscall sub_531640)(void* this, int, int, int, int, int8, int**, int8)",
0x5317e0,sub_5317E0,,int (__thiscall sub_5317E0)(void* this),
0x531930,sub_531930,,"void (__thiscall sub_531930)(void* this, int, int arg4, int, int argC)",
0x531d80,sub_531D80,,"int8 (__thiscall sub_531D80)(void* this, int*, int, int, int, int, int8)",
0x531fa0,sub_531FA0,,"int (__thiscall sub_531FA0)(void* this, int, int, int)",
0x5320a0,sub_5320A0,,"int (__thiscall sub_5320A0)(void* this, int, int, int)",
0x5321c0,sub_5321C0,,"bool (__thiscall sub_5321C0)(void* this, int*, int, int, int, int**)",
0x532370,sub_532370,,"int (__thiscall sub_532370)(void* this, int object, int x, int y, int z)",
0x532660,sub_532660,,"int (__thiscall sub_532660)(void* this, void*, int)",
0x5326d0,sub_5326D0,,"int (__thiscall sub_5326D0)(void* this, void*, unsigned int8)",
0x532710,sub_532710,,"void* (__thiscall sub_532710)(void* this, void*)",
0x532730,sub_532730,,"int* (__thiscall sub_532730)(void* this, int*, void*)",
0x532790,sub_532790,,"int (__thiscall sub_532790)(void* this, void*)",
0x5327c0,sub_5327C0,,"int (__thiscall sub_5327C0)(void* this, void*)",
0x5327f0,sub_5327F0,,"void* (__thiscall sub_5327F0)(void* Memory, int8)",
0x532820,sub_532820,,void (__thiscall sub_532820)(void* this),
0x532830,sub_532830,,"int (__thiscall sub_532830)(void* this, void*, int)",
0x5328a0,sub_5328A0,,"int (__thiscall sub_5328A0)(void* this, void*, int8)",
0x5328e0,sub_5328E0,,"int* (__thiscall sub_5328E0)(void* this, int*, void*)",
0x532950,sub_532950,,"int (__thiscall sub_532950)(void* this, void*)",
0x532980,sub_532980,,"int (__thiscall sub_532980)(void* this, void*)",
0x5329b0,sub_5329B0,,"void* (__thiscall sub_5329B0)(void* Memory, int8)",
0x5329e0,sub_5329E0,,void (__thiscall sub_5329E0)(void* this),
0x5329f0,sub_5329F0,,"int* (__thiscall sub_5329F0)(void* this, int*, int*)",
0x532c00,sub_532C00,,"int (__thiscall sub_532C00)(void* this, void*, int)",
0x532c60,sub_532C60,,"void* (__thiscall sub_532C60)(void** this, void*)",
0x532c90,sub_532C90,,"int* (__thiscall sub_532C90)(void* this, int*, void*)",
0x532d00,sub_532D00,,"int (__thiscall sub_532D00)(void* this, void*)",
0x532d30,sub_532D30,,"int (__thiscall sub_532D30)(void* this, void*)",
0x532d60,sub_532D60,,"int (__thiscall sub_532D60)(void* this, int*)",
0x532e70,sub_532E70,,int (__thiscall sub_532E70)(int this),
0x532eb0,sub_532EB0,,"int8* (__thiscall sub_532EB0)(int8* this, int)",
0x532f80,sub_532F80,,int (__thiscall sub_532F80)(int* this),
0x533020,sub_533020,,void (__thiscall sub_533020)(int this),
0x5330a0,sub_5330A0,,"bool (__thiscall sub_5330A0)(void* this, void*)",
0x533150,sub_533150,,int (__thiscall sub_533150)(int8** this),
0x533310,sub_533310,,int8 (__thiscall sub_533310)(void* this),
0x5334b0,sub_5334B0,,void (__thiscall sub_5334B0)(int this),
0x533570,sub_533570,,"int (__thiscall sub_533570)(void* this, int)",
0x5335b0,sub_5335B0,,"void* (__thiscall sub_5335B0)(void* this, int)",
0x5335f0,sub_5335F0,,"void* (__thiscall sub_5335F0)(void* Memory, int8)",
0x533620,sub_533620,,int8 (__thiscall sub_533620)(void* this),
0x533640,mov_al_1_function,,int8 (__thiscall mov_al_1_function)(void* this),
0x533650,sub_533650,,"int (__thiscall sub_533650)(int this, int*, int)",
0x5336d0,sub_5336D0,,"void* (__thiscall sub_5336D0)(void* Memory, int8)",
0x533700,sub_533700,,"int (__thiscall sub_533700)(int this, int*, int)",
0x533800,sub_533800,,"int (__thiscall sub_533800)(int this, void*, int)",
0x533970,sub_533970,,"int (__thiscall sub_533970)(int this, int*, int)",
0x533a10,sub_533A10,,"int (__thiscall sub_533A10)(int this, int*, int)",
0x533aa0,sub_533AA0,,"int (__thiscall sub_533AA0)(int this, int*, int)",
0x533b60,sub_533B60,,"void** (__thiscall sub_533B60)(void** Memory, int8)",
0x533b90,sub_533B90,,int (__thiscall sub_533B90)(void** this),
0x533bd0,sub_533BD0,,"int (__thiscall sub_533BD0)(int this, void*, int)",
0x533db0,sub_533DB0,,int8 (__thiscall sub_533DB0)(int this),
0x533e90,sub_533E90,,"void* (__thiscall sub_533E90)(void* Memory, int8)",
0x533ec0,sub_533EC0,,int (__thiscall sub_533EC0)(void* this),
0x533f20,sub_533F20,,int8 (__thiscall sub_533F20)(int* this),
0x533f60,sub_533F60,,"int (__thiscall sub_533F60)(int this, int, int)",
0x534140,sub_534140,,int (__thiscall sub_534140)(void* this),
0x534150,sub_534150,,"int (__thiscall sub_534150)(int this, int*, int)",
0x534340,sub_534340,,"int (__thiscall sub_534340)(int this, int*, int)",
0x534410,sub_534410,,"int (__thiscall sub_534410)(int this, int*, int)",
0x5344c0,sub_5344C0,,"int (__thiscall sub_5344C0)(int this, int*, int)",
0x534590,sub_534590,,void (__thiscall sub_534590)(void* this),
0x5345a0,sub_5345A0,,"int (__thiscall sub_5345A0)(int this, int, int)",
0x534640,sub_534640,,"RMGObjectGenerator* (__thiscall sub_534640)(RMGObjectGenerator* this, int, int, int, int)",
0x534670,sub_534670,,,
0x534680,sub_534680,,"int (__thiscall sub_534680)(void* this, int, int)",
0x534690,sub_534690,,,
0x5346e0,sub_5346E0,,,
0x534740,sub_534740,,"RMGGeneratePandoraMonster* (__thiscall sub_534740)(RMGGeneratePandoraMonster* this, int)",
0x534800,sub_534800,,"int (__thiscall sub_534800)(void* this, int, int)",
0x534870,sub_534870,,"void* (__thiscall sub_534870)(void* this, int, int, int)",
0x534900,sub_534900,,"void* (__thiscall sub_534900)(void* this, int, int, int)",
0x534980,sub_534980,,"void* (__thiscall sub_534980)(void* this, int, int, int)",
0x534a10,sub_534A10,,"void* (__thiscall sub_534A10)(void* this, int, int, int)",
0x534c80,sub_534C80,,,
0x534ce0,sub_534CE0,,"int (__thiscall sub_534CE0)(void* this, int, int)",
0x534d60,sub_534D60,,,
0x534dc0,sub_534DC0,,"void* (__thiscall sub_534DC0)(void* this, int, void*, int)",
0x534e60,sub_534E60,,,
0x534ec0,sub_534EC0,,"void* (__thiscall sub_534EC0)(void* this, int, int)",
0x534ef0,sub_534EF0,,,
0x534f50,sub_534F50,,void* (__thiscall sub_534F50)(void* this),
0x534f80,sub_534F80,,,
0x534fe0,sub_534FE0,,"int (__thiscall sub_534FE0)(void* this, int, int)",
0x535080,sub_535080,,"void* (__thiscall sub_535080)(void* this, int, int8*, int)",
0x535170,sub_535170,,"int (__thiscall sub_535170)(void* this, int, int)",
0x5351b0,sub_5351B0,,"void* (__thiscall sub_5351B0)(void* this, int, int8*, int)",
0x5352a0,sub_5352A0,,"void* (__thiscall sub_5352A0)(void* this, int, int8*, int)",
0x535390,sub_535390,,"void* (__thiscall sub_535390)(void* this, int, int)",
0x5353c0,??_Gtype_spell_scroll_def@@UAAPAXI@Z,op_Gtype_spell_scroll_def,"void* (__thiscall ??_Gtype_spell_scroll_def@@UAAPAXI@Z)(void* this, int, int, int)",
0x535490,sub_535490,,"int (__thiscall sub_535490)(void* this, int, int)",
0x5354c0,??_Gtype_ket_tent_def@@UAAPAXI@Z,op_Gtype_ket_tent_def,"void* (__thiscall ??_Gtype_ket_tent_def@@UAAPAXI@Z)(void* this, int, int, int)",
0x535530,sub_535530,,unsigned int* (__thiscall sub_535530)(int this),
0x535600,sub_535600,,"int8 (__thiscall sub_535600)(int this, int)",
0x535ab0,sub_535AB0,,"void* (__thiscall sub_535AB0)(void* this, int, int, int)",
0x535ad0,sub_535AD0,,"int8 (__thiscall sub_535AD0)(void* this, int*, int, int, int)",
0x535cd0,sub_535CD0,,,
0x535d30,sub_535D30,,,
0x535d90,sub_535D90,,,
0x535e00,sub_535E00,,,
0x535e60,sub_535E60,,"int8 (__thiscall sub_535E60)(void* this, int)",
0x5360a0,sub_5360A0,,,
0x536100,sub_536100,,,
0x536160,sub_536160,,,
0x5361c0,sub_5361C0,,,
0x536220,sub_536220,,,
0x536280,sub_536280,,,
0x5362e0,sub_5362E0,,int (__thiscall sub_5362E0)(void* this),
0x5363d0,sub_5363D0,,,
0x536560,sub_536560,,"RMG* (__thiscall sub_536560)(RMG* this, void* Memory, int, int, void*, int, int)",
0x536660,sub_536660,,"int8* (__thiscall sub_536660)(int8* Memory, int8)",
0x536690,sub_536690,,,
0x5366a0,sub_5366A0,,"void* (__thiscall sub_5366A0)(void* Memory, int8)",
0x5366d0,sub_5366D0,,void (__thiscall sub_5366D0)(void* this),
0x5366f0,sub_5366F0,,void (__thiscall sub_5366F0)(int this),
0x5368a0,sub_5368A0,,void (__thiscall sub_5368A0)(int8* this),
0x536a50,sub_536A50,,void (__thiscall sub_536A50)(int8* this),
0x537050,sub_537050,,void (__thiscall sub_537050)(int this),
0x537090,??_F?$vector@Utype_point@@V?$allocator@Utype_point@@@std@@@std@@QAAXXZ,Utype_point_op_F_vector,void (__thiscall ??_F?$vector@Utype_point@@V?$allocator@Utype_point@@@std@@@std@@QAAXXZ)(std::vector_type_point_* this),
0x5370b0,sub_5370B0,,"int (__thiscall sub_5370B0)(void* this, int*, int, int*, int)",
0x5376b0,sub_5376B0,,"int* (__thiscall sub_5376B0)(void* this, int, int, int, int*)",
0x537890,sub_537890,,"void (__thiscall sub_537890)(void* this, int, int arg4, int, int)",
0x537dd0,sub_537DD0,,"int (__thiscall sub_537DD0)(void* this, int, int, int)",
0x537e00,sub_537E00,,"void* (__thiscall sub_537E00)(void* Memory, int8)",
0x537e30,sub_537E30,,"void* (__thiscall sub_537E30)(void* Memory, int8)",
0x537e60,sub_537E60,,int (__thiscall sub_537E60)(void* this),
0x538000,type_random_map_generator::type_random_map_generator,,"int (__thiscall type_random_map_generator::type_random_map_generator)(int this, void* Memory, int, int, int, int, int, int, int, int, void*, int)",
0x5382b0,sub_5382B0,,"void* (__thiscall sub_5382B0)(void* Memory, int8)",
0x5382e0,sub_5382E0,,void (__thiscall sub_5382E0)(int this),
0x5384e0,sub_5384E0,,int (__thiscall sub_5384E0)(std::vector* this),
0x538970,sub_538970,,,
0x539000,sub_539000,,void* (__thiscall sub_539000)(int8* this),
0x53b250,sub_53B250,,"int8 (__thiscall sub_53B250)(void* this, int**)",
0x53b370,sub_53B370,,"int (__thiscall sub_53B370)(void* this, void*, int**, void*)",
0x53b6e0,sub_53B6E0,,"int (__thiscall sub_53B6E0)(void* this, int*, int*, int*, int*)",
0x53b7e0,sub_53B7E0,,"int (__thiscall sub_53B7E0)(std::vector* this, int*, int, int)",
0x53be60,sub_53BE60,,"void (__thiscall sub_53BE60)(int this, int, int)",
0x53c0a0,sub_53C0A0,,int (__thiscall sub_53C0A0)(void* this),
0x53c1a0,sub_53C1A0,,"int (__thiscall sub_53C1A0)(int this, int)",
0x53c4e0,sub_53C4E0,,"void (__thiscall sub_53C4E0)(void* this, int, int, int, int, unsigned int8, int, int)",
0x53c710,sub_53C710,,"int (__thiscall sub_53C710)(void* this, int, int, int, int, unsigned int8, int)",
0x53c880,sub_53C880,,"int8* (__thiscall sub_53C880)(void* this, int, int8)",
0x53cfb0,sub_53CFB0,,,
0x53d220,sub_53D220,,"void (__thiscall sub_53D220)(void* this, int, int, int, int, int, int, int)",
0x53d440,sub_53D440,,"void (__thiscall sub_53D440)(void* this, int**)",
0x53d5c0,sub_53D5C0,,"int (__thiscall sub_53D5C0)(void* this, int)",
0x53d6b0,sub_53D6B0,,"void (__thiscall sub_53D6B0)(void* this, int**)",
0x53d870,sub_53D870,,"void (__thiscall sub_53D870)(void* this, int, int)",
0x53ddd0,sub_53DDD0,,"void (__thiscall sub_53DDD0)(void* this, int)",
0x53dfc0,sub_53DFC0,,"int (__thiscall sub_53DFC0)(void* this, int, void*)",
0x53e540,sub_53E540,,"void (__thiscall sub_53E540)(void* this, int, int)",
0x53eb90,sub_53EB90,,int (__thiscall sub_53EB90)(void* this),
0x53eed0,sub_53EED0,,,
0x53f1f0,sub_53F1F0,,,
0x53f490,sub_53F490,,"void (__thiscall sub_53F490)(void* this, unsigned int* Memory, int)",
0x53f690,sub_53F690,,"void (__thiscall sub_53F690)(void* this, int, int arg4, int, int)",
0x53f960,sub_53F960,,"void (__thiscall sub_53F960)(void* this, int)",
0x53fd70,sub_53FD70,,,
0x5401a0,sub_5401A0,,void (__thiscall sub_5401A0)(void* this),
0x540790,sub_540790,,"void (__thiscall sub_540790)(void* this, int, int arg4, int, int* argC)",
0x540ac0,sub_540AC0,,int (__thiscall sub_540AC0)(void* this),
0x540dd0,sub_540DD0,,"unsigned int (__thiscall sub_540DD0)(int this, int, int, int, int8)",
0x541010,sub_541010,,"void* (__thiscall sub_541010)(int* this, int, void*)",
0x541250,sub_541250,,"int (__thiscall sub_541250)(int8* this, int, int, int, int, int**)",
0x5414b0,sub_5414B0,,"int (__thiscall sub_5414B0)(void* this, int, int, int, int8)",
0x541630,sub_541630,,"int8 (__thiscall sub_541630)(type_monster* this, int**, int**, int, int)",
0x541c70,sub_541C70,,"void (__thiscall sub_541C70)(void* this, int, int, int)",
0x541e00,sub_541E00,,,
0x541e50,sub_541E50,,"bool (__thiscall sub_541E50)(void* this, int, int, int)",
0x541fc0,sub_541FC0,,"int8 (__thiscall sub_541FC0)(int this, int, int)",
0x542570,sub_542570,,,
0x542e20,sub_542E20,,"int8 (__thiscall sub_542E20)(int8* this, int, int**)",
0x542ff0,sub_542FF0,,"bool (__thiscall sub_542FF0)(int8* this, int, int, int, int**)",
0x5431d0,sub_5431D0,,"int8 (__thiscall sub_5431D0)(std::vector* this, int, int** arg4, unsigned int)",
0x543730,sub_543730,,void (__thiscall sub_543730)(type_monster* this),
0x543ed0,sub_543ED0,,void (__thiscall sub_543ED0)(void* this),
0x544160,sub_544160,,"int* (__thiscall sub_544160)(void* this, int*, int, int, int, int, int)",
0x544310,sub_544310,,int (__thiscall sub_544310)(void* this),
0x544890,sub_544890,,"void (__thiscall sub_544890)(void* this, int, int, int, int, int)",
0x544b90,sub_544B90,,"int* (__thiscall sub_544B90)(void* this, int**)",
0x544e10,sub_544E10,,void (__thiscall sub_544E10)(type_monster* this),
0x544f40,sub_544F40,,"int8 (__thiscall sub_544F40)(int* this, void*)",
0x544fd0,sub_544FD0,,"int (__thiscall sub_544FD0)(int* this, void*)",
0x545280,sub_545280,,"int8 (__thiscall sub_545280)(int* this, int, int, int, int, int)",
0x545740,sub_545740,,"int8 (__thiscall sub_545740)(int* this, int, int, int, int)",
0x545a70,sub_545A70,,"int8 (__thiscall sub_545A70)(void* this, int, int**, int, int)",
0x545e80,sub_545E80,,"int8 (__thiscall sub_545E80)(int* this, int**, int arg4, int*, int)",
0x5462f0,sub_5462F0,,,
0x546350,sub_546350,,"int (__thiscall sub_546350)(int* this, int**)",
0x546450,sub_546450,,,
0x546530,sub_546530,,"int (__thiscall sub_546530)(int8* this, int*, int, int)",
0x546680,sub_546680,,"int (__thiscall sub_546680)(int this, int**, int, int, void*, int, int8, int8, int, int, int)",
0x546a10,sub_546A10,,"int (__thiscall sub_546A10)(void* this, int**, int, int8, int)",
0x546bd0,sub_546BD0,,"int8 (__thiscall sub_546BD0)(void* this, int**, int, int8, int, int)",
0x546e30,sub_546E30,,"unsigned int (__thiscall sub_546E30)(void* this, int8, unsigned int8, int8, int8)",
0x546e80,sub_546E80,,"int (__thiscall sub_546E80)(void* this, int, int)",
0x546ea0,sub_546EA0,,"int (__thiscall sub_546EA0)(int* this, void*, int, int, int)",
0x547160,sub_547160,,,
0x5475c0,sub_5475C0,,"int8 (__thiscall sub_5475C0)(int* this, void*, int**, unsigned int)",
0x547850,sub_547850,,"void (__thiscall sub_547850)(int* this, int)",
0x547cb0,sub_547CB0,,void (__thiscall sub_547CB0)(void** this),
0x547d70,sub_547D70,,"void (__thiscall sub_547D70)(void* this, int, int arg4, int)",
0x548530,sub_548530,,"int8 (__thiscall sub_548530)(void* this, unsigned int, unsigned int, int, int)",
0x548780,sub_548780,,unsigned int (__thiscall sub_548780)(void* this),
0x5489f0,sub_5489F0,,"void (__thiscall sub_5489F0)(void* this, int, int arg4, int)",
0x548f30,sub_548F30,,"int (__thiscall sub_548F30)(void* this, int, int, int, int)",
0x549160,sub_549160,,int (__thiscall sub_549160)(void* this),
0x5492e0,sub_5492E0,,"void (__thiscall sub_5492E0)(int* this, int, int arg4, int)",
0x549c80,nullsub_6,,,
0x549c90,sub_549C90,,int (__thiscall sub_549C90)(void* this),
0x549d60,sub_549D60,,int (__thiscall sub_549D60)(int* this),
0x549e20,sub_549E20,,int8 (__thiscall sub_549E20)(void* this),
0x54a1a0,sub_54A1A0,,"void (__thiscall sub_54A1A0)(void* this, int i)",
0x54b030,sub_54B030,,,
0x54b0e0,sub_54B0E0,,"bool (__thiscall sub_54B0E0)(int this, int*)",
0x54b320,sub_54B320,,,
0x54b5f0,sub_54B5F0,,int (__thiscall sub_54B5F0)(void* this),
0x54b670,sub_54B670,,"void (__thiscall sub_54B670)(void* this, int)",
0x54b7f0,sub_54B7F0,,"int8 (__thiscall sub_54B7F0)(int* this, void*, int)",
0x54b980,sub_54B980,,"int8 (__thiscall sub_54B980)(int this, int)",
0x54bdb0,sub_54BDB0,,"int8 (__thiscall sub_54BDB0)(int* this, int, int)",
0x54c140,sub_54C140,,"unsigned int (__thiscall sub_54C140)(void* this, int)",
0x54c3f0,sub_54C3F0,,"void* (__thiscall sub_54C3F0)(void* this, int, int, int)",
0x54c450,sub_54C450,,"int (__thiscall sub_54C450)(int this, int*, void*)",
0x54c580,sub_54C580,,"int (__thiscall sub_54C580)(void* this, int8* path, void*)",
0x54c610,sub_54C610,,int (__thiscall sub_54C610)(void* this),
0x54c650,sub_54C650,,int (__thiscall sub_54C650)(void* this),
0x54c6a0,sub_54C6A0,,int (__thiscall sub_54C6A0)(int* this),
0x54c6e0,sub_54C6E0,,int (__thiscall sub_54C6E0)(void* this),
0x54c710,sub_54C710,,"unsigned int (__thiscall sub_54C710)(void* this, unsigned int, unknown*)",
0x54c900,TWidgetVector::push_back,,"widget** (__thiscall TWidgetVector::push_back)(TWidgetVector* this, widget** new_item)",
0x54cac0,sub_54CAC0,,"int (__thiscall sub_54CAC0)(void* this, void*, void*)",
0x54cce0,sub_54CCE0,,"void* (__thiscall sub_54CCE0)(void* this, void*)",
0x54cd40,sub_54CD40,,int (__thiscall sub_54CD40)(void* this),
0x54cd70,sub_54CD70,,int (__thiscall sub_54CD70)(int this),
0x54cdc0,sub_54CDC0,,"int (__thiscall sub_54CDC0)(void* this, int)",
0x54ce00,sub_54CE00,,"int (__thiscall sub_54CE00)(void* this, void*, int)",
0x54cfe0,sub_54CFE0,,int (__thiscall sub_54CFE0)(void* this),
0x54d010,sub_54D010,,,
0x54d040,sub_54D040,,"int (__thiscall sub_54D040)(int this, int8*, void*)",
0x54d270,sub_54D270,,"void* (__thiscall sub_54D270)(void* this, void*)",
0x54d2b0,std::vector::size_54D2B0,,int (__thiscall std::vector::size_54D2B0)(std::vector* this),
0x54d2d0,sub_54D2D0,,"int8* (__thiscall sub_54D2D0)(int this, int8*, unsigned int, int8*)",
0x54d4b0,sub_54D4B0,,"void* (__thiscall sub_54D4B0)(void* this, void*, void*)",
0x54d4e0,std::vector::push_back_54D4E0,,"void* (__thiscall std::vector::push_back_54D4E0)(void* this, void*, unsigned int, void*)",
0x54d810,std::list_TPoint_::insert,,"std::list_TPoint_::_Node* (__thiscall std::list_TPoint_::insert)(std::list_TPoint_* this, std::list_TPoint_::iterator retstr, std::list_TPoint_::iterator _P, TPoint* _X)",
0x54d870,std::list_TPoint_::erase,,"std::list_TPoint_::_Node* (__thiscall std::list_TPoint_::erase)(std::list_TPoint_* this, std::list_TPoint_::iterator retstr, std::list_TPoint_::iterator P)",
0x54d8b0,_std::list_TPoint_::erase,,"std::list_TPoint_::_Node* (__thiscall _std::list_TPoint_::erase)(std::list_TPoint_* this, std::list_TPoint_::iterator retstr, std::list_TPoint_::iterator _F, std::list_TPoint_::iterator _L)",
0x54d900,std::list_TPoint_::_Node::_Node,,"void (__thiscall std::list_TPoint_::_Node::_Node)(std::list_TPoint_::_Node* this, std::list_TPoint_::_Node*)",
0x54d930,sub_54D930,,,
0x54d960,sub_54D960,,,
0x54d9b0,sub_54D9B0,,,
0x54d9f0,sub_54D9F0,,,
0x54dce0,sub_54DCE0,,,
0x54dd20,sub_54DD20,,,
0x54dd50,sub_54DD50,,,
0x54dd90,sub_54DD90,,,
0x54ddd0,sub_54DDD0,,,
0x54de10,sub_54DE10,,,
0x54de40,sub_54DE40,,,
0x54dfe0,sub_54DFE0,,,
0x54e180,sub_54E180,,,
0x54e1a0,sub_54E1A0,,,
0x54e2b0,sub_54E2B0,,,
0x54e2d0,sub_54E2D0,,"void* (__thiscall sub_54E2D0)(void* this, unsigned int, int8)",
0x54e340,sub_54E340,,,
0x54e370,sub_54E370,,,
0x54e390,sub_54E390,,,
0x54e3f0,sub_54E3F0,,,
0x54e450,sub_54E450,,,
0x54e4c0,sub_54E4C0,,,
0x54e520,sub_54E520,,,
0x54e580,sub_54E580,,,
0x54e5e0,sub_54E5E0,,,
0x54e640,sub_54E640,,,
0x54e6a0,sub_54E6A0,,,
0x54e700,sub_54E700,,,
0x54e760,sub_54E760,,,
0x54e780,sub_54E780,,,
0x54e7e0,sub_54E7E0,,,
0x54e840,sub_54E840,,,
0x54e8b0,sub_54E8B0,,,
0x54e910,sub_54E910,,,
0x54e970,sub_54E970,,,
0x54e9d0,sub_54E9D0,,,
0x54ea30,sub_54EA30,,,
0x54ea90,sub_54EA90,,,
0x54eaf0,sub_54EAF0,,,
0x54eb50,?get_upgrade_cost@@YAXW4TCreatureType@@JAAY06J@Z,get_upgrade_cost,"void (__fastcall ?get_upgrade_cost@@YAXW4TCreatureType@@JAAY06J@Z)(TCreatureType creature, int amount, int[7]* _cost)",0x14e750
0x54ebc0,?GetMonsterCost@@YAXHAAY06H@Z,GetMonsterCost,"void (__fastcall ?GetMonsterCost@@YAXHAAY06H@Z)(int monId, int* resCost)",0x14e7c0
0x54ec00,?RecruitSliderCallback@@YAXHPAVheroWindow@@@Z,RecruitSliderCallback,,
0x54ec50,??0TRecruitWindow@@QAA@HHHPAVrecruitUnit@@@Z,TRecruitWindow_ctor,"heroWindow* (__thiscall ??0TRecruitWindow@@QAA@HHHPAVrecruitUnit@@@Z)(heroWindow* this, void* Memory, widget** i, int, iconWidget**)",
0x54fef0,??_GTRecruitWindow@@UAAPAXI@Z,op_GTRecruitWindow,"heroWindow* (__thiscall ??_GTRecruitWindow@@UAAPAXI@Z)(heroWindow* Memory, int8)",
0x54ff20,??1TRecruitWindow@@UAA@XZ,TRecruitWindow_dtor,void (__thiscall ??1TRecruitWindow@@UAA@XZ)(heroWindow* this),
0x54ff90,?add_creature_widgets@TRecruitWindow@@AAAXJJJW4TCreatureType@@J@Z,TRecruitWindow_add_creature_widgets,"int* (__thiscall ?add_creature_widgets@TRecruitWindow@@AAAXJJJW4TCreatureType@@J@Z)(std::vector* this, int x, int y, int, iconWidget*, void*)",
0x5502a0,?Open@recruitUnit@@UAAHH@Z,recruitUnit_Open,"int (__thiscall ?Open@recruitUnit@@UAAHH@Z)(recruitUnit* this, int newPriority)",
0x5506d0,?Close@recruitUnit@@UAAXXZ,recruitUnit_Close,void (__thiscall ?Close@recruitUnit@@UAAXXZ)(recruitUnit* this),
0x550760,?siege_artifact_to_creature@@YA?AW4TCreatureType@@W4TArtifact@@@Z,siege_artifact_to_creature,int (__thiscall ?siege_artifact_to_creature@@YA?AW4TCreatureType@@W4TArtifact@@@Z)(TArtifact this),
0x5507a0,?Update@recruitUnit@@QAAX_NJ@Z,recruitUnit_Update,"void (__thiscall ?Update@recruitUnit@@QAAX_NJ@Z)(recruitUnit* this, bool new_monster, int slot)",0x1503a0
0x550d40,?Main@recruitUnit@@UAAHAAUmessage@@@Z,recruitUnit_Main,"int (__thiscall ?Main@recruitUnit@@UAAHAAUmessage@@@Z)(recruitUnit* this, message* msg)",
0x551750,??0recruitUnit@@QAA@PAVarmyGroup@@_NW4TCreatureType@@PAF232323@Z,recruitUnit_ctor,"recruitUnit* (__thiscall ??0recruitUnit@@QAA@PAVarmyGroup@@_NW4TCreatureType@@PAF232323@Z)(recruitUnit* this, armyGroup* newGroup, bool bGroupIsTownGarrison, TCreatureType MonType1, int16* numMon1, TCreatureType MonType2, int16* numMon2, TCreatureType MonType3, int16* numMon3, TCreatureType MonType4, int16* numMon4)",0x151350
0x551860,??0recruitUnit@@QAA@PAVhero@@W4TCreatureType@@PAF121212@Z,recruitUnit_ctor,"recruitUnit* (__thiscall ??0recruitUnit@@QAA@PAVhero@@W4TCreatureType@@PAF121212@Z)(recruitUnit* this, hero* _thisHero, TCreatureType _MonType1, int16* numMon1, TCreatureType _MonType2, int16* numMon2, TCreatureType _MonType3, int16* numMon3, TCreatureType _MonType4, int16* numMon4)",0x151460
0x551960,??0recruitUnit@@QAA@PAVtown@@HH@Z,recruitUnit_ctor,"recruitUnit* (__thiscall ??0recruitUnit@@QAA@PAVtown@@HH@Z)(recruitUnit* this, town* newTown, int newDwellingIndex, int bInInTownMainScreen)",0x151560
0x551ab0,??_GTRecruitQuickWindow@@UAAPAXI@Z,op_GTRecruitQuickWindow,"heroWindow* (__thiscall ??_GTRecruitQuickWindow@@UAAPAXI@Z)(heroWindow* Memory, int8)",
0x551ae0,sub_551AE0,,void (__thiscall sub_551AE0)(heroWindow* this),
0x551b50,sub_551B50,,,
0x551b80,sub_551B80,,,
0x5521d0,sub_5521D0,,,
0x5521f0,sub_5521F0,,,
0x552250,sub_552250,,,
0x5522b0,sub_5522B0,,,
0x552320,sub_552320,,,
0x552380,sub_552380,,,
0x5523e0,sub_5523E0,,,
0x552440,sub_552440,,,
0x5524a0,sub_5524A0,,,
0x552500,sub_552500,,,
0x552560,sub_552560,,,
0x5525c0,chatMan_initializer,,,
0x552640,sub_552640,,,
0x552660,sub_552660,,,
0x552690,sub_552690,,,
0x5526b0,init_5526B0,,,
0x5526d0,sub_5526D0,,,
0x5526f0,??_GCDPlayHeroes@@UAAPAXI@Z,op_GCDPlayHeroes,"void* (__thiscall ??_GCDPlayHeroes@@UAAPAXI@Z)(void* Memory, int8)",
0x552720,??1CDPlayHeroes@@UAA@XZ,CDPlayHeroes_dtor,void (__thiscall ??1CDPlayHeroes@@UAA@XZ)(CDPlayHeroes* this),
0x552930,?SysMsgHost@CDPlayHeroes@@UAA_NPAUDPMSG_GENERIC@@K@Z,CDPlayHeroes_SysMsgHost,"bool (__thiscall ?SysMsgHost@CDPlayHeroes@@UAA_NPAUDPMSG_GENERIC@@K@Z)(CDPlayHeroes* this, DPMSG_GENERIC* pSysMsg, unsigned int toID)",
0x552b40,?SysMsgSessionLost@CDPlayHeroes@@UAA_NPAUDPMSG_GENERIC@@K@Z,CDPlayHeroes_SysMsgSessionLost,"bool (__thiscall ?SysMsgSessionLost@CDPlayHeroes@@UAA_NPAUDPMSG_GENERIC@@K@Z)(CDPlayHeroes* this, DPMSG_GENERIC* pSysMsg, unsigned int toID)",
0x552d20,?SysMsgDestroyPlayerOrGroup@CDPlayHeroes@@UAA_NPAUDPMSG_DESTROYPLAYERORGROUP@@K@Z,CDPlayHeroes_SysMsgDestroyPlayerOrGroup,"bool (__thiscall ?SysMsgDestroyPlayerOrGroup@CDPlayHeroes@@UAA_NPAUDPMSG_DESTROYPLAYERORGROUP@@K@Z)(CDPlayHeroes* this, DPMSG_DESTROYPLAYERORGROUP* pSysMsg, unsigned int toID)",
0x552f40,?SysMsgCreatePlayerOrGroup@CDPlayHeroes@@UAA_NPAUDPMSG_CREATEPLAYERORGROUP@@K@Z,CDPlayHeroes_SysMsgCreatePlayerOrGroup,"bool (__thiscall ?SysMsgCreatePlayerOrGroup@CDPlayHeroes@@UAA_NPAUDPMSG_CREATEPLAYERORGROUP@@K@Z)(CDPlayHeroes* this, DPMSG_CREATEPLAYERORGROUP* pSysMsg, unsigned int toID)",
0x552f60,?PollRemote@CDPlayHeroes@@QAA_NXZ,CDPlayHeroes_PollRemote,bool (__thiscall ?PollRemote@CDPlayHeroes@@QAA_NXZ)(CDPlayHeroes* this),
0x5531b0,?HandleLowLevelMsg@CDPlayHeroes@@IAA_NPAVCNetMsg@@@Z,CDPlayHeroes_HandleLowLevelMsg,"bool (__thiscall ?HandleLowLevelMsg@CDPlayHeroes@@IAA_NPAVCNetMsg@@@Z)(CDPlayHeroes* this, CNetMsg* pNetMsg)",
0x553440,?GetRemoteData@CDPlayHeroes@@QAAPAVCNetMsg@@_NPA_N@Z,CDPlayHeroes_GetRemoteData,"CNetMsg* (__thiscall ?GetRemoteData@CDPlayHeroes@@QAAPAVCNetMsg@@_NPA_N@Z)(CDPlayHeroes* this, bool removeFromQueue, uchar* wasCompressed)",
0x553620,?TransmitRemoteData@CDPlayHeroes@@QAA_NPAVCNetMsg@@H_N1@Z,CDPlayHeroes_TransmitRemoteData,"bool (__thiscall ?TransmitRemoteData@CDPlayHeroes@@QAA_NPAVCNetMsg@@H_N1@Z)(CDPlayHeroes* this, CNetMsg* pMsg, int toWho, bool compressMsg, bool guaranteed)",
0x5536b0,?CompressMsg@CDPlayHeroes@@IAAPAVCNetMsg@@PAV2@@Z,CDPlayHeroes_CompressMsg,"CNetMsg* (__thiscall ?CompressMsg@CDPlayHeroes@@IAAPAVCNetMsg@@PAV2@@Z)(CDPlayHeroes* this, CNetMsg* pNetMsg)",
0x553770,?TransmitRemoteDataDPID@CDPlayHeroes@@QAA_NPAVCNetMsg@@K_N1@Z,CDPlayHeroes_TransmitRemoteDataDPID,"bool (__thiscall ?TransmitRemoteDataDPID@CDPlayHeroes@@QAA_NPAVCNetMsg@@K_N1@Z)(CDPlayHeroes* this, CNetMsg* pMsg, unsigned int dpidTo, bool compressMsg, bool guaranteed)",
0x5537d0,?SendIt@CDPlayHeroes@@QAA_NPAVCNetMsg@@K_N@Z,CDPlayHeroes_SendIt,"bool (__thiscall ?SendIt@CDPlayHeroes@@QAA_NPAVCNetMsg@@K_N@Z)(CDPlayHeroes* this, CNetMsg* pMsg, unsigned int dpidTo, int guaranteed)",
0x553980,?HandlePlayerDrop@CDPlayHeroes@@QAAXK@Z,CDPlayHeroes_HandlePlayerDrop,"void (__thiscall ?HandlePlayerDrop@CDPlayHeroes@@QAAXK@Z)(CDPlayHeroes* this, unsigned int dpid)",
0x553b70,?SetNetMsgHandler@CDPlayHeroes@@QAAXPAVCNetMsgHandler@@@Z,CDPlayHeroes_SetNetMsgHandler,"void (__thiscall ?SetNetMsgHandler@CDPlayHeroes@@QAAXPAVCNetMsgHandler@@@Z)(void* this, int a2)",
0x553ba0,?GetNetMsgHandler@CDPlayHeroes@@QAAPAVCNetMsgHandler@@XZ,CDPlayHeroes_GetNetMsgHandler,CNetMsgHandler* (__thiscall ?GetNetMsgHandler@CDPlayHeroes@@QAAPAVCNetMsgHandler@@XZ)(CDPlayHeroes* this),
0x553bb0,?Init@CChatManager@@QAAXXZ,CChatManager_Init,void (__thiscall ?Init@CChatManager@@QAAXXZ)(CChatManager* this),
0x553c00,?ShutDown@CChatManager@@QAAXXZ,CChatManager_ShutDown,void (__thiscall ?ShutDown@CChatManager@@QAAXXZ)(CChatManager* this),
0x553c40,?AddChat@CChatManager@@QAAXPBDZZ,CChatManager_AddChat,"int8 (?AddChat@CChatManager@@QAAXPBDZZ)(CChatManager* this, int8* Format)",
0x553d60,?TurnDurationMsg@CChatManager@@QAAXPBDZZ,CChatManager_TurnDurationMsg,"void (?TurnDurationMsg@CChatManager@@QAAXPBDZZ)(CChatManager* this, int8* cChatMsg)",
0x553ea0,?SystemMsg@CChatManager@@QAAXPBDZZ,CChatManager_SystemMsg,"void (?SystemMsg@CChatManager@@QAAXPBDZZ)(CChatManager* this, int8* cChatMsg)",
0x553f60,?PlayerDropMsg@CChatManager@@QAAXPBDZZ,CChatManager_PlayerDropMsg,"void (?PlayerDropMsg@CChatManager@@QAAXPBDZZ)(CChatManager* this, int8* cChatMsg)",
0x554030,?PlayerEnterMsg@CChatManager@@QAAXPBDZZ,CChatManager_PlayerEnterMsg,"void (?PlayerEnterMsg@CChatManager@@QAAXPBDZZ)(CChatManager* this, int8* cChatMsg)",
0x554100,?UpdateWidget@CChatManager@@QAAXPAVtextWidget@@_NH@Z,CChatManager_UpdateWidget,"void (__thiscall ?UpdateWidget@CChatManager@@QAAXPAVtextWidget@@_NH@Z)(CChatManager* this, textWidget* Widget, bool killOld, int numLines)",0x153d00
0x5541b0,?HasOldChat@CChatManager@@QAA_NXZ,CChatManager_HasOldChat,bool (__thiscall ?HasOldChat@CChatManager@@QAA_NXZ)(CChatManager* this),0x153db0
0x5541f0,?KillOldChat@CChatManager@@IAAXXZ,CChatManager_KillOldChat,void (__thiscall ?KillOldChat@CChatManager@@IAAXXZ)(CChatManager* this),0x153df0
0x5542e0,?UpdateWidgetText@CChatManager@@IAAXHPAVtextWidget@@@Z,CChatManager_UpdateWidgetText,"void (__thiscall ?UpdateWidgetText@CChatManager@@IAAXHPAVtextWidget@@@Z)(CChatManager* this, int numLines, textWidget* Widget)",0x153ee0
0x554450,?PauseTimeOuts@CChatManager@@QAAXXZ,CChatManager_PauseTimeOuts,void (__thiscall ?PauseTimeOuts@CChatManager@@QAAXXZ)(CChatManager* this),0x154050
0x554460,?ResumeTimeOuts@CChatManager@@QAAXXZ,CChatManager_ResumeTimeOuts,void (__thiscall ?ResumeTimeOuts@CChatManager@@QAAXXZ)(CChatManager* this),0x154060
0x5544b0,?ClearChat@CChatManager@@QAAXXZ,CChatManager_ClearChat,void (__thiscall ?ClearChat@CChatManager@@QAAXXZ)(CChatManager* this),0x1540b0
0x5544d0,?SetMaxLines@CChatManager@@QAAXH@Z,CChatManager_SetMaxLines,"void (__thiscall ?SetMaxLines@CChatManager@@QAAXH@Z)(CChatManager* this, int maxChatLines)",0x1540d0
0x554570,?SetPosition@CChatManager@@QAAXH@Z,CChatManager_SetPosition,"void (__thiscall ?SetPosition@CChatManager@@QAAXH@Z)(CChatManager* this, int newPos)",0x154170
0x5545a0,??0CChatEdit@@QAA@HHHHHPAD0HW4EJustify@font@@0HHHHHH@Z,CChatEdit_ctor,"void (__thiscall ??0CChatEdit@@QAA@HHHHHPAD0HW4EJustify@font@@0HHHHHH@Z)(CChatEdit* this, int textWidgetX, int textWidgetY, int textWidgetWidth, int textWidgetHeight, int textStringSize, int8* textString, int8* textFontName, font::TColor colorIndex, font::EJustify justification, int8* backgroundIconName, int backgroundFrame, int textWidgetId, int textWidgetStyle, int iReadType, int textInsetX, int textInsetY)",0x1541a0
0x554600,?UpdateScreen@CChatEdit@@UAAXXZ,CChatEdit_UpdateScreen,void (__thiscall ?UpdateScreen@CChatEdit@@UAAXXZ)(CChatEdit* this),
0x554640,?OnKeyPress@CChatEdit@@UAAHAAUmessage@@@Z,CChatEdit_OnKeyPress,"int (__thiscall ?OnKeyPress@CChatEdit@@UAAHAAUmessage@@@Z)(CChatEdit* this, message* msg)",
0x554730,?OnFunctionKey@CChatEdit@@UAAHUmessage@@H@Z,CChatEdit_OnFunctionKey,"int (__thiscall ?OnFunctionKey@CChatEdit@@UAAHUmessage@@H@Z)(CChatEdit* this, message msg, int toWho)",
0x554780,?OnEnter@CChatEdit@@UAAHUmessage@@@Z,CChatEdit_OnEnter,"int (__thiscall ?OnEnter@CChatEdit@@UAAHUmessage@@@Z)(CChatEdit* this, message msg)",
0x5547c0,?OnEscape@CChatEdit@@UAAHUmessage@@@Z,CChatEdit_OnEscape,"int (__thiscall ?OnEscape@CChatEdit@@UAAHUmessage@@@Z)(CChatEdit* this, message msg)",
0x5547e0,?IsOpen@CChatEdit@@UAA_NXZ,CChatEdit_IsOpen,bool (__thiscall ?IsOpen@CChatEdit@@UAA_NXZ)(CChatManager* this),
0x5547f0,?GetRemoteData@@YAPAVCNetMsg@@_NPA_N@Z,GetRemoteData,"CNetMsg* (__fastcall ?GetRemoteData@@YAPAVCNetMsg@@_NPA_N@Z)(bool bRemoveFromBuffer, uchar* wasCompressed)",
0x554800,?InitRemote@@YA_NW4eNetGameType@@PBD@Z,InitRemote,"bool (__fastcall ?InitRemote@@YA_NW4eNetGameType@@PBD@Z)(eNetGameType iMPType, int8* sUserName)",
0x5548a0,?RemoteCleanup@@YAXXZ,RemoteCleanup,,
0x554950,?TransmitRemoteDataDPID@@YAHPAVCNetMsg@@K_N1@Z,TransmitRemoteDataDPID,"int (__fastcall ?TransmitRemoteDataDPID@@YAHPAVCNetMsg@@K_N1@Z)(CNetMsg* pMsg, unsigned int dpidTo, bool compressMsg, bool guaranteed)",
0x5549e0,?TransmitRemoteData@@YAHPAVCNetMsg@@H_N1@Z,TransmitRemoteData,"int (__fastcall ?TransmitRemoteData@@YAHPAVCNetMsg@@H_N1@Z)(CNetMsg* pMsg, int dpidTo, bool compressMsg, bool guaranteed)",
0x554aa0,?PollRemote@@YAXXZ,PollRemote,,
0x554bb0,?SendChat@@YAXPBDH@Z,SendChat,"void (__fastcall ?SendChat@@YAXPBDH@Z)(int8* cChat, int toWho)",
0x554e10,?ReceiveChat@@YAXPADH@Z,ReceiveChat,"void (__fastcall ?ReceiveChat@@YAXPADH@Z)(int8* cChat, int fromWho)",
0x554e40,??0CAnimatedDlg@@QAA@XZ,CAnimatedDlg_ctor,CAnimatedDlg* (__thiscall ??0CAnimatedDlg@@QAA@XZ)(CAnimatedDlg* this),
0x554e70,??_GCAnimatedDlg@@UAAPAXI@Z,op_GCAnimatedDlg,"CAnimatedDlg* (__thiscall ??_GCAnimatedDlg@@UAAPAXI@Z)(CAnimatedDlg* Memory, int8)",
0x554ea0,??1CAnimatedDlg@@UAA@XZ,CAnimatedDlg_dtor,void (__thiscall ??1CAnimatedDlg@@UAA@XZ)(CAnimatedDlg* this),
0x554f00,?Setup@CAnimatedDlg@@UAA_NPBDPAVfont@@0H@Z,CAnimatedDlg_Setup,"bool (__thiscall ?Setup@CAnimatedDlg@@UAA_NPBDPAVfont@@0H@Z)(CAnimatedDlg* this, int8* cText, font* pFont, int8* sSprite, int seq)",
0x554f20,?CalcSpriteDimensions@CAnimatedDlg@@IAAXPAVCSprite@@AAH11@Z,CAnimatedDlg_CalcSpriteDimensions,"void (__thiscall ?CalcSpriteDimensions@CAnimatedDlg@@IAAXPAVCSprite@@AAH11@Z)(CAnimatedDlg* this, CSprite* pSprite, int* maxWidth, int* maxHeight, int* minY)",
0x555020,?CalcDimensions@CAnimatedDlg@@UAAXPBDPAVfont@@AAH222@Z,CAnimatedDlg_CalcDimensions,"void (__thiscall ?CalcDimensions@CAnimatedDlg@@UAAXPBDPAVfont@@AAH222@Z)(CAnimatedDlg* this, int8* cText, font* pFont, int* winX, int* winY, int* winWidth, int* winHeight)",
0x5550e0,?DrawSprite@CAnimatedDlg@@QAAXXZ,CAnimatedDlg_DrawSprite,void (__thiscall ?DrawSprite@CAnimatedDlg@@QAAXXZ)(CAnimatedDlg* this),
0x555180,?handle_message@CAnimatedDlg@@UAAHAAUmessage@@@Z,CAnimatedDlg_handle_message,"void (__thiscall ?handle_message@CAnimatedDlg@@UAAHAAUmessage@@@Z)(CAnimatedDlg* this, message* msg)",
0x555200,?TickAnimation@CAnimatedDlg@@QAAXXZ,CAnimatedDlg_TickAnimation,void (__thiscall ?TickAnimation@CAnimatedDlg@@QAAXXZ)(CAnimatedDlg* this),
0x555280,?DrawWindow@CAnimatedDlg@@UAAX_NHH@Z,CAnimatedDlg_DrawWindow,"void (__thiscall ?DrawWindow@CAnimatedDlg@@UAAX_NHH@Z)(CAnimatedDlg* this, bool update, int iLowID, int iHighIDtrue)",
0x555300,?WaitForReadyToPlayMsg@@YAXXZ,WaitForReadyToPlayMsg,,
0x555540,?Copy@CNetMsgHandler@@QAAXPAV1@@Z,CNetMsgHandler_Copy,"void (__thiscall ?Copy@CNetMsgHandler@@QAAXPAV1@@Z)(CNetMsgHandler* this, CNetMsgHandler* pOtherNetMsgHandler)",
0x555560,?CheckHandleNet@CNetMsgHandlerPause@@UAAPAVCNetMsg@@_NPA_N@Z,CNetMsgHandlerPause_CheckHandleNet,,
0x555570,?HandleNetMsg@CNetMsgHandlerPause@@UAAPAVCNetMsg@@PAV2@@Z,CNetMsgHandlerPause_HandleNetMsg,,
0x555580,sub_555580,,"int (__thiscall sub_555580)(CAnimatedDlg* this, message* msg)",
0x5558a0,sub_5558A0,,"TDialogBox* (__thiscall sub_5558A0)(TDialogBox* Memory, int8)",
0x5558d0,sub_5558D0,,void (__thiscall sub_5558D0)(TDialogBox* this),
0x5559a0,?CreateDPlayObject@@YA_NXZ,CreateDPlayObject,,
0x555ad0,?InitConnection@@YA_NPADPAU_DPCOMPORTADDRESS@@@Z,InitConnection,"int8 (__fastcall ?InitConnection@@YA_NPADPAU_DPCOMPORTADDRESS@@@Z)(int8* IpAddressOrPhoneNbr, DPCOMPORTADDRESS* comportInfo)",
0x555d00,?DestroyMsg@@YAXPAVCNetMsg@@@Z,DestroyMsg,void (__fastcall ?DestroyMsg@@YAXPAVCNetMsg@@@Z)(CNetMsg* msg),
0x555d10,?TestIfLobbyLaunched@@YA_NXZ,TestIfLobbyLaunched,,
0x555e90,?HandleMPlayerLaunch@@YA_NXZ,HandleMPlayerLaunch,,
0x5562e0,?LobbyLaunchConnect@@YA_NXZ,LobbyLaunchConnect,,
0x5566d0,?UpdateCurrentPlayers@@YAXXZ,UpdateCurrentPlayers,,
0x556820,?HandlePlayerDrop@@YAXK@Z,HandlePlayerDrop,void (__thiscall ?HandlePlayerDrop@@YAXK@Z)(unsigned int dpid),
0x5569d0,?OnPlayerDropUpdateMsg@@YAXK@Z,OnPlayerDropUpdateMsg,void (__fastcall ?OnPlayerDropUpdateMsg@@YAXK@Z)(uint dpid),
0x556b70,?HandlePlayerDead@@YAXH_N@Z,HandlePlayerDead,"void (__fastcall ?HandlePlayerDead@@YAXH_N@Z)(int deadGuy, bool showMsg)",
0x556d30,?HandlePlayerWon@@YAXPAVCPlayerWonMsg@@@Z,HandlePlayerWon,bool (__thiscall ?HandlePlayerWon@@YAXPAVCPlayerWonMsg@@@Z)(CPlayerWonMsg* this),
0x556d90,?HandlePlayerLost@@YAXPAVCPlayerLostMsg@@@Z,HandlePlayerLost,int (__thiscall ?HandlePlayerLost@@YAXPAVCPlayerLostMsg@@@Z)(CPlayerLostMsg* this),
0x556de0,?HandleNormalWinMsg@@YAXPAVCNormalWinMsg@@@Z,HandleNormalWinMsg,void (__thiscall ?HandleNormalWinMsg@@YAXPAVCNormalWinMsg@@@Z)(CNormalWinMsg* this),
0x556ea0,??0CWaitForRemoteBattleDlg@@QAA@XZ,CWaitForRemoteBattleDlg_ctor,CWaitForRemoteBattleDlg* (__thiscall ??0CWaitForRemoteBattleDlg@@QAA@XZ)(CWaitForRemoteBattleDlg* this),
0x556f60,sub_556F60,,"TDialogBox* (__thiscall sub_556F60)(TDialogBox* Memory, int8)",
0x556f90,?Wait@CWaitForRemoteBattleDlg@@QAAXH@Z,CWaitForRemoteBattleDlg_Wait,"void (__thiscall ?Wait@CWaitForRemoteBattleDlg@@QAAXH@Z)(CWaitForRemoteBattleDlg* this, int playerPos)",
0x557010,?handle_message@CWaitForRemoteBattleDlg@@UAAHAAUmessage@@@Z,CWaitForRemoteBattleDlg_handle_message,"int (__thiscall ?handle_message@CWaitForRemoteBattleDlg@@UAAHAAUmessage@@@Z)(CWaitForRemoteBattleDlg* this, message* msg)",
0x557310,??0CCombatInitMsg@@QAA@XZ,CCombatInitMsg_ctor,CCombatInitMsg* (__thiscall ??0CCombatInitMsg@@QAA@XZ)(CCombatInitMsg* this),
0x557450,sub_557450,,"void* (__thiscall sub_557450)(void* Memory, int8)",
0x557480,sub_557480,,"int (__thiscall sub_557480)(void* this, int)",
0x5574e0,sub_5574E0,,"int (__thiscall sub_5574E0)(int this, message* msg)",
0x5576d0,sub_5576D0,,"int (__thiscall sub_5576D0)(int this, int, int)",
0x557700,?Save@CSaveScreen@@QAAXHH@Z,CSaveScreen_Save,"void (__thiscall ?Save@CSaveScreen@@QAAXHH@Z)(CSaveScreen* this, int x, int y)",
0x557740,sub_557740,,"void (__thiscall sub_557740)(Bitmap16Bit* this, int8)",
0x5577b0,sub_5577B0,,int8 (__thiscall sub_5577B0)(void* this),
0x5577c0,??0CGameTransferSmack@@QAA@XZ,CGameTransferSmack_ctor,CGameTransferSmack* (__thiscall ??0CGameTransferSmack@@QAA@XZ)(CGameTransferSmack* this),
0x5577e0,sub_5577E0,,int8 (__thiscall sub_5577E0)(int this),
0x557810,?Setup@CGameTransferSmack@@QAAXHH_N0@Z,CGameTransferSmack_Setup,"void (__thiscall ?Setup@CGameTransferSmack@@QAAXHH_N0@Z)(CGameTransferSmack* this, int x, int y, bool sending, bool draw_text)",
0x557830,?Start@CGameTransferSmack@@QAAXXZ,CGameTransferSmack_Start,void* (__thiscall ?Start@CGameTransferSmack@@QAAXXZ)(CGameTransferSmack* this),
0x557860,??0CGameTransmitReqMsg@@QAA@H@Z,CGameTransmitReqMsg_ctor,"void (__thiscall ??0CGameTransmitReqMsg@@QAA@H@Z)(CGameTransmitReqMsg* this, float)",
0x557990,sub_557990,,int8 (__thiscall sub_557990)(void* this),
0x5579b0,?SaveScreen@CGameTransferSmack@@QAAXXZ,CGameTransferSmack_SaveScreen,void (__thiscall ?SaveScreen@CGameTransferSmack@@QAAXXZ)(CGameTransferSmack* this),
0x557a60,sub_557A60,,void (__thiscall sub_557A60)(void* this),
0x557ad0,??0CGameTransferDlg@@QAA@_N@Z,CGameTransferDlg_ctor,"CGameTransferDlg* (__thiscall ??0CGameTransferDlg@@QAA@_N@Z)(CGameTransferDlg* this, bool sending)",
0x557b10,??_GCGameTransferDlg@@UAAPAXI@Z,op_GCGameTransferDlg,"TDialogBox* (__thiscall ??_GCGameTransferDlg@@UAAPAXI@Z)(TDialogBox* Memory, int8)",
0x557b40,?CalcDimensions@CGameTransferDlg@@UAAXPBDPAVfont@@AAH222@Z,CGameTransferDlg_CalcDimensions,"void (__thiscall ?CalcDimensions@CGameTransferDlg@@UAAXPBDPAVfont@@AAH222@Z)(CGameTransferDlg* this, int8* cText, font* pFont, int* winX, int* winY, int* winWidth, int* winHeight)",
0x557ba0,??0CAdvMgrNetMsgHandler@@QAA@XZ,CAdvMgrNetMsgHandler_ctor,CAdvMgrNetMsgHandler* (__thiscall ??0CAdvMgrNetMsgHandler@@QAA@XZ)(CAdvMgrNetMsgHandler* this),
0x557bc0,sub_557BC0,,"CNetMsgHandler* (__thiscall sub_557BC0)(CNetMsgHandler* Memory, int8)",
0x557c10,?CheckHandleNet@CNetMsgHandler@@UAAPAVCNetMsg@@_NPA_N@Z,CNetMsgHandler_CheckHandleNet,"CNetMsg* (__thiscall ?CheckHandleNet@CNetMsgHandler@@UAAPAVCNetMsg@@_NPA_N@Z)(CNetMsgHandler* this, bool inPopup, bool* msgReceived)",
0x557c80,sub_557C80,,CDPlayHeroes* (__thiscall sub_557C80)(CNetMsgHandler* this),
0x557cb0,sub_557CB0,,"int (__thiscall sub_557CB0)(void* this, int)",
0x557cc0,?HandleNetMsg@CNetMsgHandler@@MAAPAVCNetMsg@@PAV2@@Z,CNetMsgHandler_HandleNetMsg,"CNetMsg* (__thiscall ?HandleNetMsg@CNetMsgHandler@@MAAPAVCNetMsg@@PAV2@@Z)(CNetMsgHandler* this, CNetMsg* pNetMsg)",
0x557e20,?IsOn@CTurnDuration@@QAA_NXZ,CTurnDuration_IsOn,bool (__thiscall ?IsOn@CTurnDuration@@QAA_NXZ)(CTurnDuration* this),0x157a80
0x557e40,?IsExpired@CTurnDuration@@QAA_NXZ,CTurnDuration_IsExpired,bool (__thiscall ?IsExpired@CTurnDuration@@QAA_NXZ)(CTurnDuration* this),0x157aa0
0x557e90,?CheckForWarning@CTurnDuration@@QAAXXZ,CTurnDuration_CheckForWarning,void (__thiscall ?CheckForWarning@CTurnDuration@@QAAXXZ)(CTurnDuration* this),0x157af0
0x5580a0,?IsClose@CTurnDuration@@QAA_NK@Z,CTurnDuration_IsClose,"bool (__thiscall ?IsClose@CTurnDuration@@QAA_NK@Z)(CTurnDuration* this, unsigned int howClose)",0x157d00
0x558100,?Clear@CTurnDuration@@QAAXXZ,CTurnDuration_Clear,void (__thiscall ?Clear@CTurnDuration@@QAAXXZ)(CTurnDuration* this),0x157d60
0x558110,?SetDuration@CTurnDuration@@QAAXK@Z,CTurnDuration_SetDuration,"void (__thiscall ?SetDuration@CTurnDuration@@QAAXK@Z)(CTurnDuration* this, unsigned int ms)",0x157d70
0x558130,?Start@CTurnDuration@@QAAXXZ,CTurnDuration_Start,void (__thiscall ?Start@CTurnDuration@@QAAXXZ)(CTurnDuration* this),0x157d90
0x558170,?Pause@CTurnDuration@@QAAXXZ,CTurnDuration_Pause,void (__thiscall ?Pause@CTurnDuration@@QAAXXZ)(CTurnDuration* this),0x157dd0
0x558190,?Resume@CTurnDuration@@QAAXXZ,CTurnDuration_Resume,void (__thiscall ?Resume@CTurnDuration@@QAAXXZ)(CTurnDuration* this),0x157df0
0x5581d0,??0CNetMsgHandlerPause@@QAA@XZ,CNetMsgHandlerPause_ctor,CNetMsgHandlerPause* (__thiscall ??0CNetMsgHandlerPause@@QAA@XZ)(CNetMsgHandlerPause* this),
0x558250,??_GCNetMsgHandlerPause@@UAAPAXI@Z,op_GCNetMsgHandlerPause,"CNetMsgHandlerPause* (__thiscall ??_GCNetMsgHandlerPause@@UAAPAXI@Z)(CNetMsgHandlerPause* this, int8 a2)",
0x558280,??1CNetMsgHandlerPause@@QAA@XZ,CNetMsgHandlerPause_dtor,void (__thiscall ??1CNetMsgHandlerPause@@QAA@XZ)(CNetMsgHandlerPause* this),
0x558320,??0CHourGlass@@QAA@_N@Z,CHourGlass_ctor,"void (__thiscall ??0CHourGlass@@QAA@_N@Z)(CHourGlass* this, bool thread)",
0x558360,?Stop@CHourGlass@@QAAXXZ,CHourGlass_Stop,void (__thiscall ?Stop@CHourGlass@@QAAXXZ)(CHourGlass* this),
0x558380,?push_back@?$deque@PAVCNetMsg@@V?$allocator@PAVCNetMsg@@@std@@$0A@@std@@QAAXABQAVCNetMsg@@@Z,PAVCNetMsg_deque_push_back,"void (__thiscall ?push_back@?$deque@PAVCNetMsg@@V?$allocator@PAVCNetMsg@@@std@@$0A@@std@@QAAXABQAVCNetMsg@@@Z)(std::deque_CNetMsg_ptr_* this, CNetMsg* newItem)",
0x558650,sub_558650,,,
0x5586b0,?Insert@?$CAutoArray@VCDPlayAddressElement@@@@UAA_NKPAVCDPlayAddressElement@@@Z,VCDPlayAddressElement_CAutoArray_Insert,"bool (__thiscall ?Insert@?$CAutoArray@VCDPlayAddressElement@@@@UAA_NKPAVCDPlayAddressElement@@@Z)(CAutoArray_CDPlayAddressElement_* this, unsigned int elementNbr, CDPlayAddressElement* element)",
0x558710,sub_558710,,"void* (__thiscall sub_558710)(CAutoArray_CDPlayPlayer_* Memory, int8 a2)",
0x558780,allocator_construct_558780,,int8** (__thiscall allocator_construct_558780)(int this),
0x5588d0,tagRECT::tagRECT,,,
0x5588e0,sub_5588E0,,"int8* (__thiscall sub_5588E0)(int this, unsigned int)",
0x558950,sub_558950,,,
0x558970,??0resource@@QAA@PBDW4EResourceType@@@Z,resource_ctor,"resource* (__thiscall ??0resource@@QAA@PBDW4EResourceType@@@Z)(resource* this, int8* Source, EResourceType restype)",0x158720
0x5589c0,??_Gresource@@UAAPAXI@Z,op_Gresource,"void* (__thiscall ??_Gresource@@UAAPAXI@Z)(void* Memory, int8)",
0x5589f0,??1resource@@UAA@XZ,resource_dtor,void (__thiscall ??1resource@@UAA@XZ)(resource* this),0x1587a0
0x558a00,sub_558A00,,,
0x558a20,sub_558A20,,,
0x558a80,sub_558A80,,,
0x558ae0,sub_558AE0,,,
0x558b50,sub_558B50,,,
0x558bb0,sub_558BB0,,,
0x558c10,sub_558C10,,,
0x558c70,sub_558C70,,,
0x558cd0,sub_558CD0,,,
0x558d30,sub_558D30,,,
0x558d90,sub_558D90,,,
0x558df0,??0TResourceDisplay@@QAA@PAVheroWindow@@_N@Z,TResourceDisplay_ctor,"void (__thiscall ??0TResourceDisplay@@QAA@PAVheroWindow@@_N@Z)(TResourceDisplay* this, heroWindow* parent, bool is_small)",0x158ba0
0x5590a0,??_GTResourceDisplay@@UAAPAXI@Z,op_GTResourceDisplay,"TResourceDisplay* (__thiscall ??_GTResourceDisplay@@UAAPAXI@Z)(TResourceDisplay* Memory, int8)",
0x5590d0,??1TResourceDisplay@@UAA@XZ,TResourceDisplay_dtor,void (__thiscall ??1TResourceDisplay@@UAA@XZ)(TResourceDisplay* this),0x158e80
0x559170,?Update@TResourceDisplay@@QAAX_N00@Z,TResourceDisplay_Update,"void (__thiscall ?Update@TResourceDisplay@@QAAX_N00@Z)(TResourceDisplay* this, bool draw, bool update)",0x158f20
0x559270,?Clear@TResourceDisplay@@QAAXXZ,TResourceDisplay_Clear,void (__thiscall ?Clear@TResourceDisplay@@QAAXXZ)(TResourceDisplay* this),0x159020
0x559320,sub_559320,,,
0x559340,t_stdio_file_adapter::read,,"size_t (__thiscall t_stdio_file_adapter::read)(t_stdio_file_adapter* this, void* DstBuf, size_t Count)",
0x559360,t_lod_file_adapter::read,,"int (__thiscall t_lod_file_adapter::read)(t_lod_file_adapter* this, uchar* buf, uint len)",
0x559390,sub_559390,,,
0x559420,std::pair_const_char_ptr_LODFile_::construct,,"std::pair_const_char_ptr_LODFile_* (__thiscall std::pair_const_char_ptr_LODFile_::construct)(std::pair_const_char_ptr_LODFile_* this, int8* filename)",
0x559440,sub_559440,,,
0x559460,std::pair_const_char_ptr_LODFile_::destructor,,void (__thiscall std::pair_const_char_ptr_LODFile_::destructor)(std::pair_const_char_ptr_LODFile_* this),
0x559470,sub_559470,,,
0x5594a0,sub_5594A0,,,
0x5594f0,sub_5594F0,,,
0x559560,init_lod_descriptors_559560,,,
0x559640,_dynamic_initializer_for__ResourceManager::resource_map_,,,
0x559670,std::map_ResourceManager::TCacheMapKey_resource_ptr__::destructor,,,
0x5596f0,?AddToCache@ResourceManager@@YAXPAVresource@@@Z,ResourceManager_AddToCache,void (__fastcall ?AddToCache@ResourceManager@@YAXPAVresource@@@Z)(resource* r),0x1594b0
0x559730,sub_559730,,void (__thiscall sub_559730)(void* this),
0x559750,ResourceManager::Error,,"void (__fastcall ResourceManager::Error)(int8* caller, EResourceType resource_type, int8* name)",
0x559c20,ResourceManager::GetSpriteError,,,
0x55a070,?RemapGraphics@ResourceManager@@YAXXZ,ResourceManager_RemapGraphics,,
0x55a260,?SaturateGraphics@ResourceManager@@YAXXZ,ResourceManager_SaturateGraphics,,
0x55a490,?Open@ResourceManager@@YA_N_N0@Z,ResourceManager_Open,"bool (__fastcall ?Open@ResourceManager@@YA_N_N0@Z)(bool open_sprites, bool open_bitmaps)",
0x55a790,sub_55A790,,,
0x55a800,?SetPath@ResourceManager@@YAXPBD@Z,ResourceManager_SetPath,void (__fastcall ?SetPath@ResourceManager@@YAXPBD@Z)(int8* Path),
0x55a8f0,?SetPixelFormat@ResourceManager@@YAXKKK@Z,ResourceManager_SetPixelFormat,"void (__fastcall ?SetPixelFormat@ResourceManager@@YAXKKK@Z)(uint red_mask, uint green_mask, uint blue_mask)",
0x55a9e0,sub_55A9E0,,"void* (__thiscall sub_55A9E0)(void* Memory, int8)",
0x55aa10,?GetBitmap816@ResourceManager@@YAPAVBitmap816@@PBD@Z,ResourceManager_GetBitmap816,Bitmap816* (__fastcall ?GetBitmap816@ResourceManager@@YAPAVBitmap816@@PBD@Z)(int8* name),0x15a800
0x55ae30,ResourceManager::TCacheMapKey::TCacheMapKey,,"ResourceManager::TCacheMapKey* (__thiscall ResourceManager::TCacheMapKey::TCacheMapKey)(ResourceManager::TCacheMapKey* Dest, int8* name)",
0x55ae50,?GetBitmap16@ResourceManager@@YAPAVBitmap16Bit@@PBD_N@Z,ResourceManager_GetBitmap16,Bitmap16Bit* (__fastcall ?GetBitmap16@ResourceManager@@YAPAVBitmap16Bit@@PBD_N@Z)(int8* name),0x15ac40
0x55b1e0,ResourceManager::GetBitmap16,,Bitmap16Bit* (__thiscall ResourceManager::GetBitmap16)(int8* Source),
0x55b270,LoadPalette,,TPalette16* (__thiscall LoadPalette)(int8* Source),
0x55b5f0,?GetPalette@ResourceManager@@YAPAVTPalette16@@PBD_N@Z,ResourceManager_GetPalette,TPalette16* (__fastcall ?GetPalette@ResourceManager@@YAPAVTPalette16@@PBD_N@Z)(int8* name),
0x55b680,?GetPalette24@ResourceManager@@YAPAVTPalette24@@PBD@Z,ResourceManager_GetPalette24,TPalette24* (__fastcall ?GetPalette24@ResourceManager@@YAPAVTPalette24@@PBD@Z)(int8* name),0x15b470
0x55b960,ResourceManager::GetFont,,"int8* (__fastcall ResourceManager::GetFont)(int8* filename, t_lod_file_adapter* stream, uint filesize)",
0x55bae0,_ResourceManager::GetFont,,font* (__fastcall _ResourceManager::GetFont)(int8* name),0x15b8d0
0x55bd10,?GetFont@ResourceManager@@YAPAVfont@@PBD@Z,ResourceManager_GetFont,font* (__thiscall ?GetFont@ResourceManager@@YAPAVfont@@PBD@Z)(int8* Str1),
0x55bda0,LoadTXTfromDATAorLod,,TTextResource* (__thiscall LoadTXTfromDATAorLod)(int8* Source),
0x55bfe0,?GetText@ResourceManager@@YAPAVTTextResource@@PBD@Z,ResourceManager_GetText,TTextResource* (__fastcall ?GetText@ResourceManager@@YAPAVTTextResource@@PBD@Z)(int8* Source),
0x55c070,ResourceManager::GetSpreadsheet,,TSpreadsheetResource* (__thiscall ResourceManager::GetSpreadsheet)(int8* name),
0x55c2b0,?GetSpreadsheet@ResourceManager@@YAPAVTSpreadsheetResource@@PBD@Z,ResourceManager_GetSpreadsheet,TSpreadsheetResource* (__thiscall ?GetSpreadsheet@ResourceManager@@YAPAVTSpreadsheetResource@@PBD@Z)(int8* name),
0x55c340,?GetSoundFile@ResourceManager@@YA_NPADAAPAXAAPAUSoundHeaderStruct@@AAH@Z,ResourceManager_GetSoundFile,"bool (__fastcall ?GetSoundFile@ResourceManager@@YA_NPADAAPAXAAPAUSoundHeaderStruct@@AAH@Z)(int8* localName, void* ptr, void** data)",
0x55c5d0,GetSample,,sample* (__thiscall GetSample)(int8* name),
0x55c930,?GetSample@ResourceManager@@YAPAVsample@@PBD@Z,ResourceManager_GetSample,sample* (__fastcall ?GetSample@ResourceManager@@YAPAVsample@@PBD@Z)(int8* name),
0x55c9c0,?GetSprite@ResourceManager@@YAPAVCSprite@@PBD@Z,ResourceManager_GetSprite,CSprite* (__fastcall ?GetSprite@ResourceManager@@YAPAVCSprite@@PBD@Z)(int8* name),0x15c7b0
0x55d110,?GetBackdrop@ResourceManager@@YAXPBDPAVBitmap16Bit@@@Z,ResourceManager_GetBackdrop,"void (__fastcall ?GetBackdrop@ResourceManager@@YAXPBDPAVBitmap16Bit@@@Z)(int8* resName, Bitmap16Bit* destBmap)",0x15cf00
0x55d160,?PointToSpriteResource@ResourceManager@@YA_NPBD@Z,ResourceManager_PointToSpriteResource,LODFile* (__thiscall ?PointToSpriteResource@ResourceManager@@YA_NPBD@Z)(int8* name),
0x55d1f0,?PointToBitmapResource@ResourceManager@@YA_NPBD@Z,ResourceManager_PointToBitmapResource,LODFile* (__thiscall ?PointToBitmapResource@ResourceManager@@YA_NPBD@Z)(int8* name),
0x55d280,?GetBitmapResourceSize@ResourceManager@@YAHPBD@Z,ResourceManager_GetBitmapResourceSize,int (__thiscall ?GetBitmapResourceSize@ResourceManager@@YAHPBD@Z)(int8* name),0x15d070
0x55d2e0,?ReadFromBitmapResource@ResourceManager@@YAHPAXH@Z,ResourceManager_ReadFromBitmapResource,"int (__fastcall ?ReadFromBitmapResource@ResourceManager@@YAHPAXH@Z)(LODFile* lod, uchar* data, int numBytes)",0x15d0d0
0x55d300,resource::Dispose,,void (__thiscall resource::Dispose)(resource* this),
0x55d3b0,CSprite::Dispose,,void (__thiscall CSprite::Dispose)(CSprite* this),
0x55d4d0,std::map_ResourceManager::TCacheMapKey_resource_ptr__::map,,void (__thiscall std::map_ResourceManager::TCacheMapKey_resource_ptr__::map)(std::map_ResourceManager::TCacheMapKey_resource_ptr__* this),
0x55d590,_std::map_ResourceManager::TCacheMapKey_resource_ptr__::insert,,"std::map_ResourceManager::TCacheMapKey_resource_ptr__::_Node* (__thiscall _std::map_ResourceManager::TCacheMapKey_resource_ptr__::insert)(std::map_ResourceManager::TCacheMapKey_resource_ptr__* this, std::map_ResourceManager::TCacheMapKey_resource_ptr__::_Node* P, std::pair_ResourceManager::TCacheMapKey_resource_ptr__* Val)",
0x55d5c0,std::map_ResourceManager::TCacheMapKey_resource_ptr__::find,,"std::map_ResourceManager::TCacheMapKey_resource_ptr__::_Node* (__thiscall std::map_ResourceManager::TCacheMapKey_resource_ptr__::find)(std::map_ResourceManager::TCacheMapKey_resource_ptr__* this, std::map_ResourceManager::TCacheMapKey_resource_ptr__::_Node* __retVal, ResourceManager::TCacheMapKey* key)",
0x55d620,sub_55D620,,"std::ofstream* (__thiscall sub_55D620)(std::ofstream* this, int8 a2, int a3)",
0x55d740,sub_55D740,,int8* (__thiscall sub_55D740)(std::ostream* this),
0x55d810,sub_55D810,,"void* (__thiscall sub_55D810)(void* this, void*)",
0x55d840,sub_55D840,,"int (__thiscall sub_55D840)(int this, int)",
0x55d9f0,sub_55D9F0,,"int (__thiscall sub_55D9F0)(int this, int)",
0x55da50,sub_55DA50,,int (__thiscall sub_55DA50)(int this),
0x55dab0,sub_55DAB0,,"void* (__thiscall sub_55DAB0)(int this, void*, int, int, int8)",
0x55dc10,sub_55DC10,,"void* (__thiscall sub_55DC10)(int this, void*, int, int, int, int, int, int, int8)",
0x55dcf0,sub_55DCF0,,,
0x55dd10,sub_55DD10,,"int8* (__thiscall sub_55DD10)(std::ios_base* this, int8)",
0x55dd40,sub_55DD40,,"void* (__thiscall sub_55DD40)(void* Memory, int8)",
0x55dd70,sub_55DD70,,void (__thiscall sub_55DD70)(void* this),
0x55ddf0,std::map_ResourceManager::TCacheMapKey_resource_ptr__::insert,,"std::map_ResourceManager::TCacheMapKey_resource_ptr__::_Node* (__thiscall std::map_ResourceManager::TCacheMapKey_resource_ptr__::insert)(std::map_ResourceManager::TCacheMapKey_resource_ptr__* this, std::map_ResourceManager::TCacheMapKey_resource_ptr__::_Node* P, std::pair_ResourceManager::TCacheMapKey_resource_ptr__* Val)",
0x55df20,std::_Xtree_ResourceManager::TCacheMapKey_::erase,,"std::map_ResourceManager::TCacheMapKey_resource_ptr__::_Node* (__thiscall std::_Xtree_ResourceManager::TCacheMapKey_::erase)(std::map_ResourceManager::TCacheMapKey_resource_ptr__* this, std::map_ResourceManager::TCacheMapKey_resource_ptr__::_Node* __retVal, std::map_ResourceManager::TCacheMapKey_resource_ptr__::_Node* _P)",
0x55e430,std::map_ResourceManager::TCacheMapKey_resource_ptr__::erase,,"std::map_ResourceManager::TCacheMapKey_resource_ptr__::_Node** (__thiscall std::map_ResourceManager::TCacheMapKey_resource_ptr__::erase)(std::map_ResourceManager::TCacheMapKey_resource_ptr__* this, std::map_ResourceManager::TCacheMapKey_resource_ptr__::_Node**, std::map_ResourceManager::TCacheMapKey_resource_ptr__::_Node*, std::map_ResourceManager::TCacheMapKey_resource_ptr__::_Node*)",
0x55e560,std::_Xtree_ResourceManager::TCacheMapKey_::find,,"std::map_ResourceManager::TCacheMapKey_resource_ptr__::_Node* (__thiscall std::_Xtree_ResourceManager::TCacheMapKey_::find)(std::map_ResourceManager::TCacheMapKey_resource_ptr__* this, std::map_ResourceManager::TCacheMapKey_resource_ptr__::_Node* retVal, ResourceManager::TCacheMapKey* key)",
0x55e5c0,sub_55E5C0,,void (__thiscall sub_55E5C0)(int* this),
0x55e670,sub_55E670,,"std::locale* (__thiscall sub_55E670)(std::locale* this, int8)",
0x55e770,sub_55E770,,"void* (__thiscall sub_55E770)(int this, int, int, int)",
0x55e7a0,sub_55E7A0,,"void* (__thiscall sub_55E7A0)(int this, void*)",
0x55e970,sub_55E970,,"int8** (__thiscall sub_55E970)(void* this, int8**, int8* Str2)",
0x55e990,std::_Xtree_ResourceManager::TCacheMapKey_::_Erase,,"void (__thiscall std::_Xtree_ResourceManager::TCacheMapKey_::_Erase)(void* this, std::map_ResourceManager::TCacheMapKey_resource_ptr__::_Node* x)",
0x55ea10,std::_Xtree_ResourceManager::TCacheMapKey_::_Insert,,"int* (__thiscall std::_Xtree_ResourceManager::TCacheMapKey_::_Insert)(std::map_ResourceManager::TCacheMapKey_resource_ptr__* this, std::map_ResourceManager::TCacheMapKey_resource_ptr__::_Node* X, std::map_ResourceManager::TCacheMapKey_resource_ptr__::_Node* Y, std::pair_ResourceManager::TCacheMapKey_resource_ptr__* Val)",
0x55ed20,sub_55ED20,,"void* (__thiscall sub_55ED20)(int this, void*, int allocation_size, int)",
0x55ee00,std::_Xtree_ResourceManager::TCacheMapKey_::_Lbound,,"std::map_ResourceManager::TCacheMapKey_resource_ptr__::_Node* (__thiscall std::_Xtree_ResourceManager::TCacheMapKey_::_Lbound)(std::map_ResourceManager::TCacheMapKey_resource_ptr__* this, ResourceManager::TCacheMapKey* key)",
0x55ee60,sub_55EE60,,void (__thiscall sub_55EE60)(std::map_ResourceManager::TCacheMapKey_resource_ptr__* this),
0x55ef20,sub_55EF20,,,
0x55ef40,sub_55EF40,,"void* (__thiscall sub_55EF40)(void* this, void*, void*)",
0x55ef60,sub_55EF60,,,
0x55efc0,sub_55EFC0,,,
0x55efe0,unknown_libname_22,,,
0x55eff0,sub_55EFF0,,,
0x55f000,sub_55F000,,"int (__thiscall sub_55F000)(void** this, int, int)",
0x55f020,sub_55F020,,"int (__thiscall sub_55F020)(void** this, int, int)",
0x55f060,sub_55F060,,"int (__thiscall sub_55F060)(void** this, int)",
0x55f080,sub_55F080,,"void* (__thiscall sub_55F080)(void* this, int, int, void*)",
0x55f100,sub_55F100,,"void* (__thiscall sub_55F100)(void* Memory, int8)",
0x55f130,sub_55F130,,void (__thiscall sub_55F130)(void* this),
0x55f140,sub_55F140,,,
0x55f160,sub_55F160,,,
0x55f1c0,sub_55F1C0,,,
0x55f220,sub_55F220,,,
0x55f290,sub_55F290,,,
0x55f2f0,sub_55F2F0,,,
0x55f350,sub_55F350,,,
0x55f3b0,sub_55F3B0,,,
0x55f410,sub_55F410,,,
0x55f470,sub_55F470,,,
0x55f4d0,sub_55F4D0,,,
0x55f530,sub_55F530,,,
0x55f550,unknown_libname_23,,,
0x55f560,sub_55F560,,,
0x55f570,sub_55F570,,"int (__thiscall sub_55F570)(void* this, int, int)",
0x55f5b0,sub_55F5B0,,"BOOL (__thiscall sub_55F5B0)(void** this, int)",
0x55f5e0,sub_55F5E0,,"int (__thiscall sub_55F5E0)(void** this, int)",
0x55f600,sub_55F600,,"void* (__thiscall sub_55F600)(void* this, int, int, void*)",
0x55f680,sub_55F680,,"void* (__thiscall sub_55F680)(void* Memory, int8)",
0x55f6b0,sub_55F6B0,,void (__thiscall sub_55F6B0)(void* this),
0x55f6c0,sub_55F6C0,,,
0x55f6e0,sub_55F6E0,,,
0x55f740,sub_55F740,,,
0x55f7a0,sub_55F7A0,,,
0x55f810,sub_55F810,,,
0x55f870,sub_55F870,,,
0x55f8d0,sub_55F8D0,,,
0x55f930,sub_55F930,,,
0x55f990,sub_55F990,,,
0x55f9f0,sub_55F9F0,,,
0x55fa50,sub_55FA50,,,
0x55fab0,sub_55FAB0,,,
0x55fb10,sub_55FB10,,,
0x55fb70,sub_55FB70,,,
0x55fbe0,sub_55FBE0,,,
0x55fc40,sub_55FC40,,,
0x55fca0,sub_55FCA0,,,
0x55fd00,sub_55FD00,,,
0x55fd60,sub_55FD60,,,
0x55fdc0,sub_55FDC0,,,
0x55fe20,sub_55FE20,,,
0x55fe80,?set@type_artifact_offering@@QAAXABUtype_artifact@@W4TArtifactSlot@@PBVhero@@@Z,type_artifact_offering_set,"int64 (__thiscall ?set@type_artifact_offering@@QAAXABUtype_artifact@@W4TArtifactSlot@@PBVhero@@@Z)(void* this, void*, int, hero*)",
0x55ff30,sub_55FF30,,"void* (__thiscall sub_55FF30)(void* Memory, int8)",
0x55ff60,sub_55FF60,,void (__thiscall sub_55FF60)(iconWidget* this),
0x55ff70,sub_55FF70,,"int8 (__thiscall sub_55FF70)(int this, int8, int8*)",
0x55ffa0,?handle_click@type_backpack_slot_widget@@UAA_N_N0@Z,type_backpack_slot_widget_handle_click,"bool (__thiscall ?handle_click@type_backpack_slot_widget@@UAA_N_N0@Z)(type_backpack_slot_widget* this, bool down_click, bool right_click)",
0x55ffd0,??_Etype_backpack_slot_widget@@UAAPAXI@Z,op_Etype_backpack_slot_widget,"void* (__thiscall ??_Etype_backpack_slot_widget@@UAAPAXI@Z)(void* Memory, int8)",
0x560000,?handle_click@type_artifact_offering_widget@@UAA_N_N0@Z,type_artifact_offering_widget_handle_click,"int8 (__fastcall ?handle_click@type_artifact_offering_widget@@UAA_N_N0@Z)(type_artifact_offering_widget* this, bool a2, bool a3, bool right_click)",
0x560030,sub_560030,,"int8 (__thiscall sub_560030)(type_sacrifice_window* this, int8 a2, int a3)",
0x560060,??0type_sacrifice_window@@QAA@PAVhero@@H@Z,type_sacrifice_window_ctor,"int (__thiscall ??0type_sacrifice_window@@QAA@PAVhero@@H@Z)(type_sacrifice_window* this, hero* new_hero, int current_player)",
0x5605e0,sub_5605E0,,"type_sacrifice_window* (__thiscall sub_5605E0)(type_sacrifice_window* Memory, int8)",
0x560610,?create_artifact_widgets@type_sacrifice_window@@AAAXAAJH@Z,type_sacrifice_window_create_artifact_widgets,"int (__thiscall ?create_artifact_widgets@type_sacrifice_window@@AAAXAAJH@Z)(type_sacrifice_window* this, int8* textString, int i)",
0x561380,?create_creature_widgets@type_sacrifice_window@@AAAXAAJH@Z,type_sacrifice_window_create_creature_widgets,"void (__thiscall ?create_creature_widgets@type_sacrifice_window@@AAAXAAJH@Z)(int this, int* a2, type_func_button* func_button)",
0x562200,sub_562200,,"int (__thiscall sub_562200)(void** this, int x, int y, int, int, int, int*, int, int, textWidget**, int8)",
0x562630,??1type_sacrifice_window@@UAA@XZ,type_sacrifice_window_dtor,void (__thiscall ??1type_sacrifice_window@@UAA@XZ)(type_sacrifice_window* this),
0x562790,?update_experience@type_sacrifice_window@@AAAXXZ,type_sacrifice_window_update_experience,void (__thiscall ?update_experience@type_sacrifice_window@@AAAXXZ)(type_sacrifice_window* this),
0x5628f0,sub_5628F0,,,
0x562ad0,?update_slot@type_sacrifice_window@@AAAXW4TArtifactSlot@@@Z,type_sacrifice_window_update_slot,"void (__thiscall ?update_slot@type_sacrifice_window@@AAAXW4TArtifactSlot@@@Z)(type_sacrifice_window* this, TArtifactSlot slot)",
0x562c40,?set_visible@widget@@QAAX_N@Z,widget_set_visible,"int (__thiscall ?set_visible@widget@@QAAX_N@Z)(widget* this, int8 arg)",0x1629b0
0x562c70,?update_all_slots@type_sacrifice_window@@AAAXXZ,type_sacrifice_window_update_all_slots,void (__thiscall ?update_all_slots@type_sacrifice_window@@AAAXXZ)(type_sacrifice_window* this),
0x562cb0,?set_artifact_mode@type_sacrifice_window@@AAAXXZ,type_sacrifice_window_set_artifact_mode,void (__thiscall ?set_artifact_mode@type_sacrifice_window@@AAAXXZ)(type_sacrifice_window* this),
0x562f00,update_offering,,"void (__fastcall update_offering)(widget* this, widget* w, type_artifact_offering* offering)",
0x563030,sub_563030,,"void (__thiscall sub_563030)(void* this, int)",
0x5633e0,?set_creature_mode@type_sacrifice_window@@AAAXXZ,type_sacrifice_window_set_creature_mode,void (__thiscall ?set_creature_mode@type_sacrifice_window@@AAAXXZ)(type_sacrifice_window* this),
0x563530,?artifact_click@type_sacrifice_window@@QAAXW4TArtifactSlot@@_N@Z,type_sacrifice_window_artifact_click,"void (__thiscall ?artifact_click@type_sacrifice_window@@QAAXW4TArtifactSlot@@_N@Z)(type_sacrifice_window* this, TArtifactSlot slot, bool right_click)",
0x563950,?backpack_click@type_sacrifice_window@@QAAXJ_N@Z,type_sacrifice_window_backpack_click,"void (__thiscall ?backpack_click@type_sacrifice_window@@QAAXJ_N@Z)(type_sacrifice_window* this, int slot, bool right_click)",
0x563c70,update_artifact_widget,,"void (__fastcall update_artifact_widget)(widget* w, int art_type, int art_spell)",
0x563cd0,sub_563CD0,,"void (__thiscall sub_563CD0)(type_sacrifice_window* this, int a2)",
0x563d10,?offering_click@type_sacrifice_window@@QAAXJ_N@Z,type_sacrifice_window_offering_click,"void (__thiscall ?offering_click@type_sacrifice_window@@QAAXJ_N@Z)(type_sacrifice_window* this, int slot, bool right_click)",
0x564030,sub_564030,,,
0x564190,sub_564190,,,
0x5642f0,?empty_backpack@type_sacrifice_window@@CAHAAUmessage@@@Z,type_sacrifice_window_empty_backpack,int (__fastcall ?empty_backpack@type_sacrifice_window@@CAHAAUmessage@@@Z)(message* msg),
0x5645d0,?all_artifacts@type_sacrifice_window@@CAHAAUmessage@@@Z,type_sacrifice_window_all_artifacts,int (__fastcall ?all_artifacts@type_sacrifice_window@@CAHAAUmessage@@@Z)(message* msg),
0x564930,?sacrifice@type_sacrifice_window@@CAHAAUmessage@@@Z,type_sacrifice_window_sacrifice,int (__fastcall ?sacrifice@type_sacrifice_window@@CAHAAUmessage@@@Z)(message* msg),
0x564ba0,?sacrifice_creatures@type_sacrifice_window@@CAHAAUmessage@@@Z,type_sacrifice_window_sacrifice_creatures,int (__fastcall ?sacrifice_creatures@type_sacrifice_window@@CAHAAUmessage@@@Z)(message* msg),
0x564d10,sub_564D10,,,
0x564e90,?set_creature_sacrifice@type_sacrifice_window@@AAAXJJ@Z,type_sacrifice_window_set_creature_sacrifice,"void (__thiscall ?set_creature_sacrifice@type_sacrifice_window@@AAAXJJ@Z)(type_sacrifice_window* this, int slot, int amount)",
0x564f80,?all_creatures@type_sacrifice_window@@CAHAAUmessage@@@Z,type_sacrifice_window_all_creatures,int (__fastcall ?all_creatures@type_sacrifice_window@@CAHAAUmessage@@@Z)(message* msg),
0x565070,type_sacrifice_window::all_creatures,,,
0x565100,?sacrifice_artifacts@type_sacrifice_window@@CAHAAUmessage@@@Z,type_sacrifice_window_sacrifice_artifacts,int (__fastcall ?sacrifice_artifacts@type_sacrifice_window@@CAHAAUmessage@@@Z)(message* msg),
0x565270,sub_565270,,"void (__thiscall sub_565270)(int this, int, int, int8)",
0x565610,?creature_slider_change@type_sacrifice_window@@CAXHPAVheroWindow@@@Z,type_sacrifice_window_creature_slider_change,"void (__fastcall ?creature_slider_change@type_sacrifice_window@@CAXHPAVheroWindow@@@Z)(int state, type_sacrifice_window* parent_window)",
0x565640,?DoModal@type_sacrifice_window@@UAAX_N@Z,type_sacrifice_window_DoModal,"void (__thiscall ?DoModal@type_sacrifice_window@@UAAX_N@Z)(type_sacrifice_window* this, bool fadeIn)",
0x565680,sub_565680,,"int (__thiscall sub_565680)(void** this, int)",
0x5656c0,sub_5656C0,,,
0x565740,sub_565740,,"int8 (__thiscall sub_565740)(int this, int8, int8)",
0x565770,??0type_skeleton_window@@QAA@PAVarmyGroup@@@Z,type_skeleton_window_ctor,"void (__thiscall ??0type_skeleton_window@@QAA@PAVarmyGroup@@@Z)(type_skeleton_window* this, armyGroup* new_army)",
0x5661b0,sub_5661B0,,"void* (__thiscall sub_5661B0)(void* Memory, int8)",
0x5661e0,??1type_skeleton_window@@UAA@XZ,type_skeleton_window_dtor,void (__thiscall ??1type_skeleton_window@@UAA@XZ)(type_skeleton_window* this),
0x5662b0,sub_5662B0,,"void (__thiscall sub_5662B0)(type_skeleton_window* this, int8* Args, int a3)",
0x566710,sub_566710,,"void (__thiscall sub_566710)(int this, int8* Args, int, int8)",
0x566970,sub_566970,,,
0x5669a0,sub_5669A0,,,
0x5669d0,sub_5669D0,,"int (__thiscall sub_5669D0)(void** this, int)",
0x566a10,?create_creature_icons@type_skeleton_window@@AAAXJJJJJJAAJPAPAViconWidget@@1PAPAVtextWidget@@@Z,type_skeleton_window_create_creature_icons,"void (__thiscall ?create_creature_icons@type_skeleton_window@@AAAXJJJJJJAAJPAPAViconWidget@@1PAPAVtextWidget@@@Z)(type_sacrifice_window* this, int icon_x, int icon_y, int columns, int rows, int item_number, int* widget_id, iconWidget** icon_widgets, iconWidget** selection_widgets, textWidget** text_widgets)",
0x566ca0,sub_566CA0,,,
0x566de0,sub_566DE0,,,
0x566ed0,sub_566ED0,,,
0x567030,sub_567030,,,
0x567050,??0sample@@QAA@JJJ@Z,sample_ctor,"sample* (__thiscall ??0sample@@QAA@JJJ@Z)(sample* this, int8* name, int8* src, uint size, int channel, int volume, int loop)",0x166da0
0x5670e0,??_Gsample@@QAAPAXI@Z,op_Gsample,"void* (__thiscall ??_Gsample@@QAAPAXI@Z)(sample* Memory, int8 a2)",
0x567110,??1sample@@QAA@XZ,sample_dtor,void (__thiscall ??1sample@@QAA@XZ)(sample* this),0x166e60
0x567140,sub_567140,,int (__thiscall sub_567140)(sample* this),
0x567150,sub_567150,,,
0x567170,sub_567170,,,
0x5671d0,sub_5671D0,,,
0x567230,sub_567230,,,
0x5672a0,sub_5672A0,,,
0x567300,sub_567300,,,
0x567360,sub_567360,,,
0x5673c0,sub_5673C0,,,
0x567420,sub_567420,,,
0x567480,sub_567480,,,
0x5674e0,sub_5674E0,,,
0x567540,??0CScenarioInfoDlg@@QAA@XZ,CScenarioInfoDlg_ctor,void (__thiscall ??0CScenarioInfoDlg@@QAA@XZ)(CScenarioInfoDlg* this),
0x569650,?Draw@CAdvancedOption@@UBAXXZ,CAdvancedOption_Draw,void (__thiscall ?Draw@CAdvancedOption@@UBAXXZ)(CAdvancedOption* this),
0x5699f0,?Main@CAdvancedOption@@UAAHAAUmessage@@@Z,CAdvancedOption_Main,"int (__thiscall ?Main@CAdvancedOption@@UAAHAAUmessage@@@Z)(CAdvancedOption* this, message* msg)",
0x569a00,??_GCAdvancedOption@@UAAPAXI@Z,op_GCAdvancedOption,"void* (__thiscall ??_GCAdvancedOption@@UAAPAXI@Z)(void* Memory, int8)",
0x569a30,sub_569A30,,void (__thiscall sub_569A30)(int this),
0x569a90,sub_569A90,,"void* (__thiscall sub_569A90)(void* Memory, int8)",
0x569ac0,sub_569AC0,,void (__thiscall sub_569AC0)(int this),
0x569b60,?OnWidgetDeselect@CScenarioInfoDlg@@UAAHHAA_N@Z,CScenarioInfoDlg_OnWidgetDeselect,"int (__thiscall ?OnWidgetDeselect@CScenarioInfoDlg@@UAAHHAA_N@Z)(CScenarioInfoDlg* this, int id, bool* bExitFlag)",
0x569b80,sub_569B80,,game* (__thiscall sub_569B80)(heroWindow* this),
0x569c80,?ProcessRightSelect@CScenarioInfoDlg@@UAA_NH@Z,CScenarioInfoDlg_ProcessRightSelect,"bool (__thiscall ?ProcessRightSelect@CScenarioInfoDlg@@UAA_NH@Z)(CScenarioInfoDlg* this, int id)",
0x569fa0,j_??1TDialogBox@@UAA@XZ,,,
0x569fb0,sub_569FB0,,,
0x569fd0,sub_569FD0,,,
0x56a030,sub_56A030,,,
0x56a090,sub_56A090,,,
0x56a100,sub_56A100,,,
0x56a160,sub_56A160,,,
0x56a1c0,sub_56A1C0,,,
0x56a220,sub_56A220,,,
0x56a280,sub_56A280,,,
0x56a2e0,sub_56A2E0,,,
0x56a340,sub_56A340,,,
0x56a3a0,?BuildPath@searchArray@@QAAHPBVhero@@J@Z,searchArray_BuildPath,"int (__thiscall ?BuildPath@searchArray@@QAAHPBVhero@@J@Z)(searchArray* this, hero* current_hero, int limit)",0x16a0d0
0x56a630,?check_adjacent_monster@@YA_NPBVhero@@AAUpathCell@@W4type_search_type@@@Z,check_adjacent_monster,"bool (__fastcall ?check_adjacent_monster@@YA_NPBVhero@@AAUpathCell@@W4type_search_type@@@Z)(hero* current_hero, pathCell* entry_point, type_search_type search_type)",
0x56a6d0,?enter_lith@searchArray@@AAAXPBVhero@@ABV?$vector@Utype_point@@V?$allocator@Utype_point@@@std@@@std@@JJAAUpathCell@@JW4type_search_type@@@Z,searchArray_enter_lith,"void (__thiscall ?enter_lith@searchArray@@AAAXPBVhero@@ABV?$vector@Utype_point@@V?$allocator@Utype_point@@@std@@@std@@JJAAUpathCell@@JW4type_search_type@@@Z)(searchArray* this, hero* current_hero, std::vector* list, int cell_type, int excluded, pathCell* entry_point, int limit, type_search_type search_type)",
0x56aa00,?enter_gate@searchArray@@AAAXABUpathCell@@PBVNewmapCell@@J@Z,searchArray_enter_gate,"void (__thiscall ?enter_gate@searchArray@@AAAXABUpathCell@@PBVNewmapCell@@J@Z)(searchArray* this, pathCell* cell, NewmapCell* map_cell, int limit)",
0x56ab20,?enter_town@searchArray@@AAAXPBVhero@@JABUpathCell@@JW4type_search_type@@@Z,searchArray_enter_town,"void (__thiscall ?enter_town@searchArray@@AAAXPBVhero@@JABUpathCell@@JW4type_search_type@@@Z)(searchArray* this, hero* current_hero, int start_town, pathCell* path_cell, int limit, type_search_type search_type)",
0x56ada0,?enter_hostile_trigger@searchArray@@AAA_NPBVhero@@AAUpathCell@@@Z,searchArray_enter_hostile_trigger,"bool (__thiscall ?enter_hostile_trigger@searchArray@@AAA_NPBVhero@@AAUpathCell@@@Z)(searchArray* this, hero* current_hero, pathCell* cell)",
0x56ae10,?enter_trigger@searchArray@@AAA_NPBVhero@@AAUpathCell@@JW4type_search_type@@@Z,searchArray_enter_trigger,"bool (__thiscall ?enter_trigger@searchArray@@AAA_NPBVhero@@AAUpathCell@@JW4type_search_type@@@Z)(searchArray* this, hero* current_hero, pathCell* entry_point, int limit, type_search_type search_type)",
0x56b320,?check_town_portal@searchArray@@AAAXPBVhero@@ABUpathCell@@J@Z,searchArray_check_town_portal,"void (__thiscall ?check_town_portal@searchArray@@AAAXPBVhero@@ABUpathCell@@J@Z)(searchArray* this, hero* current_hero, pathCell* start_cell, int maxMobility)",
0x56b710,?SeedPosition@searchArray@@QAAXPAVhero@@Utype_point@@1H_NW4type_search_type@@H2@Z,searchArray_SeedPosition,"void (__thiscall ?SeedPosition@searchArray@@QAAXPAVhero@@Utype_point@@1H_NW4type_search_type@@H2@Z)(searchArray* this, hero* current_hero, type_point start, type_point target, int maxMobility, bool is_boat, type_search_type search_type, int iCurTempMobility, type_point next_cell)",0x16b440
0x56c000,sub_56C000,,"void* (__thiscall sub_56C000)(void* this, void*, int*)",
0x56c040,sub_56C040,,,
0x56c060,sub_56C060,,,
0x56c090,sub_56C090,,,
0x56c0b0,SeerHutText::SeerHutText,,void (__thiscall SeerHutText::SeerHutText)(SeerHutText* this),
0x56c110,SeerHutText::destructor,,void (__thiscall SeerHutText::destructor)(SeerHutText* this),
0x56c1a0,QuestText::QuestText,,void (__thiscall QuestText::QuestText)(QuestText* this),
0x56c200,QuestText::destructor,,void (__thiscall QuestText::destructor)(QuestText* this),
0x56c300,sub_56C300,,,
0x56c330,sub_56C330,,,
0x56c350,sub_56C350,,,
0x56c380,sub_56C380,,,
0x56c3f0,InitSeerHutText,,"void (__fastcall InitSeerHutText)(TSpreadsheetResource* spreadsheet, SeerHutText* text, int pos)",
0x56c6a0,sub_56C6A0,,,
0x56c6b0,?InitializeSeerHutText@@YA_NXZ,InitializeSeerHutText,,
0x56c840,sub_56C840,,,
0x56c860,sub_56C860,,,
0x56c8c0,sub_56C8C0,,,
0x56c920,sub_56C920,,,
0x56c990,sub_56C990,,,
0x56c9f0,sub_56C9F0,,,
0x56ca50,sub_56CA50,,,
0x56cab0,sub_56CAB0,,,
0x56cb10,sub_56CB10,,,
0x56cb70,sub_56CB70,,,
0x56cbd0,sub_56CBD0,,,
0x56cc30,sub_56CC30,,,
0x56ce50,type_quest::type_quest,,"type_experience_quest* (__thiscall type_quest::type_quest)(type_experience_quest* this, bool is_seer_hut)",
0x56ceb0,type_quest::scalar_deleting_destructor,,"void (__thiscall type_quest::scalar_deleting_destructor)(type_quest* _this, int8 flag)",
0x56cee0,type_quest::destructor,,void (__thiscall type_quest::destructor)(type_quest* this),
0x56cf80,type_quest::available,,bool (__thiscall type_quest::available)(type_quest* this),
0x56cfd0,type_quest::load,,"void (__thiscall type_quest::load)(type_quest* this, TAbstractFile* infile, int version)",
0x56d120,type_quest::read,,"void (__thiscall type_quest::read)(type_quest* this, TAbstractFile* infile)",
0x56d240,sub_56D240,,"int (__thiscall sub_56D240)(type_quest* this, TAbstractFile* a2)",
0x56d310,type_quest::get_time_limit_text,,"std::string* (__thiscall type_quest::get_time_limit_text)(type_quest* this, std::string* retstr)",
0x56d510,sub_56D510,,"std::string* (__thiscall sub_56D510)(type_quest* this, std::string*)",
0x56d5e0,sub_56D5E0,,"std::string* (__thiscall sub_56D5E0)(type_quest* this, std::string*)",
0x56d6b0,sub_56D6B0,,"int8* (__thiscall sub_56D6B0)(void* this, int8* s)",
0x56d6e0,sub_56D6E0,,"int8* (__thiscall sub_56D6E0)(void* this, int8* s)",
0x56d760,sub_56D760,,"BOOL (__thiscall sub_56D760)(void* this, int)",
0x56d780,sub_56D780,,"void (__thiscall sub_56D780)(void* this, int)",
0x56d820,sub_56D820,,void (__thiscall sub_56D820)(void* this),
0x56d8c0,sub_56D8C0,,"void (__thiscall sub_56D8C0)(type_experience_quest* this, void* a2, int a3)",
0x56d900,sub_56D900,,void (__thiscall sub_56D900)(int8* this),
0x56db40,sub_56DB40,,"int (__thiscall sub_56DB40)(int8* this, int)",
0x56db70,sub_56DB70,,"int8* (__thiscall sub_56DB70)(int this, int8* s)",
0x56dc50,sub_56DC50,,"int8 (__thiscall sub_56DC50)(int8* this, int)",
0x56dcb0,sub_56DCB0,,,
0x56df40,sub_56DF40,,void (__thiscall sub_56DF40)(int8* this),
0x56e040,sub_56E040,,"void (__thiscall sub_56E040)(int8* this, void*, int)",
0x56e070,sub_56E070,,"void (__thiscall sub_56E070)(void* this, void*)",
0x56e0a0,sub_56E0A0,,"int (__thiscall sub_56E0A0)(int this, int*)",
0x56e180,sub_56E180,,"int (__thiscall sub_56E180)(int8* this, int, int)",
0x56e2b0,sub_56E2B0,,void (__thiscall sub_56E2B0)(int this),
0x56e420,sub_56E420,,"void* (__thiscall sub_56E420)(void* Memory, int8)",
0x56e450,sub_56E450,,"int (__thiscall sub_56E450)(void* this, int)",
0x56e550,sub_56E550,,"int8* (__thiscall sub_56E550)(void* this, int8* s)",
0x56e5e0,sub_56E5E0,,"bool (__thiscall sub_56E5E0)(void* this, int)",
0x56e610,sub_56E610,,"void (__thiscall sub_56E610)(void* this, int)",
0x56e6b0,sub_56E6B0,,void (__thiscall sub_56E6B0)(void* this),
0x56e750,sub_56E750,,"void* (__thiscall sub_56E750)(void* this, int, int)",
0x56e780,sub_56E780,,"void (__thiscall sub_56E780)(void* this, void*, int)",
0x56e7f0,sub_56E7F0,,"void (__thiscall sub_56E7F0)(void* this, void*)",
0x56e820,sub_56E820,,,
0x56e920,sub_56E920,,void (__thiscall sub_56E920)(int8* this),
0x56ebc0,sub_56EBC0,,"int (__thiscall sub_56EBC0)(void* this, int)",
0x56ecc0,sub_56ECC0,,"int8* (__thiscall sub_56ECC0)(void* this, int8* s)",
0x56ed50,sub_56ED50,,"bool (__thiscall sub_56ED50)(void* this, int)",
0x56ed80,sub_56ED80,,"void (__thiscall sub_56ED80)(void* this, int)",
0x56ee20,sub_56EE20,,void (__thiscall sub_56EE20)(void* this),
0x56eec0,sub_56EEC0,,"int16 (__thiscall sub_56EEC0)(int this, int, int)",
0x56ef10,sub_56EF10,,"void (__thiscall sub_56EF10)(void* this, void*, int)",
0x56ef70,sub_56EF70,,"int (__thiscall sub_56EF70)(int this, int*)",
0x56f070,sub_56F070,,void (__thiscall sub_56F070)(void* this),
0x56f5f0,type_artifact_quest::scalar_deleting_destructor,,"void** (__thiscall type_artifact_quest::scalar_deleting_destructor)(void** Memory, int8)",
0x56f620,type_artifact_quest::destructor,,void (__thiscall type_artifact_quest::destructor)(type_artifact_quest* this),
0x56f6f0,type_artifact_quest::ai_value,,"int (__thiscall type_artifact_quest::ai_value)(type_artifact_quest* this, int player_id)",
0x56f740,type_artifact_quest::get_quest_text,,"int (__thiscall type_artifact_quest::get_quest_text)(void* this, int)",
0x56f880,type_artifact_quest::get_help_text,,"int8* (__thiscall type_artifact_quest::get_help_text)(void* this, int8* s)",
0x56f950,type_artifact_quest::can_complete,,"int8 (__thiscall type_artifact_quest::can_complete)(void* this, hero*)",
0x56f9b0,type_artifact_quest::complete,,"int (__thiscall type_artifact_quest::complete)(void* this, hero*)",
0x56f9f0,type_artifact_quest::do_progress_dialog,,"void (__thiscall type_artifact_quest::do_progress_dialog)(void* this, hero*)",
0x56fd10,type_artifact_quest::do_proposal_dialog,,void (__thiscall type_artifact_quest::do_proposal_dialog)(void* this),
0x56fe00,type_artifact_quest::read,,"void (__thiscall type_artifact_quest::read)(type_artifact_quest* this, void* a2, int a3)",
0x56fff0,type_artifact_quest::load,,"void (__thiscall type_artifact_quest::load)(void* this, void*)",
0x5701f0,type_artifact_quest::write,,"int (__thiscall type_artifact_quest::write)(type_artifact_quest* this, TAbstractFile* outfile)",
0x570320,type_artifact_quest::init,,void (__thiscall type_artifact_quest::init)(type_artifact_quest* this),
0x5704c0,sub_5704C0,,"void** (__thiscall sub_5704C0)(void** Memory, int8)",
0x5704f0,sub_5704F0,,void (__thiscall sub_5704F0)(void** this),
0x5705d0,sub_5705D0,,"int (__thiscall sub_5705D0)(void* this, int)",
0x570630,sub_570630,,"int (__thiscall sub_570630)(void* this, int)",
0x5707e0,sub_5707E0,,"int8* (__thiscall sub_5707E0)(void* this, int8* s)",
0x5708b0,sub_5708B0,,"int8 (__thiscall sub_5708B0)(void* this, int)",
0x570910,sub_570910,,"int (__thiscall sub_570910)(void* this, int)",
0x5709d0,sub_5709D0,,"void (__thiscall sub_5709D0)(void* this, int)",
0x570cd0,sub_570CD0,,void (__thiscall sub_570CD0)(type_quest* this),
0x570fb0,sub_570FB0,,,
0x5711c0,sub_5711C0,,,
0x5713d0,sub_5713D0,,"int (__thiscall sub_5713D0)(int this, int*)",
0x571510,sub_571510,,void (__thiscall sub_571510)(void* this),
0x571680,sub_571680,,"int (__thiscall sub_571680)(int* this, int player_id)",
0x5716a0,sub_5716A0,,"int (__thiscall sub_5716A0)(void* this, int)",
0x571800,sub_571800,,"int8* (__thiscall sub_571800)(void* this, int8* s)",
0x5718d0,sub_5718D0,,"int8 (__thiscall sub_5718D0)(int* this, int)",
0x571920,sub_571920,,"int* (__thiscall sub_571920)(void* this, int)",
0x571960,sub_571960,,"void (__thiscall sub_571960)(void* this, int)",
0x571c00,sub_571C00,,void (__thiscall sub_571C00)(int* this),
0x571ca0,sub_571CA0,,"void (__thiscall sub_571CA0)(int8* this, void*, int)",
0x571cd0,sub_571CD0,,"void (__thiscall sub_571CD0)(void* this, void*)",
0x571d00,sub_571D00,,"int (__thiscall sub_571D00)(int this, int*)",
0x571de0,sub_571DE0,,void (__thiscall sub_571DE0)(int* this),
0x572020,sub_572020,,"BOOL (__thiscall sub_572020)(void* this, int)",
0x572040,sub_572040,,"void (__thiscall sub_572040)(void* this, int)",
0x5720e0,sub_5720E0,,void (__thiscall sub_5720E0)(void* this),
0x572180,sub_572180,,"int (__thiscall sub_572180)(void* this, int)",
0x572280,sub_572280,,"int8* (__thiscall sub_572280)(void* this, int8* s)",
0x572310,sub_572310,,"void (__thiscall sub_572310)(void* this, void*, int)",
0x572340,sub_572340,,,
0x572430,sub_572430,,void (__thiscall sub_572430)(void* this),
0x5726b0,sub_5726B0,,void (__thiscall sub_5726B0)(void* this),
0x572750,sub_572750,,"BOOL (__thiscall sub_572750)(void* this, int)",
0x572770,sub_572770,,"void (__thiscall sub_572770)(void* this, int)",
0x572810,sub_572810,,void (__thiscall sub_572810)(void* this),
0x5728b0,sub_5728B0,,,
0x5728d0,sub_5728D0,,"int8* (__thiscall sub_5728D0)(void* this, int8*)",
0x572a70,sub_572A70,,"void (__thiscall sub_572A70)(void* this, void*, int)",
0x572ab0,sub_572AB0,,"void (__thiscall sub_572AB0)(void* this, void*)",
0x572af0,sub_572AF0,,"int (__thiscall sub_572AF0)(int this, void*)",
0x572bd0,sub_572BD0,,void (__thiscall sub_572BD0)(void* this),
0x572de0,TQuestGuard::TQuestGuard,,TQuestGuard* (__thiscall TQuestGuard::TQuestGuard)(TQuestGuard* this),
0x572df0,TQuestGuard::DoEvent,,"void (__thiscall TQuestGuard::DoEvent)(TQuestGuard* this, hero* current_hero, bool32 human_player, NewmapCell* eventCell, type_point point)",
0x572ff0,type_quest::get_completion_text,,"std::string* (__thiscall type_quest::get_completion_text)(type_quest* this, std::string* retstr)",
0x573130,TQuestGuard::getLogText,,"std::string* (__thiscall TQuestGuard::getLogText)(TQuestGuard* this, std::string* retstr)",0x172d60
0x573210,TQuestGuard::getQuickViewText,,"std::string* (__thiscall TQuestGuard::getQuickViewText)(TQuestGuard* this, std::string* retstr, int player)",
0x573410,TQuestGuard::getRolloverText,,"std::string* (__thiscall TQuestGuard::getRolloverText)(TQuestGuard* this, std::string* retstr, int player)",
0x573610,create_quest,,"type_quest* (__fastcall create_quest)(EQuestType quest_type, int hut)",0x173240
0x573850,TQuestGuard::load,,"void (__thiscall TQuestGuard::load)(TQuestGuard* this, TAbstractFile* infile, int version)",0x173480
0x5738b0,TQuestGuard::read,,"void (__thiscall TQuestGuard::read)(TQuestGuard* this, TAbstractFile* infile)",0x1734e0
0x5738f0,TQuestGuard::save,,"int (__thiscall TQuestGuard::save)(TQuestGuard* this, TAbstractFile* outfile)",0x173520
0x573950,??0TSeerHut@@QAA@XZ,TSeerHut_ctor,TSeerHut* (__thiscall ??0TSeerHut@@QAA@XZ)(TSeerHut* this),0x173580
0x573970,TSeerHut::getValue,,"int (__thiscall TSeerHut::getValue)(TSeerHut* this, hero* current_hero)",
0x573a40,?DoSeerEvent@TSeerHut@@QAAXPAVhero@@_N@Z,TSeerHut_DoSeerEvent,"void (__thiscall ?DoSeerEvent@TSeerHut@@QAAXPAVhero@@_N@Z)(TSeerHut* this, hero* current_hero, bool a3)",
0x573e40,TSeerReward::getValue,,"int (__thiscall TSeerReward::getValue)(TSeerReward* this, hero* current_hero)",0x173a70
0x574050,TSeerReward::giveReward,,"void (__thiscall TSeerReward::giveReward)(TSeerReward* this, hero* current_hero, bool human_player)",0x173c80
0x5742e0,TSeerReward::getRewardExtra,,"int (__thiscall TSeerReward::getRewardExtra)(TSeerReward* this, hero* current_hero)",0x173f10
0x5743a0,?save@TSeerHut@@AAAHPAX@Z,TSeerHut_save,"int (__thiscall ?save@TSeerHut@@AAAHPAX@Z)(TSeerHut* this, TAbstractFile* outfile)",
0x574440,TSeerHut::getSeerLogText,,"std::string* (__thiscall TSeerHut::getSeerLogText)(TSeerHut* this, std::string* retstr)",
0x574580,TSeerHut::getSeerRolloverText,,"std::string* (__thiscall TSeerHut::getSeerRolloverText)(TSeerHut* this, std::string* retstr, int8 player)",
0x5747b0,TSeerHut::getSeerQuickInfoText,,"std::string* (__thiscall TSeerHut::getSeerQuickInfoText)(TSeerHut* this, std::string* retstr, int player)",
0x5749e0,TSeerHut::read,,"void (__thiscall TSeerHut::read)(TSeerHut* this, TAbstractFile* infile)",
0x574e60,TSeerHut::load,,"void (__thiscall TSeerHut::load)(TSeerHut* this, TAbstractFile* infile, int version)",
0x5750b0,sub_5750B0,,,
0x5751d0,sub_5751D0,,,
0x5751f0,sub_5751F0,,,
0x575250,sub_575250,,,
0x5752b0,sub_5752B0,,,
0x575320,sub_575320,,,
0x575380,sub_575380,,,
0x5753e0,sub_5753E0,,,
0x575440,sub_575440,,,
0x5754a0,sub_5754A0,,,
0x575500,sub_575500,,,
0x575560,sub_575560,,,
0x5755c0,??0CHotspotWidget@@QAA@HHHHH_N@Z,CHotspotWidget_ctor,"CHotspotWidget* (__thiscall ??0CHotspotWidget@@QAA@HHHHH_N@Z)(CHotspotWidget* this, int xPos, int yPos, int w, int h, int widgetId)",
0x575600,sub_575600,,"void** (__thiscall sub_575600)(void** Memory, int8)",
0x575630,sub_575630,,,
0x5757b0,sub_5757B0,,"int (__thiscall sub_5757B0)(int this, int8)",
0x5757d0,?handle_message@CSingleSelPopup@@UAAHAAUmessage@@@Z,CSingleSelPopup_handle_message,"int (__fastcall ?handle_message@CSingleSelPopup@@UAAHAAUmessage@@@Z)(heroWindow* this, message*, message* msg)",
0x575860,sub_575860,,"TDialogBox* (__thiscall sub_575860)(TDialogBox* Memory, int8)",
0x575890,?CreateWin@CBonusDlg@@QAA_NPBDPAVCSprite@@H00@Z,CBonusDlg_CreateWin,"int8 (__thiscall ?CreateWin@CBonusDlg@@QAA_NPBDPAVCSprite@@H00@Z)(heroWindow* this, int, textWidget* newWidget, textWidget*, int8* textString, int8*)",
0x575af0,sub_575AF0,,void (__thiscall sub_575AF0)(int this),
0x575b50,sub_575B50,,"int8 (__thiscall sub_575B50)(heroWindow* this, int, textWidget* newWidget, int8* textString, int8*)",
0x575d80,sub_575D80,,void (__thiscall sub_575D80)(int this),
0x575dc0,sub_575DC0,,"void** (__thiscall sub_575DC0)(void** Memory, int8)",
0x575df0,j_??1widget@@UAA@XZ,,void (__thiscall j_??1widget@@UAA@XZ)(widget* this),
0x575e00,??0CTeamAlignmentDlg@@QAA@_N@Z,CTeamAlignmentDlg_ctor,"TDialogBox* (__thiscall ??0CTeamAlignmentDlg@@QAA@_N@Z)(TDialogBox* this, int8)",
0x575e20,sub_575E20,,"int8 (__thiscall sub_575E20)(heroWindow* this, int, int8*, textWidget* newWidget, int, int8* textString, int8*)",
0x5761a0,sub_5761A0,,"int (__thiscall sub_5761A0)(int this, int8)",
0x5761c0,sub_5761C0,,"int8 (__thiscall sub_5761C0)(heroWindow* this, textWidget* newWidget, int id, iconWidget*)",
0x576830,sub_576830,,"int (__thiscall sub_576830)(int this, int8)",
0x576890,sub_576890,,"TDialogBox* (__thiscall sub_576890)(TDialogBox* Memory, int8)",
0x5768c0,sub_5768C0,,"int8 (__usercall sub_5768C0@<al>)(heroWindow* this@<ecx>, int edi0@<edi>)",
0x576cb0,sub_576CB0,,int8* (__thiscall sub_576CB0)(void* this),
0x576d90,sub_576D90,,,
0x576db0,sub_576DB0,,,
0x576e10,sub_576E10,,,
0x576e70,sub_576E70,,,
0x576ee0,sub_576EE0,,,
0x576f40,sub_576F40,,,
0x576fa0,sub_576FA0,,,
0x577000,sub_577000,,,
0x577060,sub_577060,,,
0x5770c0,sub_5770C0,,,
0x577120,sub_577120,,,
0x577180,sub_577180,,int8* (__thiscall sub_577180)(void* this),
0x577200,sub_577200,,int8* (__thiscall sub_577200)(void* this),
0x577280,sub_577280,,type_map_creation_bar* (__thiscall sub_577280)(type_map_creation_bar* this),
0x577410,sub_577410,,"void* (__thiscall sub_577410)(void* Memory, int8)",
0x577440,type_map_creation_bar::destructor,,void (__thiscall type_map_creation_bar::destructor)(type_map_creation_bar* this),
0x577500,sub_577500,,void (__thiscall sub_577500)(int this),
0x577680,sub_577680,,"void (__thiscall sub_577680)(void* this, int)",
0x5776a0,sub_5776A0,,"void (__thiscall sub_5776A0)(void* this, int)",
0x5776e0,sub_5776E0,,int8 (__thiscall sub_5776E0)(int8* this),
0x5778b0,?BackupGameHeaders@@YAXPAVgame@@0@Z,BackupGameHeaders,"void (__fastcall ?BackupGameHeaders@@YAXPAVgame@@0@Z)(game* left, game* right)",
0x577ac0,?ProcessMouse@@YAKPAX@Z,ProcessMouse,,
0x577b10,?StartMouseThread@@YAXXZ,StartMouseThread,void (__fastcall ?StartMouseThread@@YAXXZ)(int threadId),
0x577b90,?StopMouseThread@@YAXXZ,StopMouseThread,,
0x577c00,CGameHeaderInfoMsg::read,,"bool (__thiscall CGameHeaderInfoMsg::read)(CGameHeaderInfoMsg* this, TAbstractFile* infile)",
0x577cd0,CGameHeaderInfoMsg::write,,"bool (__thiscall CGameHeaderInfoMsg::write)(CGameHeaderInfoMsg* this, TGzFile* outfile)",
0x577d90,sub_577D90,,"BOOL (__thiscall sub_577D90)(CNewMapHeaderInfoMsg* this, TAbstractFile* infile)",
0x577db0,sub_577DB0,,"BOOL (__thiscall sub_577DB0)(void* this, int*)",
0x577dd0,?InitializeVCDescriptions@@YA_NXZ,InitializeVCDescriptions,,
0x577e00,?InitializeLCDescriptions@@YA_NXZ,InitializeLCDescriptions,,
0x577e30,?InitializeTurnDurationText@@YA_NXZ,InitializeTurnDurationText,,
0x577e60,sub_577E60,,"int8 (__thiscall sub_577E60)(void* this, int)",
0x577f30,sub_577F30,,"int8* (__thiscall sub_577F30)(void* this, int)",
0x577f60,sub_577F60,,"int8 (__thiscall sub_577F60)(int* this, int*)",
0x578010,?DeletePlayer@CNetPlayerHandler@@QAA_NK@Z,CNetPlayerHandler_DeletePlayer,"int8 (__thiscall ?DeletePlayer@CNetPlayerHandler@@QAA_NK@Z)(void* this, int)",
0x578060,?GetThisPlayer@TSingleSelectionWindow@@AAAPAVCNetPlayerHandlerPlayer@@XZ,TSingleSelectionWindow_GetThisPlayer,"CNetPlayerHandlerPlayer* (__thiscall ?GetThisPlayer@TSingleSelectionWindow@@AAAPAVCNetPlayerHandlerPlayer@@XZ)(TSingleSelectionWindow* this, int a2)",
0x578090,sub_578090,,"int8 (__thiscall sub_578090)(void* this, int, int)",
0x5780f0,sub_5780F0,,int (__thiscall sub_5780F0)(void* this),
0x578160,sub_578160,,,
0x578390,sub_578390,,void (__thiscall sub_578390)(CNewPlayerUpdateProc* this),
0x578610,??1GameSelectionHeadersStruct@@QAA@XZ,GameSelectionHeadersStruct_dtor,void (__thiscall ??1GameSelectionHeadersStruct@@QAA@XZ)(GameSelectionHeadersStruct* this),
0x5787c0,sub_5787C0,,"int8* (__thiscall sub_5787C0)(int8* this, int)",
0x578ae0,sub_578AE0,,void (__thiscall sub_578AE0)(int* this),
0x578cb0,sub_578CB0,,int (__thiscall sub_578CB0)(void* this),
0x578d70,?Go@CNewPlayerUpdateProc@@QAAXXZ,CNewPlayerUpdateProc_Go,void (__thiscall ?Go@CNewPlayerUpdateProc@@QAAXXZ)(CNewPlayerUpdateProc* this),
0x578e10,?Tick@CNewPlayerUpdateProc@@QAAXXZ,CNewPlayerUpdateProc_Tick,void (__thiscall ?Tick@CNewPlayerUpdateProc@@QAAXXZ)(CNewPlayerUpdateProc* this),
0x579180,??0GameSelectionHeadersStruct@@QAA@XZ,GameSelectionHeadersStruct_ctor,int8* (__thiscall ??0GameSelectionHeadersStruct@@QAA@XZ)(GameSelectionHeadersStruct* this),
0x5793e0,sub_5793E0,,"int (__thiscall sub_5793E0)(int this, int a2, int a3, NewSMapHeader* a4)",
0x579640,sub_579640,,"int (__thiscall sub_579640)(int this, int)",
0x579920,?Finish@CNewPlayerUpdateProc@@IAAXXZ,CNewPlayerUpdateProc_Finish,int (__thiscall ?Finish@CNewPlayerUpdateProc@@IAAXXZ)(unsigned int* this),
0x579bf0,sub_579BF0,,"void* (__thiscall sub_579BF0)(void* this, void*, void*)",
0x579ce0,??0TSingleSelectionWindow@@QAA@H@Z,TSingleSelectionWindow_ctor,"TSingleSelectionWindow* (__thiscall ??0TSingleSelectionWindow@@QAA@H@Z)(TSingleSelectionWindow* this, int gameMode)",
0x57ca50,?SetText@textWidget@@UAAXPBD@Z,textWidget_SetText,"void (__thiscall ?SetText@textWidget@@UAAXPBD@Z)(textWidget* this, int8* new_text)",
0x57cb00,SCampaign::GetCurrentScenario,,CampaignScenarioInfo* (__thiscall SCampaign::GetCurrentScenario)(SCampaign* this),0x17c780
0x57cb10,??0CNetPlayerHandlerPlayer@@QAA@XZ,CNetPlayerHandlerPlayer_ctor,CNetPlayerHandlerPlayer* (__thiscall ??0CNetPlayerHandlerPlayer@@QAA@XZ)(CNetPlayerHandlerPlayer* this),
0x57cb50,?OnChatWindowSlider@TSingleSelectionWindow@@QAAXH@Z,TSingleSelectionWindow_OnChatWindowSlider,void (__fastcall ?OnChatWindowSlider@TSingleSelectionWindow@@QAAXH@Z)(int newIndex),
0x57cb70,TSingleSelectionWindow::OnRandomMapsSlider,,void (__fastcall TSingleSelectionWindow::OnRandomMapsSlider)(int newIndex),
0x57cd10,sub_57CD10,,void (__thiscall sub_57CD10)(textWidget* this),
0x57cd30,sub_57CD30,,void* (__thiscall sub_57CD30)(void* this),
0x57cd50,sub_57CD50,,"int (__thiscall sub_57CD50)(void* this, int)",
0x57cd80,sub_57CD80,,"int (__thiscall sub_57CD80)(void* this, int)",
0x57cdd0,sub_57CDD0,,void (__thiscall sub_57CDD0)(int this),
0x57ce80,sub_57CE80,,"Bitmap16Bit* (__thiscall sub_57CE80)(Bitmap16Bit* Memory, int8)",
0x57ceb0,sub_57CEB0,,"void* (__thiscall sub_57CEB0)(void* Memory, int8)",
0x57cee0,??1CChatWidget@@UAA@XZ,CChatWidget_dtor,void (__thiscall ??1CChatWidget@@UAA@XZ)(void* this),
0x57cf40,sub_57CF40,,"int (__stdcall sub_57CF40)(int8* Str1, int)",
0x57d040,sub_57D040,,,
0x57d0d0,sub_57D0D0,,"int (__thiscall sub_57D0D0)(widget* this, message*)",
0x57d1f0,sub_57D1F0,,int (__thiscall sub_57D1F0)(widget* this),
0x57d2f0,sub_57D2F0,,,
0x57d3c0,sub_57D3C0,,"int (__thiscall sub_57D3C0)(textEntryWidget* this, message* msg)",
0x57d410,sub_57D410,,"TSingleSelectionWindow* (__thiscall sub_57D410)(TSingleSelectionWindow* Memory, int8)",
0x57d440,sub_57D440,,void* (__thiscall sub_57D440)(int* this),
0x57f240,sub_57F240,,int8 (__thiscall sub_57F240)(TSingleSelectionWindow* this),
0x57f600,sub_57F600,,int8 (__thiscall sub_57F600)(TSingleSelectionWindow* this),
0x57f9f0,sub_57F9F0,,void* (__thiscall sub_57F9F0)(void* this),
0x57fa10,sub_57FA10,,int8 (__thiscall sub_57FA10)(TSingleSelectionWindow* this),
0x57fdf0,sub_57FDF0,,"widget* (__thiscall sub_57FDF0)(int this, int)",
0x57fe60,sub_57FE60,,int8 (__thiscall sub_57FE60)(TSingleSelectionWindow* this),
0x580180,sub_580180,,void (__thiscall sub_580180)(heroWindow* this),
0x580700,sub_580700,,void (__thiscall sub_580700)(int this),
0x580d40,?SetupScenarioOptions@TSingleSelectionWindow@@QAAXXZ,TSingleSelectionWindow_SetupScenarioOptions,"void (__thiscall ?SetupScenarioOptions@TSingleSelectionWindow@@QAAXXZ)(TSingleSelectionWindow* this, int saveMode)",
0x5813d0,?SetupAdvancedOptions@TSingleSelectionWindow@@QAAXXZ,TSingleSelectionWindow_SetupAdvancedOptions,void (__thiscall ?SetupAdvancedOptions@TSingleSelectionWindow@@QAAXXZ)(TSingleSelectionWindow* this),
0x581c70,?TurnOffScenarioOptions@TSingleSelectionWindow@@QAAXXZ,TSingleSelectionWindow_TurnOffScenarioOptions,void (__thiscall ?TurnOffScenarioOptions@TSingleSelectionWindow@@QAAXXZ)(TSingleSelectionWindow* this),
0x581df0,?TurnOffAdvancedOptions@TSingleSelectionWindow@@QAAXXZ,TSingleSelectionWindow_TurnOffAdvancedOptions,void (__thiscall ?TurnOffAdvancedOptions@TSingleSelectionWindow@@QAAXXZ)(TSingleSelectionWindow* this),
0x582050,sub_582050,,int8 (__thiscall sub_582050)(TSingleSelectionWindow* this),
0x5825a0,sub_5825A0,,"int8 (__fastcall sub_5825A0)(textWidget** this, int, int)",
0x582e10,?GetHeaders@TSingleSelectionWindow@@QAAXXZ,TSingleSelectionWindow_GetHeaders,"void (__thiscall ?GetHeaders@TSingleSelectionWindow@@QAAXXZ)(SCampaign* this, std::vector_GameSelectionHeadersStruct_* maps)",
0x583160,sub_583160,,"void (__thiscall sub_583160)(void* this, void*)",
0x583440,?GetHeader@TSingleSelectionWindow@@QAAHPADPAUGameSelectionHeadersStruct@@@Z,TSingleSelectionWindow_GetHeader,"int (__thiscall ?GetHeader@TSingleSelectionWindow@@QAAHPADPAUGameSelectionHeadersStruct@@@Z)(TSingleSelectionWindow* this, int8* cFilePath, int8* cFilename, GameSelectionHeadersStruct* pHeader)",
0x583850,sub_583850,,void (__thiscall sub_583850)(int this),
0x583b60,sub_583B60,,int8 (__thiscall sub_583B60)(void* this),
0x583e10,??1TSingleSelectionWindow@@UAA@XZ,TSingleSelectionWindow_dtor,void (__thiscall ??1TSingleSelectionWindow@@UAA@XZ)(TSingleSelectionWindow* this),
0x584190,sub_584190,,"void* (__thiscall sub_584190)(void* Memory, int8)",
0x5841c0,sub_5841C0,,int (__thiscall sub_5841C0)(int this),
0x5841f0,?GetFileName@TSingleSelectionWindow@@QAAPBDH@Z,TSingleSelectionWindow_GetFileName,"int8* (__thiscall ?GetFileName@TSingleSelectionWindow@@QAAPBDH@Z)(TSingleSelectionWindow* this, int which)",
0x5842e0,?GetMapName@TSingleSelectionWindow@@QAAPBDH@Z,TSingleSelectionWindow_GetMapName,"int8* (__thiscall ?GetMapName@TSingleSelectionWindow@@QAAPBDH@Z)(TSingleSelectionWindow* this, int which)",
0x5843c0,?DrawBasicMapInfo@TSingleSelectionWindow@@QAAXXZ,TSingleSelectionWindow_DrawBasicMapInfo,void (__thiscall ?DrawBasicMapInfo@TSingleSelectionWindow@@QAAXXZ)(TSingleSelectionWindow* this),
0x584820,?Update@TSingleSelectionWindow@@QAAHAAUmessage@@@Z,TSingleSelectionWindow_Update,int (__thiscall ?Update@TSingleSelectionWindow@@QAAHAAUmessage@@@Z)(TSingleSelectionWindow* this),
0x584ec0,?DoModal@TSingleSelectionWindow@@UAAX_N@Z,TSingleSelectionWindow_DoModal,"int (__thiscall ?DoModal@TSingleSelectionWindow@@UAAX_N@Z)(int this, int)",
0x584f10,sub_584F10,,int8 (__thiscall sub_584F10)(TSingleSelectionWindow* this),
0x585320,sub_585320,,"int8 (__thiscall sub_585320)(heroWindow* this, int, int8, int8)",
0x5855d0,sub_5855D0,,"void (__thiscall sub_5855D0)(TSingleSelectionWindow* this, int8)",
0x5857d0,sub_5857D0,,"int8 (__thiscall sub_5857D0)(TSingleSelectionWindow* this, int a2, int8 a3)",
0x586060,sub_586060,,"int (__thiscall sub_586060)(int this, int)",
0x586330,sub_586330,,int (__thiscall sub_586330)(heroWindow* this),
0x5863b0,sub_5863B0,,"int8 (__thiscall sub_5863B0)(void* this, int8*)",
0x586880,sub_586880,,"int (__thiscall sub_586880)(heroWindow* this, int, int8*, int8)",
0x587c70,sub_587C70,,std::string* (__thiscall sub_587C70)(std::string* this),
0x587e90,sub_587E90,,"int (__thiscall sub_587E90)(void* this, void*)",
0x587fd0,?WindowHandler@TSingleSelectionWindow@@UAAHAAUmessage@@@Z,TSingleSelectionWindow_WindowHandler,"int (__thiscall ?WindowHandler@TSingleSelectionWindow@@UAAHAAUmessage@@@Z)(TSingleSelectionWindow* this, message* msg)",
0x588600,?UpdatePlayerPositions@TSingleSelectionWindow@@QAAX_N@Z,TSingleSelectionWindow_UpdatePlayerPositions,"void (__thiscall ?UpdatePlayerPositions@TSingleSelectionWindow@@QAAX_N@Z)(TSingleSelectionWindow* this, bool updateCurPlayer)",
0x588a70,?HandleNetMsg@TSingleSelectionWindow@@QAA_NPAVCNetMsg@@AA_N@Z,TSingleSelectionWindow_HandleNetMsg,"int8 (__thiscall ?HandleNetMsg@TSingleSelectionWindow@@QAA_NPAVCNetMsg@@AA_N@Z)(TSingleSelectionWindow* this, CNetMsg* Memory, bool* a3)",
0x589460,sub_589460,,,
0x589480,sub_589480,,"int (__fastcall sub_589480)(CAnimatedDlg*, message*, message* msg)",
0x5894d0,sub_5894D0,,"CAnimatedDlg* (__thiscall sub_5894D0)(CAnimatedDlg* Memory, int8)",
0x589500,j_??1CAnimatedDlg@@UAA@XZ,,void (__thiscall j_??1CAnimatedDlg@@UAA@XZ)(CAnimatedDlg* this),
0x589510,sub_589510,,"void* (__thiscall sub_589510)(void* this, int)",
0x589540,sub_589540,,"int (__thiscall sub_589540)(void* this, int)",
0x589580,sub_589580,,"int (__thiscall sub_589580)(void* this, int, int8, int)",
0x589750,sub_589750,,"void (__thiscall sub_589750)(int* this, int)",
0x5897a0,sub_5897A0,,,
0x5897e0,sub_5897E0,,"void (__thiscall sub_5897E0)(TSingleSelectionWindow* this, int a2, int8 a3)",
0x589890,?CheckMissingHeaders@TSingleSelectionWindow@@QAA_NK@Z,TSingleSelectionWindow_CheckMissingHeaders,bool (__thiscall ?CheckMissingHeaders@TSingleSelectionWindow@@QAA_NK@Z)(TSingleSelectionWindow* this),
0x5899e0,sub_5899E0,,"int8 (__thiscall sub_5899E0)(int this, int)",
0x589df0,?OnGameTransmitInitMsg@TSingleSelectionWindow@@QAA_NPAVCNetMsg@@@Z,TSingleSelectionWindow_OnGameTransmitInitMsg,"int8 (__fastcall ?OnGameTransmitInitMsg@TSingleSelectionWindow@@QAA_NPAVCNetMsg@@@Z)(TSingleSelectionWindow* this, CNetMsg*, int)",
0x589f30,?OnNewSetupInfoMsg@TSingleSelectionWindow@@QAA_NPAVCNetMsg@@@Z,TSingleSelectionWindow_OnNewSetupInfoMsg,"int8 (__fastcall ?OnNewSetupInfoMsg@TSingleSelectionWindow@@QAA_NPAVCNetMsg@@@Z)(TSingleSelectionWindow* this, CNetMsg*, int)",
0x58a000,sub_58A000,,"bool (__thiscall sub_58A000)(int8* this, int8* Str2)",
0x58a270,?OnNewPlayerMsg@TSingleSelectionWindow@@QAA_NPAVCNetMsg@@@Z,TSingleSelectionWindow_OnNewPlayerMsg,"int8 (__thiscall ?OnNewPlayerMsg@TSingleSelectionWindow@@QAA_NPAVCNetMsg@@@Z)(TSingleSelectionWindow* this, int)",
0x58a550,??0CNewPlayerUpdateProc@@QAA@K@Z,CNewPlayerUpdateProc_ctor,"void (__thiscall ??0CNewPlayerUpdateProc@@QAA@K@Z)(CNewPlayerUpdateProc* this, int dpid)",
0x58a5d0,sub_58A5D0,,void (__thiscall sub_58A5D0)(int8* this),
0x58a710,sub_58A710,,"int8 (__thiscall sub_58A710)(int this, int)",
0x58aa50,sub_58AA50,,"void (__thiscall sub_58AA50)(int this, int)",
0x58ad10,sub_58AD10,,"int8 (__thiscall sub_58AD10)(SavedGameHeader* this, GameSelectionHeadersStruct* preview)",
0x58b0c0,sub_58B0C0,,,
0x58b0e0,sub_58B0E0,,"void (__thiscall sub_58B0E0)(TSingleSelectionWindow* this, Bitmap816*, int8*, int8)",
0x58b150,?DisplayChat@TSingleSelectionWindow@@QAAXXZ,TSingleSelectionWindow_DisplayChat,void (__thiscall ?DisplayChat@TSingleSelectionWindow@@QAAXXZ)(TSingleSelectionWindow* this),
0x58b1f0,ChangeStartingHero,,"int (__thiscall ChangeStartingHero)(void* this, int, int*)",
0x58b380,sub_58B380,,"int8 (__thiscall sub_58B380)(heroWindow* this, int, int8)",
0x58b3f0,sub_58B3F0,,"int8 (__thiscall sub_58B3F0)(textWidget** this, int)",
0x58b7e0,sub_58B7E0,,"int (__thiscall sub_58B7E0)(int this, int)",
0x58b8f0,sub_58B8F0,,"void (__thiscall sub_58B8F0)(heroWindow* this, int id)",
0x58ba60,sub_58BA60,,"void (__thiscall sub_58BA60)(heroWindow* this, int)",
0x58bd10,?OnUpdatePlayerPosMsg@TSingleSelectionWindow@@QAAXPAVCNetMsg@@@Z,TSingleSelectionWindow_OnUpdatePlayerPosMsg,"int8 (__fastcall ?OnUpdatePlayerPosMsg@TSingleSelectionWindow@@QAAXPAVCNetMsg@@@Z)(TSingleSelectionWindow*, int, TSingleSelectionWindow* this, CNetMsg*)",
0x58be90,sub_58BE90,,int (__thiscall sub_58BE90)(void* this),
0x58bf40,sub_58BF40,,int (__thiscall sub_58BF40)(unsigned int* this),
0x58bfb0,sub_58BFB0,,int8 (__thiscall sub_58BFB0)(heroWindow* this),
0x58c560,?BeginSavedGame@TSingleSelectionWindow@@QAA_NXZ,TSingleSelectionWindow_BeginSavedGame,int8 (__thiscall ?BeginSavedGame@TSingleSelectionWindow@@QAA_NXZ)(TSingleSelectionWindow* this),
0x58c840,?BeginNewGame@TSingleSelectionWindow@@QAA_NXZ,TSingleSelectionWindow_BeginNewGame,bool (__thiscall ?BeginNewGame@TSingleSelectionWindow@@QAA_NXZ)(TSingleSelectionWindow* this),
0x58cc30,sub_58CC30,,int (__thiscall sub_58CC30)(int8* this),
0x58cd50,sub_58CD50,,"int8 (__thiscall sub_58CD50)(TSingleSelectionWindow* this, int8)",
0x58cec0,sub_58CEC0,,"int8 (__thiscall sub_58CEC0)(heroWindow* this, int8)",
0x58d020,sub_58D020,,"void (__thiscall sub_58D020)(heroWindow* this, int, int, int8)",
0x58d140,sub_58D140,,,
0x58d180,sub_58D180,,"int8 (__thiscall sub_58D180)(void* this, int)",
0x58d280,sub_58D280,,"bool (__thiscall sub_58D280)(void* this, int)",
0x58d3b0,sub_58D3B0,,"THeroID (__thiscall sub_58D3B0)(void* this, THeroID)",
0x58d4c0,sub_58D4C0,,"int8* (__thiscall sub_58D4C0)(void* this, int)",
0x58d6b0,sub_58D6B0,,"int8 (__thiscall sub_58D6B0)(int this, int8* Str1)",
0x58d7e0,?DrawHeroAdvancedOption@TSingleSelectionWindow@@QAAXH_NH@Z,TSingleSelectionWindow_DrawHeroAdvancedOption,"void (__thiscall ?DrawHeroAdvancedOption@TSingleSelectionWindow@@QAAXH_NH@Z)(heroWindow* this, int playerPos, bool update, int position)",
0x58e220,sub_58E220,,"int8 (__thiscall sub_58E220)(int8* this, int)",
0x58e280,sub_58E280,,int8 (__thiscall sub_58E280)(int this),
0x58e5a0,sub_58E5A0,,,
0x58e5b0,sub_58E5B0,,"void* (__thiscall sub_58E5B0)(void* Memory, int8)",
0x58e5e0,sub_58E5E0,,"CNetMsg* (__thiscall sub_58E5E0)(uchar* this, int, int)",
0x58e610,sub_58E610,,"int (__thiscall sub_58E610)(void* this, int8* Format)",
0x58e990,sub_58E990,,"void* (__thiscall sub_58E990)(void* this, int, int)",
0x58e9d0,sub_58E9D0,,"int8 (__thiscall sub_58E9D0)(heroWindow* this, widget**)",
0x58ecd0,?PlayerDropped@CNewPlayerUpdateMan@@QAAXK@Z,CNewPlayerUpdateMan_PlayerDropped,"unsigned int (__fastcall ?PlayerDropped@CNewPlayerUpdateMan@@QAAXK@Z)(CNewPlayerUpdateMan* this, ulong a2)",
0x58ed40,sub_58ED40,,"void* (__thiscall sub_58ED40)(void* this, void*)",
0x58ed60,sub_58ED60,,int (__thiscall sub_58ED60)(int* this),
0x58eda0,sub_58EDA0,,int (__thiscall sub_58EDA0)(void* this),
0x58edd0,sub_58EDD0,,int* (__thiscall sub_58EDD0)(int* this),
0x58ede0,sub_58EDE0,,"int (__thiscall sub_58EDE0)(int* this, int)",
0x58ee00,sub_58EE00,,"int (__thiscall sub_58EE00)(int this, int)",
0x58ee40,?end@?$vector@PAXV?$allocator@PAX@std@@@std@@QBE?AV?$_Vector_const_iterator@V?$_Vector_val@U?$_Simple_types@PAX@std@@@std@@@2@XZ,std_PAX_PAXV_allocator_vector_end,"void* (__thiscall ?end@?$vector@PAXV?$allocator@PAX@std@@@std@@QBE?AV?$_Vector_const_iterator@V?$_Vector_val@U?$_Simple_types@PAX@std@@@std@@@2@XZ)(void* this, void*)",
0x58ee50,sub_58EE50,,"void* (__thiscall sub_58EE50)(void* this, void*, void*)",
0x58eea0,sub_58EEA0,,int (__thiscall sub_58EEA0)(void* this),
0x58eed0,sub_58EED0,,"unsigned int (__thiscall sub_58EED0)(void* this, int8*, unsigned int, int)",
0x58f210,sub_58F210,,"int8* (__thiscall sub_58F210)(void* this, int8*, int8*)",
0x58f370,std::destroy_GameSelectionHeadersStruct_,,"void (__stdcall std::destroy_GameSelectionHeadersStruct_)(GameSelectionHeadersStruct* first, GameSelectionHeadersStruct* last)",
0x58f3a0,sub_58F3A0,,,
0x58f3e0,sub_58F3E0,,"void* (__thiscall sub_58F3E0)(void* this, void*, void*)",
0x58f400,sub_58F400,,"void* (__thiscall sub_58F400)(void* this, void*)",
0x58f450,sub_58F450,,,
0x58f770,sub_58F770,,,
0x58fa40,??4playerData@@QAAAAV0@ABV0@@Z,op_4playerData,"playerData* (__thiscall ??4playerData@@QAAAAV0@ABV0@@Z)(playerData* this, playerData* other)",0x18f750
0x58fd50,sub_58FD50,,"int8* (__thiscall sub_58FD50)(int8* this, int)",
0x58ff00,sub_58FF00,,"int8* (__thiscall sub_58FF00)(int8* this, int8*)",
0x590130,sub_590130,,,
0x590170,sub_590170,,"void* (__thiscall sub_590170)(void* this, int)",
0x5901e0,sub_5901E0,,"void* (__thiscall sub_5901E0)(void* this, int)",
0x590270,sub_590270,,"int (__thiscall sub_590270)(int this, void*)",
0x5902b0,sub_5902B0,,void (__thiscall sub_5902B0)(void* this),
0x590360,sub_590360,,,
0x5906a0,sub_5906A0,,"bool (__thiscall sub_5906A0)(void* this, int8* Str2, int)",
0x5907e0,sub_5907E0,,"int8* (__thiscall sub_5907E0)(int8* this, int8*)",
0x590b00,sub_590B00,,"int8* (__thiscall sub_590B00)(int8* this, int)",
0x590dc0,sub_590DC0,,,
0x5910f0,sub_5910F0,,"bool (__thiscall sub_5910F0)(void* this, int, int)",
0x591140,sub_591140,,,
0x591480,sub_591480,,"bool (__thiscall sub_591480)(void* this, int8* Str1, void*)",
0x591600,sub_591600,,,
0x591940,sub_591940,,,
0x591c60,sub_591C60,,,
0x591fa0,sub_591FA0,,"bool (__thiscall sub_591FA0)(void* this, int, int)",
0x591fe0,sub_591FE0,,,
0x592320,sub_592320,,"bool (__thiscall sub_592320)(void* this, int, int)",
0x592360,sub_592360,,,
0x592380,sub_592380,,,
0x5924d0,sub_5924D0,,"void (__fastcall sub_5924D0)(int8*, int edx0, NewSMapHeader, int, int, int, int, int, int, int, int, int, int, int, int, int, int, int16, int, int, int, int, int, int, int, int, int, int, int, int, int, int, int, int, int, int, int, int, int, int, int, int, int, int, int, int, int, int, int, int, int, int, int, int, int, int, int, int, int, int, int, int, int, int, int, int, int, int, int, int, int, int, int, int, int, int, int, int, int, int, int, int, int, int, int, int, int, int, int, int, int, int, int, int, int, int, int, int, int, int, int, int, int, int, int, int, int, int, int, int, int, int, int, int, int, int, int, int, int, int, int, int, int, int, int, int, int, int, int, int, int, int, int, int, int, int, int, int, int, int, int, int, int, int, int, int, int, int, int, int, int, int, int, int, int, int, int, int, int, int, int, int, int, int, int, int, int, int, int, int, int, int, int, int, int, int, int, int, int, int, int, int, int, int, int, int, int, int, int, int, int, int, int, int, int, int, int, int, int, int, int, int, int, int, int, int, int, int, int, int, int, int, int, int, int, int, int, int, int, int, int, int, int, int, int, int, int, int, int, int, int, int, int, int, int, int, int, int, int, int, int, int, int, int, int, int, int, int, int, int, int, int, int, int, int)",
0x592860,sub_592860,,,
0x5929b0,sub_5929B0,,"void (__fastcall sub_5929B0)(unsigned int8*, int edx0, NewSMapHeader, int, int, int, int, int, int, int, int, int, int, int, int, int, int, int, int, int, int, int, int, int, int, int, int, int, int, int, int, int, int, int, int, int, int, int, int, int, int, int, int, int, int, int, int, int, int, int, int, int, int, int, int, int, int, int, int, int, int, int, int, int, int, int, int, int, int, int, int, int, int, int, int, int, int, int, int, int, int, int, int, int, int, int, int, int, int, int, int, int, int, int, int, int, int, int, int, int, int, int, int, int, int, int, int, int, int, int, int, int, int, int, int, int, int, int, int, int, int, int, int, int, int, int, int, int, int, int, int, int, int, int, int, int, int, int, int, int, int, int, int, int, int, int, int, int, int, int, int, int, int, int, int, int, int, int, int, int, int, int, int, int, int, int, int, int, int, int, int, int, int, int, int, int, int, int, int, int, int, int, int, int, int, int, int, int, int, int, int, int, int, int, int, int, int, int, int, int, int, int, int, int, int, int, int, int, int, int, int, int, int, int, int, int, int, int, int, int, int, int, int, int, int, int, int, int, int, int, int, int, int, int, int, int, int, int, int, int, int, int, int, int, int, int, int, int, int, int, int, int, int, int, int)",
0x592c90,sub_592C90,,,
0x592de0,sub_592DE0,,"void (__fastcall sub_592DE0)(NewSMapHeader*, int, NewSMapHeader Str2, int, int, int, int, int, int, int, int, int, int, int, int, int, int, int, int, int, int, int, int, int, int, int, int, int, int, int, int, int, int, int, int, int, int, int, int, int, int, int, int, int, int, int, int, int, int, int, int, int, int, int, int, int, int, int, int, int, int, int, int, int, int, int, int, int, int, int, int, int, int, int, int, int, int, int, int, int, int, int, int, int, int, int, int, int, int, int, int, int, int, int, int, int, int, int, int, int, int, int, int, int, int, int, int, int, int, int, int, int, int, int, int, int, int, int, int, int, int, int, int, int, int, int, int, int, int, int, int, int, int, int, int, int, int, int, int, int, int, int, int, int, int, int, int, int, int, int, int, int, int, int, int, int, int, int, int, int, int, int, int, int, int, int, int, int, int, int, int, int, int, int, int, int, int, int, int, int, int, int, int, int, int, int, int, int, int, int, int, int, int, int, int, int, int, int, int, int, int, int, int, int, int, int, int, int, int, int, int, int, int, int, int, int, int, int, int, int, int, int, int, int, int, int, int, int, int, int, int, int, int, int, int, int, int, int, int, int, int, int, int, int, int, int, int, int, int, int, int, int, int, int, int)",
0x5930b0,sub_5930B0,,,
0x593200,sub_593200,,"void (__fastcall sub_593200)(std::string*, int edx0, NewSMapHeader, int, int, int, int, int, int, int, int, int, int, int, int, int, int, int, int, int, int, int, int, int, int, int, int, int, int, int, int, int, int, int, int, int, int, int, int, int, int, int, int, int, int, int, int, int, int, int, int, int, int, int, int, int, int, int, int, int, int, int, int, int, int, int, int, int, int, int, int, int, int, int, int, int, int, int, int, int, int, int, int, int, int, int, int, int, int, int, int, int, int, int, int, int, int, int, int, int, int, int, int, int, int, int, int, int, int, int, int, int, int, int, int, int, int, int, int, int, int, int, int, int, int, int, int, int, int, int, int, int, int, int, int, int, int, int, int, int, int, int, int, int, int, int, int, int, int, int, int, int, int, int, int, int, int, int, int, int, int, int, int, int, int, int, int, int, int, int, int, int, int, int, int, int, int, int, int, int, int, int, int, int, int, int, int, int, int, int, int, int, int, int, int, int, int, int, int, int, int, int, int, int, int, int, int, int, int, int, int, int, int, int, int, int, int, int, int, int, int, int, int, int, int, int, int, int, int, int, int, int, int, int, int, int, int, int, int, int, int, int, int, int, int, int, int, int, int, int, int, int, int, int, int)",
0x5934c0,sub_5934C0,,,
0x593610,sub_593610,,"void (__fastcall sub_593610)(std::string*, int edx0, NewSMapHeader, int, int, int, int, int, int, int, int, int, int, int, int, int, int, int, int, int, int, int, int, int, int, int, int, int, int, int, int, int, int, int, int, int, int, int, int, int, int, int, int, int, int, int, int, int, int, int, int, int, int, int, int, int, int, int, int, int, int, int, int, int, int, int, int, int, int, int, int, int, int, int, int, int, int, int, int, int, int, int, int, int, int, int, int, int, int, int, int, int, int, int, int, int, int, int, int, int, int, int, int, int, int, int, int, int, int, int, int, int, int, int, int, int, int, int, int, int, int, int, int, int, int, int, int, int, int, int, int, int, int, int, int, int, int, int, int, int, int, int, int, int, int, int, int, int, int, int, int, int, int, int, int, int, int, int, int, int, int, int, int, int, int, int, int, int, int, int, int, int, int, int, int, int, int, int, int, int, int, int, int, int, int, int, int, int, int, int, int, int, int, int, int, int, int, int, int, int, int, int, int, int, int, int, int, int, int, int, int, int, int, int, int, int, int, int, int, int, int, int, int, int, int, int, int, int, int, int, int, int, int, int, int, int, int, int, int, int, int, int, int, int, int, int, int, int, int, int, int, int, int, int, int)",
0x5938d0,sub_5938D0,,,
0x593a20,sub_593A20,,"void (__fastcall sub_593A20)(std::string*, int edx0, NewSMapHeader, int, int, int, int, int, int, int, int, int, int, int, int, int, int, int, int, int, int, int, int, int, int, int, int, int, int, int, int, int, int, int, int, int, int, int, int, int, int, int, int, int, int, int, int, int, int, int, int, int, int, int, int, int, int, int, int, int, int, int, int, int, int, int, int, int, int, int, int, int, int, int, int, int, int, int, int, int, int, int, int, int, int, int, int, int, int, int, int, int, int, int, int, int, int, int, int, int, int, int, int, int, int, int, int, int, int, int, int, int, int, int, int, int, int, int, int, int, int, int, int, int, int, int, int, int, int, int, int, int, int, int, int, int, int, int, int, int, int, int, int, int, int, int, int, int, int, int, int, int, int, int, int, int, int, int, int, int, int, int, int, int, int, int, int, int, int, int, int, int, int, int, int, int, int, int, int, int, int, int, int, int, int, int, int, int, int, int, int, int, int, int, int, int, int, int, int, int, int, int, int, int, int, int, int, int, int, int, int, int, int, int, int, int, int, int, int, int, int, int, int, int, int, int, int, int, int, int, int, int, int, int, int, int, int, int, int, int, int, int, int, int, int, int, int, int, int, int, int, int, int, int, int)",
0x593ce0,sub_593CE0,,,
0x594240,sub_594240,,"int8* (__thiscall sub_594240)(int8* this, int)",
0x5944a0,sub_5944A0,,"void* (__thiscall sub_5944A0)(void* this, int)",
0x594510,sub_594510,,"void* (__thiscall sub_594510)(void* this, int)",
0x594580,sub_594580,,"void* (__thiscall sub_594580)(void* this, int)",
0x594610,sub_594610,,,
0x5949d0,sub_5949D0,,,
0x594d00,sub_594D00,,,
0x594f10,sub_594F10,,,
0x595210,sub_595210,,,
0x595430,sub_595430,,,
0x595710,sub_595710,,,
0x595930,sub_595930,,,
0x595c10,sub_595C10,,,
0x595e20,sub_595E20,,,
0x596100,sub_596100,,,
0x596310,??_Gslider@@UAAPAXI@Z,op_Gslider,"slider* (__thiscall ??_Gslider@@UAAPAXI@Z)(slider* Memory, int8)",
0x596340,?initialize@slider@@IAAXPBD@Z,slider_initialize,"void (__thiscall ?initialize@slider@@IAAXPBD@Z)(slider* this, int8* resource_name)",
0x5963c0,??0slider@@QAA@HHHHHHP6AXHPAVheroWindow@@@ZW4EGraphics@0@H_N@Z,slider_ctor,"slider* (__thiscall ??0slider@@QAA@HHHHHHP6AXHPAVheroWindow@@@ZW4EGraphics@0@H_N@Z)(slider* this, int x, int y, int w, int h, int id, int num, TSliderFunction func, slider::EGraphics graphics, int page, bool hotKey)",0x1960d0
0x596470,??1slider@@UAA@XZ,slider_dtor,void (__thiscall ??1slider@@UAA@XZ)(slider* this),0x196180
0x5964d0,?SetState@slider@@UAAXH@Z,slider_SetState,"void (__thiscall ?SetState@slider@@UAAXH@Z)(slider* this, int state)",
0x596520,?KeyAccel@slider@@QAAXHHHHH@Z,slider_KeyAccel,"void (__thiscall ?KeyAccel@slider@@QAAXHHHHH@Z)(slider* this, int x1, int x2, int x3, int x4, int key)",
0x5967d0,?Main@slider@@UAAHAAUmessage@@@Z,slider_Main,"int (__thiscall ?Main@slider@@UAAHAAUmessage@@@Z)(slider* this, message* msg)",
0x596c70,?Select@slider@@QAAHAAUmessage@@_N@Z,slider_Select,"int (__thiscall ?Select@slider@@QAAHAAUmessage@@_N@Z)(slider* this, message* msg, bool dragging)",
0x596de0,?Deselect@slider@@QAAHAAUmessage@@@Z,slider_Deselect,"int (__thiscall ?Deselect@slider@@QAAHAAUmessage@@@Z)(slider* this, message* msg)",
0x596f30,?GetRealHeight@button@@UBAHXZ,button_GetRealHeight,int (__thiscall ?GetRealHeight@button@@UBAHXZ)(button* this),
0x596f40,?Draw@slider@@UBAXXZ,slider_Draw,void (__thiscall ?Draw@slider@@UBAXXZ)(slider* this),
0x597320,?SetKnob@slider@@IAAXH@Z,slider_SetKnob,"void (__thiscall ?SetKnob@slider@@IAAXH@Z)(slider* this, int inX)",
0x5973b0,?UpdateResolution@slider@@UAAXH@Z,slider_UpdateResolution,"void (__thiscall ?UpdateResolution@slider@@UAAXH@Z)(slider* this, int num)",
0x5973f0,?SetResolution@slider@@UAAXH@Z,slider_SetResolution,"void (__thiscall ?SetResolution@slider@@UAAXH@Z)(slider* this, int num)",
0x597420,?OnSetFocus@slider@@UAAXXZ,slider_OnSetFocus,void (__thiscall ?OnSetFocus@slider@@UAAXXZ)(slider* this),
0x597430,?OnKillFocus@slider@@UAAXXZ,slider_OnKillFocus,void (__thiscall ?OnKillFocus@slider@@UAAXXZ)(slider* this),
0x597440,?enable@slider@@UAAX_N@Z,slider_enable,"void (__thiscall ?enable@slider@@UAAX_N@Z)(slider* this, bool arg)",
0x597490,sub_597490,,,
0x5974b0,?VideoSoundOnOff@@YAXH@Z,VideoSoundOnOff,void (__fastcall ?VideoSoundOnOff@@YAXH@Z)(int unused),0x1971b0
0x5974f0,?VideoRealignBuffers@@YAXXZ,VideoRealignBuffers,,0x1971f0
0x5975d0,?VideoPlay@@YAHHHHHH@Z,VideoPlay,"int (__fastcall ?VideoPlay@@YAHHHHHH@Z)(int id, int x, int y, int h, int w)",0x1972d0
0x597870,?VideoOpen@@YAXHHHHHH_N0@Z,VideoOpen,"void (__fastcall ?VideoOpen@@YAXHHHHHH_N0@Z)(int id, int x, int y, int w, int h, bool32 loop, bool32 drawRects, bool32 unknown)",0x197570
0x5978f0,?VideoClose@@YAXXZ,VideoClose,,0x1975f0
0x5979e0,?VideoNextFrame@@YAXXZ,VideoNextFrame,,0x1976e0
0x597a40,?VideoDrawCurrentFrame@@YAXXZ,VideoDrawCurrentFrame,,0x197740
0x597aa0,?VideoPause@@YAXXZ,VideoPause,,0x1977a0
0x597b50,?VideoResume@@YAXXZ,VideoResume,,0x197850
0x597c00,?VideoRestart@@YAXXZ,VideoRestart,,0x197900
0x597c30,?VideoNeedsUpdate@@YA_NXZ,VideoNeedsUpdate,,0x197930
0x597c90,?VideoPlaying@@YA_NXZ,VideoPlaying,,0x197990
0x597cd0,?VideoDrawRects@@YAXXZ,VideoDrawRects,,0x1979d0
0x597f70,?VideoShutDown@@YAXXZ,VideoShutDown,,0x197c70
0x598000,sub_598000,,,
0x598510,?LoadAnimHeaders@@YA_NXZ,LoadAnimHeaders,bool (__fastcall ?LoadAnimHeaders@@YA_NXZ)(bool flag),
0x598740,?DeleteAnimHeaders@@YAXXZ,DeleteAnimHeaders,,
0x5987a0,?LoadSoundHeaders@@YA_NXZ,LoadSoundHeaders,,
0x5989e0,?DeleteSoundHeaders@@YAXXZ,DeleteSoundHeaders,,
0x598a90,?OpenSmacker@SmackManager@@YAXXZ,SmackManager_OpenSmacker,"int (__fastcall ?OpenSmacker@SmackManager@@YAXXZ)(int8* name, int flag1, int flag2)",
0x598d40,?SetPixelFormat@SmackManager@@YAXKKK@Z,SmackManager_SetPixelFormat,"void (__fastcall ?SetPixelFormat@SmackManager@@YAXKKK@Z)(unsigned int red_mask, unsigned int green_mask, unsigned int blue_mask)",
0x598df0,ShowVideo,,"void (__fastcall ShowVideo)(int id, int x, int y, int w, int h, int loop, bool drawRects, bool unknown)",0x198af0
0x599180,?NextSmackerFrame@SmackManager@@YAXXZ,SmackManager_NextSmackerFrame,,
0x5991b0,sub_5991B0,,,
0x599350,?CloseSmacker@SmackManager@@YAXXZ,SmackManager_CloseSmacker,,
0x5993a0,sub_5993A0,,int (__thiscall sub_5993A0)(void* this),
0x5993c0,sub_5993C0,,,
0x5993e0,sub_5993E0,,,
0x599440,sub_599440,,,
0x5994a0,sub_5994A0,,,
0x599510,sub_599510,,,
0x599570,sub_599570,,,
0x5995d0,sub_5995D0,,,
0x599630,sub_599630,,,
0x599690,sub_599690,,,
0x5996f0,sub_5996F0,,,
0x599750,sub_599750,,,
0x5997b0,?SetMusicVolume@soundManager@@QAAXXZ,soundManager_SetMusicVolume,void (__thiscall ?SetMusicVolume@soundManager@@QAAXXZ)(soundManager* this),
0x5999c0,?ConvertVolume@soundManager@@QAAHHH@Z,soundManager_ConvertVolume,"int (__thiscall ?ConvertVolume@soundManager@@QAAHHH@Z)(soundManager* this, int iVolumeValue, int iVolumeType)",
0x599a60,??0soundManager@@QAA@XZ,soundManager_ctor,soundManager* (__thiscall ??0soundManager@@QAA@XZ)(soundManager* this),0x199760
0x599ad0,?Open@soundManager@@UAAHH@Z,soundManager_Open,int (__thiscall ?Open@soundManager@@UAAHH@Z)(soundManager* this),
0x599d90,?Close@soundManager@@UAAXXZ,soundManager_Close,void (__thiscall ?Close@soundManager@@UAAXXZ)(soundManager* this),
0x599e90,soundManager_599E90,,HSAMPLE (__thiscall soundManager_599E90)(soundManager* this),
0x599f40,soundManager_599F40,,void (__thiscall soundManager_599F40)(soundManager* this),
0x59a090,?StopAllSamples@soundManager@@QAAXH@Z,soundManager_StopAllSamples,"void (__thiscall ?StopAllSamples@soundManager@@QAAXH@Z)(soundManager* this, int bStopMusicToo)",0x199d90
0x59a180,?StopSample@soundManager@@QAAXPAVHSAMPLE@@@Z,soundManager_StopSample,"void (__thiscall ?StopSample@soundManager@@QAAXPAVHSAMPLE@@@Z)(soundManager* this, HSAMPLE sample)",0x199e80
0x59a1c0,?WaitSample@soundManager@@QAAXPAVHSAMPLE@@H@Z,soundManager_WaitSample,"void (__thiscall ?WaitSample@soundManager@@QAAXPAVHSAMPLE@@H@Z)(soundManager* this, HSAMPLE* smpl, int time)",0x199ec0
0x59a240,?ModifySample@soundManager@@QAAXPAVHSAMPLE@@FJ@Z,soundManager_ModifySample,"void (__thiscall ?ModifySample@soundManager@@QAAXPAVHSAMPLE@@FJ@Z)(soundManager* this, HSAMPLE inSample, int16 sFunction, int value)",0x199f40
0x59a330,soundManager::DigitalReport,,"int (__thiscall soundManager::DigitalReport)(soundManager* this, HSAMPLE smpl, int16 sFunction)",
0x59a3c0,?AdjustSoundVolumes@soundManager@@QAAXXZ,soundManager_AdjustSoundVolumes,void (__thiscall ?AdjustSoundVolumes@soundManager@@QAAXXZ)(soundManager* this),0x19a0c0
0x59a4b0,?AdjustMusicVolumes@soundManager@@QAAXXZ,soundManager_AdjustMusicVolumes,void (__thiscall ?AdjustMusicVolumes@soundManager@@QAAXXZ)(soundManager* this),0x19a1b0
0x59a4e0,?SwitchAmbientMusic@soundManager@@QAAXH@Z,soundManager_SwitchAmbientMusic,"int (__thiscall ?SwitchAmbientMusic@soundManager@@QAAXH@Z)(soundManager* this, int newMusicFileId)",0x19a1e0
0x59a510,?MemorySample@soundManager@@QAAPAVHSAMPLE@@PAVsample@@@Z,soundManager_MemorySample,"HSAMPLE (__thiscall ?MemorySample@soundManager@@QAAPAVHSAMPLE@@PAVsample@@@Z)(soundManager* this, sample* sPtr)",0x19a210
0x59a6f0,?MusicPlaying@soundManager@@QAAHXZ,soundManager_MusicPlaying,bool (__thiscall ?MusicPlaying@soundManager@@QAAHXZ)(soundManager* this),0x19a3f0
0x59a710,?ClearMemSample@@YAXUSAMPLE2@@@Z,ClearMemSample,void (__stdcall ?ClearMemSample@@YAXUSAMPLE2@@@Z)(SAMPLE2 sample2),0x19a410
0x59a770,?LoadPlaySample@@YA?AUSAMPLE2@@PBD@Z,LoadPlaySample,SAMPLE2 (__fastcall ?LoadPlaySample@@YA?AUSAMPLE2@@PBD@Z)(int8* cSampleName),0x19a470
0x59a7c0,?WaitEndSample@@YAXUSAMPLE2@@H@Z,WaitEndSample,"void (__fastcall ?WaitEndSample@@YAXUSAMPLE2@@H@Z)(SAMPLE2 smpl, int iMilliWait)",0x19a4c0
0x59a890,?launch_sample@@YAXPBDHH@Z,launch_sample,"void (__fastcall ?launch_sample@@YAXPBDHH@Z)(int8* sample_name, int max_time, int channel)",0x19a590
0x59a9b0,sub_59A9B0,,void (__cdecl sub_59A9B0)(int* Memory),
0x59aad0,soundManager::service_sounds,,void (__thiscall soundManager::service_sounds)(soundManager* this),0x19a7d0
0x59ab30,?ProcessMP3Stop@@YAXPAX@Z,ProcessMP3Stop,,
0x59ab40,?ProcessStopAndPlayMP3@@YAXXZ,ProcessStopAndPlayMP3,,
0x59af00,?ResumeStream@soundManager@@QAAXXZ,soundManager_ResumeStream,void (__thiscall ?ResumeStream@soundManager@@QAAXXZ)(soundManager* this),0x19ac00
0x59afb0,?StartMP3@soundManager@@QAAXPBDH_N@Z,soundManager_StartMP3,"void (__thiscall ?StartMP3@soundManager@@QAAXPBDH_N@Z)(soundManager* this, int8* filename, int loopCount, bool bStopSamples)",0x19acb0
0x59b310,?StopMP3@soundManager@@QAAXXZ,soundManager_StopMP3,void (__thiscall ?StopMP3@soundManager@@QAAXXZ)(soundManager* this),0x19b010
0x59b380,?ThreadStopMP3@soundManager@@QAAXXZ,soundManager_ThreadStopMP3,void (__thiscall ?ThreadStopMP3@soundManager@@QAAXXZ)(soundManager* this),
0x59b5a0,sub_59B5A0,,,
0x59b5c0,sub_59B5C0,,,
0x59b620,sub_59B620,,,
0x59b680,sub_59B680,,,
0x59b6f0,sub_59B6F0,,,
0x59b750,sub_59B750,,,
0x59b7b0,sub_59B7B0,,,
0x59b810,sub_59B810,,,
0x59b870,sub_59B870,,,
0x59b8d0,sub_59B8D0,,,
0x59b930,sub_59B930,,,
0x59b990,sub_59B990,,,
0x59b9b0,sub_59B9B0,,,
0x59ba10,sub_59BA10,,,
0x59ba70,sub_59BA70,,,
0x59bae0,sub_59BAE0,,,
0x59bb40,sub_59BB40,,,
0x59bba0,sub_59BBA0,,,
0x59bc00,sub_59BC00,,,
0x59bc60,sub_59BC60,,,
0x59bcc0,sub_59BCC0,,,
0x59bd20,sub_59BD20,,,
0x59bd80,sub_59BD80,,,
0x59bda0,?get_spell_description@TSpellbookWindow@@AAA?AV?$basic_string@DU?$char_traits@D@std@@V?$allocator@D@2@@std@@W4SpellID@@PBVhero@@_N@Z,TSpellbookWindow_get_spell_description,"std::string* (__thiscall ?get_spell_description@TSpellbookWindow@@AAA?AV?$basic_string@DU?$char_traits@D@std@@V?$allocator@D@2@@std@@W4SpellID@@PBVhero@@_N@Z)(TSpellbookWindow* this, std::string* retstr, SpellID spell, hero* current_hero, bool rollover)",
0x59c0f0,??0TSpellbookWindow@@QAA@ABVhero@@PBVarmyGroup@@W4TSpellContext@0@_N@Z,TSpellbookWindow_ctor,"TSpellbookWindow* (__thiscall ??0TSpellbookWindow@@QAA@ABVhero@@PBVarmyGroup@@W4TSpellContext@0@_N@Z)(TSpellbookWindow* this, hero* h, armyGroup* g, TSpellbookWindow::TSpellContext context, int plains_type)",
0x59cbc0,??_GTSpellbookWindow@@UAAPAXI@Z,op_GTSpellbookWindow,"TSpellbookWindow* (__thiscall ??_GTSpellbookWindow@@UAAPAXI@Z)(TSpellbookWindow* Memory, int8)",
0x59cbf0,??1TSpellbookWindow@@UAA@XZ,TSpellbookWindow_dtor,void (__thiscall ??1TSpellbookWindow@@UAA@XZ)(TSpellbookWindow* this),
0x59cc70,?Open@TSpellbookWindow@@UAAHH_N@Z,TSpellbookWindow_Open,"int (__thiscall ?Open@TSpellbookWindow@@UAAHH_N@Z)(TSpellbookWindow* this, int newPriority, bool update)",
0x59cc90,?Close@TSpellbookWindow@@UAAX_N@Z,TSpellbookWindow_Close,"void (__thiscall ?Close@TSpellbookWindow@@UAAX_N@Z)(TSpellbookWindow* this, bool update)",
0x59cca0,?GotoPage@TSpellbookWindow@@QAAXH@Z,TSpellbookWindow_GotoPage,"void (__thiscall ?GotoPage@TSpellbookWindow@@QAAXH@Z)(TSpellbookWindow* this, int page)",
0x59d340,?WindowHandler@TSpellbookWindow@@UAAHAAUmessage@@@Z,TSpellbookWindow_WindowHandler,"int (__thiscall ?WindowHandler@TSpellbookWindow@@UAAHAAUmessage@@@Z)(TSpellbookWindow* this, message* msg)",
0x59dee0,??MTSpellbookEntry@TSpellbookWindow@@QBA_NABV01@@Z,TSpellbookWindow_op_MTSpellbookEntry,"bool (__thiscall ??MTSpellbookEntry@TSpellbookWindow@@QBA_NABV01@@Z)(TSpellbookWindow::TSpellbookEntry* this, TSpellbookWindow::TSpellbookEntry* other)",
0x59df70,atexit_59DF70,,,
0x59df90,sub_59DF90,,,
0x59e1f0,sub_59E1F0,,,
0x59e360,?SpellTargetsASingleArmy@@YA_NHH@Z,SpellTargetsASingleArmy,"bool (__fastcall ?SpellTargetsASingleArmy@@YA_NHH@Z)(SpellID spell, TSkillMastery sslevel)",
0x59e390,?InitializeSpellTraitsTable@@YA_NXZ,InitializeSpellTraitsTable,,
0x59e450,InitializeSpellTraits,,"int (__fastcall InitializeSpellTraits)(int id, std::vector* resource)",
0x59e7b0,??1TAutoStrPtr@?%E:_gamedcs_spelldefs.cpp1007929134@@QAA@XZ,E_gamedcs_spelldefs_cpp1007929134_TAutoStrPtr_dtor,void (__thiscall ??1TAutoStrPtr@?%E:_gamedcs_spelldefs.cpp1007929134@@QAA@XZ)(void** this),
0x59e7c0,init_59E7C0,,,
0x59e7e0,init_59E7E0,,,
0x59e800,init_59E800,,,
0x59e820,sub_59E820,,,
0x59e840,sub_59E840,,,
0x59e8a0,sub_59E8A0,,,
0x59e900,sub_59E900,,,
0x59e970,sub_59E970,,,
0x59e9d0,sub_59E9D0,,,
0x59ea30,sub_59EA30,,,
0x59ea90,sub_59EA90,,,
0x59eaf0,sub_59EAF0,,,
0x59eb50,sub_59EB50,,,
0x59ebb0,sub_59EBB0,,,
0x59ec10,?ViewSpells@combatManager@@QBA?AW4SpellID@@XZ,combatManager_ViewSpells,SpellID (__thiscall ?ViewSpells@combatManager@@QBA?AW4SpellID@@XZ)(combatManager* this),
0x59ef60,?InitiateSpell@combatManager@@QAAXW4SpellID@@@Z,combatManager_InitiateSpell,"void (__thiscall ?InitiateSpell@combatManager@@QAAXW4SpellID@@@Z)(combatManager* this, SpellID spellToCast)",
0x59fa10,?HighlightHex@combatManager@@QAAXH@Z,combatManager_HighlightHex,void (__fastcall ?HighlightHex@combatManager@@QAAXH@Z)(int hex),
0x59fbb0,mark_area_highlights,,"void (__fastcall mark_area_highlights)(SpellID spell, TSkillMastery mastery, int hex)",
0x59fe50,?check_landmine@combatManager@@QAA_NJPAVarmy@@_N@Z,combatManager_check_landmine,"bool (__thiscall ?check_landmine@combatManager@@QAA_NJPAVarmy@@_N@Z)(combatManager* this, int hex, army* current_army, bool is_walking)",
0x59ffe0,?check_fire_wall@combatManager@@QAA_NJPAVarmy@@_N@Z,combatManager_check_fire_wall,"bool (__thiscall ?check_fire_wall@combatManager@@QAA_NJPAVarmy@@_N@Z)(combatManager* this, int hex, army* current_army, bool is_walking)",
0x5a00f0,combatManager::EnchanterShoot_SoD,,"void (__thiscall combatManager::EnchanterShoot_SoD)(combatManager* this, int startX, int startY, army* cur_army)",
0x5a0140,?CastSpell@combatManager@@QAAXW4SpellID@@H_NHW4TSkillMastery@@J@Z,combatManager_CastSpell,"void (__thiscall ?CastSpell@combatManager@@QAAXW4SpellID@@H_NHW4TSkillMastery@@J@Z)(combatManager* this, SpellID spellID, int targetIndex, int bIsMonsterSpell, int secondaryIndex, TSkillMastery monster_skill, int monster_power)",
0x5a2b90,?get_failure_reason@combatManager@@AAA?AV?$basic_string@DU?$char_traits@D@std@@V?$allocator@D@2@@std@@W4SpellID@@PBDJ@Z,combatManager_get_failure_reason,"std::string* (__thiscall ?get_failure_reason@combatManager@@AAA?AV?$basic_string@DU?$char_traits@D@std@@V?$allocator@D@2@@std@@W4SpellID@@PBDJ@Z)(combatManager* this, std::string* retstr, SpellID spell, int8* msg, int hex)",
0x5a2f70,?display_failure_reason@combatManager@@QAAXW4SpellID@@PBDJ@Z,combatManager_display_failure_reason,"void (__thiscall ?display_failure_reason@combatManager@@QAAXW4SpellID@@PBDJ@Z)(combatManager* this, SpellID spell, int8* msg, int hex)",
0x5a3010,handle_sacrifice_beneficiary,,,
0x5a31a0,HandleCastSacrifice,,,
0x5a3380,HandleCastSpell,,int (__fastcall HandleCastSpell)(message* msg),
0x5a3560,HandleCastWallSpell,,,
0x5a3880,HandleCastTeleport,,int (__fastcall HandleCastTeleport)(message* msg),
0x5a3a10,?is_valid_teleport@combatManager@@QAA_NPBVarmy@@J@Z,combatManager_is_valid_teleport,"bool (__thiscall ?is_valid_teleport@combatManager@@QAA_NPBVarmy@@J@Z)(combatManager* this, army* this_army, int new_hex)",
0x5a3ae0,HandleGetTeleportDestination,,int (__fastcall HandleGetTeleportDestination)(message* msg),
0x5a3c60,?find_spell_target@combatManager@@AAAPAVarmy@@W4SpellID@@JJ_N1@Z,combatManager_find_spell_target,"army* (__thiscall ?find_spell_target@combatManager@@AAAPAVarmy@@W4SpellID@@JJ_N1@Z)(combatManager* this, SpellID spell, int side, int hex, bool first_target, bool creature_spell)",
0x5a3cd0,?ValidSpellTarget@combatManager@@QAA_NW4SpellID@@W4TSkillMastery@@HH_N2@Z,combatManager_ValidSpellTarget,"bool (__thiscall ?ValidSpellTarget@combatManager@@QAA_NW4SpellID@@W4TSkillMastery@@HH_N2@Z)(combatManager* this, SpellID spellId, TSkillMastery mastery, int targetIndex, int casting_side, bool first_target, bool creature_spell)",
0x5a3f90,?ValidSpellTargetArmy@combatManager@@QBA_NHHPBVarmy@@_N1@Z,combatManager_ValidSpellTargetArmy,"bool (__thiscall ?ValidSpellTargetArmy@combatManager@@QBA_NHHPBVarmy@@_N1@Z)(combatManager* this, int spellId, int casting_side, army* targetArmy, bool first_target, bool creature_spell)",
0x5a3fd0,?find_resurrection_target@combatManager@@QAAPAVarmy@@HH_N@Z,combatManager_find_resurrection_target,"army* (__thiscall ?find_resurrection_target@combatManager@@QAAPAVarmy@@HH_N@Z)(combatManager* this, int iArmyGroup, int targetIndex, bool creature_spell)",
0x5a4150,?find_demonic_resurrection_target@combatManager@@QAAPAVarmy@@HH@Z,combatManager_find_demonic_resurrection_target,"army* (__thiscall ?find_demonic_resurrection_target@combatManager@@QAAPAVarmy@@HH@Z)(combatManager* this, int iArmyGroup, int targetIndex)",
0x5a4260,?find_animate_dead_target@combatManager@@QAAPAVarmy@@HH@Z,combatManager_find_animate_dead_target,"army* (__thiscall ?find_animate_dead_target@combatManager@@QAAPAVarmy@@HH@Z)(combatManager* this, int iArmyGroup, int targetIndex)",
0x5a43e0,?HasValidSpellTarget@combatManager@@QAA_NW4SpellID@@W4TSkillMastery@@H_N2@Z,combatManager_HasValidSpellTarget,"bool (__thiscall ?HasValidSpellTarget@combatManager@@QAA_NW4SpellID@@W4TSkillMastery@@H_N2@Z)(combatManager* this, SpellID spellId, TSkillMastery mastery, int casting_side, bool first_target, bool creature_spell)",
0x5a4480,?mark_area_effect@combatManager@@QAAXJJ_NAAV?$vector@JV?$allocator@J@std@@@std@@@Z,combatManager_mark_area_effect,"void (__thiscall ?mark_area_effect@combatManager@@QAAXJJ_NAAV?$vector@JV?$allocator@J@std@@@std@@@Z)(combatManager* this, int target_hex, int radius, bool include_center, std::vector* result)",
0x5a4740,?mark_berserk_area_effect@combatManager@@QAAXJW4TSkillMastery@@AAV?$vector@JV?$allocator@J@std@@@std@@@Z,combatManager_mark_berserk_area_effect,"void (__thiscall ?mark_berserk_area_effect@combatManager@@QAAXJW4TSkillMastery@@AAV?$vector@JV?$allocator@J@std@@@std@@@Z)(combatManager* this, int target_hex, TSkillMastery mastery, std::vector* result)",
0x5a4a00,?mark_area_effect@combatManager@@QAAXJJ_NAAV?$vector@PAVarmy@@V?$allocator@PAVarmy@@@std@@@std@@@Z,combatManager_mark_area_effect,"void (__thiscall ?mark_area_effect@combatManager@@QAAXJJ_NAAV?$vector@PAVarmy@@V?$allocator@PAVarmy@@@std@@@std@@@Z)(combatManager* this, int target_hex, int radius, int include_center, std::vector* result)",
0x5a4b20,?mark_berserk_area_effect@combatManager@@QAAXJW4TSkillMastery@@AAV?$vector@PAVarmy@@V?$allocator@PAVarmy@@@std@@@std@@@Z,combatManager_mark_berserk_area_effect,"void (__thiscall ?mark_berserk_area_effect@combatManager@@QAAXJW4TSkillMastery@@AAV?$vector@PAVarmy@@V?$allocator@PAVarmy@@@std@@@std@@@Z)(combatManager* this, int target_hex, TSkillMastery mastery, std::vector* result)",
0x5a4c30,?mark_area_effect@combatManager@@QAAXW4SpellID@@JW4TSkillMastery@@AAV?$vector@PAVarmy@@V?$allocator@PAVarmy@@@std@@@std@@@Z,combatManager_mark_area_effect,"void (__thiscall ?mark_area_effect@combatManager@@QAAXW4SpellID@@JW4TSkillMastery@@AAV?$vector@PAVarmy@@V?$allocator@PAVarmy@@@std@@@std@@@Z)(combatManager* this, SpellID spell, int target_hex, TSkillMastery mastery, std::vector* result)",
0x5a4c80,?AreaEffect@combatManager@@QAAXHHW4TSkillMastery@@H@Z,combatManager_AreaEffect,"void (__thiscall ?AreaEffect@combatManager@@QAAXHHW4TSkillMastery@@H@Z)(combatManager* this, int targetCell, SpellID iSpellType, TSkillMastery mastery, int power)",
0x5a4ed0,?Armageddon@combatManager@@QAAXHH@Z,combatManager_Armageddon,"void (__thiscall ?Armageddon@combatManager@@QAAXHH@Z)(combatManager* this, int level, int power)",
0x5a5570,?ResetBoltAngle@combatManager@@QAAXPAUSBolt@@@Z,combatManager_ResetBoltAngle,"void (__thiscall ?ResetBoltAngle@combatManager@@QAAXPAUSBolt@@@Z)(combatManager* this, SBolt* pBolt)",
0x5a5750,?DrawBolt@combatManager@@QAAXPAUSBolt@@H@Z,combatManager_DrawBolt,"int (__thiscall ?DrawBolt@combatManager@@QAAXPAUSBolt@@H@Z)(combatManager* this, SBolt* psBolt, int iDrawLength)",
0x5a5da0,?AddBolt@combatManager@@QAAXPAUSBolt@@HHHHHHHHHHHH@Z,combatManager_AddBolt,"void (__thiscall ?AddBolt@combatManager@@QAAXPAUSBolt@@HHHHHHHHHHHH@Z)(combatManager* this, SBolt* psBolt, int iSourceX, int iSourceY, int iDestX, int iDestY, int iSplitFrequency, int iStartThickness, int iEndThickness, int iColor, int iAngleDistortMin, int iAngleDistortMax, int iSegmentLength, int bDistortAlways)",
0x5a5f30,?DoBolt@combatManager@@QAAXHHHHHHHHHHHHHHHHH@Z,combatManager_DoBolt,"void (__thiscall ?DoBolt@combatManager@@QAAXHHHHHHHHHHHHHHHHH@Z)(combatManager* this, int bHandleResets, int iSourceX, int iSourceY, int iDestX, int iDestY, int iSplitFrequency, int iMaxSplitLength, int iStartThickness, int iEndThickness, int iColor, int iAngleDistortMin, int iAngleDistortMax, int iSegmentLength, int iDrawsPerSegment, int bDistortAlways, float iDelay, int bFlashLighten)",
0x5a6500,?GetNextChainLightningTarget@combatManager@@QAAHPAVarmy@@H@Z,combatManager_GetNextChainLightningTarget,"int (__thiscall ?GetNextChainLightningTarget@combatManager@@QAAHPAVarmy@@H@Z)(combatManager* this, army* lastTargetArmy, int bUseSRandom)",
0x5a6670,?ChainLightning@combatManager@@QAAXHHH@Z,combatManager_ChainLightning,"void (__thiscall ?ChainLightning@combatManager@@QAAXHHH@Z)(combatManager* this, int index, int power, int level)",
0x5a69c0,?ClearEffects@combatManager@@QAAXXZ,combatManager_ClearEffects,void (__thiscall ?ClearEffects@combatManager@@QAAXXZ)(combatManager* this),
0x5a69e0,?SetMassSpellInfluence@combatManager@@QAAXPBVhero@@HW4TSkillMastery@@HH_N@Z,combatManager_SetMassSpellInfluence,"void (__thiscall ?SetMassSpellInfluence@combatManager@@QAAXPBVhero@@HW4TSkillMastery@@HH_N@Z)(combatManager* this, hero* casting_hero, int spell, TSkillMastery level, int power, int casting_side, bool creature_spell)",
0x5a6ad0,?ShowMassSpell@combatManager@@QAAXAAY11BE@_NH_N@Z,combatManager_ShowMassSpell,"void (__thiscall ?ShowMassSpell@combatManager@@QAAXAAY11BE@_NH_N@Z)(combatManager* this, bool[20][2]* bEffected, int spellEffect, bool bShowWince)",
0x5a6f80,?MirrorImage@combatManager@@QAAXHH@Z,combatManager_MirrorImage,"void (__thiscall ?MirrorImage@combatManager@@QAAXHH@Z)(combatManager* this, int targetIndex, int level)",
0x5a7390,?SummonElemental@combatManager@@QAAXW4SpellID@@W4TCreatureType@@HH@Z,combatManager_SummonElemental,"void (__thiscall ?SummonElemental@combatManager@@QAAXW4SpellID@@W4TCreatureType@@HH@Z)(combatManager* this, SpellID spell, TCreatureType iMonType, int iSpellPower, int level)",
0x5a7630,?remove_corpse@combatManager@@QAAXAAVhexcell@@JJ@Z,combatManager_remove_corpse,"void (__thiscall ?remove_corpse@combatManager@@QAAXAAVhexcell@@JJ@Z)(combatManager* this, hexcell* hex, int group, int index)",
0x5a76a0,?demonic_resurrection@combatManager@@QAAXPBVarmy@@PAV2@@Z,combatManager_demonic_resurrection,"void (__thiscall ?demonic_resurrection@combatManager@@QAAXPBVarmy@@PAV2@@Z)(combatManager* this, army* caster, army* target)",
0x5a7870,?Resurrect@combatManager@@QAAXPAVarmy@@J_N@Z,combatManager_Resurrect,"void (__thiscall ?Resurrect@combatManager@@QAAXPAVarmy@@J_N@Z)(combatManager* this, army* target_army, int hit_points_resurrected, BOOL temporary)",
0x5a7ba0,?ComputeSpellDamage@combatManager@@QBAHW4SpellID@@HHPBVhero@@1PBVarmy@@_N@Z,combatManager_ComputeSpellDamage,"int (__thiscall ?ComputeSpellDamage@combatManager@@QBAHW4SpellID@@HHPBVhero@@1PBVarmy@@_N@Z)(combatManager* this, SpellID id, int power, int spell_level, hero* casting_hero, hero* affected_hero, army* target_army, bool print_result)",
0x5a7bf0,?ModifySpellDamage@combatManager@@QBAHHHPBVhero@@0PBVarmy@@_N@Z,combatManager_ModifySpellDamage,"int (__thiscall ?ModifySpellDamage@combatManager@@QBAHHHPBVhero@@0PBVarmy@@_N@Z)(combatManager* this, int base_damage, int iSpellType, hero* castingHero, hero* affectedHero, army* targetArmy, BOOL print_result)",
0x5a7ec0,?ModifySpellDamageForSpells@combatManager@@QBAHHHPBVarmy@@@Z,combatManager_ModifySpellDamageForSpells,"int (__thiscall ?ModifySpellDamageForSpells@combatManager@@QBAHHHPBVarmy@@@Z)(combatManager* this, int damage, int iSpellType, army* targetArmy)",
0x5a7f90,?Earthquake@combatManager@@QAAXH@Z,combatManager_Earthquake,"void (__thiscall ?Earthquake@combatManager@@QAAXH@Z)(combatManager* this, int power)",
0x5a83a0,?SpellCastWorkChance@combatManager@@QBAMHHPBVarmy@@_N11@Z,combatManager_SpellCastWorkChance,"float (__thiscall ?SpellCastWorkChance@combatManager@@QBAMHHPBVarmy@@_N11@Z)(combatManager* this, int spell, int casting_side, army* target_army, bool redirected, bool first_target, bool creature_spell)",
0x5a8950,?SpellCastWorks@combatManager@@QBA_NHHPBVarmy@@_N1@Z,combatManager_SpellCastWorks,"bool (__thiscall ?SpellCastWorks@combatManager@@QBA_NHHPBVarmy@@_N1@Z)(combatManager* this, SpellID spell, int casting_side, army* target_army, bool redirected, bool creature_spell)",
0x5a89a0,?SpellTargetMessage@combatManager@@QAAXHH_N@Z,combatManager_SpellTargetMessage,"void (__thiscall ?SpellTargetMessage@combatManager@@QAAXHH_N@Z)(combatManager* this, int spellId, int targetIndex, bool first_target)",
0x5a8c60,?ShowSpellMessage@combatManager@@QAAXHHPAVarmy@@@Z,combatManager_ShowSpellMessage,"void (__thiscall ?ShowSpellMessage@combatManager@@QAAXHHPAVarmy@@@Z)(combatManager* this, int bIsMonsterSpell, int spellId, army* targetArmy)",
0x5a9600,?LoadSpellEffect@combatManager@@QAAPAVCSprite@@H@Z,combatManager_LoadSpellEffect,"CSprite* (__thiscall ?LoadSpellEffect@combatManager@@QAAPAVCSprite@@H@Z)(combatManager* this, int effect)",
0x5a9670,?get_elemental_type@@YA?AW4TCreatureType@@W4SpellID@@@Z,get_elemental_type,TCreatureType (__fastcall ?get_elemental_type@@YA?AW4TCreatureType@@W4SpellID@@@Z)(SpellID spell),0x1a9360
0x5a96b0,?AbleToSummonElemental@combatManager@@QAA_NW4SpellID@@J@Z,combatManager_AbleToSummonElemental,"bool (__thiscall ?AbleToSummonElemental@combatManager@@QAA_NW4SpellID@@J@Z)(combatManager* this, SpellID spell, int side)",
0x5a9760,?insert@?$set@W4SpellID@@U?$less@W4SpellID@@@std@@V?$allocator@W4SpellID@@@3@@std@@QAA?AU?$pair@U?$_Rb_tree_iterator@W4SpellID@@U?$_Const_traits@W4SpellID@@@std@@@std@@_N@2@ABW4SpellID@@@Z,W4SpellID_set_insert,"int* (__thiscall ?insert@?$set@W4SpellID@@U?$less@W4SpellID@@@std@@V?$allocator@W4SpellID@@@3@@std@@QAA?AU?$pair@U?$_Rb_tree_iterator@W4SpellID@@U?$_Const_traits@W4SpellID@@@std@@@std@@_N@2@ABW4SpellID@@@Z)(int this, int*, int*)",
0x5a9880,cpp_init_5A9880,,"int* (__thiscall cpp_init_5A9880)(void* this, int*, void*, void*, void*)",
0x5a9b80,cpp_init_5A9B80,,void (__thiscall cpp_init_5A9B80)(void* this),
0x5a9c40,atexit_5A9C40,,,
0x5a9c60,cpp_init_5A9C60,,,
0x5a9cc0,cpp_init_5A9CC0,,,
0x5a9d20,cpp_init_5A9D20,,,
0x5a9d90,cpp_init_5A9D90,,,
0x5a9df0,cpp_init_5A9DF0,,,
0x5a9e50,cpp_init_5A9E50,,,
0x5a9eb0,cpp_init_5A9EB0,,,
0x5a9f10,cpp_init_5A9F10,,,
0x5a9f70,cpp_init_5A9F70,,,
0x5a9fd0,cpp_init_5A9FD0,,,
0x5aa030,??0strip@@QAA@HHHHHJPAVhero@@PAVarmyGroup@@H_NPAVheroWindow@@@Z,strip_ctor,"strip* (__thiscall ??0strip@@QAA@HHHHHJPAVhero@@PAVarmyGroup@@H_NPAVheroWindow@@@Z)(strip* this, int inX, int inY, int inPos, int newIcons, int newIconFrame, int new_owner, hero* new_hero, armyGroup* groupToDraw, int firstId, bool update, heroWindow* inWin)",
0x5aa090,?Draw@strip@@QAAXW4TCreatureType@@@Z,strip_Draw,"void (__thiscall ?Draw@strip@@QAAXW4TCreatureType@@@Z)(strip* this, TCreatureType divide_creature)",
0x5aa0c0,?DrawIcons@strip@@QAAX_NW4TCreatureType@@@Z,strip_DrawIcons,"void (__thiscall ?DrawIcons@strip@@QAAX_NW4TCreatureType@@@Z)(strip* this, bool update, TCreatureType divide_creature)",
0x5aa370,?DrawOwner@strip@@IAAXH@Z,strip_DrawOwner,"void (__thiscall ?DrawOwner@strip@@IAAXH@Z)(strip* this, int a2)",
0x5aa540,?DrawMonster@strip@@IAAXHH@Z,strip_DrawMonster,"int (__fastcall ?DrawMonster@strip@@IAAXHH@Z)(strip* this, int, int, int)",
0x5aa630,atexit_5AA630,,,
0x5aa650,??0TSubWindow@@QAA@XZ,TSubWindow_ctor,void (__thiscall ??0TSubWindow@@QAA@XZ)(TSubWindow* this),0x1aa340
0x5aa6a0,??_GTSubWindow@@UAAPAXI@Z,op_GTSubWindow,"TSubWindow* (__thiscall ??_GTSubWindow@@UAAPAXI@Z)(TSubWindow* Memory, int8)",
0x5aa6d0,??0TSubWindow@@QAA@HHHHPAVheroWindow@@@Z,TSubWindow_ctor,"TSubWindow* (__thiscall ??0TSubWindow@@QAA@HHHHPAVheroWindow@@@Z)(TSubWindow* this, int x, int y, int w, int h, heroWindow* parent_window)",0x1aa3c0
0x5aa720,??1TSubWindow@@UAA@XZ,TSubWindow_dtor,void (__thiscall ??1TSubWindow@@UAA@XZ)(TSubWindow* this),0x1aa410
0x5aa780,?initialize@TSubWindow@@QAAXHHHHPAVheroWindow@@@Z,TSubWindow_initialize,"void (__thiscall ?initialize@TSubWindow@@QAAXHHHHPAVheroWindow@@@Z)(TSubWindow* this, int x, int y, int w, int h, heroWindow* parent_window)",0x1aa470
0x5aa7b0,?AddWidget@TSubWindow@@QAAXPAVwidget@@H@Z,TSubWindow_AddWidget,"void (__thiscall ?AddWidget@TSubWindow@@QAAXPAVwidget@@H@Z)(TSubWindow* this, widget* newWidget, int newPriority)",0x1aa4a0
0x5aa800,?Draw@TSubWindow@@QAAX_NHH@Z,TSubWindow_Draw,"void (__thiscall ?Draw@TSubWindow@@QAAX_NHH@Z)(TSubWindow* this, bool update, int iLowID, int iHighID)",0x1aa4f0
0x5aa870,?SaveBackground@TSubWindow@@QAAXXZ,TSubWindow_SaveBackground,void (__thiscall ?SaveBackground@TSubWindow@@QAAXXZ)(TSubWindow* this),0x1aa560
0x5aa920,?RestoreBackground@TSubWindow@@QAAXXZ,TSubWindow_RestoreBackground,void (__thiscall ?RestoreBackground@TSubWindow@@QAAXXZ)(TSubWindow* this),0x1aa610
0x5aa9a0,sub_5AA9A0,,,
0x5aa9c0,sub_5AA9C0,,,
0x5aaa20,sub_5AAA20,,,
0x5aaa80,sub_5AAA80,,,
0x5aaaf0,sub_5AAAF0,,,
0x5aab50,sub_5AAB50,,,
0x5aabb0,sub_5AABB0,,,
0x5aac10,sub_5AAC10,,,
0x5aac70,sub_5AAC70,,,
0x5aacd0,sub_5AACD0,,,
0x5aad30,sub_5AAD30,,,
0x5aad90,??0TSwapWindow@@QAA@QAPAVhero@@@Z,TSwapWindow_ctor,"heroWindow* (__thiscall ??0TSwapWindow@@QAA@QAPAVhero@@@Z)(heroWindow* this, heroWindow::vftable_t* nextWindow)",
0x5ae680,??_GCGameChatEdit@@UAAPAXI@Z,op_GCGameChatEdit,"void* (__thiscall ??_GCGameChatEdit@@UAAPAXI@Z)(void* Memory, int8)",
0x5ae6b0,sub_5AE6B0,,void (__thiscall sub_5AE6B0)(textEntryWidget* this),
0x5ae6c0,sub_5AE6C0,,"int (__thiscall sub_5AE6C0)(void* this, int8* Str1, int)",
0x5ae6e0,sub_5AE6E0,,"heroWindow* (__thiscall sub_5AE6E0)(heroWindow* Memory, int8)",
0x5ae710,sub_5AE710,,void (__thiscall sub_5AE710)(heroWindow* this),
0x5ae780,?UpdateArrows@TSwapWindow@@QAAXXZ,TSwapWindow_UpdateArrows,int (__thiscall ?UpdateArrows@TSwapWindow@@QAAXXZ)(int this),
0x5ae850,??0swapManager@@QAA@PAVhero@@0@Z,swapManager_ctor,"swapManager* (__thiscall ??0swapManager@@QAA@PAVhero@@0@Z)(swapManager* this, hero* left_hero, hero* right_hero)",
0x5ae900,?Reset@swapManager@@QAAXXZ,swapManager_Reset,void (__thiscall ?Reset@swapManager@@QAAXXZ)(swapManager* this),
0x5aeaa0,?Open@swapManager@@UAAHH@Z,swapManager_Open,"int (__thiscall ?Open@swapManager@@UAAHH@Z)(swapManager* this, int newPriority)",
0x5aee50,sub_5AEE50,,"int (__thiscall sub_5AEE50)(swapManager* this, message* Memory)",
0x5af070,sub_5AF070,,"void* (__thiscall sub_5AF070)(void* Memory, int8)",
0x5af0a0,sub_5AF0A0,,,
0x5af0b0,?Close@swapManager@@UAAXXZ,swapManager_Close,void (__thiscall ?Close@swapManager@@UAAXXZ)(swapManager* this),
0x5af150,?DrawSelector@swapManager@@QAAXXZ,swapManager_DrawSelector,void (__thiscall ?DrawSelector@swapManager@@QAAXXZ)(swapManager* this),
0x5af290,sub_5AF290,,"int (__thiscall sub_5AF290)(heroWindow** this, int, int8*)",
0x5af4e0,?UpdateBackpack@swapManager@@AAAXH@Z,swapManager_UpdateBackpack,"void (__thiscall ?UpdateBackpack@swapManager@@AAAXH@Z)(swapManager* this, int iHero)",
0x5af640,?HandleMonster@swapManager@@AAAXHHH_N@Z,swapManager_HandleMonster,"void (__thiscall ?HandleMonster@swapManager@@AAAXHHH_N@Z)(swapManager* this, int, int, int, int8)",
0x5af920,?handle_artifact_click@swapManager@@AAAXJJ_N@Z,swapManager_handle_artifact_click,"void (__thiscall ?handle_artifact_click@swapManager@@AAAXJJ_N@Z)(swapManager* this, int side, int id, bool right_click)",
0x5afd20,?handle_backpack_click@swapManager@@AAAXJJ_N@Z,swapManager_handle_backpack_click,"void (__fastcall ?handle_backpack_click@swapManager@@AAAXJJ_N@Z)(swapManager* this, int, int iHero, int slot, unsigned int8)",
0x5aff80,?SendHeroUpdate@swapManager@@QAAXXZ,swapManager_SendHeroUpdate,void (__thiscall ?SendHeroUpdate@swapManager@@QAAXXZ)(swapManager* this),
0x5b0100,?Main@swapManager@@UAAHAAUmessage@@@Z,swapManager_Main,"int (__thiscall ?Main@swapManager@@UAAHAAUmessage@@@Z)(swapManager* this, message* msg)",
0x5b0bc0,?SetRolloverText@swapManager@@AAAXH@Z,swapManager_SetRolloverText,"void (__thiscall ?SetRolloverText@swapManager@@AAAXH@Z)(swapManager* this, int codeY)",
0x5b10b0,?SwapMons@swapManager@@QAAXXZ,swapManager_SwapMons,void (__thiscall ?SwapMons@swapManager@@QAAXXZ)(swapManager* this),
0x5b1200,?Update@swapManager@@QAAXXZ,swapManager_Update,int (__thiscall ?Update@swapManager@@QAAXXZ)(swapManager* this),
0x5b13e0,?OnWidgetDeselect@swapManager@@QAAXAAUmessage@@AAH@Z,swapManager_OnWidgetDeselect,"void (__thiscall ?OnWidgetDeselect@swapManager@@QAAXAAUmessage@@AAH@Z)(swapManager* this, message* msg, int* a3)",
0x5b1690,?IsLeftHero@swapManager@@QAA_NXZ,swapManager_IsLeftHero,bool (__thiscall ?IsLeftHero@swapManager@@QAA_NXZ)(swapManager* this),
0x5b16b0,sub_5B16B0,,,
0x5b16d0,sub_5B16D0,,,
0x5b1730,sub_5B1730,,,
0x5b1790,sub_5B1790,,,
0x5b1800,sub_5B1800,,,
0x5b1860,sub_5B1860,,,
0x5b18c0,sub_5B18C0,,,
0x5b1920,sub_5B1920,,,
0x5b1980,sub_5B1980,,,
0x5b19e0,sub_5B19E0,,,
0x5b1a40,sub_5B1A40,,,
0x5b1aa0,??0TSystemOptionsWindow@@QAA@XZ,TSystemOptionsWindow_ctor,TSystemOptionsWindow* (__thiscall ??0TSystemOptionsWindow@@QAA@XZ)(TSystemOptionsWindow* this),
0x5b3320,??_GTSystemOptionsWindow@@UAAPAXI@Z,op_GTSystemOptionsWindow,"CAdvPopup* (__thiscall ??_GTSystemOptionsWindow@@UAAPAXI@Z)(CAdvPopup* Memory, int8)",
0x5b3350,??1TSystemOptionsWindow@@UAA@XZ,TSystemOptionsWindow_dtor,void (__thiscall ??1TSystemOptionsWindow@@UAA@XZ)(CAdvPopup* this),
0x5b33c0,?DoModal@TSystemOptionsWindow@@QAAXXZ,TSystemOptionsWindow_DoModal,int8 (__thiscall ?DoModal@TSystemOptionsWindow@@QAAXXZ)(TSystemOptionsWindow* this),
0x5b3450,?WindowHandler@TSystemOptionsWindow@@UAAHAAUmessage@@@Z,TSystemOptionsWindow_WindowHandler,"int (__thiscall ?WindowHandler@TSystemOptionsWindow@@UAAHAAUmessage@@@Z)(TSystemOptionsWindow* this, message* msg)",
0x5b3a70,sub_5B3A70,,,
0x5b3a90,sub_5B3A90,,"void* (__thiscall sub_5B3A90)(void* this, int8, int8, int, int, int)",
0x5b3b50,sub_5B3B50,,BOOL (__thiscall sub_5B3B50)(void* this),
0x5b3b60,sub_5B3B60,,"int8 (__thiscall sub_5B3B60)(void* this, int)",
0x5b3b80,sub_5B3B80,,"int (__thiscall sub_5B3B80)(void* this, int)",
0x5b3b90,sub_5B3B90,,"unsigned int (__thiscall sub_5B3B90)(void* this, int, unsigned int)",
0x5b3bf0,sub_5B3BF0,,"unsigned int (__thiscall sub_5B3BF0)(void* this, int, int16, unknown*, unsigned int)",
0x5b3c40,sub_5B3C40,,,
0x5b3d10,unknown_libname_24,,,
0x5b3d20,sub_5B3D20,,void* (__thiscall sub_5B3D20)(void* this),
0x5b3d40,sub_5B3D40,,,
0x5b3d50,sub_5B3D50,,"void* (__thiscall sub_5B3D50)(void* Memory, int8)",
0x5b3d80,sub_5B3D80,,void (__thiscall sub_5B3D80)(void* this),
0x5b3d90,virtual_return0_function,,bool (__thiscall virtual_return0_function)(void* this),
0x5b3da0,sub_5B3DA0,,,
0x5b3dc0,sub_5B3DC0,,,
0x5b3e00,sub_5B3E00,,,
0x5b3e80,sub_5B3E80,,,
0x5b3eb0,unknown_libname_25,,,
0x5b3ec0,sub_5B3EC0,,,
0x5b3ef0,unknown_libname_26,,,
0x5b3f00,sub_5B3F00,,,
0x5b3f30,unknown_libname_27,,,
0x5b3f40,sub_5B3F40,,,
0x5b3f70,unknown_libname_28,,,
0x5b3f80,sub_5B3F80,,,
0x5b3fb0,unknown_libname_29,,,
0x5b3fc0,sub_5B3FC0,,,
0x5b3ff0,unknown_libname_30,,,
0x5b4000,sub_5B4000,,,
0x5b4030,unknown_libname_31,,,
0x5b4040,sub_5B4040,,,
0x5b4070,unknown_libname_32,,,
0x5b4080,sub_5B4080,,,
0x5b40b0,unknown_libname_33,,,
0x5b40c0,sub_5B40C0,,,
0x5b40e0,unknown_libname_34,,,
0x5b40f0,sub_5B40F0,,"int (__thiscall sub_5B40F0)(void* this, int, int)",
0x5b4160,sub_5B4160,,,
0x5b41a0,sub_5B41A0,,,
0x5b4900,nullsub_7,,,
0x5b4910,sub_5B4910,,"int8* (__thiscall sub_5B4910)(int8* this, int, unsigned int, int)",
0x5b4b80,sub_5B4B80,,void (__thiscall sub_5B4B80)(int this),
0x5b4bf0,sub_5B4BF0,,"int (__thiscall sub_5B4BF0)(void* this, void*)",
0x5b4c80,sub_5B4C80,,"unsigned int (__thiscall sub_5B4C80)(int* this, unsigned int, unsigned int, int, int)",
0x5b4e40,sub_5B4E40,,"int8 (__thiscall sub_5B4E40)(int* this, int*)",
0x5b5410,sub_5B5410,,"int8 (__thiscall sub_5B5410)(void* this, void*)",
0x5b5760,sub_5B5760,,"int8 (__thiscall sub_5B5760)(int* this, int*)",
0x5b5d90,sub_5B5D90,,void (__thiscall sub_5B5D90)(void* this),
0x5b6640,sub_5B6640,,"BOOL (__thiscall sub_5B6640)(void* this, unsigned int*, int)",
0x5b6750,sub_5B6750,,"BOOL (__thiscall sub_5B6750)(void* this, int*, int)",
0x5b6860,sub_5B6860,,"int (__thiscall sub_5B6860)(void* this, unsigned int*, bool*)",
0x5b6b30,sub_5B6B30,,"int8 (__thiscall sub_5B6B30)(void* this, unsigned int*)",
0x5b6bc0,sub_5B6BC0,,"int (__thiscall sub_5B6BC0)(void* this, unsigned int*, int*)",
0x5b6ec0,sub_5B6EC0,,"bool (__thiscall sub_5B6EC0)(void* this, void*, unsigned int8*)",
0x5b7110,nullsub_8,,,
0x5b7120,sub_5B7120,,"bool (__thiscall sub_5B7120)(void* this, int*, unsigned int8*)",
0x5b72e0,nullsub_9,,,
0x5b72f0,sub_5B72F0,,"unsigned int (__thiscall sub_5B72F0)(void* this, int*, int)",
0x5b7570,sub_5B7570,,"void* (__thiscall sub_5B7570)(void* this, int, unsigned int, int)",
0x5b7610,sub_5B7610,,void (__thiscall sub_5B7610)(void* this),
0x5b7840,sub_5B7840,,"int (__thiscall sub_5B7840)(void* this, int, int)",
0x5b79b0,sub_5B79B0,,"unsigned int (__thiscall sub_5B79B0)(int** this, unsigned int, unsigned int, int, int)",
0x5b79d0,sub_5B79D0,,"void* (__thiscall sub_5B79D0)(void* this, void*, void*)",
0x5b79f0,sub_5B79F0,,,
0x5b7a10,sub_5B7A10,,void (__thiscall sub_5B7A10)(int this),
0x5b7c20,sub_5B7C20,,,
0x5b7c80,sub_5B7C80,,,
0x5b7ce0,sub_5B7CE0,,,
0x5b7d50,sub_5B7D50,,,
0x5b7db0,sub_5B7DB0,,,
0x5b7e10,sub_5B7E10,,,
0x5b7e70,sub_5B7E70,,,
0x5b7ed0,sub_5B7ED0,,,
0x5b7f30,sub_5B7F30,,,
0x5b7f90,sub_5B7F90,,,
0x5b7ff0,sub_5B7FF0,,"int* (__thiscall sub_5B7FF0)(int this, int*, unknown*)",
0x5b8150,sub_5B8150,,"void* (__thiscall sub_5B8150)(void* this, void*, void*, void*)",
0x5b8280,sub_5B8280,,"int (__thiscall sub_5B8280)(void* this, unknown*)",
0x5b82e0,sub_5B82E0,,"int8** (__thiscall sub_5B82E0)(void* this, int8**, unknown*)",
0x5b8340,sub_5B8340,,int (__thiscall sub_5B8340)(void* this),
0x5b8360,sub_5B8360,,"unknown* (__thiscall sub_5B8360)(void* this, unknown*, int16*)",
0x5b83a0,sub_5B83A0,,,
0x5b83d0,sub_5B83D0,,"void* (__thiscall sub_5B83D0)(void* this, void*, void*)",
0x5b88e0,sub_5B88E0,,"int8** (__thiscall sub_5B88E0)(void* this, int8**, unknown*)",
0x5b8900,sub_5B8900,,"int8** (__thiscall sub_5B8900)(void* this, int8**, unknown*)",
0x5b8930,sub_5B8930,,void (__stdcall sub_5B8930)(void** Memory),
0x5b89b0,sub_5B89B0,,void (__thiscall sub_5B89B0)(void* this),
0x5b8a60,sub_5B8A60,,"int* (__thiscall sub_5B8A60)(void* this, int*, void*, int, void*)",
0x5b8d60,sub_5B8D60,,,
0x5b8da0,sub_5B8DA0,,"int8** (__thiscall sub_5B8DA0)(void* this, int8**, unknown*)",
0x5b8dc0,sub_5B8DC0,,"int8* (__thiscall sub_5B8DC0)(void* this, unknown*)",
0x5b8e20,sub_5B8E20,,void (__thiscall sub_5B8E20)(void* this),
0x5b8ee0,sub_5B8EE0,,"int8* (__thiscall sub_5B8EE0)(void* this, unknown*)",
0x5b8f40,sub_5B8F40,,void (__thiscall sub_5B8F40)(int* this),
0x5b8ff0,sub_5B8FF0,,,
0x5b9020,sub_5B9020,,,
0x5b9040,sub_5B9040,,,
0x5b9070,sub_5B9070,,,
0x5b9090,sub_5B9090,,,
0x5b90f0,sub_5B90F0,,,
0x5b9150,sub_5B9150,,,
0x5b91c0,sub_5B91C0,,,
0x5b9220,sub_5B9220,,,
0x5b9280,sub_5B9280,,,
0x5b92e0,sub_5B92E0,,,
0x5b9340,sub_5B9340,,,
0x5b93a0,sub_5B93A0,,,
0x5b9400,sub_5B9400,,,
0x5b9460,?InitializeGeneralText@@YA_NXZ,InitializeGeneralText,,
0x5b9480,?InitializeCustomCampaignText@@YA_NXZ,InitializeCustomCampaignText,,
0x5b94c0,?InitializeMineEventText@@YA_NXZ,InitializeMineEventText,,
0x5b94f0,?InitializeCampaignRegionNames@@YA_NXZ,InitializeCampaignRegionNames,,
0x5b9540,?InitializeHighScoreDefaults@@YA_NXZ,InitializeHighScoreDefaults,,
0x5b9610,?InitializeTerrainNames@@YA_NXZ,InitializeTerrainNames,,
0x5b9640,?InitializeAdvObjNames@@YA_NXZ,InitializeAdvObjNames,,
0x5b9680,?InitializeResourceNames@@YA_NXZ,InitializeResourceNames,,
0x5b96b0,?InitializeMineNames@@YA_NXZ,InitializeMineNames,,
0x5b96e0,?InitializePlayerColors@@YA_NXZ,InitializePlayerColors,,
0x5b9730,?InitializePrimaryStatNames@@YA_NXZ,InitializePrimaryStatNames,,
0x5b9760,?InitializeSecondarySkillLevelNames@@YA_NXZ,InitializeSecondarySkillLevelNames,,
0x5b97c0,?InitializeNeutralBuildingText@@YA_NXZ,InitializeNeutralBuildingText,,
0x5b9850,?InitializeSpecialBuildingText@@YA_NXZ,InitializeSpecialBuildingText,,
0x5b98e0,?InitializeDwellingText@@YA_NXZ,InitializeDwellingText,,
0x5b9970,?InitializeTownNameText@@YA_NXZ,InitializeTownNameText,,
0x5b99f0,?InitializeHeroBioText@@YA_NXZ,InitializeHeroBioText,,
0x5b9a30,?InitializeCastleText@@YA_NXZ,InitializeCastleText,,
0x5b9a60,?InitializeTavernText@@YA_NXZ,InitializeTavernText,,
0x5b9a90,?InitializeHallText@@YA_NXZ,InitializeHallText,,
0x5b9ac0,?InitializeTownText@@YA_NXZ,InitializeTownText,,
0x5b9b00,?InitializeOverviewText@@YA_NXZ,InitializeOverviewText,,
0x5b9b30,?InitializeHeroText@@YA_NXZ,InitializeHeroText,,
0x5b9b70,?InitializeCampaignDialogText@@YA_NXZ,InitializeCampaignDialogText,,
0x5b9bb0,?InitializeCreditsText@@YA_NXZ,InitializeCreditsText,,
0x5b9bf0,?AB_InitializeTentColor@@YA_NXZ,AB_InitializeTentColor,,
0x5b9c20,?InitializeHelpText@@YA_NXZ,InitializeHelpText,,
0x5ba030,?InitializeArrayText@@YA_NXZ,InitializeArrayText,,
0x5ba2f0,init_5BA2F0,,,
0x5ba310,sub_5BA310,,"slider* (__thiscall sub_5BA310)(slider* Memory, int8)",
0x5ba340,j_??1slider@@UAA@XZ,,void (__thiscall j_??1slider@@UAA@XZ)(slider* this),
0x5ba350,type_text_slider::Refresh,,void (__thiscall type_text_slider::Refresh)(type_text_slider* this),
0x5ba360,type_text_scroller::type_text_scroller,,"type_text_scroller* (__thiscall type_text_scroller::type_text_scroller)(type_text_scroller* this, int8* text, int x, int y, int w, int h, int8* font_name, font::TColor color, slider::EGraphics graphics)",0x1b9fb0
0x5ba660,sub_5BA660,,"void* (__thiscall sub_5BA660)(void* Memory, int8)",
0x5ba690,type_text_scroller::Open,,"int (__thiscall type_text_scroller::Open)(type_text_scroller* this, int newPriority, heroWindow* parent)",
0x5ba760,type_text_scroller::destructor,,void (__thiscall type_text_scroller::destructor)(type_text_scroller* this),0x1ba3b0
0x5ba870,type_text_scroller::Main,,"int (__thiscall type_text_scroller::Main)(type_text_scroller* this, message* msg)",
0x5ba9b0,type_text_scroller::Refresh,,"void (__thiscall type_text_scroller::Refresh)(type_text_scroller* this, int knobRange)",
0x5baa90,?SetText@type_text_scroller@@QAAXPBD@Z,type_text_scroller_SetText,"void (__thiscall ?SetText@type_text_scroller@@QAAXPBD@Z)(type_text_scroller* this, int8* new_text)",
0x5bac80,sub_5BAC80,,,
0x5baca0,sub_5BACA0,,"textEntryWidget* (__thiscall sub_5BACA0)(textEntryWidget* Memory, int8)",
0x5bacd0,??0textEntryWidget@@QAA@HHHHHPAD0HI0HHHHHH@Z,textEntryWidget_ctor,"textEntryWidget* (__thiscall ??0textEntryWidget@@QAA@HHHHHPAD0HI0HHHHHH@Z)(textEntryWidget* this, int textEntryWidgetX, int textEntryWidgetY, int textEntryWidgetWidth, int textEntryWidgetHeight, int textStringSize, int8* textString, int8* textFontName, font::TColor color, font::EJustify justification, int8* backgroundIconName, int textBackgroundFrame, int textEntryWidgetId, int textEntryWidgetStyle, int iReadType, int textInsetX, int textInsetY)",0x1ba920
0x5bae90,??1textEntryWidget@@UAA@XZ,textEntryWidget_dtor,void (__thiscall ??1textEntryWidget@@UAA@XZ)(textEntryWidget* this),0x1baae0
0x5baf00,?SetFocus@textEntryWidget@@UAAX_N@Z,textEntryWidget_SetFocus,"void (__thiscall ?SetFocus@textEntryWidget@@UAAX_N@Z)(textEntryWidget* this, bool state)",
0x5baf50,?GetCharPressed@textEntryWidget@@QAADAAUmessage@@@Z,textEntryWidget_GetCharPressed,"int8 (__thiscall ?GetCharPressed@textEntryWidget@@QAADAAUmessage@@@Z)(textEntryWidget* this, message* msg)",0x1baba0
0x5bb000,?OnKeyPress@textEntryWidget@@UAAHAAUmessage@@@Z,textEntryWidget_OnKeyPress,"int (__thiscall ?OnKeyPress@textEntryWidget@@UAAHAAUmessage@@@Z)(textEntryWidget* this, message* msg)",
0x5bb500,?Main@textEntryWidget@@UAAHAAUmessage@@@Z,textEntryWidget_Main,"int (__thiscall ?Main@textEntryWidget@@UAAHAAUmessage@@@Z)(textEntryWidget* this, message* msg)",
0x5bb7b0,?Draw@textEntryWidget@@UBAXXZ,textEntryWidget_Draw,void (__thiscall ?Draw@textEntryWidget@@UBAXXZ)(int16* this),
0x5bba10,?SetupDisplayString@textEntryWidget@@QAAXPADG@Z,textEntryWidget_SetupDisplayString,"void (__thiscall ?SetupDisplayString@textEntryWidget@@QAAXPADG@Z)(textEntryWidget* this, int8* cCore, ushort inCursorIndex)",
0x5bbd00,?SetText@textEntryWidget@@UAAXPBD@Z,textEntryWidget_SetText,"void (__thiscall ?SetText@textEntryWidget@@UAAXPBD@Z)(textEntryWidget* this, int8* new_text)",
0x5bbdd0,?IgnoreKey@textEntryWidget@@UAA_NAAUmessage@@@Z,textEntryWidget_IgnoreKey,,
0x5bbe00,?OnSetFocus@textEntryWidget@@UAAXXZ,textEntryWidget_OnSetFocus,int (__thiscall ?OnSetFocus@textEntryWidget@@UAAXXZ)(textEntryWidget* this),
0x5bbe10,?OnKillFocus@textEntryWidget@@UAAXXZ,textEntryWidget_OnKillFocus,int (__thiscall ?OnKillFocus@textEntryWidget@@UAAXXZ)(textEntryWidget* this),
0x5bbe20,?SaveBackground@textEntryWidget@@MBAXXZ,textEntryWidget_SaveBackground,void (__thiscall ?SaveBackground@textEntryWidget@@MBAXXZ)(textEntryWidget* this),
0x5bbe70,?SetAutoDraw@textEntryWidget@@UAAX_N@Z,textEntryWidget_SetAutoDraw,"void (__thiscall ?SetAutoDraw@textEntryWidget@@UAAX_N@Z)(textEntryWidget* this, bool b)",
0x5bbf00,sub_5BBF00,,"CTextEntrySave* (__thiscall sub_5BBF00)(CTextEntrySave* this, int8 flag)",
0x5bbf30,j_??1Bitmap16Bit@@UAA@XZ,,int (__thiscall j_??1Bitmap16Bit@@UAA@XZ)(Bitmap16Bit* this),
0x5bbf40,sub_5BBF40,,,
0x5bbf60,??_GTTextResource@@UAAPAXI@Z,op_GTTextResource,"TTextResource* (__thiscall ??_GTTextResource@@UAAPAXI@Z)(TTextResource* Memory, int8 flag)",
0x5bbf90,??0TTextResource@@QAA@PBDH0@Z,TTextResource_ctor,"TTextResource* (__thiscall ??0TTextResource@@QAA@PBDH0@Z)(TTextResource* this, int8* name, int size, int8* data)",0x1bbba0
0x5bc1c0,??1TTextResource@@UAA@XZ,TTextResource_dtor,void (__thiscall ??1TTextResource@@UAA@XZ)(TTextResource* this),0x1bbdd0
0x5bc210,TTextResource::GetSize,,int (__thiscall TTextResource::GetSize)(TTextResource* this),
0x5bc230,??_GTSpreadsheetResource@@UAAPAXI@Z,op_GTSpreadsheetResource,"void (__thiscall ??_GTSpreadsheetResource@@UAAPAXI@Z)(void* this, int8 flag)",
0x5bc260,??0TSpreadsheetResource@@QAA@PBDH0@Z,TSpreadsheetResource_ctor,"TSpreadsheetResource* (__thiscall ??0TSpreadsheetResource@@QAA@PBDH0@Z)(TSpreadsheetResource* this, int8* name, int size, int8* data)",0x1bbe70
0x5bc550,TSpreadsheetResource::GetSize,,int (__thiscall TSpreadsheetResource::GetSize)(TSpreadsheetResource* this),
0x5bc560,??1TSpreadsheetResource@@UAA@XZ,TSpreadsheetResource_dtor,void (__thiscall ??1TSpreadsheetResource@@UAA@XZ)(TSpreadsheetResource* this),0x1bc170
0x5bc5e0,std::vector::destructor,,void (__thiscall std::vector::destructor)(std::vector* this),
0x5bc610,sub_5BC610,,"void* (__thiscall sub_5BC610)(void* this, void*, int*)",
0x5bc650,sub_5BC650,,,
0x5bc670,??_GtextWidget@@UAAPAXI@Z,op_GtextWidget,"void* (__thiscall ??_GtextWidget@@UAAPAXI@Z)(void* Memory, int8)",
0x5bc6a0,??0textWidget@@QAA@HHHHPBD0W4TColor@font@@HIHH_N@Z,textWidget_ctor,"textWidget* (__thiscall ??0textWidget@@QAA@HHHHPBD0W4TColor@font@@HIHH_N@Z)(textWidget* this, int textWidgetX, int textWidgetY, int textWidgetWidth, int textWidgetHeight, int8* textString, int8* textFontName, font::TColor color, int textWidgetId, font::EJustify justify, font::TColor back_color)",0x1bc280
0x5bc7d0,??1textWidget@@UAA@XZ,textWidget_dtor,void (__thiscall ??1textWidget@@UAA@XZ)(textWidget* this),0x1bc3b0
0x5bc860,?Main@textWidget@@UAAHAAUmessage@@@Z,textWidget_Main,"int (__thiscall ?Main@textWidget@@UAAHAAUmessage@@@Z)(textWidget* this, message* msg)",
0x5bca10,?Draw@textWidget@@UBAXXZ,textWidget_Draw,void (__thiscall ?Draw@textWidget@@UBAXXZ)(textWidget* this),
0x5bcab0,??_GbitmapBackedTextWidget@@UAAPAXI@Z,op_GbitmapBackedTextWidget,"void (__thiscall ??_GbitmapBackedTextWidget@@UAAPAXI@Z)(bitmapBackedTextWidget* this, int8 flag)",
0x5bcae0,??1bitmapBackedTextWidget@@UAA@XZ,bitmapBackedTextWidget_dtor,void (__thiscall ??1bitmapBackedTextWidget@@UAA@XZ)(bitmapBackedTextWidget* this),0x1bc6d0
0x5bcb70,??0bitmapBackedTextWidget@@QAA@HHHHPBD00W4TColor@font@@HIH@Z,bitmapBackedTextWidget_ctor,"void (__thiscall ??0bitmapBackedTextWidget@@QAA@HHHHPBD00W4TColor@font@@HIH@Z)(bitmapBackedTextWidget* this, int x, int y, int w, int h, int8* text, int8* font, int8* back, font::TColor color, int id, font::EJustify justify, widget::ETypes style)",0x1bc760
0x5bcbf0,?Draw@bitmapBackedTextWidget@@UBAXXZ,bitmapBackedTextWidget_Draw,void (__thiscall ?Draw@bitmapBackedTextWidget@@UBAXXZ)(bitmapBackedTextWidget* this),
0x5bcc70,init_5BCC70,,,
0x5bcc90,sub_5BCC90,,,
0x5bcd10,sub_5BCD10,,,
0x5bcd90,sub_5BCD90,,,
0x5bcdf0,sub_5BCDF0,,,
0x5bce50,sub_5BCE50,,,
0x5bcec0,sub_5BCEC0,,,
0x5bcf20,sub_5BCF20,,,
0x5bcf80,sub_5BCF80,,,
0x5bcfe0,sub_5BCFE0,,,
0x5bd040,sub_5BD040,,,
0x5bd0a0,sub_5BD0A0,,,
0x5bd100,sub_5BD100,,,
0x5bd160,?load@town@@QAAHPAX@Z,town_load,"int (__thiscall ?load@town@@QAAHPAX@Z)(town* this, TAbstractFile* infile, int version)",
0x5bd6f0,?save@town@@QAAHPAX@Z,town_save,"int (__thiscall ?save@town@@QAAHPAX@Z)(town* this, TAbstractFile* file)",
0x5bdb00,?GetPortraitFrame@town@@QBAH_N@Z,town_GetPortraitFrame,"int (__thiscall ?GetPortraitFrame@town@@QBAH_N@Z)(town* this, bool is_small)",
0x5bdb50,?SetSummoningGenerator@town@@QAAXXZ,town_SetSummoningGenerator,void (__thiscall ?SetSummoningGenerator@town@@QAAXXZ)(town* this),
0x5bdce0,?ApplySpecialBuildingEffect@town@@QAAXPAVhero@@@Z,town_ApplySpecialBuildingEffect,"void (__thiscall ?ApplySpecialBuildingEffect@town@@QAAXPAVhero@@@Z)(town* this, hero* townHero)",
0x5be240,?GetPrimarySkill@hero@@QBAHH@Z,hero_GetPrimarySkill,"int (__thiscall ?GetPrimarySkill@hero@@QBAHH@Z)(hero* this, int skill)",
0x5be280,??0town@@QAA@XZ,town_ctor,town* (__thiscall ??0town@@QAA@XZ)(town* this),0x1bde80
0x5be360,?initialize_hordes@town@@SAXXZ,town_initialize_hordes,,
0x5be3e0,?HasGarrison@town@@QAAHXZ,town_HasGarrison,bool (__thiscall ?HasGarrison@town@@QAAHXZ)(town* this),0x1bdfe0
0x5be430,?GiveSpells@town@@QBAXPAVhero@@@Z,town_GiveSpells,"void (__thiscall ?GiveSpells@town@@QBAXPAVhero@@@Z)(town* this, hero* forceHero)",
0x5be610,?View@town@@QAAXH@Z,town_View,"void (__thiscall ?View@town@@QAAXH@Z)(town* this, int bAlreadyFaded)",
0x5be6d0,?Deallocate@town@@QAAXXZ,town_Deallocate,void (__thiscall ?Deallocate@town@@QAAXXZ)(town* this),
0x5be790,?remove_garrison_hero@town@@QAAXXZ,town_remove_garrison_hero,void (__thiscall ?remove_garrison_hero@town@@QAAXXZ)(town* this),0x1be390
0x5be850,?SwapHeroes@town@@QAAXXZ,town_SwapHeroes,void (__thiscall ?SwapHeroes@town@@QAAXXZ)(town* this),0x1be450
0x5bea00,?initialize_spells@town@@QAAXXZ,town_initialize_spells,"void (__thiscall ?initialize_spells@town@@QAAXXZ)(town* this, TownExtra* extra)",
0x5bed30,?create_building@town@@QAA?AW4type_building_id@@W42@@Z,town_create_building,"type_building_id (__thiscall ?create_building@town@@QAA?AW4type_building_id@@W42@@Z)(town* this, type_building_id building)",
0x5bf060,?destroy_extra_capitol@town@@QAAXXZ,town_destroy_extra_capitol,town* (__thiscall ?destroy_extra_capitol@town@@QAAXXZ)(town* this),
0x5bf1e0,?BuildBuilding@town@@QAA?AW4type_building_id@@H_N0@Z,town_BuildBuilding,"type_building_id (__thiscall ?BuildBuilding@town@@QAA?AW4type_building_id@@H_N0@Z)(town* this, type_building_id building, bool SetBuiltFlag, bool apply_special_effect)",0x1bede0
0x5bf610,?update_shipyard@town@@QAAXXZ,town_update_shipyard,void (__thiscall ?update_shipyard@town@@QAAXXZ)(town* this),
0x5bf7c0,?buy_building@town@@QAA_NW4type_building_id@@@Z,town_buy_building,"bool (__thiscall ?buy_building@town@@QAA_NW4type_building_id@@@Z)(town* this, type_building_id building)",0x1bf3c0
0x5bf8e0,?CanBuildDock@town@@QBA_NXZ,town_CanBuildDock,bool (__thiscall ?CanBuildDock@town@@QBA_NXZ)(town* this),
0x5bf8f0,?CalcNumLevelArchers@town@@QAAXPAH0@Z,town_CalcNumLevelArchers,"void (__thiscall ?CalcNumLevelArchers@town@@QAAXPAH0@Z)(town* this, int* numArchers, int* archerLevel)",
0x5bf970,?get_castle_growth_bonus@town@@QBAJW4TCreatureType@@@Z,town_get_castle_growth_bonus,"int (__thiscall ?get_castle_growth_bonus@town@@QBAJW4TCreatureType@@@Z)(town* this, TCreatureType creature)",0x1bf570
0x5bfa00,?get_gold_income@town@@QBAF_N@Z,town_get_gold_income,"int16 (__thiscall ?get_gold_income@town@@QBAF_N@Z)(town* this, bool include_silo)",0x1bf600
0x5bfad0,?get_horde@town@@QBA?AW4type_building_id@@J@Z,town_get_horde,"type_building_id (__thiscall ?get_horde@town@@QBA?AW4type_building_id@@J@Z)(town* this, int dwelling)",
0x5bfb70,?get_horde_bonus@town@@QBAJJ@Z,town_get_horde_bonus,"int (__thiscall ?get_horde_bonus@town@@QBAJJ@Z)(town* this, int dwelling)",
0x5bfc10,town::SoD_GetStatueOfLegionBonus,,"int (__thiscall town::SoD_GetStatueOfLegionBonus)(town* this, int dwelling)",
0x5bfd00,?get_legion_bonus@town@@QBAJJ@Z,town_get_legion_bonus,"int (__thiscall ?get_legion_bonus@town@@QBAJJ@Z)(town* this, int16 dwelling)",
0x5bff60,?get_growth_rate@town@@QBAFF@Z,town_get_growth_rate,"int16 (__thiscall ?get_growth_rate@town@@QBAFF@Z)(town* this, int16 dwelling)",
0x5c01d0,?increase_population@town@@QAAXW4TCreatureType@@0J@Z,town_increase_population,"void (__thiscall ?increase_population@town@@QAAXW4TCreatureType@@0J@Z)(town* this, TCreatureType bonus_creature, TCreatureType alternate_bonus, int bonus_amount)",
0x5c0250,?change_generator_bonus@town@@QAAXW4TCreatureType@@J@Z,town_change_generator_bonus,"void (__thiscall ?change_generator_bonus@town@@QAAXW4TCreatureType@@J@Z)(town* this, TCreatureType creature, int change)",
0x5c02b0,?give_event_reward@town@@QAAXABVTTownEvent@@@Z,town_give_event_reward,"void (__thiscall ?give_event_reward@town@@QAAXABVTTownEvent@@@Z)(town* this, TTownEvent* thisEvent)",
0x5c0620,show_building_rewards,,"void (__fastcall show_building_rewards)(town* this_town, std::vector_type_dialog_resource_* rewards)",
0x5c0800,show_creature_rewards,,"void (__fastcall show_creature_rewards)(town* this_town, std::vector* rewards)",
0x5c0a70,?initialize@town@@QAAXPBUTownExtra@@@Z,town_initialize,"void (__thiscall ?initialize@town@@QAAXPBUTownExtra@@@Z)(town* this, TownExtra* extra)",
0x5c0cc0,initialize_buildings,,"void (__fastcall initialize_buildings)(town* current_town, TownExtra* town_setup)",
0x5c1090,check_shipyard_square,,"bool (__fastcall check_shipyard_square)(town* current_town, int x, int y)",
0x5c1120,?can_build@town@@QBA_NF@Z,town_can_build,"bool (__thiscall ?can_build@town@@QBA_NF@Z)(town* this, type_building_id building)",0x1c0d20
0x5c1260,?can_ever_build@town@@QBA_NF@Z,town_can_ever_build,"bool (__thiscall ?can_ever_build@town@@QBA_NF@Z)(town* this, int16 building_id)",0x1c0e60
0x5c1320,?get_buildable_mask@town@@QBA_JXZ,town_get_buildable_mask,int64 (__thiscall ?get_buildable_mask@town@@QBA_JXZ)(town* this),0x1c0f20
0x5c1480,?get_build_cost_array@town@@QBAPAHW4type_building_id@@@Z,town_get_build_cost_array,"int* (__thiscall ?get_build_cost_array@town@@QBAPAHW4type_building_id@@@Z)(town* this, type_building_id building)",0x1c1080
0x5c14f0,?get_build_cost@town@@QBAXW4type_building_id@@QAH@Z,town_get_build_cost,"void (__thiscall ?get_build_cost@town@@QBAXW4type_building_id@@QAH@Z)(town* this, type_building_id building, int* resources)",0x1c10f0
0x5c1580,?get_build_cost@town@@QBAFW4type_building_id@@QAW4EGameResource@@QAH@Z,town_get_build_cost,"int16 (__thiscall ?get_build_cost@town@@QBAFW4type_building_id@@QAW4EGameResource@@QAH@Z)(town* this, type_building_id building, EGameResource* types, int* amounts)",
0x5c1630,?get_horde_effect@town@@QBAPAUtype_horde_effect@@W4type_building_id@@@Z,town_get_horde_effect,"type_horde_effect* (__thiscall ?get_horde_effect@town@@QBAPAUtype_horde_effect@@W4type_building_id@@@Z)(town* this, type_building_id building)",
0x5c1680,?get_silo_income@town@@QBAPAHXZ,town_get_silo_income,int* (__thiscall ?get_silo_income@town@@QBAPAHXZ)(town* this),
0x5c16a0,?is_legal_building@town@@QBA_NW4type_building_id@@@Z,town_is_legal_building,"bool (__thiscall ?is_legal_building@town@@QBA_NW4type_building_id@@@Z)(town* this, type_building_id building)",0x1c12a0
0x5c16e0,?hire@town@@QAAXPAVhero@@J@Z,town_hire,"void (__thiscall ?hire@town@@QAAXPAVhero@@J@Z)(town* this, hero* new_hero, int player_id)",
0x5c17b0,?PlaceInMap@town@@QAAXW4THeroID@@J_N@Z,town_PlaceInMap,"void (__thiscall ?PlaceInMap@town@@QAAXW4THeroID@@J_N@Z)(town* this, THeroID hero_id, int player_id, bool reset_flags)",
0x5c1840,?GetNativeTerrain@town@@QBA?AW4TTerrainType@@XZ,town_GetNativeTerrain,TTerrainType (__thiscall ?GetNativeTerrain@town@@QBA?AW4TTerrainType@@XZ)(town* this),
0x5c1850,?GetTypeName@town@@QBAQBDXZ,town_GetTypeName,int8* (__thiscall ?GetTypeName@town@@QBAQBDXZ)(town* this),
0x5c1860,?get_army@town@@QAAAAVarmyGroup@@XZ,town_get_army,armyGroup* (__thiscall ?get_army@town@@QAAAAVarmyGroup@@XZ)(town* this),0x1c1460
0x5c18a0,?UpgradedDwellingID@town@@SA?AW4type_building_id@@W42@@Z,town_UpgradedDwellingID,,0x1c14a0
0x5c18c0,?InitializeBuildingCostsTables@town@@SA_NXZ,town_InitializeBuildingCostsTables,,
0x5c1ac0,towngatewindow_cpp_init_5C1AC0,,,
0x5c1ae0,towngatewindow_cpp_init_5C1AE0,,,
0x5c1b40,towngatewindow_cpp_init_5C1B40,,,
0x5c1ba0,towngatewindow_cpp_init_5C1BA0,,,
0x5c1c10,towngatewindow_cpp_init_5C1C10,,,
0x5c1c70,towngatewindow_cpp_init_5C1C70,,,
0x5c1cd0,towngatewindow_cpp_init_5C1CD0,,,
0x5c1d30,towngatewindow_cpp_init_5C1D30,,,
0x5c1d90,towngatewindow_cpp_init_5C1D90,,,
0x5c1df0,towngatewindow_cpp_init_5C1DF0,,,
0x5c1e50,towngatewindow_cpp_init_5C1E50,,,
0x5c1eb0,??0TTownGateWindow@@QAA@_N@Z,TTownGateWindow_ctor,"TTownGateWindow* (__thiscall ??0TTownGateWindow@@QAA@_N@Z)(TTownGateWindow* this, void* j)",
0x5c2740,??_GTTownGateWindow@@UAAPAXI@Z,op_GTTownGateWindow,"TTownGateWindow* (__thiscall ??_GTTownGateWindow@@UAAPAXI@Z)(TTownGateWindow* Memory, int8)",
0x5c2770,??1TTownGateWindow@@UAA@XZ,TTownGateWindow_dtor,void (__thiscall ??1TTownGateWindow@@UAA@XZ)(TTownGateWindow* this),
0x5c2800,?AddTown@TTownGateWindow@@QAAXH@Z,TTownGateWindow_AddTown,"int* (__fastcall ?AddTown@TTownGateWindow@@QAAXH@Z)(TTownGateWindow* this, int, int)",
0x5c29b0,sub_5C29B0,,"int (__thiscall sub_5C29B0)(int this, int)",
0x5c2b70,?DoModal@TTownGateWindow@@QAAXXZ,TTownGateWindow_DoModal,void (__thiscall ?DoModal@TTownGateWindow@@QAAXXZ)(heroWindow* this),
0x5c2c40,?WindowHandler@TTownGateWindow@@UAAHAAUmessage@@@Z,TTownGateWindow_WindowHandler,"int (__fastcall ?WindowHandler@TTownGateWindow@@UAAHAAUmessage@@@Z)(CAdvPopup* this, message*, void*)",
0x5c2d80,sub_5C2D80,,void (__thiscall sub_5C2D80)(void* this),
0x5c2e10,sub_5C2E10,,,
0x5c2e30,sub_5C2E30,,,
0x5c2e90,sub_5C2E90,,,
0x5c2ef0,sub_5C2EF0,,,
0x5c2f60,sub_5C2F60,,,
0x5c2fc0,sub_5C2FC0,,,
0x5c3020,sub_5C3020,,,
0x5c3080,sub_5C3080,,,
0x5c30e0,sub_5C30E0,,,
0x5c3140,sub_5C3140,,,
0x5c31a0,sub_5C31A0,,,
0x5c3200,sub_5C3200,,,
0x5c3220,init_5C3220,,,
0x5c32a0,??0townObject@@QAA@HHPBD@Z,townObject_ctor,"townObject* (__thiscall ??0townObject@@QAA@HHPBD@Z)(townObject* this, int iTownType, int iObjPos, int8* basename)",
0x5c33f0,?Draw@townObject@@QAAXH_N@Z,townObject_Draw,"void (__thiscall ?Draw@townObject@@QAAXH_N@Z)(townObject* this, int incFrame, bool drawHotspots)",
0x5c3710,??0townManager@@QAA@XZ,townManager_ctor,void (__thiscall ??0townManager@@QAA@XZ)(townManager* this),
0x5c37f0,?SetupExtraStuff@townManager@@QAAXXZ,townManager_SetupExtraStuff,void (__thiscall ?SetupExtraStuff@townManager@@QAAXXZ)(townManager* this),
0x5c38d0,??0TTownScreenWindow@@QAA@XZ,TTownScreenWindow_ctor,TTownScreenWindow* (__thiscall ??0TTownScreenWindow@@QAA@XZ)(TTownScreenWindow* this),
0x5c5cb0,??_GTTownScreenWindow@@UAAPAXI@Z,op_GTTownScreenWindow,"TTownScreenWindow* (__thiscall ??_GTTownScreenWindow@@UAAPAXI@Z)(TTownScreenWindow* Memory, int8)",
0x5c5ce0,??1TTownScreenWindow@@UAA@XZ,TTownScreenWindow_dtor,void (__thiscall ??1TTownScreenWindow@@UAA@XZ)(TTownScreenWindow* this),
0x5c5d70,?UpdateTownLocator@TTownScreenWindow@@AAAXH@Z,TTownScreenWindow_UpdateTownLocator,"int (__thiscall ?UpdateTownLocator@TTownScreenWindow@@AAAXH@Z)(TTownScreenWindow* this, int i)",
0x5c5ea0,?UpdateTownLocators@TTownScreenWindow@@QAAXXZ,TTownScreenWindow_UpdateTownLocators,int (__thiscall ?UpdateTownLocators@TTownScreenWindow@@QAAXXZ)(TTownScreenWindow* this),
0x5c5f40,?DoTownKnob@TTownScreenWindow@@QAAX_N@Z,TTownScreenWindow_DoTownKnob,"void (__thiscall ?DoTownKnob@TTownScreenWindow@@QAAX_N@Z)(TTownScreenWindow* this, town* up)",
0x5c67c0,?Open@townManager@@UAAHH@Z,townManager_Open,"int (__thiscall ?Open@townManager@@UAAHH@Z)(townManager* this, int newPriority)",
0x5c6ab0,sub_5C6AB0,,"void (__thiscall sub_5C6AB0)(int this, CNetMsg*)",
0x5c6ad0,?UpdateTownInfo@townManager@@QAAXXZ,townManager_UpdateTownInfo,void (__thiscall ?UpdateTownInfo@townManager@@QAAXXZ)(townManager* this),
0x5c6c70,?SetupTown@townManager@@QAAX_N@Z,townManager_SetupTown,"void (__thiscall ?SetupTown@townManager@@QAAX_N@Z)(townManager* this, bool fade)",
0x5c7210,?NewStrips@townManager@@QAAXXZ,townManager_NewStrips,void (__thiscall ?NewStrips@townManager@@QAAXXZ)(townManager* this),
0x5c74b0,?UnloadTown@townManager@@QAAXXZ,townManager_UnloadTown,void (__thiscall ?UnloadTown@townManager@@QAAXXZ)(townManager* this),
0x5c75b0,?Close@townManager@@UAAXXZ,townManager_Close,void (__thiscall ?Close@townManager@@UAAXXZ)(townManager* this),
0x5c7650,?SetHeroCommand@townManager@@QAAXXZ,townManager_SetHeroCommand,void (__thiscall ?SetHeroCommand@townManager@@QAAXXZ)(townManager* this),
0x5c7800,?SetArmyCommand@townManager@@QAAXH_N@Z,townManager_SetArmyCommand,"void (__thiscall ?SetArmyCommand@townManager@@QAAXH_N@Z)(townManager* this, int splitEnabled, bool join_dialog)",
0x5c7ba0,?SetCommandAndText@townManager@@QAAXAAUmessage@@@Z,townManager_SetCommandAndText,"void (__thiscall ?SetCommandAndText@townManager@@QAAXAAUmessage@@@Z)(townManager* this, message* msg)",
0x5c8480,?select_army@townManager@@AAAXPAVstrip@@J_N@Z,townManager_select_army,"void (__thiscall ?select_army@townManager@@AAAXPAVstrip@@J_N@Z)(townManager* this, strip* whichStrip, int i, bool join_dialog)",
0x5c8590,??0TThievesGuildWindow@@QAA@H@Z,TThievesGuildWindow_ctor,"TThievesGuildWindow* (__thiscall ??0TThievesGuildWindow@@QAA@H@Z)(TThievesGuildWindow* this, void*)",
0x5c9a60,sub_5C9A60,,"CAdvPopup* (__thiscall sub_5C9A60)(CAdvPopup* Memory, int8)",
0x5c9a90,sub_5C9A90,,void (__thiscall sub_5C9A90)(CAdvPopup* this),
0x5c9b10,sub_5C9B10,,"void (__thiscall sub_5C9B10)(heroWindow* this, int)",
0x5c9d30,sub_5C9D30,,,
0x5c9fe0,??0THallWindow@@QAA@H@Z,THallWindow_ctor,"THallWindow* (__thiscall ??0THallWindow@@QAA@H@Z)(THallWindow* this, int textWidgetId)",
0x5cccd0,sub_5CCCD0,,"int (__thiscall sub_5CCCD0)(void* this, int)",
0x5ccce0,??_GTHallWindow@@UAAPAXI@Z,op_GTHallWindow,"THallWindow* (__thiscall ??_GTHallWindow@@UAAPAXI@Z)(THallWindow* Memory, int8)",
0x5ccd10,??1THallWindow@@UAA@XZ,THallWindow_dtor,void (__thiscall ??1THallWindow@@UAA@XZ)(THallWindow* this),
0x5ccd80,??0TMageGuildWindow@@QAA@XZ,TMageGuildWindow_ctor,TMageGuildWindow* (__thiscall ??0TMageGuildWindow@@QAA@XZ)(TMageGuildWindow* this),
0x5ce520,??_GTMageGuildWindow@@UAAPAXI@Z,op_GTMageGuildWindow,"CAdvPopup* (__thiscall ??_GTMageGuildWindow@@UAAPAXI@Z)(CAdvPopup* Memory, int8)",
0x5ce550,??1TMageGuildWindow@@UAA@XZ,TMageGuildWindow_dtor,void (__thiscall ??1TMageGuildWindow@@UAA@XZ)(CAdvPopup* this),
0x5ce5c0,heroWindowManager::SoD_CheckConfluxGrail,,"void (__thiscall heroWindowManager::SoD_CheckConfluxGrail)(heroWindowManager* this, int msgId)",
0x5ce770,heroWindowManager::SoD_ConfluxGrail,,"int (__thiscall heroWindowManager::SoD_ConfluxGrail)(heroWindowManager* this, message* msg)",
0x5ce960,?handle_mage_guild_click@townManager@@QAAXXZ,townManager_handle_mage_guild_click,void (__thiscall ?handle_mage_guild_click@townManager@@QAAXXZ)(townManager* this),
0x5cec30,??0type_garrison_base_window@@QAA@PAVhero@@HAAVarmyGroup@@@Z,type_garrison_base_window_ctor,"type_garrison_base_window* (__thiscall ??0type_garrison_base_window@@QAA@PAVhero@@HAAVarmyGroup@@@Z)(type_garrison_base_window* this, hero*, int, armyGroup*)",
0x5d0950,??_Gtype_garrison_base_window@@UAAPAXI@Z,op_Gtype_garrison_base_window,"CAdvPopup* (__thiscall ??_Gtype_garrison_base_window@@UAAPAXI@Z)(CAdvPopup* Memory, int8)",
0x5d0980,??1type_garrison_base_window@@UAA@XZ,type_garrison_base_window_dtor,void (__thiscall ??1type_garrison_base_window@@UAA@XZ)(CAdvPopup* this),
0x5d09f0,?SetCommandAndText@type_garrison_base_window@@IAAXAAUmessage@@@Z,type_garrison_base_window_SetCommandAndText,"void (__fastcall ?SetCommandAndText@type_garrison_base_window@@IAAXAAUmessage@@@Z)(type_garrison_base_window* this, message*, int)",
0x5d0d10,?WindowHandler@type_garrison_base_window@@MAAHAAUmessage@@@Z,type_garrison_base_window_WindowHandler,"int (__fastcall ?WindowHandler@type_garrison_base_window@@MAAHAAUmessage@@@Z)(CAdvPopup* this, message*, int)",
0x5d0f40,??0type_monster_join_window@@QAA@PAVhero@@AAVarmyGroup@@@Z,type_monster_join_window_ctor,"heroWindow* (__thiscall ??0type_monster_join_window@@QAA@PAVhero@@AAVarmyGroup@@@Z)(heroWindow* this, hero* inHero, armyGroup* monsters)",
0x5d1160,??_Gtype_monster_join_window@@UAAPAXI@Z,op_Gtype_monster_join_window,"CAdvPopup* (__thiscall ??_Gtype_monster_join_window@@UAAPAXI@Z)(CAdvPopup* Memory, int8)",
0x5d1190,??1type_monster_join_window@@UAA@XZ,type_monster_join_window_dtor,void (__thiscall ??1type_monster_join_window@@UAA@XZ)(CAdvPopup* this),
0x5d1200,??0TGarrisonWindow@@QAA@PAVhero@@HAAVarmyGroup@@@Z,TGarrisonWindow_ctor,"TGarrisonWindow* (__thiscall ??0TGarrisonWindow@@QAA@PAVhero@@HAAVarmyGroup@@@Z)(TGarrisonWindow* this, hero* arg0, void* Memory, armyGroup*)",
0x5d1490,sub_5D1490,,"CAdvPopup* (__thiscall sub_5D1490)(CAdvPopup* Memory, int8)",
0x5d14c0,GarrisonMoveCreaturesBase_Dtor3,,void (__thiscall GarrisonMoveCreaturesBase_Dtor3)(CAdvPopup* this),
0x5d1530,?DoEventGarrison@@YAXPAVhero@@PAVgarrison@@@Z,DoEventGarrison,,
0x5d15d0,?do_monster_join_dialog@@YAXPAVhero@@W4TCreatureType@@H@Z,do_monster_join_dialog,"void (__fastcall ?do_monster_join_dialog@@YAXPAVhero@@W4TCreatureType@@H@Z)(hero* inHero, TCreatureType type, int amount)",0x1d11d0
0x5d16b0,?do_monster_join_dialog@@YAXPAVhero@@AAVarmyGroup@@@Z,do_monster_join_dialog,"void (__fastcall ?do_monster_join_dialog@@YAXPAVhero@@AAVarmyGroup@@@Z)(hero* inHero, armyGroup* monsters, bool leave_guards)",0x1d12b0
0x5d1760,??0TBlacksmithWindow@@QAA@HH@Z,TBlacksmithWindow_ctor,"TBlacksmithWindow* (__thiscall ??0TBlacksmithWindow@@QAA@HH@Z)(TBlacksmithWindow* this, int, textWidget*)",
0x5d1e00,sub_5D1E00,,"CAdvPopup* (__thiscall sub_5D1E00)(CAdvPopup* Memory, int8)",
0x5d1e30,sub_5D1E30,,void (__thiscall sub_5D1E30)(CAdvPopup* this),
0x5d1ea0,?SetRightClickText@TBlacksmithWindow@@AAAXH@Z,TBlacksmithWindow_SetRightClickText,"void (__thiscall ?SetRightClickText@TBlacksmithWindow@@AAAXH@Z)(void* this, int)",
0x5d1f60,sub_5D1F60,,"void (__thiscall sub_5D1F60)(heroWindow* this, int)",
0x5d2060,sub_5D2060,,,
0x5d2130,sub_5D2130,,"void (__fastcall sub_5D2130)(int a1, textWidget* a2)",
0x5d22f0,??0TShipWindow@@QAA@H@Z,TShipWindow_ctor,"TShipWindow* (__thiscall ??0TShipWindow@@QAA@H@Z)(TShipWindow* this, void*)",
0x5d2900,??_GTShipWindow@@UAAPAXI@Z,op_GTShipWindow,"CAdvPopup* (__thiscall ??_GTShipWindow@@UAAPAXI@Z)(CAdvPopup* Memory, int8)",
0x5d2930,??1TShipWindow@@UAA@XZ,TShipWindow_dtor,void (__thiscall ??1TShipWindow@@UAA@XZ)(CAdvPopup* this),
0x5d29a0,?WindowHandler@TShipWindow@@UAAHAAUmessage@@@Z,TShipWindow_WindowHandler,"int (__fastcall ?WindowHandler@TShipWindow@@UAAHAAUmessage@@@Z)(TShipWindow* this, message*, message*)",
0x5d2b20,?DoShipyard@@YAXH@Z,DoShipyard,int (__thiscall ?DoShipyard@@YAXH@Z)(void* this),
0x5d2bb0,?DoHall@townManager@@AAAXXZ,townManager_DoHall,void (__thiscall ?DoHall@townManager@@AAAXXZ)(townManager* this),
0x5d2d50,?DoPortalOfSummoning@townManager@@QAAXXZ,townManager_DoPortalOfSummoning,void (__thiscall ?DoPortalOfSummoning@townManager@@QAAXXZ)(townManager* this),
0x5d2e40,GetBuildingInfo,,"int8* (__fastcall GetBuildingInfo)(town* this_town, int buildingId, bool bIncludeTitle, bool extended)",0x1d2a40
0x5d3180,type_university::set_skills,,void (__thiscall type_university::set_skills)(type_university* this),
0x5d31a0,townManager::SoD_DoUniversity,,void (__thiscall townManager::SoD_DoUniversity)(townManager* this),
0x5d3390,?DoSkeletonTransformer@townManager@@AAAXXZ,townManager_DoSkeletonTransformer,void (__thiscall ?DoSkeletonTransformer@townManager@@AAAXXZ)(townManager* this),
0x5d34d0,?handle_hall_click@townManager@@AAAXXZ,townManager_handle_hall_click,void (__thiscall ?handle_hall_click@townManager@@AAAXXZ)(townManager* this),
0x5d3640,?Main@townManager@@UAAHAAUmessage@@@Z,townManager_Main,"int (__thiscall ?Main@townManager@@UAAHAAUmessage@@@Z)(townManager* this, message* msg)",
0x5d5010,?DoCommand@townManager@@QAAXH_NPAVtype_garrison_base_window@@@Z,townManager_DoCommand,"void (__thiscall ?DoCommand@townManager@@QAAXH_NPAVtype_garrison_base_window@@@Z)(townManager* this, int inCommand, bool isGarrison, type_garrison_base_window* garrisonWindow)",
0x5d5550,?MoveHeroToGarrison@townManager@@QAAXXZ,townManager_MoveHeroToGarrison,void (__thiscall ?MoveHeroToGarrison@townManager@@QAAXXZ)(townManager* this),
0x5d5620,?MoveHeroFromGarrison@townManager@@QAAXXZ,townManager_MoveHeroFromGarrison,void (__thiscall ?MoveHeroFromGarrison@townManager@@QAAXXZ)(townManager* this),
0x5d5810,?RedrawTownScreen@townManager@@QAAXXZ,townManager_RedrawTownScreen,void (__thiscall ?RedrawTownScreen@townManager@@QAAXXZ)(townManager* this),
0x5d5930,?ResetStrips@townManager@@QAAXXZ,townManager_ResetStrips,void (__thiscall ?ResetStrips@townManager@@QAAXXZ)(townManager* this),
0x5d59c0,??0TBuyBuildWindow@@QAA@HHH@Z,TBuyBuildWindow_ctor,"TBuyBuildWindow* (__thiscall ??0TBuyBuildWindow@@QAA@HHH@Z)(TBuyBuildWindow* this, int x2, int y2, type_building_id Id)",
0x5d5f40,sub_5D5F40,,"CAdvPopup* (__thiscall sub_5D5F40)(CAdvPopup* Memory, int8)",
0x5d5f70,sub_5D5F70,,void (__thiscall sub_5D5F70)(CAdvPopup* this),
0x5d5fe0,?set_prerequisite_text@TBuyBuildWindow@@QAAXPBVtown@@W4type_building_id@@@Z,TBuyBuildWindow_set_prerequisite_text,"void (__thiscall ?set_prerequisite_text@TBuyBuildWindow@@QAAXPBVtown@@W4type_building_id@@@Z)(TBuyBuildWindow* this, town* current_town, type_building_id buildingId)",
0x5d6330,?BuyBuild@townManager@@QAAHHHH@Z,townManager_BuyBuild,"int (__thiscall ?BuyBuild@townManager@@QAAHHHH@Z)(townManager* this, type_building_id building, int infoOnly, int bQuickView)",
0x5d6c10,sub_5D6C10,,,
0x5d6d10,?CycleOutline@townManager@@QAAXHHHHH@Z,townManager_CycleOutline,"void (__thiscall ?CycleOutline@townManager@@QAAXHHHHH@Z)(townManager* this, int objectIndex, int x, int y, int h, int w)",
0x5d6e80,?BuildObj@townManager@@QAAXH@Z,townManager_BuildObj,"void (__thiscall ?BuildObj@townManager@@QAAXH@Z)(townManager* this, type_building_id buildingId)",
0x5d72f0,townManager::SoD_CheckConfluxGrail,,"void (__thiscall townManager::SoD_CheckConfluxGrail)(townManager* this, heroWindow* window)",
0x5d74b0,??0TTavernWindow@@QAA@HH@Z,TTavernWindow_ctor,"TTavernWindow* (__thiscall ??0TTavernWindow@@QAA@HH@Z)(TTavernWindow* this, int x2, int y2)",
0x5d7c80,??_GTTavernWindow@@UAAPAXI@Z,op_GTTavernWindow,"TTavernWindow* (__thiscall ??_GTTavernWindow@@UAAPAXI@Z)(TTavernWindow* Memory, int8)",
0x5d7cb0,??1TTavernWindow@@UAA@XZ,TTavernWindow_dtor,void (__thiscall ??1TTavernWindow@@UAA@XZ)(TTavernWindow* this),
0x5d7d20,?SetRolloverText@TTavernWindow@@QAAXH@Z,TTavernWindow_SetRolloverText,"void (__thiscall ?SetRolloverText@TTavernWindow@@QAAXH@Z)(TTavernWindow* this, int codeY)",
0x5d7f30,?WindowHandler@TTavernWindow@@UAAHAAUmessage@@@Z,TTavernWindow_WindowHandler,"int (__thiscall ?WindowHandler@TTavernWindow@@UAAHAAUmessage@@@Z)(TTavernWindow* this, message* msg)",
0x5d8220,?Open@TTavernWindow@@UAAHH_N@Z,TTavernWindow_Open,"int (__thiscall ?Open@TTavernWindow@@UAAHH_N@Z)(TTavernWindow* this, int newPriority, bool update)",
0x5d8270,?Close@TTavernWindow@@UAAX_N@Z,TTavernWindow_Close,"void (__thiscall ?Close@TTavernWindow@@UAAX_N@Z)(TTavernWindow* this, bool update)",
0x5d8290,?DoMapTavern@@YAXUtype_point@@@Z,DoMapTavern,void (__stdcall ?DoMapTavern@@YAXUtype_point@@@Z)(type_point point),
0x5d82c0,DoTavern,,,
0x5d86b0,?DoTownTavern@townManager@@QAAXXZ,townManager_DoTownTavern,void (__thiscall ?DoTownTavern@townManager@@QAAXXZ)(townManager* this),
0x5d8880,?ChangeTown@townManager@@QAAX_N@Z,townManager_ChangeTown,void (__thiscall ?ChangeTown@townManager@@QAAX_N@Z)(townManager* this),
0x5d8af0,??0TCastleWindow@@QAA@XZ,TCastleWindow_ctor,void (__thiscall ??0TCastleWindow@@QAA@XZ)(TCastleWindow* this),
0x5dcf50,sub_5DCF50,,"CAdvPopup* (__thiscall sub_5DCF50)(CAdvPopup* Memory, int8)",
0x5dcf80,sub_5DCF80,,void (__thiscall sub_5DCF80)(CAdvPopup* this),
0x5dcff0,?SetRolloverText@TCastleWindow@@AAAXAAUmessage@@@Z,TCastleWindow_SetRolloverText,"void (__thiscall ?SetRolloverText@TCastleWindow@@AAAXAAUmessage@@@Z)(TCastleWindow* this, message* msg)",
0x5dd250,?Recruit@TCastleWindow@@AAAXH@Z,TCastleWindow_Recruit,"void (__thiscall ?Recruit@TCastleWindow@@AAAXH@Z)(TCastleWindow* this, int i)",
0x5dd380,?WindowHandler@TCastleWindow@@UAAHAAUmessage@@@Z,TCastleWindow_WindowHandler,"int (__thiscall ?WindowHandler@TCastleWindow@@UAAHAAUmessage@@@Z)(TCastleWindow* this, message* msg)",
0x5dd790,?SetupWell@townManager@@QAAXPAVTCastleWindow@@@Z,townManager_SetupWell,"void (__thiscall ?SetupWell@townManager@@QAAXPAVTCastleWindow@@@Z)(townManager* this, TCastleWindow* wellWin)",
0x5dde10,?SetupThievesGuild@TThievesGuildWindow@@AAAXH@Z,TThievesGuildWindow_SetupThievesGuild,"void (__thiscall ?SetupThievesGuild@TThievesGuildWindow@@AAAXH@Z)(heroWindow* this, int iThievesGuilds)",
0x5df270,sub_5DF270,,,
0x5df560,sub_5DF560,,,
0x5df600,sub_5DF600,,,
0x5df620,sub_5DF620,,,
0x5df680,sub_5DF680,,,
0x5df6e0,sub_5DF6E0,,,
0x5df750,sub_5DF750,,,
0x5df7b0,sub_5DF7B0,,,
0x5df810,sub_5DF810,,,
0x5df870,sub_5DF870,,,
0x5df8d0,sub_5DF8D0,,,
0x5df930,sub_5DF930,,,
0x5df990,sub_5DF990,,,
0x5df9f0,??0TTradeResourceWindow@@QAA@HH@Z,TTradeResourceWindow_ctor,"TTradeResourceWindow* (__thiscall ??0TTradeResourceWindow@@QAA@HH@Z)(TTradeResourceWindow* this, int x2, int y2)",
0x5e1a00,sub_5E1A00,,,
0x5e1a20,sub_5E1A20,,"CAdvPopup* (__thiscall sub_5E1A20)(CAdvPopup* Memory, int8)",
0x5e1a50,sub_5E1A50,,void (__thiscall sub_5E1A50)(CAdvPopup* this),
0x5e1ac0,??0TGiveResourceWindow@@QAA@HH@Z,TGiveResourceWindow_ctor,"heroWindow* (__thiscall ??0TGiveResourceWindow@@QAA@HH@Z)(TGiveResourceWindow* this, int x2, int y2)",
0x5e3a70,sub_5E3A70,,void (__thiscall sub_5E3A70)(void* this),
0x5e3a90,??_GTGiveResourceWindow@@UAAPAXI@Z,op_GTGiveResourceWindow,"CAdvPopup* (__thiscall ??_GTGiveResourceWindow@@UAAPAXI@Z)(CAdvPopup* Memory, int8)",
0x5e3ac0,sub_5E3AC0,,void (__thiscall sub_5E3AC0)(CAdvPopup* this),
0x5e3b30,??0TBuyArtifactWindow@@QAA@HH@Z,TBuyArtifactWindow_ctor,"CAdvPopup* (__thiscall ??0TBuyArtifactWindow@@QAA@HH@Z)(CAdvPopup* this, void* Memory, int i)",
0x5e5a90,sub_5E5A90,,"CAdvPopup* (__thiscall sub_5E5A90)(CAdvPopup* Memory, int8)",
0x5e5ac0,sub_5E5AC0,,void (__thiscall sub_5E5AC0)(CAdvPopup* this),
0x5e5b30,??0TSellArtifactWindow@@QAA@HH@Z,TSellArtifactWindow_ctor,"TSellArtifactWindow* (__thiscall ??0TSellArtifactWindow@@QAA@HH@Z)(TSellArtifactWindow* this, void* Memory, int8*)",
0x5e7fe0,??_GTSellArtifactWindow@@UAAPAXI@Z,op_GTSellArtifactWindow,"CAdvPopup* (__thiscall ??_GTSellArtifactWindow@@UAAPAXI@Z)(CAdvPopup* Memory, int8)",
0x5e8010,sub_5E8010,,void (__thiscall sub_5E8010)(CAdvPopup* this),
0x5e8080,??0TSellCreatureWindow@@QAA@HH@Z,TSellCreatureWindow_ctor,"CAdvPopup* (__thiscall ??0TSellCreatureWindow@@QAA@HH@Z)(CAdvPopup* this, void* Memory, int i)",
0x5ea060,sub_5EA060,,,
0x5ea080,sub_5EA080,,"CAdvPopup* (__thiscall sub_5EA080)(CAdvPopup* Memory, int8)",
0x5ea0b0,sub_5EA0B0,,void (__thiscall sub_5EA0B0)(CAdvPopup* this),
0x5ea120,?DoArtifactMerchants@@YAXXZ,DoArtifactMerchants,,
0x5ea260,DoMapFreelancerGuild,,int (__thiscall DoMapFreelancerGuild)(hero* this),
0x5ea2a0,?DoFreelancersGuild@@YAXXZ,DoFreelancersGuild,void (__thiscall ?DoFreelancersGuild@@YAXXZ)(town* this),
0x5ea3e0,?DoMarketplace@@YAXXZ,DoMarketplace,,
0x5ea4c0,?DoTradingPost@@YAXXZ,DoTradingPost,,
0x5ea500,?DoBlackMarket@@YAXPAVhero@@PAW4TArtifact@@@Z,DoBlackMarket,,
0x5ea530,DoMarket,,,
0x5ea9d0,sub_5EA9D0,,"int (__thiscall sub_5EA9D0)(heroWindow* this, message*, int)",
0x5eaae0,?Update@TTradeResourceWindow@@QAAX_N@Z,TTradeResourceWindow_Update,"int8 (__fastcall ?Update@TTradeResourceWindow@@QAAX_N@Z)(heroWindow* this, bool, int8)",
0x5eb350,?Update@TGiveResourceWindow@@QAAX_N@Z,TGiveResourceWindow_Update,"int8 (__thiscall ?Update@TGiveResourceWindow@@QAAX_N@Z)(heroWindow* this, int8)",
0x5ebaa0,?Update@TBuyArtifactWindow@@QAAX_N@Z,TBuyArtifactWindow_Update,"int8 (__fastcall ?Update@TBuyArtifactWindow@@QAAX_N@Z)(heroWindow* this, bool, int8)",
0x5ec280,?Update@TSellArtifactWindow@@QAAX_N@Z,TSellArtifactWindow_Update,"int8 (__fastcall ?Update@TSellArtifactWindow@@QAAX_N@Z)(heroWindow* this, bool, int8)",
0x5ec950,?Update@TSellCreatureWindow@@QAAX_N@Z,TSellCreatureWindow_Update,"int8 (__fastcall ?Update@TSellCreatureWindow@@QAAX_N@Z)(heroWindow* this, bool, int8)",
0x5ed110,?get_market_value@@YAJW4EGameResource@@@Z,get_market_value,int (__fastcall ?get_market_value@@YAJW4EGameResource@@@Z)(EGameResource resource),
0x5ed120,?get_trade_ratio@@YANW4EGameResource@@0N@Z,get_trade_ratio,,
0x5ed1c0,sub_5ED1C0,,,
0x5ed280,sub_5ED280,,,
0x5ed3e0,sub_5ED3E0,,,
0x5ed7a0,sub_5ED7A0,,"void (__thiscall sub_5ED7A0)(heroWindow* this, int)",
0x5ed950,?WindowHandler@TGiveResourceWindow@@UAAHAAUmessage@@@Z,TGiveResourceWindow_WindowHandler,"int (__fastcall ?WindowHandler@TGiveResourceWindow@@UAAHAAUmessage@@@Z)(int8* this, message*, message* msg)",
0x5edc50,sub_5EDC50,,"void (__thiscall sub_5EDC50)(heroWindow* this, int)",
0x5edde0,?WindowHandler@TBuyArtifactWindow@@UAAHAAUmessage@@@Z,TBuyArtifactWindow_WindowHandler,"int (__fastcall ?WindowHandler@TBuyArtifactWindow@@UAAHAAUmessage@@@Z)(CAdvPopup* this, message*, message*)",
0x5ee1d0,sub_5EE1D0,,"void (__thiscall sub_5EE1D0)(heroWindow* this, int)",
0x5ee360,?WindowHandler@TSellArtifactWindow@@UAAHAAUmessage@@@Z,TSellArtifactWindow_WindowHandler,"int (__fastcall ?WindowHandler@TSellArtifactWindow@@UAAHAAUmessage@@@Z)(heroWindow* this, message*, message*)",
0x5eeac0,sub_5EEAC0,,"void (__thiscall sub_5EEAC0)(heroWindow* this, int)",
0x5eec90,sub_5EEC90,,,
0x5eefd0,sub_5EEFD0,,"void (__thiscall sub_5EEFD0)(heroWindow* this, int)",
0x5ef180,sub_5EF180,,,
0x5ef1a0,sub_5EF1A0,,"void* (__thiscall sub_5EF1A0)(void* this, LPCSTR lptstrFilename)",
0x5ef1f0,sub_5EF1F0,,void (__thiscall sub_5EF1F0)(void** this),
0x5ef200,sub_5EF200,,"bool (__thiscall sub_5EF200)(LPCVOID* this, int8*, int)",
0x5ef470,sub_5EF470,,,
0x5ef490,trash_005EF490,,,
0x5ef4f0,sub_5EF4F0,,,
0x5ef550,sub_5EF550,,,
0x5ef5c0,sub_5EF5C0,,,
0x5ef620,sub_5EF620,,,
0x5ef680,sub_5EF680,,,
0x5ef6e0,sub_5EF6E0,,,
0x5ef740,sub_5EF740,,,
0x5ef7a0,trash_005EF7A0,,,
0x5ef800,trash_005EF800,,,
0x5ef860,?handle_click@type_university_skill_button@@UAA_N_N0@Z,type_university_skill_button_handle_click,"int8 (__fastcall ?handle_click@type_university_skill_button@@UAA_N_N0@Z)(type_university_skill_button* this, bool, bool, int8)",
0x5ef8d0,??0type_university_window@@QAA@PAVhero@@PBUtype_university@@@Z,type_university_window_ctor,"void (__thiscall ??0type_university_window@@QAA@PAVhero@@PBUtype_university@@@Z)(type_university_window* this, hero* new_hero, type_university* university, bool32 in_town)",
0x5f0b30,??_Gtype_university_skill_button@@UAAPAXI@Z,op_Gtype_university_skill_button,"type_university_skill_button* (__thiscall ??_Gtype_university_skill_button@@UAAPAXI@Z)(type_university_skill_button* Memory, int8)",
0x5f0b60,?update_skill_button@type_university_window@@IAAXAAUtype_university_skill@@@Z,type_university_window_update_skill_button,"void (__thiscall ?update_skill_button@type_university_window@@IAAXAAUtype_university_skill@@@Z)(void* this, int)",
0x5f0df0,?DoModal@type_university_window@@UAAX_N@Z,type_university_window_DoModal,"void (__fastcall ?DoModal@type_university_window@@UAAX_N@Z)(heroWindow* this, bool, bool fadeIn)",
0x5f0e90,?skill_click@type_university_window@@QAAXW4TSecondarySkill@@@Z,type_university_window_skill_click,"void (__fastcall ?skill_click@type_university_window@@QAAXW4TSecondarySkill@@@Z)(type_university_window* this, TSecondarySkill, int)",
0x5f1190,sub_5F1190,,"int (__thiscall sub_5F1190)(void** this, int)",
0x5f11d0,sub_5F11D0,,,
0x5f12c0,sub_5F12C0,,,
0x5f1330,?purchase_click@type_university_window@@KAHAAUmessage@@@Z,type_university_window_purchase_click,,
0x5f1550,log_005F1550,,,
0x5f1570,trash_005F1570,,,
0x5f15d0,sub_5F15D0,,,
0x5f1630,sub_5F1630,,,
0x5f16a0,sub_5F16A0,,,
0x5f1700,sub_5F1700,,,
0x5f1760,sub_5F1760,,,
0x5f17c0,sub_5F17C0,,,
0x5f1820,sub_5F1820,,,
0x5f1880,sub_5F1880,,,
0x5f18e0,trash_005F18E0,,,
0x5f1940,?applies_to_player@VictoryConditionStruct@@QBA_NJ@Z,VictoryConditionStruct_applies_to_player,"bool (__thiscall ?applies_to_player@VictoryConditionStruct@@QBA_NJ@Z)(VictoryConditionStruct* this, int player)",0x1f15a0
0x5f19b0,?CheckForArtifactWin@VictoryConditionStruct@@QAA_NXZ,VictoryConditionStruct_CheckForArtifactWin,bool (__thiscall ?CheckForArtifactWin@VictoryConditionStruct@@QAA_NXZ)(VictoryConditionStruct* this),0x1f1610
0x5f1eb0,?CheckForTotalCreatures@VictoryConditionStruct@@QAA_NXZ,VictoryConditionStruct_CheckForTotalCreatures,bool (__thiscall ?CheckForTotalCreatures@VictoryConditionStruct@@QAA_NXZ)(VictoryConditionStruct* this),0x1f1b10
0x5f2020,?CheckForTotalResources@VictoryConditionStruct@@QAA_NXZ,VictoryConditionStruct_CheckForTotalResources,bool (__thiscall ?CheckForTotalResources@VictoryConditionStruct@@QAA_NXZ)(VictoryConditionStruct* this),0x1f1c80
0x5f20e0,?CheckForUpgradedTown@VictoryConditionStruct@@QAA_NXZ,VictoryConditionStruct_CheckForUpgradedTown,bool (__thiscall ?CheckForUpgradedTown@VictoryConditionStruct@@QAA_NXZ)(VictoryConditionStruct* this),0x1f1d40
0x5f2290,?CheckForGrailBuildingWin@VictoryConditionStruct@@QAA_NXZ,VictoryConditionStruct_CheckForGrailBuildingWin,bool (__thiscall ?CheckForGrailBuildingWin@VictoryConditionStruct@@QAA_NXZ)(VictoryConditionStruct* this),0x1f1ef0
0x5f24a0,?CheckForHeroDefeatWin@VictoryConditionStruct@@QAA_NHPBVhero@@@Z,VictoryConditionStruct_CheckForHeroDefeatWin,"bool (__thiscall ?CheckForHeroDefeatWin@VictoryConditionStruct@@QAA_NHPBVhero@@@Z)(VictoryConditionStruct* this, int winning_player, hero* loser)",0x1f2100
0x5f2500,?IsGrailTarget@VictoryConditionStruct@@QAA_NPAVtown@@@Z,VictoryConditionStruct_IsGrailTarget,"bool (__thiscall ?IsGrailTarget@VictoryConditionStruct@@QAA_NPAVtown@@@Z)(VictoryConditionStruct* this, town* thisTown)",0x1f2160
0x5f2600,?IsTownCaptureTarget@VictoryConditionStruct@@QAA_NPAVtown@@@Z,VictoryConditionStruct_IsTownCaptureTarget,"bool (__thiscall ?IsTownCaptureTarget@VictoryConditionStruct@@QAA_NPAVtown@@@Z)(VictoryConditionStruct* this, town* thisTown)",0x1f2260
0x5f2640,?CheckForTownCaptureWin@VictoryConditionStruct@@QAA_NXZ,VictoryConditionStruct_CheckForTownCaptureWin,bool (__thiscall ?CheckForTownCaptureWin@VictoryConditionStruct@@QAA_NXZ)(VictoryConditionStruct* this),0x1f22a0
0x5f2730,?CheckForDefeatedMonsterWin@VictoryConditionStruct@@QAA_NPBVhero@@Utype_point@@@Z,VictoryConditionStruct_CheckForDefeatedMonsterWin,"bool (__thiscall ?CheckForDefeatedMonsterWin@VictoryConditionStruct@@QAA_NPBVhero@@Utype_point@@@Z)(VictoryConditionStruct* this, hero* thisHero, type_point monster_loc)",0x1f2390
0x5f29a0,?CheckForFlaggedGeneratorWin@VictoryConditionStruct@@QAA_NXZ,VictoryConditionStruct_CheckForFlaggedGeneratorWin,bool (__thiscall ?CheckForFlaggedGeneratorWin@VictoryConditionStruct@@QAA_NXZ)(VictoryConditionStruct* this),0x1f2600
0x5f2ac0,?CheckForFlaggedMineWin@VictoryConditionStruct@@QAA_NXZ,VictoryConditionStruct_CheckForFlaggedMineWin,bool (__thiscall ?CheckForFlaggedMineWin@VictoryConditionStruct@@QAA_NXZ)(VictoryConditionStruct* this),0x1f2720
0x5f2bb0,VictoryConditionStruct::SoD_CheckForTimeSurvival,,bool (__thiscall VictoryConditionStruct::SoD_CheckForTimeSurvival)(VictoryConditionStruct* this),0x1f2810
0x5f2c00,?CheckForArtifactTransportWin@VictoryConditionStruct@@QAA_NPBVhero@@Utype_point@@@Z,VictoryConditionStruct_CheckForArtifactTransportWin,"bool (__thiscall ?CheckForArtifactTransportWin@VictoryConditionStruct@@QAA_NPBVhero@@Utype_point@@@Z)(VictoryConditionStruct* this, hero* thisHero, type_point town_loc)",0x1f2860
0x5f2de0,?CheckForDefeatedHeroLoss@LossConditionStruct@@QAA_NPBVhero@@@Z,LossConditionStruct_CheckForDefeatedHeroLoss,"bool (__thiscall ?CheckForDefeatedHeroLoss@LossConditionStruct@@QAA_NPBVhero@@@Z)(LossConditionStruct* this, hero* loser)",0x1f2a40
0x5f31b0,LossConditionStruct::SoD_HeroKilled,,"bool (__thiscall LossConditionStruct::SoD_HeroKilled)(LossConditionStruct* this, hero* loser)",0x1f2e10
0x5f31e0,?CheckForDefeatedTownLoss@LossConditionStruct@@QAA_NHPBVtown@@@Z,LossConditionStruct_CheckForDefeatedTownLoss,"int8 (__thiscall ?CheckForDefeatedTownLoss@LossConditionStruct@@QAA_NHPBVtown@@@Z)(LossConditionStruct* this, int old_owner, town* lost_town)",0x1f2e40
0x5f32c0,?CheckForTimeLimitExpired@LossConditionStruct@@QAA_NXZ,LossConditionStruct_CheckForTimeLimitExpired,bool (__thiscall ?CheckForTimeLimitExpired@LossConditionStruct@@QAA_NXZ)(LossConditionStruct* this),0x1f2f20
0x5f3310,sub_5F3310,,,
0x5f3330,sub_5F3330,,,
0x5f3390,sub_5F3390,,,
0x5f33f0,sub_5F33F0,,,
0x5f3460,sub_5F3460,,,
0x5f34c0,sub_5F34C0,,,
0x5f3520,sub_5F3520,,,
0x5f3580,sub_5F3580,,,
0x5f35e0,sub_5F35E0,,,
0x5f3640,sub_5F3640,,,
0x5f36a0,sub_5F36A0,,,
0x5f3700,??0TViewArmyWindow@@QAA@PBVarmy@@HH_N@Z,TViewArmyWindow_ctor,"TViewArmyWindow* (__thiscall ??0TViewArmyWindow@@QAA@PBVarmy@@HH_N@Z)(TViewArmyWindow* this, army* this_army, int x0, int y0, int show_ok)",
0x5f3ec0,??_GTViewArmyWindow@@UAAPAXI@Z,op_GTViewArmyWindow,"TViewArmyWindow* (__thiscall ??_GTViewArmyWindow@@UAAPAXI@Z)(TViewArmyWindow* Memory, int8)",
0x5f3ef0,??0TViewArmyWindow@@QAA@ABVarmyGroup@@HPBVhero@@PBVtown@@HHH_N3@Z,TViewArmyWindow_ctor,"TViewArmyWindow* (__thiscall ??0TViewArmyWindow@@QAA@ABVarmyGroup@@HPBVhero@@PBVtown@@HHH_N3@Z)(TViewArmyWindow* this, armyGroup* group, int iArmy, hero* this_hero, town* this_town, int x0, int y0, int upgrade, int show_dismiss, int show_ok)",
0x5f45b0,??0TViewArmyWindow@@QAA@HHH_N@Z,TViewArmyWindow_ctor,"TViewArmyWindow* (__thiscall ??0TViewArmyWindow@@QAA@HHH_N@Z)(TViewArmyWindow* this, int army_type, int x0, int y0, int show_ok)",
0x5f4980,??1TViewArmyWindow@@UAA@XZ,TViewArmyWindow_dtor,void (__thiscall ??1TViewArmyWindow@@UAA@XZ)(TViewArmyWindow* this),
0x5f4a60,?convertID2HelpID@TViewArmyWindow@@ABAHH@Z,TViewArmyWindow_convertID2HelpID,,
0x5f4b90,?QuickWindowWait@TQuickTownWindow@@QAAXXZ,TQuickTownWindow_QuickWindowWait,void (__thiscall ?QuickWindowWait@TQuickTownWindow@@QAAXXZ)(heroWindow* this),
0x5f4ba0,?DoModal@TViewArmyWindow@@QAAXXZ,TViewArmyWindow_DoModal,void (__thiscall ?DoModal@TViewArmyWindow@@QAAXXZ)(TViewArmyWindow* this),
0x5f4c00,?WindowHandler@TViewArmyWindow@@UAAHAAUmessage@@@Z,TViewArmyWindow_WindowHandler,"int (__thiscall ?WindowHandler@TViewArmyWindow@@UAAHAAUmessage@@@Z)(TViewArmyWindow* this, message* msg)",
0x5f53e0,sub_5F53E0,,int (__fastcall sub_5F53E0)(message* msg),
0x5f5410,?create_portrait_widget@TViewArmyWindow@@AAAXPBDW4TTownType@@H@Z,TViewArmyWindow_create_portrait_widget,"void (__thiscall ?create_portrait_widget@TViewArmyWindow@@AAAXPBDW4TTownType@@H@Z)(TViewArmyWindow* this, int8* sprite_name, TTownType town_type, int amount)",
0x5f56f0,?create_attack_widget@TViewArmyWindow@@AAAXHH@Z,TViewArmyWindow_create_attack_widget,"void (__thiscall ?create_attack_widget@TViewArmyWindow@@AAAXHH@Z)(TViewArmyWindow* this, int normal_attack_skill, int current_attack_skill)",
0x5f5980,?create_defense_widget@TViewArmyWindow@@AAAXHH@Z,TViewArmyWindow_create_defense_widget,"void (__thiscall ?create_defense_widget@TViewArmyWindow@@AAAXHH@Z)(TViewArmyWindow* this, int normal_defense_skill, int current_defense_skill)",
0x5f5c10,?create_damage_widget@TViewArmyWindow@@AAAXABUTCreatureTypeTraits@@PBVhero@@@Z,TViewArmyWindow_create_damage_widget,"int (__thiscall ?create_damage_widget@TViewArmyWindow@@AAAXABUTCreatureTypeTraits@@PBVhero@@@Z)(std::vector* this, textWidget*, textWidget*)",
0x5f5ee0,?create_shots_widget@TViewArmyWindow@@AAAXABUTCreatureTypeTraits@@HH@Z,TViewArmyWindow_create_shots_widget,"int* (__thiscall ?create_shots_widget@TViewArmyWindow@@AAAXABUTCreatureTypeTraits@@HH@Z)(int8* this, int* i, textWidget*, textWidget*)",
0x5f6180,?create_hitpoints_widget@TViewArmyWindow@@AAAXHH@Z,TViewArmyWindow_create_hitpoints_widget,"int (__thiscall ?create_hitpoints_widget@TViewArmyWindow@@AAAXHH@Z)(int8* this, textWidget*, textWidget*)",
0x5f6420,?create_hitpoints_left_widget@TViewArmyWindow@@AAAXH@Z,TViewArmyWindow_create_hitpoints_left_widget,"int (__thiscall ?create_hitpoints_left_widget@TViewArmyWindow@@AAAXH@Z)(int8* this, void*)",
0x5f66a0,?create_speed_widget@TViewArmyWindow@@AAAXHH@Z,TViewArmyWindow_create_speed_widget,"int (__thiscall ?create_speed_widget@TViewArmyWindow@@AAAXHH@Z)(int8* this, int* j, int*)",
0x5f6960,?create_spell_influence_widgets@TViewArmyWindow@@AAAXQBVarmy@@@Z,TViewArmyWindow_create_spell_influence_widgets,"int (__fastcall ?create_spell_influence_widgets@TViewArmyWindow@@AAAXQBVarmy@@@Z)(TViewArmyWindow* this, army*, void*)",
0x5f6c20,?create_ok_widget@TViewArmyWindow@@AAAXXZ,TViewArmyWindow_create_ok_widget,widget** (__thiscall ?create_ok_widget@TViewArmyWindow@@AAAXXZ)(TViewArmyWindow* this),
0x5f6e90,?create_upgrade_widget@TViewArmyWindow@@AAAXXZ,TViewArmyWindow_create_upgrade_widget,void (__thiscall ?create_upgrade_widget@TViewArmyWindow@@AAAXXZ)(TViewArmyWindow* this),
0x5f7100,?create_dismiss_widget@TViewArmyWindow@@AAAXXZ,TViewArmyWindow_create_dismiss_widget,widget** (__thiscall ?create_dismiss_widget@TViewArmyWindow@@AAAXXZ)(TViewArmyWindow* this),
0x5f7370,sub_5F7370,,,
0x5f7390,sub_5F7390,,,
0x5f73f0,sub_5F73F0,,,
0x5f7450,sub_5F7450,,,
0x5f74c0,sub_5F74C0,,,
0x5f7520,sub_5F7520,,,
0x5f7580,sub_5F7580,,,
0x5f75e0,sub_5F75E0,,,
0x5f7640,sub_5F7640,,,
0x5f76a0,sub_5F76A0,,,
0x5f7700,sub_5F7700,,,
0x5f7760,?VWDrawSprite@@YAXPAVCSprite@@PAVNewmapCell@@HHHH@Z,VWDrawSprite,"void (__fastcall ?VWDrawSprite@@YAXPAVCSprite@@PAVNewmapCell@@HHHH@Z)(CSprite* srcIcon, NewmapCell* thisCell, int frame, int x, int y, int z)",
0x5f78b0,?VWDrawHeroPart@advManager@@QAAXHAAUTDrawParts@@HHHHHH@Z,advManager_VWDrawHeroPart,"void (__thiscall ?VWDrawHeroPart@advManager@@QAAXHAAUTDrawParts@@HHHHHH@Z)(advManager* this, int part, TDrawParts* heroParts, int baseX, int baseY, int tilex, int tiley, int tilew, int tileh)",
0x5f7cb0,?VWDrawHeroPartShadow@advManager@@QAAXHAAUTDrawParts@@HHHHHH@Z,advManager_VWDrawHeroPartShadow,"void (__thiscall ?VWDrawHeroPartShadow@advManager@@QAAXHAAUTDrawParts@@HHHHHH@Z)(advManager* this, int part, TDrawParts* heroParts, int baseX, int baseY, int tilex, int tiley, int tilew, int tileh)",
0x5f80b0,?VWDrawBoatPart@advManager@@QAAXHAAUTDrawParts@@HHHHHH@Z,advManager_VWDrawBoatPart,"void (__thiscall ?VWDrawBoatPart@advManager@@QAAXHAAUTDrawParts@@HHHHHH@Z)(advManager* this, int part, TDrawParts* heroParts, int baseX, int baseY, int tilex, int tiley, int tilew, int tileh)",
0x5f82a0,?VWDrawBoatPartShadow@advManager@@QAAXHAAUTDrawParts@@HHHHHH@Z,advManager_VWDrawBoatPartShadow,"void (__thiscall ?VWDrawBoatPartShadow@advManager@@QAAXHAAUTDrawParts@@HHHHHH@Z)(advManager* this, int part, TDrawParts* heroParts, int baseX, int baseY, int tilex, int tiley, int tilew, int tileh)",
0x5f8490,?VWDrawSymbols@advManager@@QAAXHHHHH@Z,advManager_VWDrawSymbols,"void (__thiscall ?VWDrawSymbols@advManager@@QAAXHHHHH@Z)(advManager* this, int srcX, int srcY, int z, int destX, int destY)",
0x5f8690,?VWDrawAdvObj@advManager@@QAAXHHHHH@Z,advManager_VWDrawAdvObj,"void (__thiscall ?VWDrawAdvObj@advManager@@QAAXHHHHH@Z)(advManager* this, int srcX, int srcY, int z, int destX, int destY)",
0x5f8f90,?VWDrawAdvObjShadow@advManager@@QAAXHHHHH@Z,advManager_VWDrawAdvObjShadow,"void (__thiscall ?VWDrawAdvObjShadow@advManager@@QAAXHHHHH@Z)(advManager* this, int srcX, int srcY, int z, int destX, int destY)",
0x5f95d0,?VWDrawRiver@advManager@@QAAXHHHHH@Z,advManager_VWDrawRiver,"void (__thiscall ?VWDrawRiver@advManager@@QAAXHHHHH@Z)(advManager* this, int srcX, int srcY, int z, int destX, int destY)",
0x5f9960,?VWDrawRoad@advManager@@QAAXHHHHH@Z,advManager_VWDrawRoad,"void (__thiscall ?VWDrawRoad@advManager@@QAAXHHHHH@Z)(advManager* this, int srcX, int srcY, int z, int destX, int destY)",
0x5f9cf0,?VWDrawShroud@advManager@@QAAXHHHHH@Z,advManager_VWDrawShroud,"void (__thiscall ?VWDrawShroud@advManager@@QAAXHHHHH@Z)(advManager* this, int srcX, int scrY, int Z, int destX, int destY)",
0x5fa140,sub_5FA140,,,
0x5fa280,?VWDrawUnderlay@advManager@@QAAXHHHHH@Z,advManager_VWDrawUnderlay,"void (__thiscall ?VWDrawUnderlay@advManager@@QAAXHHHHH@Z)(advManager* this, int srcX, int srcY, int z, int destX, int destY)",
0x5fa590,?VWDrawGround@advManager@@QAAXHHHHH@Z,advManager_VWDrawGround,"void (__thiscall ?VWDrawGround@advManager@@QAAXHHHHH@Z)(advManager* this, int srcX, int srcY, int z, int destX, int destY)",
0x5fa9b0,??0TViewWorldWindow@@QAA@XZ,TViewWorldWindow_ctor,TViewWorldWindow* (__thiscall ??0TViewWorldWindow@@QAA@XZ)(TViewWorldWindow* this),
0x5fc0e0,??_GTViewWorldWindow@@UAAPAXI@Z,op_GTViewWorldWindow,"CAdvPopup* (__thiscall ??_GTViewWorldWindow@@UAAPAXI@Z)(CAdvPopup* Memory, int8)",
0x5fc110,sub_5FC110,,void (__thiscall sub_5FC110)(CAdvPopup* this),
0x5fc1a0,ViewEarthShowUndergroundPressed,,,
0x5fc270,ViewEarthShowSurfacePressed,,int (__fastcall ViewEarthShowSurfacePressed)(message* msg),
0x5fc340,?ViewWorld@advManager@@QAAXHW4TSkillMastery@@@Z,advManager_ViewWorld,"void (__thiscall ?ViewWorld@advManager@@QAAXHW4TSkillMastery@@@Z)(advManager* this, int iWhatToDraw, TSkillMastery level)",
0x5fc5f0,?init@TViewWorldWindow@@QAAXUtype_point@@_N@Z,TViewWorldWindow_init,"game* (__fastcall ?init@TViewWorldWindow@@QAAXUtype_point@@_N@Z)(TViewWorldWindow* this, int64)",
0x5fc870,?VWCompleteDraw@advManager@@QAAXHHHHH@Z,advManager_VWCompleteDraw,"void (__thiscall ?VWCompleteDraw@advManager@@QAAXHHHHH@Z)(advManager* this, int startX, int startY, int z, int drawwidth, int drawheight)",
0x5fcb50,?update_view_world@TViewWorldWindow@@AAAXAAUmessage@@@Z,TViewWorldWindow_update_view_world,"void (__thiscall ?update_view_world@TViewWorldWindow@@AAAXAAUmessage@@@Z)(int this, int)",
0x5fcca0,?update_radar@TViewWorldWindow@@AAAXHHM@Z,TViewWorldWindow_update_radar,"void (__thiscall ?update_radar@TViewWorldWindow@@AAAXHHM@Z)(TViewWorldWindow* this, int mrx, int mry, float fRadarDivisor)",
0x5fcec0,?WindowHandler@TViewWorldWindow@@UAAHAAUmessage@@@Z,TViewWorldWindow_WindowHandler,"int (__thiscall ?WindowHandler@TViewWorldWindow@@UAAHAAUmessage@@@Z)(TViewWorldWindow* this, message* msg)",
0x5fd240,sub_5FD240,,,
0x5fd260,hypot,,int (__fastcall hypot)(TPoint* x),
0x5fd2a0,sub_5FD2A0,,"void* (__thiscall sub_5FD2A0)(void* this, int, int, int, int, int, int)",
0x5fd310,sub_5FD310,,"int (__thiscall sub_5FD310)(void* this, int)",
0x5fd350,sub_5FD350,,int (__thiscall sub_5FD350)(void* this),
0x5fd3c0,sub_5FD3C0,,void* (__thiscall sub_5FD3C0)(void* this),
0x5fd6e0,sub_5FD6E0,,void (__thiscall sub_5FD6E0)(int this),
0x5fd740,sub_5FD740,,"void* (__thiscall sub_5FD740)(int this, int, int, int, int, int, int*)",
0x5fd960,sub_5FD960,,"void (__thiscall sub_5FD960)(void* this, void* Memory)",
0x5fda60,sub_5FDA60,,"void* (__thiscall sub_5FDA60)(void* this, int, int)",
0x5fdb40,sub_5FDB40,,"int (__thiscall sub_5FDB40)(int* this, int, int, int*)",
0x5fde90,sub_5FDE90,,,
0x5fdec0,sub_5FDEC0,,,
0x5fdef0,sub_5FDEF0,,,
0x5fe060,sub_5FE060,,"void* (__thiscall sub_5FE060)(int* this, void*, int, int)",
0x5fe080,sub_5FE080,,"int* (__thiscall sub_5FE080)(void* this, int*, int)",
0x5fe0a0,sub_5FE0A0,,"int* (__thiscall sub_5FE0A0)(void* this, int*, int)",
0x5fe0d0,sub_5FE0D0,,"void* (__thiscall sub_5FE0D0)(void* this, int, int, int, int)",
0x5fe0f0,sub_5FE0F0,,"void* (__thiscall sub_5FE0F0)(void* this, int, int, int, int)",
0x5fe110,sub_5FE110,,"void* (__thiscall sub_5FE110)(int this, int*, int*)",
0x5fe2d0,vector_insert_ptr_5FE2D0,,"void (__thiscall vector_insert_ptr_5FE2D0)(std::vector* this, int* pos, unsigned int count, int* value)",
0x5fe4e0,sub_5FE4E0,,,
0x5fe510,sub_5FE510,,,
0x5fe570,sub_5FE570,,,
0x5fe5d0,sub_5FE5D0,,,
0x5fe640,sub_5FE640,,,
0x5fe6a0,sub_5FE6A0,,,
0x5fe700,sub_5FE700,,,
0x5fe760,sub_5FE760,,,
0x5fe7c0,sub_5FE7C0,,,
0x5fe820,sub_5FE820,,,
0x5fe880,sub_5FE880,,,
0x5fe8e0,sub_5FE8E0,,,
0x5fe900,??0widget@@QAA@FFFFFF@Z,widget_ctor,"widget* (__thiscall ??0widget@@QAA@FFFFFF@Z)(widget* this, int16 x, int16 y, int16 w, int16 h, int16 id, int16 style)",0x1fe340
0x5fe970,??_Gwidget@@UAAPAXI@Z,op_Gwidget,"void** (__thiscall ??_Gwidget@@UAAPAXI@Z)(widget* Memory, int8 a2)",
0x5fe9d0,??0widget@@QAA@XZ,widget_ctor,void (__thiscall ??0widget@@QAA@XZ)(widget* this),0x1fe410
0x5fe9f0,??1widget@@UAA@XZ,widget_dtor,void (__thiscall ??1widget@@UAA@XZ)(widget* this),
0x5fea40,?initialize@border@@QAAXHHHHHH@Z,border_initialize,"int16 (__thiscall ?initialize@border@@QAAXHHHHHH@Z)(border* this, int16 x, int16 y, int16 w, int16 h, int16 id, int16 style)",
0x5fea90,?Open@widget@@QAAHHPAVheroWindow@@@Z,widget_Open,"int (__thiscall ?Open@widget@@QAAHHPAVheroWindow@@@Z)(widget* this, int newPriority, heroWindow* parent)",
0x5feab0,?Main@widget@@UAAHAAUmessage@@@Z,widget_Main,"int (__thiscall ?Main@widget@@UAAHAAUmessage@@@Z)(widget* this, message* msg)",
0x5fed80,?send_message@widget@@QAAHW4ECommands@1@H@Z,widget_send_message,"int (__thiscall ?send_message@widget@@QAAHW4ECommands@1@H@Z)(widget* this, widget::ECommands command, widget::EStatusFlags extra)",0x1fe7c0
0x5fedc0,?Dim@widget@@UBAXXZ,widget_Dim,void (__thiscall ?Dim@widget@@UBAXXZ)(widget* this),
0x5fee00,?set_help_text@widget@@QAAXPBD0_N@Z,widget_set_help_text,"void (__thiscall ?set_help_text@widget@@QAAXPBD0_N@Z)(widget* this, int8* text, int8* rclick, bool copyText)",0x1fe840
0x5feef0,?process_hover@widget@@UAAXXZ,widget_process_hover,void (__thiscall ?process_hover@widget@@UAAXXZ)(widget* this),
0x5fef00,?enable@widget@@UAAX_N@Z,widget_enable,"void (__thiscall ?enable@widget@@UAAX_N@Z)(widget* this, bool arg)",
0x5fef90,sub_5FEF90,,,
0x5fefb0,??0heroWindow@@QAA@HHHHI@Z,heroWindow_ctor,"heroWindow* (__thiscall ??0heroWindow@@QAA@HHHHI@Z)(heroWindow* this, int winX, int winY, int winWidth, int winHeight, heroWindow::TAttribute winType)",0x1fe9f0
0x5ff010,??_GheroWindow@@UAAPAXI@Z,op_GheroWindow,"heroWindow* (__thiscall ??_GheroWindow@@UAAPAXI@Z)(heroWindow* Memory, int8)",
0x5ff040,??1heroWindow@@UAA@XZ,heroWindow_dtor,void (__thiscall ??1heroWindow@@UAA@XZ)(heroWindow* this),0x1fea80
0x5ff0a0,?Open@heroWindow@@UAAHH_N@Z,heroWindow_Open,,
0x5ff220,?Close@heroWindow@@UAAX_N@Z,heroWindow_Close,"void (__thiscall ?Close@heroWindow@@UAAX_N@Z)(heroWindow* this, bool update)",
0x5ff270,?AddWidget@heroWindow@@QAAXPAVwidget@@H@Z,heroWindow_AddWidget,"void (__thiscall ?AddWidget@heroWindow@@QAAXPAVwidget@@H@Z)(heroWindow* this, widget* newWidget, int newPriority)",0x1fecb0
0x5ff320,?RemoveWidget@heroWindow@@QAAXPAVwidget@@@Z,heroWindow_RemoveWidget,"void (__thiscall ?RemoveWidget@heroWindow@@QAAXPAVwidget@@@Z)(heroWindow* this, widget* w)",0x1fed60
0x5ff3a0,?BroadcastMessage@heroWindow@@QAAHAAUmessage@@@Z,heroWindow_BroadcastMessage,"int (__thiscall ?BroadcastMessage@heroWindow@@QAAHAAUmessage@@@Z)(heroWindow* this, message* msg)",0x1fede0
0x5ff400,?BroadcastMessage@heroWindow@@QAAHHHHH@Z,heroWindow_BroadcastMessage,"int (__thiscall ?BroadcastMessage@heroWindow@@QAAHHHHH@Z)(heroWindow* this, int command, int subtype, int itemID, int extra)",0x1fee40
0x5ff490,?WidgetSetStatus@heroWindow@@QAAHHH@Z,heroWindow_WidgetSetStatus,"int (__thiscall ?WidgetSetStatus@heroWindow@@QAAHHH@Z)(heroWindow* this, int id, widget::EStatusFlags status)",0x1feed0
0x5ff520,?WidgetClearStatus@heroWindow@@QAAHHH@Z,heroWindow_WidgetClearStatus,"int (__thiscall ?WidgetClearStatus@heroWindow@@QAAHHH@Z)(heroWindow* this, int id, widget::EStatusFlags status)",0x1fef60
0x5ff5b0,?GetWidget@heroWindow@@QAAPAVwidget@@H@Z,heroWindow_GetWidget,"widget* (__thiscall ?GetWidget@heroWindow@@QAAPAVwidget@@H@Z)(heroWindow* this, int widget_id)",0x1feff0
0x5ff5e0,?DrawWindow@heroWindow@@UAAX_NHH@Z,heroWindow_DrawWindow,"void (__thiscall ?DrawWindow@heroWindow@@UAAX_NHH@Z)(heroWindow* this, bool update, int iLowID, int iHighID)",
0x5ff6c0,?SaveBackground@heroWindow@@AAAHXZ,heroWindow_SaveBackground,int (__thiscall ?SaveBackground@heroWindow@@AAAHXZ)(heroWindow* this),0x1ff100
0x5ff780,?RestoreBackground@heroWindow@@AAAX_N@Z,heroWindow_RestoreBackground,"void (__thiscall ?RestoreBackground@heroWindow@@AAAX_N@Z)(heroWindow* this, bool update)",0x1ff1c0
0x5ff800,?CenterWindow@heroWindow@@QAAXHH@Z,heroWindow_CenterWindow,"void (__thiscall ?CenterWindow@heroWindow@@QAAXHH@Z)(heroWindow* this, int centerX, int centerY)",0x1ff240
0x5ff970,?findWidget@heroWindow@@QBAHHH@Z,heroWindow_findWidget,"int (__thiscall ?findWidget@heroWindow@@QBAHHH@Z)(heroWindow* this, int mx, int my)",0x1ff3b0
0x5ff9a0,?findWidgetPtr@heroWindow@@QBAPAVwidget@@HH@Z,heroWindow_findWidgetPtr,"widget* (__thiscall ?findWidgetPtr@heroWindow@@QBAPAVwidget@@HH@Z)(heroWindow* this, int mx, int my)",0x1ff3e0
0x5ffa20,?DoModal@heroWindow@@UAAX_N@Z,heroWindow_DoModal,"void (__thiscall ?DoModal@heroWindow@@UAAX_N@Z)(heroWindow* this, bool fadeIn)",
0x5ffa50,?SetFocus@heroWindow@@QAAXH@Z,heroWindow_SetFocus,"void (__thiscall ?SetFocus@heroWindow@@QAAXH@Z)(heroWindow* this, int id)",0x1ff490
0x5ffac0,?HeroWindowHandler@heroWindow@@KAHAAUmessage@@@Z,heroWindow_HeroWindowHandler,,
0x5ffad0,?delete_widgets@heroWindow@@IAAXXZ,heroWindow_delete_widgets,void (__thiscall ?delete_widgets@heroWindow@@IAAXXZ)(heroWindow* this),0x1ff510
0x5ffb30,?AddWidgetsToMessageStream@heroWindow@@MAAXXZ,heroWindow_AddWidgetsToMessageStream,void (__thiscall ?AddWidgetsToMessageStream@heroWindow@@MAAXXZ)(heroWindow* this),
0x5ffb70,?SleepAllWidgets@heroWindow@@QAAX_N@Z,heroWindow_SleepAllWidgets,"void (__thiscall ?SleepAllWidgets@heroWindow@@QAAX_N@Z)(heroWindow* this, bool put_to_sleep)",0x1ff5b0
0x5ffbb0,heroWindow::sleep,,"void (__thiscall heroWindow::sleep)(heroWindow* this, bool arg)",
0x5ffc00,??0CHeroWindowEx@@QAA@HHHHI@Z,CHeroWindowEx_ctor,"void (__thiscall ??0CHeroWindowEx@@QAA@HHHHI@Z)(CHeroWindowEx* this, int winX, int winY, int winWidth, int winHeight, heroWindow::TAttribute winType)",0x1ff640
0x5ffc70,??_GCHeroWindowEx@@UAAPAXI@Z,op_GCHeroWindowEx,"CHeroWindowEx* (__thiscall ??_GCHeroWindowEx@@UAAPAXI@Z)(CHeroWindowEx* this, bool flag)",
0x5ffca0,?ProcessHover@CHeroWindowEx@@UAA_NHH@Z,CHeroWindowEx_ProcessHover,"bool (__thiscall ?ProcessHover@CHeroWindowEx@@UAA_NHH@Z)(CHeroWindowEx* this, int mouseX, int mouseY)",
0x5ffd50,?ProcessRightSelect@CHeroWindowEx@@UAA_NH@Z,CHeroWindowEx_ProcessRightSelect,"bool (__thiscall ?ProcessRightSelect@CHeroWindowEx@@UAA_NH@Z)(CHeroWindowEx* this, int id)",
0x5ffde0,?WindowHandler@CHeroWindowEx@@UAAHAAUmessage@@@Z,CHeroWindowEx_WindowHandler,"int (__thiscall ?WindowHandler@CHeroWindowEx@@UAAHAAUmessage@@@Z)(CHeroWindowEx* this, message* msg)",
0x5ffe90,xor_eax_eax_retn8_func,,"int (__thiscall xor_eax_eax_retn8_func)(CHeroWindowEx* this, int id, bool* bExitFlag)",
0x5ffea0,?SetHelpText@CHeroWindowEx@@QAAXPAUTHelpText@@HH_N@Z,CHeroWindowEx_SetHelpText,"void (__thiscall ?SetHelpText@CHeroWindowEx@@QAAXPAUTHelpText@@HH_N@Z)(CHeroWindowEx* this, THelpText* pHelpText, int start, int stop, bool copyText)",0x1ff8e0
0x5fff20,?InitializeWinSetupText@@YA_NXZ,InitializeWinSetupText,,
0x5ffff0,?SetWinText@@YAXPAVheroWindow@@H@Z,SetWinText,,
0x6000c0,sub_6000C0,,,
0x6000e0,??0File@@QAA@XZ,File_ctor,void (__thiscall ??0File@@QAA@XZ)(File* this),
0x600100,??1File@@QAA@XZ,File_dtor,void (__thiscall ??1File@@QAA@XZ)(File* this),
0x600120,?IsOpen@File@@UAA_NXZ,File_IsOpen,bool (__thiscall ?IsOpen@File@@UAA_NXZ)(File* this),
0x600130,?Close@File@@UAA_NXZ,File_Close,,
0x600150,?Delete@File@@SA_NPBD@Z,File_Delete,bool (__fastcall ?Delete@File@@SA_NPBD@Z)(int8* filename),
0x600180,?Open@File@@UAA_NPBDW4FileMode@@@Z,File_Open,"bool (__thiscall ?Open@File@@UAA_NPBDW4FileMode@@@Z)(File* this, int8* sFileName, FileMode mode)",
0x600210,?Write@File@@UAAKPAXK@Z,File_Write,"DWORD (__thiscall ?Write@File@@UAAKPAXK@Z)(File* this, void* pData, DWORD dBytes)",
0x600240,?Read@File@@UAAKPAXK@Z,File_Read,"ulong (__thiscall ?Read@File@@UAAKPAXK@Z)(File* this, void* pData, DWORD dBytes)",
0x600270,?SeekEnd@File@@UAAKXZ,File_SeekEnd,DWORD (__thiscall ?SeekEnd@File@@UAAKXZ)(File* this),
0x600290,?SeekBegin@File@@UAAKXZ,File_SeekBegin,DWORD (__thiscall ?SeekBegin@File@@UAAKXZ)(File* this),
0x6002b0,?SeekCur@File@@UAAKH@Z,File_SeekCur,"DWORD (__thiscall ?SeekCur@File@@UAAKH@Z)(File* this, int seekAt)",
0x6002e0,?Seek@File@@UAAKKK@Z,File_Seek,"DWORD (__thiscall ?Seek@File@@UAAKKK@Z)(File* this, ulong dBytesToSeek, ulong lpDistanceToMoveHigh)",
0x600330,?GetPosition@File@@UAAKXZ,File_GetPosition,DWORD (__thiscall ?GetPosition@File@@UAAKXZ)(File* this),
0x600350,?GetLength@File@@UAAKXZ,File_GetLength,DWORD (__thiscall ?GetLength@File@@UAAKXZ)(File* this),
0x600390,sub_600390,,,
0x6003b0,sub_6003B0,,,
0x6003d0,at_exit_6003D0,,,
0x6003e0,?SetPlayerPaletteColors@@YAXPAGH@Z,SetPlayerPaletteColors,"void (__fastcall ?SetPlayerPaletteColors@@YAXPAGH@Z)(ushort* pPalette, int whichPlayer)",0x1ffe20
0x600400,?SetPlayerPaletteColors@@YAXAAVTPalette24@@H@Z,SetPlayerPaletteColors,"void (__fastcall ?SetPlayerPaletteColors@@YAXAAVTPalette24@@H@Z)(TPalette24* pPalette, int whichPlayer)",0x1ffe40
0x600430,?DDAppBlit@@YAXABUtagRECT@@@Z,DDAppBlit,LPDIRECTDRAW (__fastcall ?DDAppBlit@@YAXABUtagRECT@@@Z)(tagRECT* mregion),
0x600790,?DDBlit@@YAXPAUIDirectDrawSurface4@@ABUtagRECT@@01K@Z,DDBlit,"void (__fastcall ?DDBlit@@YAXPAUIDirectDrawSurface4@@ABUtagRECT@@01K@Z)(IDirectDrawSurface4* dst_surface, tagRECT* udst_rect, IDirectDrawSurface4* src_surface, tagRECT* usrc_rect, unsigned int flags)",
0x600980,?RobAppBlit@@YAXPAUtagRECT@@@Z,RobAppBlit,void (__fastcall ?RobAppBlit@@YAXPAUtagRECT@@@Z)(tagRECT* comb_rect),
0x600bb0,?DDCreateSurface@@YAPAUIDirectDrawSurface4@@KKHPAPAU1@@Z,DDCreateSurface,"IDirectDrawSurface* (__fastcall ?DDCreateSurface@@YAPAUIDirectDrawSurface4@@KKHPAPAU1@@Z)(unsigned int width, unsigned int height, bool bPrimary, LPDIRECTDRAWSURFACE4 oldsurface)",
0x600ca0,DDSD,,"void (__fastcall DDSD)(int iDDErr, int8* cFile, int iLine)",
0x601960,?DDRestoreSurfaces@@YAJXZ,DDRestoreSurfaces,,
0x601a20,?GetDesktopInfo@@YA_NXZ,GetDesktopInfo,,
0x601a80,?GetDesktopWidth@@YAHXZ,GetDesktopWidth,,
0x601a90,GetDesktopH,,,
0x601aa0,?InitGraphics@@YAXXZ,InitGraphics,,
0x601ab0,?DDInitGraphics@@YAXH_N@Z,DDInitGraphics,,
0x601de0,?AppPaint@@YAHPAX0@Z,AppPaint,"int (__fastcall ?AppPaint@@YAHPAX0@Z)(void* hwnd, void* hdc)",
0x601e50,j_DDCleanUpWinGraphics,,,
0x601e60,DDCleanUpWinGraphics,,,
0x601f60,?SetFullScreenStatus@@YA_NH@Z,SetFullScreenStatus,bool (__thiscall ?SetFullScreenStatus@@YA_NH@Z)(int status),
0x601fc0,DDSetFullScreenStatus,,int (__fastcall DDSetFullScreenStatus)(int iNewStatus),
0x6022e0,sub_6022E0,,,
0x602300,sub_602300,,,
0x602360,sub_602360,,,
0x6023c0,sub_6023C0,,,
0x602430,sub_602430,,,
0x602490,sub_602490,,,
0x6024f0,sub_6024F0,,,
0x602550,sub_602550,,,
0x6025b0,sub_6025B0,,,
0x602610,sub_602610,,,
0x602670,sub_602670,,,
0x6026d0,init_6026D0,,,
0x602700,init_602700,,,
0x602730,??0heroWindowManager@@QAA@XZ,heroWindowManager_ctor,heroWindowManager* (__thiscall ??0heroWindowManager@@QAA@XZ)(heroWindowManager* this),
0x602770,?Open@heroWindowManager@@UAAHH@Z,heroWindowManager_Open,"int (__thiscall ?Open@heroWindowManager@@UAAHH@Z)(heroWindowManager* this, int newPriority)",
0x602890,?Close@heroWindowManager@@UAAXXZ,heroWindowManager_Close,void (__thiscall ?Close@heroWindowManager@@UAAXXZ)(heroWindowManager* this),
0x6028e0,?Main@heroWindowManager@@UAAHAAUmessage@@@Z,heroWindowManager_Main,"int (__thiscall ?Main@heroWindowManager@@UAAHAAUmessage@@@Z)(heroWindowManager* this, message* msg)",
0x602920,?ConvertToHover@heroWindowManager@@QAAHAAUmessage@@@Z,heroWindowManager_ConvertToHover,"int (__thiscall ?ConvertToHover@heroWindowManager@@QAAHAAUmessage@@@Z)(heroWindowManager* this, message*)",
0x602930,?BroadcastMessage@heroWindowManager@@QAAHHHHH@Z,heroWindowManager_BroadcastMessage,"int (__thiscall ?BroadcastMessage@heroWindowManager@@QAAHHHHH@Z)(heroWindowManager* this, int command, int subType, int itemId, int msgExtra)",0x202370
0x602970,?AddWindow@heroWindowManager@@QAAXPAVheroWindow@@H_N@Z,heroWindowManager_AddWindow,"void (__thiscall ?AddWindow@heroWindowManager@@QAAXPAVheroWindow@@H_N@Z)(heroWindowManager* this, heroWindow* newWindow, int newPriority, int update)",
0x602a60,?RemoveWindow@heroWindowManager@@QAAXPAVheroWindow@@@Z,heroWindowManager_RemoveWindow,"void (__thiscall ?RemoveWindow@heroWindowManager@@QAAXPAVheroWindow@@@Z)(heroWindowManager* this, heroWindow* window)",
0x602ae0,?DoDialog@heroWindowManager@@QAAHPAVheroWindow@@P6AHAAUmessage@@@ZH@Z,heroWindowManager_DoDialog,"int (__thiscall ?DoDialog@heroWindowManager@@QAAHPAVheroWindow@@P6AHAAUmessage@@@ZH@Z)(heroWindowManager* this, heroWindow* dialogWindow, int (__thiscall *)(message* this) dialogFunction, int)",0x202520
0x602d60,?DoDialogDraw@heroWindowManager@@QAAHPAVheroWindow@@P6AHAAUmessage@@@Z2H@Z,heroWindowManager_DoDialogDraw,"int (__thiscall ?DoDialogDraw@heroWindowManager@@QAAHPAVheroWindow@@P6AHAAUmessage@@@Z2H@Z)(heroWindowManager* this, heroWindow* dialogWindow, int (__thiscall *)(message* this) dialogFunction, int (__thiscall *)(message* this), int dialogDrawFunction)",
0x603000,?DoQuickView@heroWindowManager@@QAAXPAVheroWindow@@@Z,heroWindowManager_DoQuickView,"void (__thiscall ?DoQuickView@heroWindowManager@@QAAXPAVheroWindow@@@Z)(heroWindowManager* this, heroWindow* newWindow)",0x202a40
0x603190,?UpdateScreen@heroWindowManager@@QAAXHHHH@Z,heroWindowManager_UpdateScreen,"void (__thiscall ?UpdateScreen@heroWindowManager@@QAAXHHHH@Z)(heroWindowManager* this, int x, int y, int h, int w)",0x202bd0
0x603210,?FadeScreen@heroWindowManager@@QAAXHH_N@Z,heroWindowManager_FadeScreen,"void (__thiscall ?FadeScreen@heroWindowManager@@QAAXHH_N@Z)(heroWindowManager* this, int inOut, int speed, bool expect_fadein)",0x202c50
0x603280,?SaveFizzleSource@heroWindowManager@@QAEXHHHH@Z,heroWindowManager_SaveFizzleSource,"void (__thiscall ?SaveFizzleSource@heroWindowManager@@QAEXHHHH@Z)(heroWindowManager* this, int startX, int startY, int width, int height)",
0x603380,?FizzleForward@heroWindowManager@@QAEXHHHHHPAC0@Z,heroWindowManager_FizzleForward,"void (__thiscall ?FizzleForward@heroWindowManager@@QAEXHHHHHPAC0@Z)(heroWindowManager* this, int startX, int startY, int width, int height, int iFadeTime)",
0x603680,?ReleaseFizzleSource@heroWindowManager@@QAAXXZ,heroWindowManager_ReleaseFizzleSource,int (__thiscall ?ReleaseFizzleSource@heroWindowManager@@QAAXXZ)(heroWindowManager* this),
0x6036a0,?FadeToBlack@heroWindowManager@@QAAXH_N@Z,heroWindowManager_FadeToBlack,"void (__thiscall ?FadeToBlack@heroWindowManager@@QAAXH_N@Z)(heroWindowManager* this, int speed, bool expect_fadein)",
0x6038a0,?FadeFromBlack@heroWindowManager@@QAAXH@Z,heroWindowManager_FadeFromBlack,"void (__thiscall ?FadeFromBlack@heroWindowManager@@QAAXH@Z)(heroWindowManager* this, int speed)",
0x603a90,init_bitset_603A90,,,
0x603ab0,GetFileVersionInfoA,,"BOOL (__stdcall GetFileVersionInfoA)(LPCSTR lptstrFilename, DWORD dwHandle, DWORD dwLen, LPVOID lpData)",
0x603ab6,GetFileVersionInfoSizeA,,"DWORD (__stdcall GetFileVersionInfoSizeA)(LPCSTR lptstrFilename, LPDWORD lpdwHandle)",
0x603abc,VerQueryValueA,,"BOOL (__stdcall VerQueryValueA)(LPCVOID pBlock, LPCSTR lpSubBlock, LPVOID* lplpBuffer, PUINT puLen)",
0x603ac2,DirectDrawCreate,,"HRESULT (__stdcall DirectDrawCreate)(GUID* lpGUID, IDirectDraw4* lplpDD, IUnknown* pUnkOuter)",
0x603ac8,closesocket,,int (__stdcall closesocket)(SOCKET s),
0x603ace,inet_ntoa,,int8* (__stdcall inet_ntoa)(in_addr in),
0x603ad4,gethostbyname,,hostent* (__stdcall gethostbyname)(int8* name),
0x603ada,gethostname,,"int (__stdcall gethostname)(int8* name, int namelen)",
0x603ae0,ioctlsocket,,"int (__stdcall ioctlsocket)(SOCKET s, int32 cmd, u_long* argp)",
0x603ae6,bind,,"int (__stdcall bind)(SOCKET s, sockaddr* name, int namelen)",
0x603aec,htonl,,u_long (__stdcall htonl)(u_long hostlong),
0x603af2,htons,,u_short (__stdcall htons)(u_short hostshort),
0x603af8,socket,,"SOCKET (__stdcall socket)(int af, int type, int protocol)",
0x603afe,WSAStartup,,"int (__stdcall WSAStartup)(WORD wVersionRequested, LPWSADATA lpWSAData)",
0x603b04,?reset@CImmMouse@@MAEXXZ,CImmMouse_reset,void (__thiscall ?reset@CImmMouse@@MAEXXZ)(CImmMouse* this),
0x603b0a,?prepare_device@CImmMouse@@MAEHXZ,CImmMouse_prepare_device,int (__thiscall ?prepare_device@CImmMouse@@MAEHXZ)(CImmMouse* this),
0x603b10,?SwitchToAbsoluteMode@CImmMouse@@UAEHH@Z,CImmMouse_SwitchToAbsoluteMode,"int (__thiscall ?SwitchToAbsoluteMode@CImmMouse@@UAEHH@Z)(CImmMouse* this, int)",
0x603b16,?ChangeScreenResolution@CImmMouse@@UAEHHKK@Z,CImmMouse_ChangeScreenResolution,"int (__thiscall ?ChangeScreenResolution@CImmMouse@@UAEHHKK@Z)(CImmMouse* this, int, unsigned int, unsigned int)",
0x603b1c,?GetDevice@CImmMouse@@UAEPAUIFeelitDevice@@XZ,CImmMouse_GetDevice,IFeelitDevice* (__thiscall ?GetDevice@CImmMouse@@UAEPAUIFeelitDevice@@XZ)(CImmMouse* this),
0x603b22,?GetAPI@CImmMouse@@UAEPAUIFeelit@@XZ,CImmMouse_GetAPI,IFeelit* (__thiscall ?GetAPI@CImmMouse@@UAEPAUIFeelit@@XZ)(CImmMouse* this),
0x603b28,?Start@CImmEnclosure@@UAEHK@Z,CImmEnclosure_Start,"int (__thiscall ?Start@CImmEnclosure@@UAEHK@Z)(CImmEnclosure* this, unsigned int)",
0x603b2e,?Stop@CImmEnclosure@@UAEHXZ,CImmEnclosure_Stop,int (__thiscall ?Stop@CImmEnclosure@@UAEHXZ)(CImmEnclosure* this),
0x603b34,?Start@CImmEffect@@UAEHKKH@Z,CImmEffect_Start,"int (__thiscall ?Start@CImmEffect@@UAEHKKH@Z)(CImmEffect* this, unsigned int, unsigned int, int)",
0x603b3a,?InitializeFromProject@CImmEffect@@UAEHAAVCImmProject@@PBDPAVCImmDevice@@K@Z,CImmEffect_InitializeFromProject,"int (__thiscall ?InitializeFromProject@CImmEffect@@UAEHAAVCImmProject@@PBDPAVCImmDevice@@K@Z)(CImmEffect* this, CImmProject*, int8*, CImmDevice*, unsigned int)",
0x603b40,?Initialize@CImmEnclosure@@UAEHPAVCImmDevice@@ABUFEELIT_EFFECT@@K@Z,CImmEnclosure_Initialize,"int (__thiscall ?Initialize@CImmEnclosure@@UAEHPAVCImmDevice@@ABUFEELIT_EFFECT@@K@Z)(CImmEnclosure* this, CImmDevice*, FEELIT_EFFECT*, unsigned int)",
0x603b46,?GetIsCompatibleGUID@CImmEnclosure@@UAEHAAU_GUID@@@Z,CImmEnclosure_GetIsCompatibleGUID,"int (__thiscall ?GetIsCompatibleGUID@CImmEnclosure@@UAEHAAU_GUID@@@Z)(CImmEnclosure* this, _GUID*)",
0x603b50,allocimag,,"int (__cdecl allocimag)(imgdes* image, int iwidth, int ilength, int bppixel)",
0x603b80,sub_603B80,,"int (__cdecl sub_603B80)(void*, int, int, HDC hDC, int)",
0x603d60,freeimage,,bool (__cdecl freeimage)(imgdes* desimg),
0x603dd0,sub_603DD0,,int (__stdcall sub_603DD0)(HGDIOBJ* hWnd),
0x603e70,checkrange_,,int (__stdcall checkrange_)(imgdes* image),
0x603f60,checkrange1_,,int (__stdcall checkrange1_)(imgdes* image),
0x603f80,sub_603F80,,,
0x604080,imgmaxsize,,"void (__stdcall imgmaxsize)(imgdes* srcimg, imgdes* desimg, unsigned int* height, unsigned int* width)",
0x6040d0,nullsub_18,,,
0x6040e0,flipimage,,"int (__stdcall flipimage)(imgdes* srcimg, imgdes* desimg)",
0x6043c0,loadpcx,,"int (__cdecl loadpcx)(int8* fname, imgdes* desimg)",
0x604860,_pcxinfo,,"int (__stdcall _pcxinfo)(int8* fname, PcxData* pdata)",
0x604990,sub_604990,,"int (__stdcall sub_604990)(LPCSTR lpFileName, void*)",
0x604ad0,sub_604AD0,,,
0x604b30,sub_604B30,,,
0x604ba0,sub_604BA0,,,
0x604be0,sub_604BE0,,,
0x604c00,sub_604C00,,,
0x604c20,sub_604C20,,,
0x604c40,sub_604C40,,,
0x604c60,sub_604C60,,,
0x604c80,sub_604C80,,,
0x604ca0,sub_604CA0,,,
0x604cc0,sub_604CC0,,,
0x604ce0,Store1bppBits_,,"void (__stdcall Store1bppBits_)(uchar* arg1, uchar* arg2, uint width, imgdes* image)",
0x604d70,Align1bppBits_,,"void (__stdcall Align1bppBits_)(uchar* arg1, uchar* arg2, uint width, imgdes* image)",
0x604df0,_deflateInit_@16,,,
0x604e10,_deflateInit2_@32,,,
0x605010,_deflateEnd@4,,int (__thiscall _deflateEnd@4)(void* this),
0x605080,deflate,,,
0x605330,sub_605330,,,
0x605360,sub_605360,,void* (__thiscall sub_605360)(void* this),
0x6053d0,_deflateReset@4,,int8 (__thiscall _deflateReset@4)(int this),
0x605460,sub_605460,,int (__thiscall sub_605460)(int this),
0x605500,sub_605500,,,
0x605650,sub_605650,,int (__thiscall sub_605650)(int* this),
0x605770,sub_605770,,,
0x605b10,sub_605B10,,,
0x6060b0,_crc32@12,,,
0x6061f0,_inflateReset@4,,int (__thiscall _inflateReset@4)(void* this),
0x606230,_inflateEnd@4,,int (__thiscall _inflateEnd@4)(void* this),
0x606270,_inflateInit2_@16,,,
0x606390,_inflateInit_@12,,,
0x6063b0,_inflate@8,,,
0x6067e0,_gzopen@8,,,
0x6067f0,gz_open,,"void* (__fastcall gz_open)(int8*, int8*, int FileHandle)",
0x606a50,sub_606A50,,int8 (__thiscall sub_606A50)(int* this),
0x606b90,sub_606B90,,int (__thiscall sub_606B90)(void* this),
0x606c00,destroy,,int (__thiscall destroy)(void* Memory),
0x606cb0,_gzread@12,,,
0x606ef0,gzwrite,,,
0x606f80,do_flush,,,
0x607040,sub_607040,,int (__thiscall sub_607040)(void* this),
0x607080,_gzclose@4,,int (__thiscall _gzclose@4)(void* file),
0x6070d0,putLong,,"int (__fastcall putLong)(FILE* File, unsigned int)",
0x607100,_compress2@20,,"int (__fastcall _compress2@20)(uchar* dest, ulong* destLen, byte* source, ulong sourceLen, int level)",0x206b40
0x6071a0,_uncompress@16,,"int (__fastcall _uncompress@16)(uchar* dest, ulong* destLen, void* source, ulong sourceLen)",0x206be0
0x607250,?zcfree@@YAXPAX0@Z,zcfree,,
0x607260,_adler32@12,,,
0x607390,sub_607390,,unknown* (__thiscall sub_607390)(int this),
0x607400,nullsub_10,,,
0x607410,sub_607410,,unknown* (__thiscall sub_607410)(int this),
0x607480,sub_607480,,,
0x607530,sub_607530,,int (__thiscall sub_607530)(int this),
0x607780,sub_607780,,,
0x607970,sub_607970,,,
0x607ba0,sub_607BA0,,,
0x607c80,sub_607C80,,,
0x607ea0,sub_607EA0,,,
0x607f10,sub_607F10,,int (__thiscall sub_607F10)(int this),
0x607f80,sub_607F80,,,
0x608060,sub_608060,,,
0x6082d0,sub_6082D0,,,
0x608850,sub_608850,,,
0x608c90,sub_608C90,,BOOL (__thiscall sub_608C90)(unsigned int16* this),
0x608d00,sub_608D00,,,
0x608d20,sub_608D20,,int (__thiscall sub_608D20)(int this),
0x608db0,sub_608DB0,,int (__thiscall sub_608DB0)(int this),
0x608e30,sub_608E30,,,
0x608ed0,sub_608ED0,,,
0x608f40,?inflate_blocks_new@@YAPAUinflate_blocks_state@@PAUz_stream_s@@P6IKKPBEI@ZI@Z,inflate_blocks_new,,
0x608fe0,?inflate_blocks@@YAHPAUinflate_blocks_state@@PAUz_stream_s@@H@Z,inflate_blocks,,
0x609ca0,sub_609CA0,,,
0x609cd0,sub_609CD0,,,
0x609d10,sub_609D10,,,
0x60a4c0,sub_60A4C0,,,
0x60a4d0,sub_60A4D0,,,
0x60a580,sub_60A580,,,
0x60aa50,sub_60AA50,,,
0x60abb0,sub_60ABB0,,,
0x60abe0,sub_60ABE0,,,
0x60ad30,sub_60AD30,,,
0x60b0f0,??3@YAXPAX@Z,Z_YAXPAX_op_3,void (__cdecl ??3@YAXPAX@Z)(void* ptr),
0x60b0fb,?_Xlen@std@@YAXXZ,std_Xlen,,
0x60b155,unknown_libname_36,,void (__thiscall unknown_libname_36)(std::exception* this),
0x60b192,?_Doraise@length_error@std@@MBEXXZ,std_length_error_Doraise,,
0x60b1af,sub_60B1AF,,"std::exception* (__thiscall sub_60B1AF)(std::exception* Memory, int8)",
0x60b1cb,??0length_error@std@@QAE@ABV01@@Z,std_length_error_ctor,"std::length_error* (__thiscall ??0length_error@std@@QAE@ABV01@@Z)(std::length_error* this, std::exception*)",
0x60b1e3,?_Xlen@?$basic_string@DU?$char_traits@D@std@@V?$allocator@D@2@@std@@QBEXXZ,std_D_DU_char_traits_basic_string_Xlen,,
0x60b267,unknown_libname_351,,,
0x60b273,unknown_libname_352,,,
0x60b27f,nullsub_11,,,
0x60b280,?clear@ios_base@std@@QAEXH_N@Z,std_ios_base_clear,"void (__thiscall ?clear@ios_base@std@@QAEXH_N@Z)(std::ios_base* this, int8, int)",
0x60b31c,unknown_libname_37,,void (__thiscall unknown_libname_37)(std::exception* this),
0x60b359,sub_60B359,,,
0x60b376,sub_60B376,,"std::exception* (__thiscall sub_60B376)(std::exception* Memory, int8)",
0x60b392,sub_60B392,,"std::exception* (__thiscall sub_60B392)(std::exception* this, std::exception*)",
0x60b3aa,??1ios_base@std@@UAE@XZ,std_ios_base_dtor,void (__thiscall ??1ios_base@std@@UAE@XZ)(std::ios_base* this),
0x60b3fa,?_Callfns@ios_base@std@@AAEXW4event@12@@Z,std_ios_base_Callfns,"int (__thiscall ?_Callfns@ios_base@std@@AAEXW4event@12@@Z)(void* this, int)",
0x60b41c,?_Addstd@ios_base@std@@IAEXXZ,std_ios_base_Addstd,void (__thiscall ?_Addstd@ios_base@std@@IAEXXZ)(std::ios_base* this),
0x60b46a,?_Init@ios_base@std@@IAEXXZ,std_ios_base_Init,void (__thiscall ?_Init@ios_base@std@@IAEXXZ)(std::ios_base* this),
0x60b4a2,?_Tidy@ios_base@std@@AAEXXZ,std_ios_base_Tidy,void (__thiscall ?_Tidy@ios_base@std@@AAEXXZ)(std::ios_base* this),
0x60b4e4,??1istrstream@std@@UAE@XZ,std_istrstream_dtor,void (__thiscall ??1istrstream@std@@UAE@XZ)(std::istrstream* this),
0x60b52a,??1ostrstream@std@@UAE@XZ,std_ostrstream_dtor,void (__thiscall ??1ostrstream@std@@UAE@XZ)(std::ostrstream* this),
0x60b570,??1strstreambuf@std@@UAE@XZ,std_strstreambuf_dtor,void (__thiscall ??1strstreambuf@std@@UAE@XZ)(std::locale::facet** this),
0x60b5ab,?freeze@strstreambuf@std@@QAEX_N@Z,std_strstreambuf_freeze,"void (__thiscall ?freeze@strstreambuf@std@@QAEX_N@Z)(std::strstreambuf* this, bool a2)",
0x60b5f3,?overflow@strstreambuf@std@@MAEHH@Z,std_strstreambuf_overflow,"int (__thiscall ?overflow@strstreambuf@std@@MAEHH@Z)(std::strstreambuf* this, int a2)",
0x60b75c,?pbackfail@strstreambuf@std@@MAEHH@Z,std_strstreambuf_pbackfail,"int (__thiscall ?pbackfail@strstreambuf@std@@MAEHH@Z)(std::strstreambuf* this, int)",
0x60b7a5,?underflow@strstreambuf@std@@MAEHXZ,std_strstreambuf_underflow,int (__thiscall ?underflow@strstreambuf@std@@MAEHXZ)(std::strstreambuf* this),
0x60b7f0,?seekoff@strstreambuf@std@@MAE?AV?$fpos@H@2@JW4seekdir@ios_base@2@H@Z,std_strstreambuf_seekoff,"void* (__thiscall ?seekoff@strstreambuf@std@@MAE?AV?$fpos@H@2@JW4seekdir@ios_base@2@H@Z)(int this, void*, unsigned int64, int8)",
0x60b92e,?seekpos@strstreambuf@std@@MAE?AV?$fpos@H@2@V32@H@Z,std_strstreambuf_seekpos,"void* (__thiscall ?seekpos@strstreambuf@std@@MAE?AV?$fpos@H@2@V32@H@Z)(int this, fpos_int_*, fpos_int_, int8)",
0x60b9fa,?_Init@strstreambuf@std@@IAEXHPAD0H@Z,std_strstreambuf_Init,"void (__thiscall ?_Init@strstreambuf@std@@IAEXHPAD0H@Z)(std::strstreambuf* this, int a2, int8* Str, int8* a4, int a5)",
0x60baaa,?_Tidy@strstreambuf@std@@IAEXXZ,std_strstreambuf_Tidy,void (__thiscall ?_Tidy@strstreambuf@std@@IAEXXZ)(std::strstreambuf* this),
0x60badc,?_Pninc@?$basic_streambuf@DU?$char_traits@D@std@@@std@@IAEPADXZ,std_D_DU_char_traits_basic_streambuf_Pninc,int8* (__thiscall ?_Pninc@?$basic_streambuf@DU?$char_traits@D@std@@@std@@IAEPADXZ)(std::streambuf* this),
0x60baec,??_D?$basic_ostream@DU?$char_traits@D@std@@@std@@QAEXXZ,std_D_DU_char_traits_op_D_basic_ostream,,
0x60bb01,??_D?$basic_istream@DU?$char_traits@D@std@@@std@@QAEXXZ,std_D_DU_char_traits_op_D_basic_istream,,
0x60bb16,init_bitset_60BB16,,,
0x60bb40,sub_60BB40,,,
0x60bb4c,sub_60BB4C,,,
0x60bb58,??0_Lockit@std@@QAE@XZ,std_Lockit_ctor,void* (__thiscall ??0_Lockit@std@@QAE@XZ)(void* this),0x20b598
0x60bbf4,??1_Lockit@std@@QAE@XZ,std_Lockit_dtor,void (__thiscall ??1_Lockit@std@@QAE@XZ)(std::_Lockit* this),0x20b634
0x60bc09,sub_60BC09,,,
0x60bc13,nullsub_14,,,
0x60bc14,unknown_libname_662,,,
0x60bc20,sub_60BC20,,,
0x60bc2a,?_Getfacet@locale@std@@QBEPBVfacet@12@I_N@Z,std_locale_Getfacet,"std::locale::facet* (__thiscall ?_Getfacet@locale@std@@QBEPBVfacet@12@I_N@Z)(std::locale* this, unsigned int, bool)",
0x60bc80,?_Iscloc@locale@std@@QBE_NXZ,std_locale_Iscloc,int8 (__thiscall ?_Iscloc@locale@std@@QBE_NXZ)(std::locale* this),
0x60bcbb,?_Init@locale@std@@CAPAV_Locimp@12@XZ,std_locale_Init,std::locale::facet* (__thiscall ?_Init@locale@std@@CAPAV_Locimp@12@XZ)(std::locale* this),
0x60bd85,?_Tidy@locale@std@@CAXXZ,std_locale_Tidy,void (__thiscall ?_Tidy@locale@std@@CAXXZ)(void* this),
0x60bdcf,??0_Locimp@locale@std@@AAE@_N@Z,std_locale_Locimp_ctor,"std::locale::_Locimp* (__thiscall ??0_Locimp@locale@std@@AAE@_N@Z)(std::locale::_Locimp* this, int)",
0x60be41,??_G_Locimp@locale@std@@UAEPAXI@Z,std_locale_op_G_Locimp,"std::locale::_Locimp* (__thiscall ??_G_Locimp@locale@std@@UAEPAXI@Z)(std::locale::_Locimp* this, int8)",
0x60be5d,??1_Locimp@locale@std@@UAE@XZ,std_locale_Locimp_dtor,void (__thiscall ??1_Locimp@locale@std@@UAE@XZ)(std::locale::_Locimp* this),
0x60bee5,unknown_libname_40,,,
0x60bf0f,unknown_libname_1826,,,
0x60bf1b,unknown_libname_664,,,
0x60bf27,sub_60BF27,,,
0x60bf2a,?_Getname@_Locinfo@std@@QBE?AV?$basic_string@DU?$char_traits@D@std@@V?$allocator@D@2@@2@XZ,std_Locinfo_Getname,"void* (__thiscall ?_Getname@_Locinfo@std@@QBE?AV?$basic_string@DU?$char_traits@D@std@@V?$allocator@D@2@@2@XZ)(void* this, void*)",
0x60bf60,?_Addfac@locale@std@@QAEAAV12@PAVfacet@12@II@Z,std_locale_Addfac,"std::locale::_Locimp** (__thiscall ?_Addfac@locale@std@@QAEAAV12@PAVfacet@12@II@Z)(std::locale::_Locimp** this, std::locale::facet*, unsigned int, unsigned int)",
0x60bfe3,?_Makeloc@_Locimp@locale@std@@CAPAV123@ABV_Locinfo@3@HPAV123@PBV23@@Z,std_locale_Locimp_Makeloc,"void** (__cdecl ?_Makeloc@_Locimp@locale@std@@CAPAV123@ABV_Locinfo@3@HPAV123@PBV23@@Z)(std::_Locinfo*, unsigned int, void** Memory, std::locale*)",
0x60c257,?_Init@?$ctype@D@std@@IAEXABV_Locinfo@2@@Z,std_D_ctype_Init,"void (__thiscall ?_Init@?$ctype@D@std@@IAEXABV_Locinfo@2@@Z)(void* this, int)",
0x60c2ac,??0_Locimp@locale@std@@AAE@ABV012@@Z,std_locale_Locimp_ctor,"std::locale::_Locimp* (__thiscall ??0_Locimp@locale@std@@AAE@ABV012@@Z)(std::locale::_Locimp* this, std::locale::_Locimp*)",
0x60c3cc,?_Addfac@_Locimp@locale@std@@AAEXPAVfacet@23@I@Z,std_locale_Locimp_Addfac,"void (__thiscall ?_Addfac@_Locimp@locale@std@@AAEXPAVfacet@23@I@Z)(void** this, std::locale::facet*, unsigned int)",
0x60c47f,??0_Locinfo@std@@QAE@PBD@Z,std_Locinfo_ctor,"std::_Locinfo* (__thiscall ??0_Locinfo@std@@QAE@PBD@Z)(std::_Locinfo* this, int8*)",
0x60c538,??1_Locinfo@std@@QAE@XZ,std_Locinfo_dtor,void (__thiscall ??1_Locinfo@std@@QAE@XZ)(std::_Locinfo* this),
0x60c5ad,?_Init@?$numpunct@D@std@@IAEXABV_Locinfo@2@@Z,std_D_numpunct_Init,"void* (__thiscall ?_Init@?$numpunct@D@std@@IAEXABV_Locinfo@2@@Z)(int this, int)",
0x60c5f6,sub_60C5F6,,"std::locale::facet* (__cdecl sub_60C5F6)(std::locale*, int, int8* Memory)",
0x60c6d2,sub_60C6D2,,"std::locale::facet* (__cdecl sub_60C6D2)(std::locale*, int, int8* Memory)",
0x60c7ae,sub_60C7AE,,"std::locale::facet* (__cdecl sub_60C7AE)(std::locale*, int, int8* Memory)",
0x60c872,?_Getloctxt@std@@YAHAAV?$istreambuf_iterator@DU?$char_traits@D@std@@@1@0IPBD@Z,std_Getloctxt,,
0x60ca2b,?isdigit@std@@YA_NDABVlocale@1@@Z,std_isdigit,,
0x60ca4c,unknown_libname_41,,,
0x60ca76,unknown_libname_1827,,,
0x60ca82,unknown_libname_666,,,
0x60ca8e,?__Fiopen@std@@YAPAU_iobuf@@PBDH@Z,std_Fiopen,,0x20c4ce
0x60cb07,unknown_libname_42,,,
0x60cb31,unknown_libname_1828,,,
0x60cb3d,unknown_libname_668,,,
0x60cb49,__Wcrtomb,,"int (__cdecl __Wcrtomb)(LPSTR lpMultiByteStr, WCHAR WideCharStr, int, LCID* UsedDefaultChar)",
0x60cba8,___Wcrtomb_lk,,"int (__cdecl ___Wcrtomb_lk)(LPSTR lpMultiByteStr, WCHAR WideCharStr, int, LCID* UsedDefaultChar)",
0x60cc1b,sub_60CC1B,,,
0x60cc6f,_wctob,,int (__cdecl _wctob)(int MultiByteStr),
0x60cc9d,__Tolower,,"int (__cdecl __Tolower)(int C, LCID* DestStr)",
0x60cd1c,__Tolower_0,,"int (__cdecl __Tolower_0)(int C, LCID* DestStr)",
0x60ce04,__Getctype,,,
0x60ceac,__Toupper,,"int (__cdecl __Toupper)(int C, LCID* DestStr)",
0x60cf2b,__Toupper_0,,"int (__cdecl __Toupper_0)(int C, LCID* DestStr)",
0x60d00c,sub_60D00C,,,
0x60d016,sub_60D016,,,
0x60d023,unknown_libname_669,,,
0x60d02f,sub_60D02F,,,
0x60d039,sub_60D039,,,
0x60d043,sub_60D043,,,
0x60d050,unknown_libname_670,,,
0x60d05c,sub_60D05C,,,
0x60d066,sub_60D066,,,
0x60d070,sub_60D070,,,
0x60d07f,unknown_libname_671,,,
0x60d08b,sub_60D08B,,,
0x60d095,sub_60D095,,,
0x60d09f,sub_60D09F,,,
0x60d0ae,unknown_libname_672,,,
0x60d0ba,sub_60D0BA,,,
0x60d0c4,sub_60D0C4,,,
0x60d0ce,sub_60D0CE,,,
0x60d0db,unknown_libname_673,,,
0x60d0e7,sub_60D0E7,,,
0x60d0f1,sub_60D0F1,,,
0x60d0fb,sub_60D0FB,,,
0x60d10a,unknown_libname_674,,,
0x60d116,sub_60D116,,,
0x60d120,sub_60D120,,,
0x60d12a,sub_60D12A,,,
0x60d139,unknown_libname_675,,,
0x60d145,sub_60D145,,,
0x60d14f,??0Init@ios_base@std@@QAE@XZ,std_ios_base_Init_ctor,std::ios_base::Init* (__thiscall ??0Init@ios_base@std@@QAE@XZ)(std::ios_base::Init* this),
0x60d2ce,sub_60D2CE,,,
0x60d311,sub_60D311,,"void* (__thiscall sub_60D311)(void* this, int, int)",
0x60d370,sub_60D370,,"void* (__thiscall sub_60D370)(void* this, int, int)",
0x60d3cf,??0?$basic_filebuf@DU?$char_traits@D@std@@@std@@QAE@PAU_iobuf@@@Z,std_D_DU_char_traits_basic_filebuf_ctor,"void (__thiscall ??0?$basic_filebuf@DU?$char_traits@D@std@@@std@@QAE@PAU_iobuf@@@Z)(std::filebuf* this, FILE* src)",
0x60d42f,??0?$basic_filebuf@DU?$char_traits@D@std@@@std@@QAE@W4_Uninitialized@1@@Z,std_D_DU_char_traits_basic_filebuf_ctor,"std::filebuf* (__thiscall ??0?$basic_filebuf@DU?$char_traits@D@std@@@std@@QAE@W4_Uninitialized@1@@Z)(std::filebuf* this, int)",
0x60d43a,?_Ungetc@std@@YA_NABDPAU_iobuf@@I@Z,std_Ungetc,"int8 (__cdecl ?_Ungetc@std@@YA_NABDPAU_iobuf@@I@Z)(int, FILE* File, int)",
0x60d487,unknown_libname_43,,,
0x60d4b1,unknown_libname_1829,,,
0x60d4bd,unknown_libname_677,,,
0x60d4c9,sub_60D4C9,,,
0x60d4d3,sub_60D4D3,,,
0x60d4dd,unknown_libname_678,,,
0x60d4e9,sub_60D4E9,,,
0x60d4f3,sub_60D4F3,,,
0x60d4fd,sub_60D4FD,,,
0x60d507,unknown_libname_679,,,
0x60d513,sub_60D513,,,
0x60d51d,sub_60D51D,,,
0x60d527,sub_60D527,,,
0x60d534,unknown_libname_680,,,
0x60d540,sub_60D540,,,
0x60d54a,sub_60D54A,,,
0x60d554,sub_60D554,,,
0x60d561,unknown_libname_681,,,
0x60d56d,sub_60D56D,,,
0x60d577,sub_60D577,,,
0x60d581,sub_60D581,,,
0x60d58e,unknown_libname_682,,,
0x60d59a,sub_60D59A,,,
0x60d5a4,sub_60D5A4,,,
0x60d5ae,sub_60D5AE,,,
0x60d5bd,unknown_libname_683,,,
0x60d5c9,sub_60D5C9,,,
0x60d5d3,sub_60D5D3,,void (__thiscall sub_60D5D3)(int* this),
0x60d5e8,sub_60D5E8,,,
0x60d5f2,sub_60D5F2,,,
0x60d601,unknown_libname_684,,,
0x60d60d,sub_60D60D,,,
0x60d617,sub_60D617,,void (__thiscall sub_60D617)(int* this),
0x60d62c,sub_60D62C,,,
0x60d636,sub_60D636,,,
0x60d645,unknown_libname_685,,,
0x60d651,sub_60D651,,,
0x60d65b,sub_60D65B,,,
0x60d665,sub_60D665,,,
0x60d674,unknown_libname_686,,,
0x60d680,sub_60D680,,,
0x60d68a,??0_Winit@std@@QAE@XZ,std_Winit_ctor,std::_Winit* (__thiscall ??0_Winit@std@@QAE@XZ)(std::_Winit* this),
0x60d80b,sub_60D80B,,,
0x60d84e,sub_60D84E,,"void* (__thiscall sub_60D84E)(void* this, int, int8, int8, int)",
0x60d8b8,sub_60D8B8,,"void* (__thiscall sub_60D8B8)(void* this, int, int)",
0x60d917,unknown_libname_44,,int8* (__thiscall unknown_libname_44)(int8* this),
0x60d961,sub_60D961,,void (__thiscall sub_60D961)(std::ios_base* this),
0x60d96c,sub_60D96C,,"void* (__thiscall sub_60D96C)(void* this, int, int8, int)",
0x60d9d4,sub_60D9D4,,"void* (__thiscall sub_60D9D4)(void* this, int, int)",
0x60da33,??0?$basic_filebuf@GU?$char_traits@G@std@@@std@@QAE@PAU_iobuf@@@Z,std_G_GU_char_traits_basic_filebuf_ctor,"std::locale::facet** (__thiscall ??0?$basic_filebuf@GU?$char_traits@G@std@@@std@@QAE@PAU_iobuf@@@Z)(std::locale::facet** this, int)",
0x60da93,??1?$basic_streambuf@GU?$char_traits@G@std@@@std@@UAE@XZ,std_G_GU_char_traits_basic_streambuf_dtor,void (__thiscall ??1?$basic_streambuf@GU?$char_traits@G@std@@@std@@UAE@XZ)(std::locale::facet** this),
0x60daa1,sub_60DAA1,,,
0x60daa8,?underflow@?$basic_streambuf@GU?$char_traits@G@std@@@std@@MAEGXZ,std_G_GU_char_traits_basic_streambuf_underflow,,
0x60daad,?uflow@?$basic_streambuf@GU?$char_traits@G@std@@@std@@MAEGXZ,std_G_GU_char_traits_basic_streambuf_uflow,int16 (__thiscall ?uflow@?$basic_streambuf@GU?$char_traits@G@std@@@std@@MAEGXZ)(int** this),
0x60dace,?xsgetn@?$basic_streambuf@GU?$char_traits@G@std@@@std@@MAEHPAGH@Z,std_G_GU_char_traits_basic_streambuf_xsgetn,"int (__thiscall ?xsgetn@?$basic_streambuf@GU?$char_traits@G@std@@@std@@MAEHPAGH@Z)(void** this, unknown*, int)",
0x60db55,?xsputn@?$basic_streambuf@GU?$char_traits@G@std@@@std@@MAEHPBGH@Z,std_G_GU_char_traits_basic_streambuf_xsputn,"int (__thiscall ?xsputn@?$basic_streambuf@GU?$char_traits@G@std@@@std@@MAEHPBGH@Z)(void* this, unknown*, int)",
0x60dbdd,unknown_libname_45,,,
0x60dc01,unknown_libname_46,,,
0x60dc25,sub_60DC25,,"void* (__thiscall sub_60DC25)(void* this, int, int)",
0x60dc2a,sub_60DC2A,,,
0x60dc2d,nullsub_17,,,
0x60dc30,??0?$basic_filebuf@GU?$char_traits@G@std@@@std@@QAE@W4_Uninitialized@1@@Z,std_G_GU_char_traits_basic_filebuf_ctor,"void* (__thiscall ??0?$basic_filebuf@GU?$char_traits@G@std@@@std@@QAE@W4_Uninitialized@1@@Z)(void* this, int)",
0x60dc3b,??1?$basic_filebuf@GU?$char_traits@G@std@@@std@@UAE@XZ,std_G_GU_char_traits_basic_filebuf_dtor,void (__thiscall ??1?$basic_filebuf@GU?$char_traits@G@std@@@std@@UAE@XZ)(int8* this),
0x60dca0,?overflow@?$basic_filebuf@GU?$char_traits@G@std@@@std@@MAEGG@Z,std_G_GU_char_traits_basic_filebuf_overflow,"int16 (__thiscall ?overflow@?$basic_filebuf@GU?$char_traits@G@std@@@std@@MAEGG@Z)(std::filebuf* this, int a2)",
0x60dde8,?pbackfail@?$basic_filebuf@GU?$char_traits@G@std@@@std@@MAEGG@Z,std_G_GU_char_traits_basic_filebuf_pbackfail,"int16 (__thiscall ?pbackfail@?$basic_filebuf@GU?$char_traits@G@std@@@std@@MAEGG@Z)(int this, int)",
0x60de9f,?underflow@?$basic_filebuf@GU?$char_traits@G@std@@@std@@MAEGXZ,std_G_GU_char_traits_basic_filebuf_underflow,int16 (__thiscall ?underflow@?$basic_filebuf@GU?$char_traits@G@std@@@std@@MAEGXZ)(std::filebuf* this),
0x60decd,?uflow@?$basic_filebuf@GU?$char_traits@G@std@@@std@@MAEGXZ,std_G_GU_char_traits_basic_filebuf_uflow,wint_t (__thiscall ?uflow@?$basic_filebuf@GU?$char_traits@G@std@@@std@@MAEGXZ)(std::filebuf* this),
0x60dfeb,unknown_libname_47,,"void* (__thiscall unknown_libname_47)(int this, fpos_int_*, int32 Offset, int Origin, int)",
0x60e05a,sub_60E05A,,"void* (__thiscall sub_60E05A)(int this, int32*, int32, int, fpos_t, int, int, int)",
0x60e109,?setbuf@?$basic_filebuf@GU?$char_traits@G@std@@@std@@MAEPAV?$basic_streambuf@GU?$char_traits@G@std@@@2@PAGH@Z,std_G_GU_char_traits_basic_filebuf_setbuf,"void* (__thiscall ?setbuf@?$basic_filebuf@GU?$char_traits@G@std@@@std@@MAEPAV?$basic_streambuf@GU?$char_traits@G@std@@@2@PAGH@Z)(void* this, int8* Buf, int)",
0x60e137,unknown_libname_48,,int (__thiscall unknown_libname_48)(FILE** this),
0x60e150,sub_60E150,,"int8* (__thiscall sub_60E150)(int* this, int8)",
0x60e16f,sub_60E16F,,"std::ios_base* (__thiscall sub_60E16F)(std::ios_base* Memory, int8)",
0x60e18b,sub_60E18B,,"int8* (__thiscall sub_60E18B)(int* this, int8)",
0x60e1aa,sub_60E1AA,,"std::locale::facet** (__thiscall sub_60E1AA)(std::locale::facet** Memory, int8)",
0x60e1c6,sub_60E1C6,,"int8* (__thiscall sub_60E1C6)(int8* Memory, int8)",
0x60e1e2,?init@?$basic_ios@GU?$char_traits@G@std@@@std@@IAEXPAV?$basic_streambuf@GU?$char_traits@G@std@@@2@_N@Z,std_G_GU_char_traits_basic_ios_init,"void (__thiscall ?init@?$basic_ios@GU?$char_traits@G@std@@@std@@IAEXPAV?$basic_streambuf@GU?$char_traits@G@std@@@2@_N@Z)(std::ios_base* this, int, int8)",
0x60e22c,?gbump@?$basic_streambuf@GU?$char_traits@G@std@@@std@@IAEXH@Z,std_G_GU_char_traits_basic_streambuf_gbump,"int8** (__thiscall ?gbump@?$basic_streambuf@GU?$char_traits@G@std@@@std@@IAEXH@Z)(std::streambuf* this, int)",
0x60e240,?_Gndec@?$basic_streambuf@GU?$char_traits@G@std@@@std@@IAEPAGXZ,std_G_GU_char_traits_basic_streambuf_Gndec,int (__thiscall ?_Gndec@?$basic_streambuf@GU?$char_traits@G@std@@@std@@IAEPAGXZ)(void** this),
0x60e251,?_Gninc@?$basic_streambuf@GU?$char_traits@G@std@@@std@@IAEPAGXZ,std_G_GU_char_traits_basic_streambuf_Gninc,int (__thiscall ?_Gninc@?$basic_streambuf@GU?$char_traits@G@std@@@std@@IAEPAGXZ)(int** this),
0x60e261,?pbump@?$basic_streambuf@GU?$char_traits@G@std@@@std@@IAEXH@Z,std_G_GU_char_traits_basic_streambuf_pbump,"void* (__thiscall ?pbump@?$basic_streambuf@GU?$char_traits@G@std@@@std@@IAEXH@Z)(int this, int)",
0x60e275,?_Pninc@?$basic_streambuf@GU?$char_traits@G@std@@@std@@IAEPAGXZ,std_G_GU_char_traits_basic_streambuf_Pninc,int (__thiscall ?_Pninc@?$basic_streambuf@GU?$char_traits@G@std@@@std@@IAEPAGXZ)(int** this),
0x60e285,?close@?$basic_filebuf@GU?$char_traits@G@std@@@std@@QAEPAV12@XZ,std_G_GU_char_traits_basic_filebuf_close,FILE** (__thiscall ?close@?$basic_filebuf@GU?$char_traits@G@std@@@std@@QAEPAV12@XZ)(FILE** this),
0x60e2ac,?_Init@?$basic_filebuf@GU?$char_traits@G@std@@@std@@IAEXPAU_iobuf@@W4_Initfl@12@@Z,std_G_GU_char_traits_basic_filebuf_Init,"int (__thiscall ?_Init@?$basic_filebuf@GU?$char_traits@G@std@@@std@@IAEXPAU_iobuf@@W4_Initfl@12@@Z)(int this, int, int)",
0x60e302,unknown_libname_51,,void* (__thiscall unknown_libname_51)(void* this),
0x60e344,unknown_libname_52,,,
0x60e36e,unknown_libname_1830,,,
0x60e37a,unknown_libname_688,,,
0x60e386,__Stod,,"unknown float (__cdecl __Stod)(int8* Str, int8** EndPtr, int)",
0x60e3c2,__Stof,,"void (__cdecl __Stof)(int8* Str, int8** EndPtr, int)",
0x60e3d7,?_Nomemory@std@@YAXXZ,std_Nomemory,,
0x60e422,??0bad_alloc@std@@QAE@PBD@Z,std_bad_alloc_ctor,"std::exception* (__thiscall ??0bad_alloc@std@@QAE@PBD@Z)(std::exception* this, int8*)",
0x60e43b,??1bad_alloc@std@@UAE@XZ,std_bad_alloc_dtor,,
0x60e446,?_Doraise@bad_alloc@std@@MBEXXZ,std_bad_alloc_Doraise,,
0x60e463,??_Gbad_alloc@std@@UAEPAXI@Z,std_op_Gbad_alloc,"std::bad_alloc* (__thiscall ??_Gbad_alloc@std@@UAEPAXI@Z)(std::bad_alloc* Memory, int8)",
0x60e47f,??0bad_alloc@std@@QAE@ABV01@@Z,std_bad_alloc_ctor,"std::exception* (__thiscall ??0bad_alloc@std@@QAE@ABV01@@Z)(std::exception* this, std::exception*)",
0x60e497,sub_60E497,,,
0x60e4a1,?_Makewloc@_Locimp@locale@std@@CAXABV_Locinfo@3@HPAV123@PBV23@@Z,std_locale_Locimp_Makewloc,,
0x60e9fc,?do_in@?$codecvt@GDH@std@@MBEHAAHPBD1AAPBDPAG3AAPAG@Z,std_GDH_codecvt_do_in,"int (__thiscall ?do_in@?$codecvt@GDH@std@@MBEHAAHPBD1AAPBDPAG3AAPAG@Z)(LCID* this, CHAR* lpMultiByteStr, int8*, int8*, int8**, WCHAR*, WCHAR*, LPWSTR*)",
0x60ea7e,?do_out@?$codecvt@GDH@std@@MBEHAAHPBG1AAPBGPAD3AAPAD@Z,std_GDH_codecvt_do_out,"int (__thiscall ?do_out@?$codecvt@GDH@std@@MBEHAAHPBG1AAPBGPAD3AAPAD@Z)(LCID* this, void***, WCHAR*, WCHAR*, WCHAR** Src, int, void*, void**)",
0x60eb51,?do_length@?$codecvt@GDH@std@@MBEHAAHPBG1I@Z,std_GDH_codecvt_do_length,"int (__thiscall ?do_length@?$codecvt@GDH@std@@MBEHAAHPBG1I@Z)(LCID* this, int, WCHAR* MultiByteStr, WCHAR*, unsigned int)",
0x60eba0,sub_60EBA0,,,
0x60eba3,?do_is@?$ctype@G@std@@MBE_NFG@Z,std_G_ctype_do_is,"BOOL (__thiscall ?do_is@?$ctype@G@std@@MBE_NFG@Z)(void* this, unsigned int16, int)",
0x60ebca,?do_is@?$ctype@G@std@@MBEPBGPBG0PAF@Z,std_G_ctype_do_is,"int16* (__thiscall ?do_is@?$ctype@G@std@@MBEPBGPBG0PAF@Z)(void* this, int16*, int16*, unknown*)",
0x60ec09,?do_scan_is@?$ctype@G@std@@MBEPBGFPBG0@Z,std_G_ctype_do_scan_is,"unknown* (__thiscall ?do_scan_is@?$ctype@G@std@@MBEPBGFPBG0@Z)(void* this, int, unknown*, unknown*)",
0x60ec35,?do_scan_not@?$ctype@G@std@@MBEPBGFPBG0@Z,std_G_ctype_do_scan_not,"unknown* (__thiscall ?do_scan_not@?$ctype@G@std@@MBEPBGFPBG0@Z)(void* this, int, unknown*, unknown*)",
0x60ec61,?do_tolower@?$ctype@G@std@@MBEGG@Z,std_G_ctype_do_tolower,"int (__thiscall ?do_tolower@?$ctype@G@std@@MBEGG@Z)(LCID* this, int)",
0x60ec92,?do_tolower@?$ctype@G@std@@MBEPBGPAGPBG@Z,std_G_ctype_do_tolower,,
0x60ecbf,?do_toupper@?$ctype@G@std@@MBEGG@Z,std_G_ctype_do_toupper,"int (__thiscall ?do_toupper@?$ctype@G@std@@MBEGG@Z)(LCID* this, int)",
0x60ecf0,?do_toupper@?$ctype@G@std@@MBEPBGPAGPBG@Z,std_G_ctype_do_toupper,,
0x60ed1d,?do_widen@?$ctype@G@std@@MBEGD@Z,std_G_ctype_do_widen,,
0x60ed2c,?do_widen@?$ctype@G@std@@MBEPBDPBD0PAG@Z,std_G_ctype_do_widen,,
0x60ed59,?do_narrow@?$ctype@G@std@@MBEDGD@Z,std_G_ctype_do_narrow,"int (__stdcall ?do_narrow@?$ctype@G@std@@MBEDGD@Z)(int MultiByteStr, int)",
0x60ed66,?do_narrow@?$ctype@G@std@@MBEPBGPBG0DPAD@Z,std_G_ctype_do_narrow,,
0x60ed92,?do_put@?$time_put@GV?$ostreambuf_iterator@GU?$char_traits@G@std@@@std@@@std@@MBE?AV?$ostreambuf_iterator@GU?$char_traits@G@std@@@2@V32@AAVios_base@2@PBUtm@@DD@Z,std_G_GU_char_traits_GV_ostreambuf_iterator_time_put_do_put,"void* (__thiscall ?do_put@?$time_put@GV?$ostreambuf_iterator@GU?$char_traits@G@std@@@std@@@std@@MBE?AV?$ostreambuf_iterator@GU?$char_traits@G@std@@@2@V32@AAVios_base@2@PBUtm@@DD@Z)(void* this, void*, int, int, int, int*, unsigned int length, int8)",
0x60ee6e,sub_60EE6E,,,
0x60f018,?do_get@?$num_get@GV?$istreambuf_iterator@GU?$char_traits@G@std@@@std@@@std@@MBE?AV?$istreambuf_iterator@GU?$char_traits@G@std@@@2@V32@0AAVios_base@2@AAHAAG@Z,std_G_GU_char_traits_GV_istreambuf_iterator_num_get_do_get,,
0x60f0e4,?do_get@?$num_get@GV?$istreambuf_iterator@GU?$char_traits@G@std@@@std@@@std@@MBE?AV?$istreambuf_iterator@GU?$char_traits@G@std@@@2@V32@0AAVios_base@2@AAHAAI@Z,std_G_GU_char_traits_GV_istreambuf_iterator_num_get_do_get,,
0x60f1ac,unknown_libname_53,,,
0x60f25a,unknown_libname_54,,,
0x60f308,?do_get@?$num_get@GV?$istreambuf_iterator@GU?$char_traits@G@std@@@std@@@std@@MBE?AV?$istreambuf_iterator@GU?$char_traits@G@std@@@2@V32@0AAVios_base@2@AAHAAM@Z,std_G_GU_char_traits_GV_istreambuf_iterator_num_get_do_get,,
0x60f3b2,unknown_libname_55,,,
0x60f45c,unknown_libname_56,,,
0x60f506,?do_get@?$num_get@GV?$istreambuf_iterator@GU?$char_traits@G@std@@@std@@@std@@MBE?AV?$istreambuf_iterator@GU?$char_traits@G@std@@@2@V32@0AAVios_base@2@AAHAAPAX@Z,std_G_GU_char_traits_GV_istreambuf_iterator_num_get_do_get,,
0x60f604,?do_put@?$num_put@GV?$ostreambuf_iterator@GU?$char_traits@G@std@@@std@@@std@@MBE?AV?$ostreambuf_iterator@GU?$char_traits@G@std@@@2@V32@AAVios_base@2@G_N@Z,std_G_GU_char_traits_GV_ostreambuf_iterator_num_put_do_put,"int* (__stdcall ?do_put@?$num_put@GV?$ostreambuf_iterator@GU?$char_traits@G@std@@@std@@@std@@MBE?AV?$ostreambuf_iterator@GU?$char_traits@G@std@@@2@V32@AAVios_base@2@G_N@Z)(int*, int, int j, void*, int, unsigned int)",
0x60f7b7,sub_60F7B7,,,
0x60f80f,sub_60F80F,,,
0x60f867,sub_60F867,,,
0x60f8e5,sub_60F8E5,,,
0x60f963,?do_put@?$num_put@GV?$ostreambuf_iterator@GU?$char_traits@G@std@@@std@@@std@@MBE?AV?$ostreambuf_iterator@GU?$char_traits@G@std@@@2@V32@AAVios_base@2@GPBX@Z,std_G_GU_char_traits_GV_ostreambuf_iterator_num_put_do_put,"int* (__stdcall ?do_put@?$num_put@GV?$ostreambuf_iterator@GU?$char_traits@G@std@@@std@@@std@@MBE?AV?$ostreambuf_iterator@GU?$char_traits@G@std@@@2@V32@AAVios_base@2@GPBX@Z)(int*, int, int j, int, int, void*)",
0x60fa35,sub_60FA35,,int16 (__thiscall sub_60FA35)(unknown* this),
0x60fa3a,unknown_libname_57,,"void* (__thiscall unknown_libname_57)(void* this, void*)",
0x60fa70,unknown_libname_58,,,
0x60faa6,unknown_libname_59,,,
0x60fadc,?do_compare@?$collate@G@std@@MBEHPBG000@Z,std_G_collate_do_compare,,
0x60fb1f,?do_transform@?$collate@G@std@@MBE?AV?$basic_string@GU?$char_traits@G@std@@V?$allocator@G@2@@2@PBG0@Z,std_G_collate_do_transform,,
0x60fbf6,?do_hash@?$collate@G@std@@MBEJPBG0@Z,std_G_collate_do_hash,,
0x60fc18,sub_60FC18,,,
0x60fc1d,?do_get@?$messages@G@std@@MBE?AV?$basic_string@GU?$char_traits@G@std@@V?$allocator@G@2@@2@HHHABV32@@Z,std_G_messages_do_get,,
0x60fc8e,?do_get@?$money_get@GV?$istreambuf_iterator@GU?$char_traits@G@std@@@std@@@std@@MBE?AV?$istreambuf_iterator@GU?$char_traits@G@std@@@2@V32@0_NAAVios_base@2@AAHAAO@Z,std_G_GU_char_traits_GV_istreambuf_iterator_money_get_do_get,"void* (__userpurge ?do_get@?$money_get@GV?$istreambuf_iterator@GU?$char_traits@G@std@@@std@@@std@@MBE?AV?$istreambuf_iterator@GU?$char_traits@G@std@@@2@V32@0_NAAVios_base@2@AAHAAO@Z@<eax>)(unknown float@<st0>, void*, int, int, int8, int, int8* EndPtr, int, void*, unknown float*)",
0x60fdc3,?do_get@?$money_get@GV?$istreambuf_iterator@GU?$char_traits@G@std@@@std@@@std@@MBE?AV?$istreambuf_iterator@GU?$char_traits@G@std@@@2@V32@0_NAAVios_base@2@AAHAAV?$basic_string@GU?$char_traits@G@std@@V?$allocator@G@2@@2@@Z,std_G_GU_char_traits_GV_istreambuf_iterator_money_get_do_get,,
0x60fe4d,?do_put@?$money_put@GV?$ostreambuf_iterator@GU?$char_traits@G@std@@@std@@@std@@MBE?AV?$ostreambuf_iterator@GU?$char_traits@G@std@@@2@V32@_NAAVios_base@2@GO@Z,std_G_GU_char_traits_GV_ostreambuf_iterator_money_put_do_put,,
0x60ff81,?do_put@?$money_put@GV?$ostreambuf_iterator@GU?$char_traits@G@std@@@std@@@std@@MBE?AV?$ostreambuf_iterator@GU?$char_traits@G@std@@@2@V32@_NAAVios_base@2@GABV?$basic_string@GU?$char_traits@G@std@@V?$allocator@G@2@@2@@Z,std_G_GU_char_traits_GV_ostreambuf_iterator_money_put_do_put,"void* (__thiscall ?do_put@?$money_put@GV?$ostreambuf_iterator@GU?$char_traits@G@std@@@std@@@std@@MBE?AV?$ostreambuf_iterator@GU?$char_traits@G@std@@@2@V32@_NAAVios_base@2@GABV?$basic_string@GU?$char_traits@G@std@@V?$allocator@G@2@@2@@Z)(void* this, void*, int, int, unsigned int, void*, int, int)",
0x6100bd,sub_6100BD,,int16 (__thiscall sub_6100BD)(unknown* this),
0x6100c2,?do_negative_sign@?$_Mpunct@G@std@@MBE?AV?$basic_string@GU?$char_traits@G@std@@V?$allocator@G@2@@2@XZ,std_G_Mpunct_do_negative_sign,,
0x6100f8,?do_get_time@?$time_get@GV?$istreambuf_iterator@GU?$char_traits@G@std@@@std@@@std@@MBE?AV?$istreambuf_iterator@GU?$char_traits@G@std@@@2@V32@0AAVios_base@2@AAHPAUtm@@@Z,std_G_GU_char_traits_GV_istreambuf_iterator_time_get_do_get_time,"void* (__stdcall ?do_get_time@?$time_get@GV?$istreambuf_iterator@GU?$char_traits@G@std@@@std@@@std@@MBE?AV?$istreambuf_iterator@GU?$char_traits@G@std@@@2@V32@0AAVios_base@2@AAHPAUtm@@@Z)(void*, int** EndPtr, int, int, int, int, void*, int32*)",
0x6101bc,?do_get_date@?$time_get@GV?$istreambuf_iterator@GU?$char_traits@G@std@@@std@@@std@@MBE?AV?$istreambuf_iterator@GU?$char_traits@G@std@@@2@V32@0AAVios_base@2@AAHPAUtm@@@Z,std_G_GU_char_traits_GV_istreambuf_iterator_time_get_do_get_date,"void* (__thiscall ?do_get_date@?$time_get@GV?$istreambuf_iterator@GU?$char_traits@G@std@@@std@@@std@@MBE?AV?$istreambuf_iterator@GU?$char_traits@G@std@@@2@V32@0AAVios_base@2@AAHPAUtm@@@Z)(void* this, void*, int** EndPtr, int, int, int, int, void*, int)",
0x6102ed,?do_get_weekday@?$time_get@GV?$istreambuf_iterator@GU?$char_traits@G@std@@@std@@@std@@MBE?AV?$istreambuf_iterator@GU?$char_traits@G@std@@@2@V32@0AAVios_base@2@AAHPAUtm@@@Z,std_G_GU_char_traits_GV_istreambuf_iterator_time_get_do_get_week,"void* (__thiscall ?do_get_weekday@?$time_get@GV?$istreambuf_iterator@GU?$char_traits@G@std@@@std@@@std@@MBE?AV?$istreambuf_iterator@GU?$char_traits@G@std@@@2@V32@0AAVios_base@2@AAHPAUtm@@@Z)(unknown** this, void*, int, int, int8, int, int, void*, int)",
0x61032b,?do_get_monthname@?$time_get@GV?$istreambuf_iterator@GU?$char_traits@G@std@@@std@@@std@@MBE?AV?$istreambuf_iterator@GU?$char_traits@G@std@@@2@V32@0AAVios_base@2@AAHPAUtm@@@Z,std_G_GU_char_traits_GV_istreambuf_iterator_time_get_do_get_mont,"void* (__thiscall ?do_get_monthname@?$time_get@GV?$istreambuf_iterator@GU?$char_traits@G@std@@@std@@@std@@MBE?AV?$istreambuf_iterator@GU?$char_traits@G@std@@@2@V32@0AAVios_base@2@AAHPAUtm@@@Z)(unknown** this, void*, int, int, int8, int, int, void*, int)",
0x610369,?do_get_year@?$time_get@GV?$istreambuf_iterator@GU?$char_traits@G@std@@@std@@@std@@MBE?AV?$istreambuf_iterator@GU?$char_traits@G@std@@@2@V32@0AAVios_base@2@AAHPAUtm@@@Z,std_G_GU_char_traits_GV_istreambuf_iterator_time_get_do_get_year,"void* (__fastcall ?do_get_year@?$time_get@GV?$istreambuf_iterator@GU?$char_traits@G@std@@@std@@@std@@MBE?AV?$istreambuf_iterator@GU?$char_traits@G@std@@@2@V32@0AAVios_base@2@AAHPAUtm@@@Z)(int, int, void*, int EndPtr, int, int, int, int, int*, int)",
0x6103cf,sub_6103CF,,"void* (__thiscall sub_6103CF)(void* Memory, int8)",
0x6103eb,unknown_libname_467,,void (__thiscall unknown_libname_467)(void* this),
0x61040b,sub_61040B,,"void* (__thiscall sub_61040B)(void* Memory, int8)",
0x610427,unknown_libname_468,,void (__thiscall unknown_libname_468)(void* this),
0x610441,??_G?$numpunct@G@std@@UAEPAXI@Z,std_G_op_G_numpunct,"void* (__thiscall ??_G?$numpunct@G@std@@UAEPAXI@Z)(void* Memory, int8)",
0x61045d,??1?$numpunct@G@std@@UAE@XZ,std_G_numpunct_dtor,void (__thiscall ??1?$numpunct@G@std@@UAE@XZ)(void* this),
0x610489,sub_610489,,"void* (__thiscall sub_610489)(void* Memory, int8)",
0x6104a5,??1?$messages@G@std@@UAE@XZ,std_G_messages_dtor,void (__thiscall ??1?$messages@G@std@@UAE@XZ)(void* this),
0x6104c8,sub_6104C8,,"void* (__thiscall sub_6104C8)(void* Memory, int8)",
0x6104e4,sub_6104E4,,void (__thiscall sub_6104E4)(void* this),
0x6104eb,sub_6104EB,,"void* (__thiscall sub_6104EB)(void* Memory, int8)",
0x610507,??_G?$time_get@GV?$istreambuf_iterator@GU?$char_traits@G@std@@@std@@@std@@UAEPAXI@Z,std_G_GU_char_traits_GV_istreambuf_iterator_op_G_time_get,"void* (__thiscall ??_G?$time_get@GV?$istreambuf_iterator@GU?$char_traits@G@std@@@std@@@std@@UAEPAXI@Z)(void* Memory, int8)",
0x610523,??1?$time_get@GV?$istreambuf_iterator@GU?$char_traits@G@std@@@std@@@std@@UAE@XZ,std_G_GU_char_traits_GV_istreambuf_iterator_time_get_dtor,void (__thiscall ??1?$time_get@GV?$istreambuf_iterator@GU?$char_traits@G@std@@@std@@@std@@UAE@XZ)(void* this),
0x610546,sub_610546,,,
0x61054b,sub_61054B,,void (__thiscall sub_61054B)(void* this),
0x61057f,sub_61057F,,"void* (__thiscall sub_61057F)(void* Memory, int8)",
0x61059b,?_Gettnames@_Locinfo@std@@QBE?AV_Timevec@2@XZ,std_Locinfo_Gettnames,,
0x6105b3,??4?$ostreambuf_iterator@GU?$char_traits@G@std@@@std@@QAEAAV01@G@Z,std_G_GU_char_traits_op_4_ostreambuf_iterator,"void* (__thiscall ??4?$ostreambuf_iterator@GU?$char_traits@G@std@@@std@@QAEAAV01@G@Z)(void* this, int)",
0x6105d5,?sputc@?$basic_streambuf@GU?$char_traits@G@std@@@std@@QAEGG@Z,std_G_GU_char_traits_basic_streambuf_sputc,"int (__thiscall ?sputc@?$basic_streambuf@GU?$char_traits@G@std@@@std@@QAEGG@Z)(int** this, int)",
0x610606,?_Getifld@?$num_get@GV?$istreambuf_iterator@GU?$char_traits@G@std@@@std@@@std@@CAHPADAAV?$istreambuf_iterator@GU?$char_traits@G@std@@@2@1HABVlocale@2@@Z,std_G_GU_char_traits_GV_istreambuf_iterator_num_get_Getifld,,
0x6109d5,?_Getffld@?$num_get@GV?$istreambuf_iterator@GU?$char_traits@G@std@@@std@@@std@@CAHPADAAV?$istreambuf_iterator@GU?$char_traits@G@std@@@2@1ABVlocale@2@@Z,std_G_GU_char_traits_GV_istreambuf_iterator_num_get_Getffld,,
0x610d20,unknown_libname_61,,,
0x610d7e,?_Fput@?$num_put@GV?$ostreambuf_iterator@GU?$char_traits@G@std@@@std@@@std@@KA?AV?$ostreambuf_iterator@GU?$char_traits@G@std@@@2@V32@AAVios_base@2@GPBDII@Z,std_G_GU_char_traits_GV_ostreambuf_iterator_num_put_Fput,"void* (__cdecl ?_Fput@?$num_put@GV?$ostreambuf_iterator@GU?$char_traits@G@std@@@std@@@std@@KA?AV?$ostreambuf_iterator@GU?$char_traits@G@std@@@2@V32@AAVios_base@2@GPBDII@Z)(void*, int, std::locale::facet* j, void*, int, int8* Buf, int, size_t MaxCount)",
0x611063,unknown_libname_62,,,
0x6110bd,?_Iput@?$num_put@GV?$ostreambuf_iterator@GU?$char_traits@G@std@@@std@@@std@@KA?AV?$ostreambuf_iterator@GU?$char_traits@G@std@@@2@V32@AAVios_base@2@GPADI@Z,std_G_GU_char_traits_GV_ostreambuf_iterator_num_put_Iput,"void* (__usercall ?_Iput@?$num_put@GV?$ostreambuf_iterator@GU?$char_traits@G@std@@@std@@@std@@KA?AV?$ostreambuf_iterator@GU?$char_traits@G@std@@@2@V32@AAVios_base@2@GPADI@Z@<eax>)(int@<edi>, int@<esi>, void*, int, int8* m, void*, int, int8* Str, unsigned int)",
0x61136b,unknown_libname_63,,"int (__thiscall unknown_libname_63)(void* this, int)",
0x611382,?_Init@?$numpunct@G@std@@IAEXABV_Locinfo@2@@Z,std_G_numpunct_Init,"WCHAR* (__thiscall ?_Init@?$numpunct@G@std@@IAEXABV_Locinfo@2@@Z)(int this, int)",
0x6113df,?_Init@?$messages@G@std@@IAEXABV_Locinfo@2@@Z,std_G_messages_Init,"WCHAR* (__thiscall ?_Init@?$messages@G@std@@IAEXABV_Locinfo@2@@Z)(void* this, int)",
0x611407,?_Getmfld@?$money_get@GV?$istreambuf_iterator@GU?$char_traits@G@std@@@std@@@std@@ABE?AV?$basic_string@GU?$char_traits@G@std@@V?$allocator@G@2@@2@AAV?$istreambuf_iterator@GU?$char_traits@G@std@@@2@0_NAAVios_base@2@@Z,std_G_GU_char_traits_GV_istreambuf_iterator_money_get_Getmfld,,
0x611cb5,?_Putmfld@?$money_put@GV?$ostreambuf_iterator@GU?$char_traits@G@std@@@std@@@std@@ABE?AV?$ostreambuf_iterator@GU?$char_traits@G@std@@@2@V32@_NAAVios_base@2@G1V?$basic_string@GU?$char_traits@G@std@@V?$allocator@G@2@@2@@Z,std_G_GU_char_traits_GV_ostreambuf_iterator_money_put_Putmfld,,
0x612283,??1?$basic_string@GU?$char_traits@G@std@@V?$allocator@G@2@@std@@QAE@XZ,std_G_GU_char_traits_basic_string_dtor,,
0x61228b,?append@?$basic_string@GU?$char_traits@G@std@@V?$allocator@G@2@@std@@QAEAAV12@IG@Z,std_G_GU_char_traits_basic_string_append,"std::wstring* (__fastcall ?append@?$basic_string@GU?$char_traits@G@std@@V?$allocator@G@2@@std@@QAEAAV12@IG@Z)(std::wstring* this, uint, unsigned int, int16)",
0x6122f4,sub_6122F4,,"std::wstring* (__thiscall sub_6122F4)(std::wstring* this, uint)",
0x61231a,??0?$_Mpunct@G@std@@QAE@ABV_Locinfo@1@I_N@Z,std_G_Mpunct_ctor,"void* (__thiscall ??0?$_Mpunct@G@std@@QAE@ABV_Locinfo@1@I_N@Z)(void* this, int, int, int8)",
0x61235a,?_Init@?$time_get@GV?$istreambuf_iterator@GU?$char_traits@G@std@@@std@@@std@@IAEXABV_Locinfo@2@@Z,std_G_GU_char_traits_GV_istreambuf_iterator_time_get_Init,"WCHAR* (__thiscall ?_Init@?$time_get@GV?$istreambuf_iterator@GU?$char_traits@G@std@@@std@@@std@@IAEXABV_Locinfo@2@@Z)(void* this, std::_Locinfo*)",
0x61238d,?_Getdays@_Locinfo@std@@QBEPBDXZ,std_Locinfo_Getdays,int8* (__thiscall ?_Getdays@_Locinfo@std@@QBEPBDXZ)(std::string* this),
0x6123d3,?_Getmonths@_Locinfo@std@@QBEPBDXZ,std_Locinfo_Getmonths,int8* (__thiscall ?_Getmonths@_Locinfo@std@@QBEPBDXZ)(std::_Locinfo* this),
0x61241a,?_Getint@?$time_get@GV?$istreambuf_iterator@GU?$char_traits@G@std@@@std@@@std@@CAHAAV?$istreambuf_iterator@GU?$char_traits@G@std@@@2@0HHAAH@Z,std_G_GU_char_traits_GV_istreambuf_iterator_time_get_Getint,"int (__cdecl ?_Getint@?$time_get@GV?$istreambuf_iterator@GU?$char_traits@G@std@@@std@@@std@@CAHAAV?$istreambuf_iterator@GU?$char_traits@G@std@@@2@0HHAAH@Z)(int8* EndPtr, int, int, int, int32*)",
0x612571,?_Inc@?$istreambuf_iterator@GU?$char_traits@G@std@@@std@@AAEXXZ,std_G_GU_char_traits_istreambuf_iterator_Inc,void (__thiscall ?_Inc@?$istreambuf_iterator@GU?$char_traits@G@std@@@std@@AAEXXZ)(int*** this),
0x612594,?sbumpc@?$basic_streambuf@GU?$char_traits@G@std@@@std@@QAEGXZ,std_G_GU_char_traits_basic_streambuf_sbumpc,int16 (__thiscall ?sbumpc@?$basic_streambuf@GU?$char_traits@G@std@@@std@@QAEGXZ)(int** this),
0x6125b8,?_Peek@?$istreambuf_iterator@GU?$char_traits@G@std@@@std@@AAEGXZ,std_G_GU_char_traits_istreambuf_iterator_Peek,int16 (__thiscall ?_Peek@?$istreambuf_iterator@GU?$char_traits@G@std@@@std@@AAEGXZ)(unknown* this),
0x6125df,?sgetc@?$basic_streambuf@GU?$char_traits@G@std@@@std@@QAEGXZ,std_G_GU_char_traits_basic_streambuf_sgetc,int16 (__thiscall ?sgetc@?$basic_streambuf@GU?$char_traits@G@std@@@std@@QAEGXZ)(void** this),
0x6125fe,unknown_libname_64,,"int (__thiscall unknown_libname_64)(void* this, int)",
0x612615,?assign@?$basic_string@GU?$char_traits@G@std@@V?$allocator@G@2@@std@@QAEAAV12@ABV12@II@Z,std_G_GU_char_traits_basic_string_assign,"std::wstring* (__fastcall ?assign@?$basic_string@GU?$char_traits@G@std@@V?$allocator@G@2@@std@@QAEAAV12@ABV12@II@Z)(std::wstring* this, std::wstring*, uint, uint, unsigned int)",
0x6126f3,?assign@?$basic_string@GU?$char_traits@G@std@@V?$allocator@G@2@@std@@QAEAAV12@PBGI@Z,std_G_GU_char_traits_basic_string_assign,"std::wstring* (__fastcall ?assign@?$basic_string@GU?$char_traits@G@std@@V?$allocator@G@2@@std@@QAEAAV12@PBGI@Z)(std::wstring* this, ushort*, uint, unsigned int)",
0x612735,?assign@?$basic_string@GU?$char_traits@G@std@@V?$allocator@G@2@@std@@QAEAAV12@IG@Z,std_G_GU_char_traits_basic_string_assign,"std::wstring* (__fastcall ?assign@?$basic_string@GU?$char_traits@G@std@@V?$allocator@G@2@@std@@QAEAAV12@IG@Z)(std::wstring* this, uint, unsigned int, int16)",
0x61278d,?insert@?$basic_string@GU?$char_traits@G@std@@V?$allocator@G@2@@std@@QAEAAV12@IIG@Z,std_G_GU_char_traits_basic_string_insert,"std::wstring* (__fastcall ?insert@?$basic_string@GU?$char_traits@G@std@@V?$allocator@G@2@@std@@QAEAAV12@IIG@Z)(std::wstring* this, uint, uint, unsigned int, int16)",
0x612822,_wmemmove,,,
0x612867,?erase@?$basic_string@GU?$char_traits@G@std@@V?$allocator@G@2@@std@@QAEAAV12@II@Z,std_G_GU_char_traits_basic_string_erase,"std::wstring* (__fastcall ?erase@?$basic_string@GU?$char_traits@G@std@@V?$allocator@G@2@@std@@QAEAAV12@II@Z)(std::wstring* this, uint, uint, uint)",
0x6128d3,?_Freeze@?$basic_string@GU?$char_traits@G@std@@V?$allocator@G@2@@std@@AAEXXZ,std_G_GU_char_traits_basic_string_Freeze,"int8 (__fastcall ?_Freeze@?$basic_string@GU?$char_traits@G@std@@V?$allocator@G@2@@std@@AAEXXZ)(std::wstring* this, uint)",
0x6128ff,?_Grow@?$basic_string@GU?$char_traits@G@std@@V?$allocator@G@2@@std@@AAE_NI_N@Z,std_G_GU_char_traits_basic_string_Grow,"int8 (__fastcall ?_Grow@?$basic_string@GU?$char_traits@G@std@@V?$allocator@G@2@@std@@AAE_NI_N@Z)(std::wstring* this, uint, unsigned int, int8)",
0x612988,?_Tidy@?$basic_string@GU?$char_traits@G@std@@V?$allocator@G@2@@std@@AAEX_N@Z,std_G_GU_char_traits_basic_string_Tidy,"void (__fastcall ?_Tidy@?$basic_string@GU?$char_traits@G@std@@V?$allocator@G@2@@std@@AAEX_N@Z)(std::wstring* this, bool, int8)",
0x6129c5,unknown_libname_65,,"int (__thiscall unknown_libname_65)(void* this, int)",
0x6129dc,unknown_libname_66,,"int (__thiscall unknown_libname_66)(void* this, int)",
0x6129f3,unknown_libname_67,,"int (__thiscall unknown_libname_67)(void* this, int)",
0x612a0a,unknown_libname_68,,"int (__thiscall unknown_libname_68)(void* this, int)",
0x612a21,?_Init@?$_Mpunct@G@std@@IAEXABV_Locinfo@2@@Z,std_G_Mpunct_Init,"void* (__thiscall ?_Init@?$_Mpunct@G@std@@IAEXABV_Locinfo@2@@Z)(int this, int)",
0x612b0c,?append@?$basic_string@GU?$char_traits@G@std@@V?$allocator@G@2@@std@@QAEAAV12@ABV12@II@Z,std_G_GU_char_traits_basic_string_append,"std::wstring* (__fastcall ?append@?$basic_string@GU?$char_traits@G@std@@V?$allocator@G@2@@std@@QAEAAV12@ABV12@II@Z)(std::wstring* this, std::wstring*, uint, uint, unsigned int)",
0x612b9e,?_Copy@?$basic_string@GU?$char_traits@G@std@@V?$allocator@G@2@@std@@AAEXI@Z,std_G_GU_char_traits_basic_string_Copy,"int (__fastcall ?_Copy@?$basic_string@GU?$char_traits@G@std@@V?$allocator@G@2@@std@@AAEXI@Z)(std::wstring* this, uint, unsigned int)",
0x612c70,?_Split@?$basic_string@GU?$char_traits@G@std@@V?$allocator@G@2@@std@@AAEXXZ,std_G_GU_char_traits_basic_string_Split,"void (__fastcall ?_Split@?$basic_string@GU?$char_traits@G@std@@V?$allocator@G@2@@std@@AAEXXZ)(std::wstring* this, bool)",
0x612ca0,unknown_libname_69,,"void* (__thiscall unknown_libname_69)(void* this, void* Dst, int8, int8, unsigned int8)",
0x612d01,sub_612D01,,"std::locale::facet* (__cdecl sub_612D01)(std::locale*, int, int8* Memory)",
0x612dc5,sub_612DC5,,"std::locale::facet* (__cdecl sub_612DC5)(std::locale*, int, int8* Memory)",
0x612ea1,sub_612EA1,,"std::locale::facet* (__cdecl sub_612EA1)(std::locale*, int, int8* Memory)",
0x612f7d,sub_612F7D,,"std::locale::facet* (__cdecl sub_612F7D)(std::locale*, int, int8* Memory)",
0x613041,sub_613041,,"std::locale::facet* (__cdecl sub_613041)(std::locale*, int, int8* Memory)",
0x613105,sub_613105,,"std::locale::facet* (__cdecl sub_613105)(std::locale*, int, int8* Memory)",
0x6131c9,sub_6131C9,,"std::locale::facet* (__cdecl sub_6131C9)(std::locale*, int, int8* Memory)",
0x6132a5,sub_6132A5,,"std::locale::facet* (__cdecl sub_6132A5)(std::locale*, int, int8* Memory)",
0x613381,sub_613381,,"std::locale::facet* (__cdecl sub_613381)(std::locale*, int, int8* Memory)",
0x613450,sub_613450,,"std::locale::facet* (__cdecl sub_613450)(std::locale*, int, int8* Memory)",
0x61351f,sub_61351F,,"std::locale::facet* (__cdecl sub_61351F)(std::locale*, int, int8* Memory)",
0x6135e3,sub_6135E3,,"std::locale::facet* (__cdecl sub_6135E3)(std::locale*, int, int8* Memory)",
0x6136a7,sub_6136A7,,"std::locale::facet* (__cdecl sub_6136A7)(std::locale*, int, int8* Memory)",
0x61376b,??0?$codecvt@GDH@std@@QAE@I@Z,std_GDH_codecvt_ctor,"void* (__thiscall ??0?$codecvt@GDH@std@@QAE@I@Z)(void* this, int)",
0x6137bf,?_Getloctxt@std@@YAHAAV?$istreambuf_iterator@GU?$char_traits@G@std@@@1@0IPBG@Z,std_Getloctxt,,
0x61398b,?_Maklocstr@std@@YAPAGPBDPAG@Z,std_Maklocstr,WCHAR* (__cdecl ?_Maklocstr@std@@YAPAGPBDPAG@Z)(int8* Str),
0x6139c9,??0?$ctype@G@std@@QAE@I@Z,std_G_ctype_ctor,"void* (__thiscall ??0?$ctype@G@std@@QAE@I@Z)(void* this, int)",
0x613a29,??0?$time_put@GV?$ostreambuf_iterator@GU?$char_traits@G@std@@@std@@@std@@QAE@I@Z,std_G_GU_char_traits_GV_ostreambuf_iterator_time_put_ctor,"void* (__thiscall ??0?$time_put@GV?$ostreambuf_iterator@GU?$char_traits@G@std@@@std@@@std@@QAE@I@Z)(void* this, void* Memory)",
0x613a96,?equal@?$istreambuf_iterator@GU?$char_traits@G@std@@@std@@QBE_NABV12@@Z,std_G_GU_char_traits_istreambuf_iterator_equal,"BOOL (__thiscall ?equal@?$istreambuf_iterator@GU?$char_traits@G@std@@@std@@QBE_NABV12@@Z)(void* this, int)",
0x613ad5,??0?$numpunct@G@std@@QAE@I@Z,std_G_numpunct_ctor,"void* (__thiscall ??0?$numpunct@G@std@@QAE@I@Z)(void* this, int)",
0x613b2e,??0?$collate@G@std@@QAE@I@Z,std_G_collate_ctor,"void* (__thiscall ??0?$collate@G@std@@QAE@I@Z)(void* this, int)",
0x613b82,??0?$messages@G@std@@QAE@I@Z,std_G_messages_ctor,"void* (__thiscall ??0?$messages@G@std@@QAE@I@Z)(void* this, int)",
0x613bf4,??0?$time_get@GV?$istreambuf_iterator@GU?$char_traits@G@std@@@std@@@std@@QAE@I@Z,std_G_GU_char_traits_GV_istreambuf_iterator_time_get_ctor,"void* (__thiscall ??0?$time_get@GV?$istreambuf_iterator@GU?$char_traits@G@std@@@std@@@std@@QAE@I@Z)(void* this, int)",
0x613c4d,sub_613C4D,,,
0x613c9b,sub_613C9B,,,
0x613ce9,sub_613CE9,,,
0x613d37,sub_613D37,,,
0x613d85,sub_613D85,,,
0x613dd3,sub_613DD3,,,
0x613e21,sub_613E21,,,
0x613e6f,sub_613E6F,,,
0x613ebd,sub_613EBD,,,
0x613f0b,sub_613F0B,,,
0x613f59,sub_613F59,,,
0x613fa7,sub_613FA7,,,
0x613ff5,sub_613FF5,,,
0x614043,??0?$_Mpunct@G@std@@QAE@I_N@Z,std_G_Mpunct_ctor,"void* (__thiscall ??0?$_Mpunct@G@std@@QAE@I_N@Z)(void* this, int, int8)",
0x6140a2,sub_6140A2,,void (__thiscall sub_6140A2)(void* this),
0x6140ef,sub_6140EF,,void (__thiscall sub_6140EF)(void* this),
0x61413c,sub_61413C,,void (__thiscall sub_61413C)(void* this),
0x614189,sub_614189,,void (__thiscall sub_614189)(void* this),
0x6141d6,sub_6141D6,,void (__thiscall sub_6141D6)(void* this),
0x614223,sub_614223,,void (__thiscall sub_614223)(void* this),
0x614270,sub_614270,,void (__thiscall sub_614270)(void* this),
0x6142bd,sub_6142BD,,void (__thiscall sub_6142BD)(void* this),
0x61430a,sub_61430A,,void (__thiscall sub_61430A)(void* this),
0x614357,sub_614357,,void (__thiscall sub_614357)(void* this),
0x6143a4,sub_6143A4,,void (__thiscall sub_6143A4)(void* this),
0x6143f1,sub_6143F1,,void (__thiscall sub_6143F1)(void* this),
0x61443e,sub_61443E,,void (__thiscall sub_61443E)(void* this),
0x61448b,unknown_libname_70,,,
0x6144ac,?_Makexloc@_Locimp@locale@std@@CAXABV_Locinfo@3@HPAV123@PBV23@@Z,std_locale_Locimp_Makexloc,,
0x614804,?do_compare@?$collate@D@std@@MBEHPBD000@Z,std_D_collate_do_compare,,
0x614842,?do_transform@?$collate@D@std@@MBE?AV?$basic_string@DU?$char_traits@D@std@@V?$allocator@D@2@@2@PBD0@Z,std_D_collate_do_transform,,
0x614911,?do_hash@?$collate@D@std@@MBEJPBD0@Z,std_D_collate_do_hash,,
0x614932,sub_614932,,"void* (__thiscall sub_614932)(void* this, void*, int, int, int, void*)",
0x6149a3,?do_get@?$money_get@DV?$istreambuf_iterator@DU?$char_traits@D@std@@@std@@@std@@MBE?AV?$istreambuf_iterator@DU?$char_traits@D@std@@@2@V32@0_NAAVios_base@2@AAHAAO@Z,std_D_DU_char_traits_DV_istreambuf_iterator_money_get_do_get,"void* (__userpurge ?do_get@?$money_get@DV?$istreambuf_iterator@DU?$char_traits@D@std@@@std@@@std@@MBE?AV?$istreambuf_iterator@DU?$char_traits@D@std@@@2@V32@0_NAAVios_base@2@AAHAAO@Z@<eax>)(unknown float@<st0>, void*, int, int, int8, int, int8* EndPtr, int, void*, unknown float*)",
0x614ad1,?do_get@?$money_get@DV?$istreambuf_iterator@DU?$char_traits@D@std@@@std@@@std@@MBE?AV?$istreambuf_iterator@DU?$char_traits@D@std@@@2@V32@0_NAAVios_base@2@AAHAAV?$basic_string@DU?$char_traits@D@std@@V?$allocator@D@2@@2@@Z,std_D_DU_char_traits_DV_istreambuf_iterator_money_get_do_get,,
0x614b5b,?do_put@?$money_put@DV?$ostreambuf_iterator@DU?$char_traits@D@std@@@std@@@std@@MBE?AV?$ostreambuf_iterator@DU?$char_traits@D@std@@@2@V32@_NAAVios_base@2@DO@Z,std_D_DU_char_traits_DV_ostreambuf_iterator_money_put_do_put,"void* (__thiscall ?do_put@?$money_put@DV?$ostreambuf_iterator@DU?$char_traits@D@std@@@std@@@std@@MBE?AV?$ostreambuf_iterator@DU?$char_traits@D@std@@@2@V32@_NAAVios_base@2@DO@Z)(void* this, void*, int, int, int, void*, int, unknown float)",
0x614c85,?do_put@?$money_put@DV?$ostreambuf_iterator@DU?$char_traits@D@std@@@std@@@std@@MBE?AV?$ostreambuf_iterator@DU?$char_traits@D@std@@@2@V32@_NAAVios_base@2@DABV?$basic_string@DU?$char_traits@D@std@@V?$allocator@D@2@@2@@Z,std_D_DU_char_traits_DV_ostreambuf_iterator_money_put_do_put,"void* (__thiscall ?do_put@?$money_put@DV?$ostreambuf_iterator@DU?$char_traits@D@std@@@std@@@std@@MBE?AV?$ostreambuf_iterator@DU?$char_traits@D@std@@@2@V32@_NAAVios_base@2@DABV?$basic_string@DU?$char_traits@D@std@@V?$allocator@D@2@@2@@Z)(void* this, void*, int, int, uint, void*, unsigned int8, unsigned int)",
0x614d9d,sub_614D9D,,int8 (__thiscall sub_614D9D)(void* this),
0x614da1,sub_614DA1,,int8 (__thiscall sub_614DA1)(void* this),
0x614da5,unknown_libname_71,,"void* (__thiscall unknown_libname_71)(void* this, void*)",
0x614ddb,unknown_libname_72,,"void* (__thiscall unknown_libname_72)(void* this, void*)",
0x614e11,sub_614E11,,"void* (__thiscall sub_614E11)(void* this, void*)",
0x614e47,sub_614E47,,int (__thiscall sub_614E47)(void* this),
0x614e4b,unknown_libname_73,,"void* (__thiscall unknown_libname_73)(void* this, void*)",
0x614e57,unknown_libname_74,,"void* (__thiscall unknown_libname_74)(void* this, void*)",
0x614e63,sub_614E63,,,
0x614e67,?do_get_time@?$time_get@DV?$istreambuf_iterator@DU?$char_traits@D@std@@@std@@@std@@MBE?AV?$istreambuf_iterator@DU?$char_traits@D@std@@@2@V32@0AAVios_base@2@AAHPAUtm@@@Z,std_D_DU_char_traits_DV_istreambuf_iterator_time_get_do_get_time,"void* (__stdcall ?do_get_time@?$time_get@DV?$istreambuf_iterator@DU?$char_traits@D@std@@@std@@@std@@MBE?AV?$istreambuf_iterator@DU?$char_traits@D@std@@@2@V32@0AAVios_base@2@AAHPAUtm@@@Z)(void*, int EndPtr, int, int, int, int, void*, int32*)",
0x614f18,?do_get_date@?$time_get@DV?$istreambuf_iterator@DU?$char_traits@D@std@@@std@@@std@@MBE?AV?$istreambuf_iterator@DU?$char_traits@D@std@@@2@V32@0AAVios_base@2@AAHPAUtm@@@Z,std_D_DU_char_traits_DV_istreambuf_iterator_time_get_do_get_date,"void* (__thiscall ?do_get_date@?$time_get@DV?$istreambuf_iterator@DU?$char_traits@D@std@@@std@@@std@@MBE?AV?$istreambuf_iterator@DU?$char_traits@D@std@@@2@V32@0AAVios_base@2@AAHPAUtm@@@Z)(void* this, void*, int EndPtr, int, int, int, int, void*, int)",
0x61502d,?do_get_weekday@?$time_get@DV?$istreambuf_iterator@DU?$char_traits@D@std@@@std@@@std@@MBE?AV?$istreambuf_iterator@DU?$char_traits@D@std@@@2@V32@0AAVios_base@2@AAHPAUtm@@@Z,std_D_DU_char_traits_DV_istreambuf_iterator_time_get_do_get_week,"void* (__thiscall ?do_get_weekday@?$time_get@DV?$istreambuf_iterator@DU?$char_traits@D@std@@@std@@@std@@MBE?AV?$istreambuf_iterator@DU?$char_traits@D@std@@@2@V32@0AAVios_base@2@AAHPAUtm@@@Z)(void** this, void*, int, int, int8, int, int, void*, int)",
0x61506b,?do_get_monthname@?$time_get@DV?$istreambuf_iterator@DU?$char_traits@D@std@@@std@@@std@@MBE?AV?$istreambuf_iterator@DU?$char_traits@D@std@@@2@V32@0AAVios_base@2@AAHPAUtm@@@Z,std_D_DU_char_traits_DV_istreambuf_iterator_time_get_do_get_mont,"void* (__thiscall ?do_get_monthname@?$time_get@DV?$istreambuf_iterator@DU?$char_traits@D@std@@@std@@@std@@MBE?AV?$istreambuf_iterator@DU?$char_traits@D@std@@@2@V32@0AAVios_base@2@AAHPAUtm@@@Z)(void** this, void*, int, int, int8, int, int, void*, int)",
0x6150a9,?do_get_year@?$time_get@DV?$istreambuf_iterator@DU?$char_traits@D@std@@@std@@@std@@MBE?AV?$istreambuf_iterator@DU?$char_traits@D@std@@@2@V32@0AAVios_base@2@AAHPAUtm@@@Z,std_D_DU_char_traits_DV_istreambuf_iterator_time_get_do_get_year,"void* (__fastcall ?do_get_year@?$time_get@DV?$istreambuf_iterator@DU?$char_traits@D@std@@@std@@@std@@MBE?AV?$istreambuf_iterator@DU?$char_traits@D@std@@@2@V32@0AAVios_base@2@AAHPAUtm@@@Z)(int, int, void*, int EndPtr, int, int, int, int, int*, int)",
0x61510f,?do_put@?$time_put@DV?$ostreambuf_iterator@DU?$char_traits@D@std@@@std@@@std@@MBE?AV?$ostreambuf_iterator@DU?$char_traits@D@std@@@2@V32@AAVios_base@2@PBUtm@@DD@Z,std_D_DU_char_traits_DV_ostreambuf_iterator_time_put_do_put,"void* (__thiscall ?do_put@?$time_put@DV?$ostreambuf_iterator@DU?$char_traits@D@std@@@std@@@std@@MBE?AV?$ostreambuf_iterator@DU?$char_traits@D@std@@@2@V32@AAVios_base@2@PBUtm@@DD@Z)(void* this, void*, int, int, int, int*, unsigned int length, int8)",
0x6151e8,??_G?$messages@D@std@@UAEPAXI@Z,std_D_op_G_messages,"void* (__thiscall ??_G?$messages@D@std@@UAEPAXI@Z)(void* Memory, int8)",
0x615204,??1?$messages@D@std@@UAE@XZ,std_D_messages_dtor,void (__thiscall ??1?$messages@D@std@@UAE@XZ)(void* this),
0x615227,sub_615227,,"void* (__thiscall sub_615227)(void* Memory, int8)",
0x615243,??_G?$time_get@DV?$istreambuf_iterator@DU?$char_traits@D@std@@@std@@@std@@UAEPAXI@Z,std_D_DU_char_traits_DV_istreambuf_iterator_op_G_time_get,"void* (__thiscall ??_G?$time_get@DV?$istreambuf_iterator@DU?$char_traits@D@std@@@std@@@std@@UAEPAXI@Z)(void* Memory, int8)",
0x61525f,??1?$time_get@DV?$istreambuf_iterator@DU?$char_traits@D@std@@@std@@@std@@UAE@XZ,std_D_DU_char_traits_DV_istreambuf_iterator_time_get_dtor,void (__thiscall ??1?$time_get@DV?$istreambuf_iterator@DU?$char_traits@D@std@@@std@@@std@@UAE@XZ)(void* this),
0x615282,sub_615282,,"void* (__thiscall sub_615282)(void* Memory, int8)",
0x61529e,unknown_libname_469,,void (__thiscall unknown_libname_469)(void* this),
0x6152b8,??1?$_Mpunct@D@std@@UAE@XZ,std_D_Mpunct_dtor,void (__thiscall ??1?$_Mpunct@D@std@@UAE@XZ)(void* this),
0x6152ec,??_G?$_Mpunct@D@std@@UAEPAXI@Z,std_D_op_G_Mpunct,"void* (__thiscall ??_G?$_Mpunct@D@std@@UAEPAXI@Z)(void* Memory, int8)",
0x615308,j_??1?$_Mpunct@D@std@@UAE@XZ,,,
0x61530d,sub_61530D,,"void* (__thiscall sub_61530D)(void* this, int)",
0x615335,?_Getmfld@?$money_get@DV?$istreambuf_iterator@DU?$char_traits@D@std@@@std@@@std@@ABE?AV?$basic_string@DU?$char_traits@D@std@@V?$allocator@D@2@@2@AAV?$istreambuf_iterator@DU?$char_traits@D@std@@@2@0_NAAVios_base@2@@Z,std_D_DU_char_traits_DV_istreambuf_iterator_money_get_Getmfld,,
0x615baa,?_Putmfld@?$money_put@DV?$ostreambuf_iterator@DU?$char_traits@D@std@@@std@@@std@@ABE?AV?$ostreambuf_iterator@DU?$char_traits@D@std@@@2@V32@_NAAVios_base@2@D1V?$basic_string@DU?$char_traits@D@std@@V?$allocator@D@2@@2@@Z,std_D_DU_char_traits_DV_ostreambuf_iterator_money_put_Putmfld,,
0x616155,??0?$_Mpunct@D@std@@QAE@ABV_Locinfo@1@I_N@Z,std_D_Mpunct_ctor,"void* (__thiscall ??0?$_Mpunct@D@std@@QAE@ABV_Locinfo@1@I_N@Z)(void* this, int, int, int8)",
0x616195,sub_616195,,"void* (__thiscall sub_616195)(void* this, std::_Locinfo*)",
0x6161c8,?_Getint@?$time_get@DV?$istreambuf_iterator@DU?$char_traits@D@std@@@std@@@std@@CAHAAV?$istreambuf_iterator@DU?$char_traits@D@std@@@2@0HHAAH@Z,std_D_DU_char_traits_DV_istreambuf_iterator_time_get_Getint,"int (__cdecl ?_Getint@?$time_get@DV?$istreambuf_iterator@DU?$char_traits@D@std@@@std@@@std@@CAHAAV?$istreambuf_iterator@DU?$char_traits@D@std@@@2@0HHAAH@Z)(int8* EndPtr, int, int, int, int32*)",
0x6162ff,unknown_libname_76,,"void (__thiscall unknown_libname_76)(void* this, void* Memory)",
0x616327,?insert@?$basic_string@DU?$char_traits@D@std@@V?$allocator@D@2@@std@@QAEAAV12@IID@Z,std_D_DU_char_traits_basic_string_insert,"std::string* (__thiscall ?insert@?$basic_string@DU?$char_traits@D@std@@V?$allocator@D@2@@std@@QAEAAV12@IID@Z)(std::string* this, unsigned int, size_t Size, int8)",
0x6163a6,unknown_libname_77,,"int (__thiscall unknown_libname_77)(void* this, int)",
0x6163bd,?_Init@?$_Mpunct@D@std@@IAEXABV_Locinfo@2@@Z,std_D_Mpunct_Init,"void* (__thiscall ?_Init@?$_Mpunct@D@std@@IAEXABV_Locinfo@2@@Z)(int this, int)",
0x616497,unknown_libname_78,,"void* (__thiscall unknown_libname_78)(void* this, void* Dst, int8, int8, unsigned int8)",
0x6164f8,sub_6164F8,,"std::locale::facet* (__cdecl sub_6164F8)(std::locale*, int, int8* Memory)",
0x6165bc,sub_6165BC,,"std::locale::facet* (__cdecl sub_6165BC)(std::locale*, int, int8* Memory)",
0x616680,sub_616680,,"std::locale::facet* (__cdecl sub_616680)(std::locale*, int, int8* Memory)",
0x61675c,sub_61675C,,"std::locale::facet* (__cdecl sub_61675C)(std::locale*, int, int8* Memory)",
0x616838,sub_616838,,"std::locale::facet* (__cdecl sub_616838)(std::locale*, int, int8* Memory)",
0x616907,sub_616907,,"std::locale::facet* (__cdecl sub_616907)(std::locale*, int, int8* Memory)",
0x6169d6,sub_6169D6,,"std::locale::facet* (__cdecl sub_6169D6)(std::locale*, int, int8* Memory)",
0x616a9a,sub_616A9A,,"std::locale::facet* (__cdecl sub_616A9A)(std::locale*, int, int8* Memory)",
0x616b5e,??0?$collate@D@std@@QAE@I@Z,std_D_collate_ctor,"void* (__thiscall ??0?$collate@D@std@@QAE@I@Z)(void* this, int)",
0x616bb2,??0?$messages@D@std@@QAE@I@Z,std_D_messages_ctor,"void* (__thiscall ??0?$messages@D@std@@QAE@I@Z)(void* this, int)",
0x616c24,??0?$time_get@DV?$istreambuf_iterator@DU?$char_traits@D@std@@@std@@@std@@QAE@I@Z,std_D_DU_char_traits_DV_istreambuf_iterator_time_get_ctor,"void* (__thiscall ??0?$time_get@DV?$istreambuf_iterator@DU?$char_traits@D@std@@@std@@@std@@QAE@I@Z)(void* this, int)",
0x616c7d,??0?$time_put@DV?$ostreambuf_iterator@DU?$char_traits@D@std@@@std@@@std@@QAE@I@Z,std_D_DU_char_traits_DV_ostreambuf_iterator_time_put_ctor,"void* (__thiscall ??0?$time_put@DV?$ostreambuf_iterator@DU?$char_traits@D@std@@@std@@@std@@QAE@I@Z)(void* this, void* Memory)",
0x616cea,sub_616CEA,,,
0x616d38,sub_616D38,,,
0x616d86,sub_616D86,,,
0x616dd4,sub_616DD4,,,
0x616e22,sub_616E22,,,
0x616e70,sub_616E70,,,
0x616ebe,sub_616EBE,,,
0x616f0c,sub_616F0C,,,
0x616f5a,??0?$_Mpunct@D@std@@QAE@I_N@Z,std_D_Mpunct_ctor,"void* (__thiscall ??0?$_Mpunct@D@std@@QAE@I_N@Z)(void* this, int, int8)",
0x616fb9,sub_616FB9,,void (__thiscall sub_616FB9)(void* this),
0x617006,sub_617006,,void (__thiscall sub_617006)(void* this),
0x617053,sub_617053,,void (__thiscall sub_617053)(void* this),
0x6170a0,sub_6170A0,,void (__thiscall sub_6170A0)(void* this),
0x6170ed,sub_6170ED,,void (__thiscall sub_6170ED)(void* this),
0x61713a,sub_61713A,,void (__thiscall sub_61713A)(void* this),
0x617187,sub_617187,,void (__thiscall sub_617187)(void* this),
0x6171d4,sub_6171D4,,void (__thiscall sub_6171D4)(void* this),
0x617221,unknown_libname_79,,,
0x617242,__Mbrtowc,,"int (__cdecl __Mbrtowc)(LPWSTR lpWideCharStr, unsigned int8*, int, CHAR* lpMultiByteStr, LCID*)",
0x6172a5,__Mbrtowc_lk,,"int (__cdecl __Mbrtowc_lk)(LPWSTR lpWideCharStr, unsigned int8*, unsigned int, CHAR* lpMultiByteStr, LCID*)",
0x6173b8,_btowc,,,
0x6173f9,sub_6173F9,,,
0x61744d,??1type_info@@UAE@XZ,type_info_dtor,void (__thiscall ??1type_info@@UAE@XZ)(type_info* this),
0x617476,??_Gtype_info@@UAEPAXI@Z,op_Gtype_info,"type_info* (__thiscall ??_Gtype_info@@UAEPAXI@Z)(type_info* this, int8)",
0x617492,??2@YAPAXI@Z,Z_YAPAXI_op_2,void* (__cdecl ??2@YAPAXI@Z)(uint allocation_size),0x216ed2
0x6174a0,?_JumpToContinuation@@YGXPAXPAUEHRegistrationNode@@@Z,JumpToContinuation,,
0x6174d4,?_CallMemberFunction0@@YGXPAX0@Z,CallMemberFunction0,,
0x6174db,sub_6174DB,,,
0x6174e2,?_UnwindNestedFrames@@YGXPAUEHRegistrationNode@@PAUEHExceptionRecord@@@Z,UnwindNestedFrames,"void (__stdcall ?_UnwindNestedFrames@@YGXPAUEHRegistrationNode@@PAUEHExceptionRecord@@@Z)(PVOID TargetFrame, PEXCEPTION_RECORD ExceptionRecord)",
0x617531,___CxxFrameHandler,,"EXCEPTION_DISPOSITION (__cdecl ___CxxFrameHandler)(EHExceptionRecord* pExcept, EHRegistrationNode RN, CONTEXT* pContext, DispatcherContext* pDC)",
0x617567,?_CallCatchBlock2@@YAPAXPAUEHRegistrationNode@@PBU_s_FuncInfo@@PAXHK@Z,CallCatchBlock2,,
0x6175bb,?CatchGuardHandler@@YA?AW4_EXCEPTION_DISPOSITION@@PAUEHExceptionRecord@@PAUCatchGuardRN@@PAX2@Z,CatchGuardHandler,"int (__cdecl ?CatchGuardHandler@@YA?AW4_EXCEPTION_DISPOSITION@@PAUEHExceptionRecord@@PAUCatchGuardRN@@PAX2@Z)(PEXCEPTION_RECORD ExceptionRecord, PVOID TargetFrame, _CONTEXT*)",
0x6175e0,?_CallSETranslator@@YAHPAUEHExceptionRecord@@PAUEHRegistrationNode@@PAX2PBU_s_FuncInfo@@H1@Z,CallSETranslator,"BOOL (__cdecl ?_CallSETranslator@@YAHPAUEHExceptionRecord@@PAUEHRegistrationNode@@PAX2PBU_s_FuncInfo@@H1@Z)(EHExceptionRecord* pExcept, EHRegistrationNode* pRN, void* pContext, DispatcherContext* pDC, FuncInfo* pFuncInfo, int CatchDepth, EHRegistrationNode* pMarkerRN)",
0x617696,?TranslatorGuardHandler@@YA?AW4_EXCEPTION_DISPOSITION@@PAUEHExceptionRecord@@PAUTranslatorGuardRN@@PAX2@Z,TranslatorGuardHandler,"int (__cdecl ?TranslatorGuardHandler@@YA?AW4_EXCEPTION_DISPOSITION@@PAUEHExceptionRecord@@PAUTranslatorGuardRN@@PAX2@Z)(EHExceptionRecord* pExcept, TranslatorGuardRN* pRN, _CONTEXT* pContext)",
0x61770b,?_GetRangeOfTrysToCheck@@YAPBU_s_TryBlockMapEntry@@PBU_s_FuncInfo@@HHPAI1@Z,GetRangeOfTrysToCheck,"_s_TryBlockMapEntry* (__cdecl ?_GetRangeOfTrysToCheck@@YAPBU_s_TryBlockMapEntry@@PBU_s_FuncInfo@@HHPAI1@Z)(FuncInfo* pFuncInfo, int CatchDepth, int curState, unsigned int* pStart, unsigned int* pEnd)",
0x617788,__global_unwind2,,void (__cdecl __global_unwind2)(PVOID TargetFrame),
0x6177a8,__unwind_handler,,,
0x6177ca,__local_unwind2,,,
0x617832,__abnormal_termination,,,
0x617855,__NLG_Notify1,,,
0x61785e,__NLG_Notify,,"int (__userpurge __NLG_Notify@<eax>)(int result@<eax>, int@<ebp>, int)",
0x617876,_tolower,,int (__cdecl _tolower)(int C),
0x6178e5,_tolower_0,,int (__cdecl _tolower_0)(int C),
0x6179b0,_isalpha,,int (__cdecl _isalpha)(int C),
0x6179de,sprintf,,"int (sprintf)(int8* Dest, int8* Format)",
0x617a30,??0exception@@QAE@XZ,exception_ctor,,
0x617a41,??_Gexception@@UAEPAXI@Z,op_Gexception,"std::exception* (__thiscall ??_Gexception@@UAEPAXI@Z)(std::exception* Memory, int8)",
0x617a5d,??0exception@@QAE@ABQBD@Z,exception_ctor,"std::exception* (__thiscall ??0exception@@QAE@ABQBD@Z)(std::exception* this, int8**)",
0x617a9a,??0exception@@QAE@ABV0@@Z,exception_ctor,"std::exception* (__thiscall ??0exception@@QAE@ABV0@@Z)(std::exception* this, std::exception* other)",
0x617ae4,??1exception@@UAE@XZ,exception_dtor,,
0x617afa,?what@exception@@UBEPBDXZ,exception_what,int8* (__thiscall ?what@exception@@UBEPBDXZ)(std::exception* this),
0x617b07,__CxxThrowException@8,,"void (__stdcall __CxxThrowException@8)(void* pExceptionObject, ThrowInfo* pThrowInfo)",0x217547
0x617b50,_memmove,,"void* (__cdecl _memmove)(void* Dst, void* Src, size_t Size)",
0x617e85,__onexit,,_onexit_t (__cdecl __onexit)(_onexit_t Func),
0x617f03,_atexit,,,0x217943
0x617f15,___onexitinit,,,
0x617f44,sub_617F44,,,
0x617f5b,nullsub_12,,,
0x617f5c,__cfltcvt_init_2,,"int8* (__cdecl *)(unknown float* a1, int8* Src, int a3, int8* Size, int a5) (__cfltcvt_init_2)()",
0x617f94,ftol,,,
0x617fbb,_strtok,,"int8* (__cdecl _strtok)(int8* Str, int8* Delim)",
0x618060,__alloca_probe,,,
0x618090,__alldiv,,,
0x618140,__CIsqrt,,,
0x618154,_sqrt,,unknown float (__fastcall _sqrt)(unknown float x),
0x6181fa,??_H@YAXPAXIHP6AX0@Z@Z,Z_Z_YAXPAXIHP6AX0_op_H,"void (__stdcall ??_H@YAXPAXIHP6AX0@Z@Z)(void* __t, unsigned int __s, int __n, void (__thiscall *)(void* __t) __f)",0x217c3a
0x61827c,??_I@YAXPAXIHP6AX0@Z@Z,Z_Z_YAXPAXIHP6AX0_op_I,"void (__stdcall ??_I@YAXPAXIHP6AX0@Z@Z)(void* ptr, unsigned int size, int count, void (__thiscall *)(void* ptr) destructor)",0x217cbc
0x6182fc,?__ArrayUnwind@@YGXPAXIHP6EX0@Z@Z,ArrayUnwind,,
0x61835a,unknown_libname_470,,,
0x618370,__purecall,,,0x217d9a
0x618380,__CIatan,,unknown float (__usercall __CIatan@<st0>)(unsigned int64 x@<st0>),
0x618394,_atan,,,
0x61841f,_srand,,void (__cdecl _srand)(unsigned int Seed),0x217e4f
0x61842c,_rand,,,0x217e5c
0x61844e,_atol,,int32 (__cdecl _atol)(int8* Str),
0x6184d9,_atoi,,int (__cdecl _atoi)(int8* Str),
0x6184f0,_fmod,,"void (__cdecl _fmod)(unknown float x, unknown float y)",
0x618522,_fabs,,,
0x6185e0,_memchr,,"void* (__cdecl _memchr)(void* Buf, int Val, size_t MaxCount)",
0x618685,sub_618685,,,
0x618690,_strcspn,,"size_t (__cdecl _strcspn)(int8* Str, int8* Control)",
0x6186ce,__findfirst,,"int (__cdecl __findfirst)(LPCSTR lpFileName, _finddata_t* a2)",
0x61879b,__findnext,,"int (__cdecl __findnext)(HANDLE hFindFile, _finddata_t* pfd)",
0x618863,__findclose,,int (__cdecl __findclose)(HANDLE hFindFile),
0x618883,___timet_from_ft,,int (__cdecl ___timet_from_ft)(FILETIME* lpFileTime),
0x6188e7,?getcwd@@YAPADPADH@Z,getcwd,,
0x61890e,__getdcwd_lk,,"int8* (__cdecl __getdcwd_lk)(int FileName, int8*, int)",
0x6189e3,__validdrive,,BOOL (__cdecl __validdrive)(int RootPathName),
0x618a1a,_fwrite_l,,"size_t (__cdecl _fwrite_l)(void* Str, size_t Size, size_t Count, FILE* File)",0x21844a
0x618a49,_fwrite,,"size_t (__cdecl _fwrite)(void* Str, size_t Size, size_t Count, FILE* File)",
0x618b53,_fputc,,"int (__cdecl _fputc)(int Ch, FILE* File)",0x218583
0x618b8e,_fgetc,,int (__cdecl _fgetc)(FILE* File),0x2185be
0x618bbf,_ungetc,,"int (__cdecl _ungetc)(int Ch, FILE* File)",0x2185ef
0x618be8,_ungetc_0,,"int (__cdecl _ungetc_0)(int Ch, FILE* File)",
0x618c56,_fgetpos,,"int (__cdecl _fgetpos)(FILE* File, fpos_int_* Pos)",0x218686
0x618c78,_fseek,,"int (__cdecl _fseek)(FILE* File, int32 Offset, int Origin)",0x2186a8
0x618ca4,__fseek_lk,,"int (__cdecl __fseek_lk)(void*, LONG lDistanceToMove, DWORD dwMoveMethod)",
0x618d31,_fsetpos,,"int (__cdecl _fsetpos)(FILE* File, fpos_t* Pos)",0x218761
0x618d49,_setvbuf,,"int (__cdecl _setvbuf)(FILE* File, int8* Buf, int Mode, size_t Size)",0x218779
0x618df8,_fflush,,int (__cdecl _fflush)(FILE* File),0x218828
0x618e27,__fflush_lk,,,
0x618e55,__flush,,,
0x618eb1,__flushall,,,
0x618eba,_flsall,,,
0x618f5e,_fclose,,int (__cdecl _fclose)(FILE* File),0x21898e
0x618f8f,__fclose_lk,,,
0x618fe0,_strncpy,,"int8* (__cdecl _strncpy)(int8* Dest, int8* Source, size_t Count)",
0x6190de,_vsprintf,,"int (__cdecl _vsprintf)(int8* Dest, int8* Format, va_list Args)",
0x61912f,_toupper,,int (__cdecl _toupper)(int C),
0x61919e,_toupper_0,,int (__cdecl _toupper_0)(int C),
0x619270,_strrchr,,"int8* (__cdecl _strrchr)(int8* Str, int Ch)",
0x619297,_ceil,,,
0x619366,_atof,,unknown float (__cdecl _atof)(int8* String),
0x6193bd,__cinit,,,
0x6193ea,_exit,,void (__cdecl _exit)(int Code),
0x6193fb,__exit,,void (__cdecl __exit)(int Code),
0x61940c,_doexit,,"void (__cdecl _doexit)(int code, int quick, int retcaller)",
0x6194b1,__lockexit,,,
0x6194ba,__unlockexit,,,
0x6194c3,__initterm,,,
0x6194dd,_ftell,,int32 (__cdecl _ftell)(FILE* File),0x218f0d
0x6194ff,__ftell_lk,,,
0x619660,__fsopen,,"FILE* (__cdecl __fsopen)(int8* Filename, int8* Mode, int ShFlag)",
0x619691,_fopen,,"FILE* (__cdecl _fopen)(int8* Filename, int8* Mode)",0x2190c1
0x6196a4,_fread_lk,,"size_t (__cdecl _fread_lk)(void* DstBuf, size_t ElementSize, size_t Count, FILE* File)",0x2190d4
0x6196d3,_fread,,"size_t (__cdecl _fread)(void* DstBuf, size_t ElementSize, size_t Count, FILE* File)",
0x6197c0,__strcmpi,,"int (__cdecl __strcmpi)(int8* Str1, int8* Str2)",
0x619890,_realloc,,"void* (__cdecl _realloc)(void* Memory, size_t NewSize)",0x2192c0
0x6199c8,__lseek,,"DWORD (__cdecl __lseek)(UINT, LONG lDistanceToMove, DWORD dwMoveMethod)",
0x619a2d,__lseek_lk,,"DWORD (__cdecl __lseek_lk)(int, LONG lDistanceToMove, DWORD dwMoveMethod)",
0x619aa0,__chdir,,int (__cdecl __chdir)(LPCSTR lpPathName),
0x619b30,_strstr,,"int8* (__cdecl _strstr)(int8* Str, int8* SubStr)",
0x619bb0,_free,,void (__cdecl _free)(void* Memory),0x2195e0
0x619bf8,_strtol,,"int32 (__cdecl _strtol)(int8* Str, int8** EndPtr, int Radix)",
0x619c0f,_strtoxl,,,
0x619e14,_strtoul,,"unsigned int32 (__cdecl _strtoul)(int8* Str, int8** EndPtr, int Radix)",
0x619e2b,__dosmaperr,,void (__cdecl __dosmaperr)(uint oserrno),
0x619e9e,__errno,,,
0x619ea7,___doserrno,,,
0x619eb0,_time,,int (__cdecl _time)(time_t* timeptr),
0x619f8c,__fullpath,,"int8* (__cdecl __fullpath)(int8* FullPath, int8* Path, size_t SizeInBytes)",
0x61a031,_fprintf,,"int (_fprintf)(FILE* File, int8* Format)",
0x61a06d,__close,,int (__cdecl __close)(int fd),0x219a9d
0x61a0ca,__close_lk,,,
0x61a14d,__open,,"int (__cdecl __open)(int8* filename, int oflag, int pmode)",0x219b7d
0x61a164,__sopen,,"int (__cdecl __sopen)(LPCSTR lpFileName, int16, int Buffer, int8)",
0x61a433,__beginthreadex,,"HANDLE (__cdecl __beginthreadex)(void* security, unsigned int stack_size, unsigned int (__stdcall *)(void* security) start_address, void*, unsigned int arglist, unsigned int* initflag)",0x219e63
0x61a49e,__threadstartex@4,,void (__stdcall __threadstartex@4)(DWORD* lpThreadParameter),
0x61a51b,sub_61A51B,,,
0x61a53a,__endthreadex,,void (__cdecl __endthreadex)(DWORD exit_code),0x219f6a
0x61a56c,__beginthread,,"HANDLE (__cdecl __beginthread)(void (__cdecl *)(void* start_address) start_address, unsigned int, void* stack_size)",0x219f9c
0x61a5e3,__threadstart@4,,void (__stdcall __threadstart@4)(LPVOID lpThreadParameter),
0x61a657,sub_61A657,,,
0x61a676,__endthread,,,0x21a0a6
0x61a6c0,_atan2,,"unknown float (__cdecl _atan2)(unknown float Y, unknown float X)",
0x61a6e0,__CIcos,,unknown float (__usercall __CIcos@<st0>)(unsigned int64 x@<st0>),
0x61a6f4,_cos,,,
0x61a790,__CIsin,,unknown float (__usercall __CIsin@<st0>)(unsigned int64 x@<st0>),
0x61a7a4,_sin,,,
0x61a83e,__access,,"int (__cdecl __access)(int8* path, int mode)",
0x61a884,start,,,
0x61a98c,__amsg_exit,,,
0x61a9b1,_fast_error_exit,,,
0x61a9d5,_malloc,,void* (__cdecl _malloc)(size_t Size),0x21a405
0x61a9e7,__nh_malloc,,"void* (__cdecl __nh_malloc)(unsigned int allocation_size, int arg)",
0x61aa13,__heap_alloc,,void* (__cdecl __heap_alloc)(unsigned int allocation_size),
0x61aa61,_calloc,,"void* (__cdecl _calloc)(size_t NumOfElements, size_t SizeOfElements)",0x21a491
0x61aaf8,__except_handler3,,"int (__cdecl __except_handler3)(_EXCEPTION_RECORD* a1, void* TargetFrame, int a3)",
0x61abb5,__seh_longjmp_unwind@4,,,
0x61abd0,__fdopen,,"FILE* (__cdecl __fdopen)(int FileHandle, int8* Mode)",
0x61acd0,_strlen,,size_t (__cdecl _strlen)(int8* Str),
0x61ad4c,__EH_prolog,,,
0x61ad70,_memcpy,,"void* (__cdecl _memcpy)(void* Dst, void* Src, size_t Size)",
0x61b0b0,_memcmp,,"int (__cdecl _memcmp)(void* Buf1, void* Buf2, size_t Size)",
0x61b15c,_setlocale,,"int8* (__cdecl _setlocale)(int category, int8* locale)",0x21ab8c
0x61b3a2,__setlocale_set_cat,,"int8* (__cdecl __setlocale_set_cat)(void*, int8* Memory)",
0x61b4bd,__setlocale_get_all,,,
0x61b576,__expandlocale,,"int8* (__cdecl __expandlocale)(int8* Str2, int8* Dest, unknown* Dst, void*)",
0x61b68e,__strcats,,"int8* (__cdecl __strcats)(int8* Dest, int)",
0x61b6b3,___lc_strtolc,,"int (__cdecl ___lc_strtolc)(int8* Dst, int8* Str)",
0x61b77f,___lc_lctostr,,"int8* (__cdecl ___lc_lctostr)(int8* Dest, int8* Source)",
0x61b7e0,_memset,,"void* (__cdecl _memset)(void* Dst, int Val, size_t Size)",
0x61b838,__mtinitlocks,,,
0x61b861,__lock,,,
0x61b8c2,__unlock,,,
0x61b8d7,___crtLCMapStringA,,"int (__cdecl ___crtLCMapStringA)(LCID Locale, DWORD dwMapFlags, CHAR* lpSrcStr, void* cchSrc, LPSTR lpDestStr, int cchDest, UINT CodePage, int)",
0x61bafb,_strncnt,,,
0x61bb26,__isctype,,"int (__cdecl __isctype)(int C, int mask)",
0x61bb9b,___initstdio,,,
0x61bc43,___endstdio,,,
0x61bc57,__lock_file,,,
0x61bc86,__lock_file2,,,
0x61bca9,__unlock_file,,,
0x61bcd8,__unlock_file2,,,
0x61bcfb,_fputwc,,"wint_t (__cdecl _fputwc)(wchar_t Ch, FILE* File)",
0x61bd25,__putwc_lk,,"wchar_t (__cdecl __putwc_lk)(wchar_t WCh, FILE* File)",
0x61be1e,_ungetwc,,"wint_t (__cdecl _ungetwc)(wint_t Ch, FILE* File)",
0x61be48,__ungetwc_lk,,"int16 (__cdecl __ungetwc_lk)(wchar_t MbCh, void*)",
0x61bf35,_fgetwc,,wint_t (__cdecl _fgetwc)(FILE* File),
0x61bf58,__getwc_lk,,int16 (__cdecl __getwc_lk)(FILE* File),
0x61c049,_strtod,,"unknown float (__cdecl _strtod)(int8* Str, int8** EndPtr)",
0x61c0f3,__Getdays,,,
0x61c182,__Getmonths,,,
0x61c217,__Gettnames,,,
0x61c449,sub_61C449,,,
0x61c543,__expandtime,,,
0x61c932,__store_str,,,
0x61c959,__store_num,,,
0x61c9c8,__store_number,,,
0x61ca11,__store_winword,,"void (__cdecl __store_winword)(int8* Str1, int, void*, void*, int)",
0x61cce0,_wcslen,,size_t (__cdecl _wcslen)(wchar_t* Str),
0x61ccfd,___crtCompareStringA,,"int (__cdecl ___crtCompareStringA)(LCID Locale, DWORD dwCmpFlags, CHAR* lpString1, int cchCount1, CHAR* lpString2, int cchCount2, UINT CodePage)",
0x61cf80,_strcmp,,"int (__cdecl _strcmp)(int8* Str1, int8* Str2)",
0x61d004,___InternalCxxFrameHandler,,"EXCEPTION_DISPOSITION (__cdecl ___InternalCxxFrameHandler)(EHExceptionRecord* pExcept, EHRegistrationNode* pRN, CONTEXT* pContext, DispatcherContext* pDC, FuncInfo* pFuncInfo, int CatchDepth, EHRegistrationNode* pMarkerRN, BOOLEAN recursive)",
0x61d09f,?FindHandler@@YAXPAUEHExceptionRecord@@PAUEHRegistrationNode@@PAU_CONTEXT@@PAXPBU_s_FuncInfo@@EH1@Z,FindHandler,"void (__cdecl ?FindHandler@@YAXPAUEHExceptionRecord@@PAUEHRegistrationNode@@PAU_CONTEXT@@PAXPBU_s_FuncInfo@@EH1@Z)(EHExceptionRecord* pExcept, EHRegistrationNode* pRN, _CONTEXT* pContext, void* pDC, _s_FuncInfo* pFuncInfo, unsigned int8 recursive, int CatchDepth, EHRegistrationNode* pMarkerRN)",
0x61d252,?FindHandlerForForeignException@@YAXPAUEHExceptionRecord@@PAUEHRegistrationNode@@PAU_CONTEXT@@PAXPBU_s_FuncInfo@@HH1@Z,FindHandlerForForeignException,"void (__cdecl ?FindHandlerForForeignException@@YAXPAUEHExceptionRecord@@PAUEHRegistrationNode@@PAU_CONTEXT@@PAXPBU_s_FuncInfo@@HH1@Z)(EHExceptionRecord* pExcept, EHRegistrationNode* pRN, Context* pContext, void* pDC, FuncInfo* pFuncInfo, int curState, int CatchDepth, EHRegistrationNode* pMarkerRN)",
0x61d2fc,?TypeMatch@@YAHPBU_s_HandlerType@@PBU_s_CatchableType@@PBU_s_ThrowInfo@@@Z,TypeMatch,,
0x61d359,___FrameUnwindToState,,"void (__cdecl ___FrameUnwindToState)(EHRegistrationNode* pRN, DispatcherContext* pDC, FuncInfo* pFuncInfo, __ehstate_t targetState)",
0x61d3f7,?CatchIt@@YAXPAUEHExceptionRecord@@PAUEHRegistrationNode@@PAU_CONTEXT@@PAXPBU_s_FuncInfo@@PBU_s_HandlerType@@PBU_s_CatchableType@@PBU_s_TryBlockMapEntry@@H1E@Z,CatchIt,"void (__cdecl ?CatchIt@@YAXPAUEHExceptionRecord@@PAUEHRegistrationNode@@PAU_CONTEXT@@PAXPBU_s_FuncInfo@@PBU_s_HandlerType@@PBU_s_CatchableType@@PBU_s_TryBlockMapEntry@@H1E@Z)(EHExceptionRecord* pExcept, EHRegistrationNode* pRN, Context* pContext, void* pDC, FuncInfo* pFuncInfo, HandlerType* pCatch, CatchableType* pConv, TryBlockMapEntry* pEntry, int CatchDepth, EHRegistrationNode* pMarkerRN, bool IsRethrow)",
0x61d472,?CallCatchBlock@@YAPAXPAUEHExceptionRecord@@PAUEHRegistrationNode@@PAU_CONTEXT@@PBU_s_FuncInfo@@PAXHK@Z,CallCatchBlock,,
0x61d58d,?ExFilterRethrow@@YAHPAU_EXCEPTION_POINTERS@@@Z,ExFilterRethrow,,
0x61d5b7,?BuildCatchObject@@YAXPAUEHExceptionRecord@@PAUEHRegistrationNode@@PBU_s_HandlerType@@PBU_s_CatchableType@@@Z,BuildCatchObject,,
0x61d77b,unknown_libname_81,,,
0x61d7e2,?AdjustPointer@@YAPAXPAXABUPMD@@@Z,AdjustPointer,,
0x61d810,__CallSettingFrame@12,,,
0x61d85c,__mtinit,,,
0x61d8b0,__initptd,,void (__cdecl __initptd)(_ptiddata ptd),
0x61d8c3,__getptd,,,0x21d303
0x61d92a,__freeptd,,void (__cdecl __freeptd)(_ptiddata ptd),
0x61d9ca,?terminate@@YAXXZ,terminate,,0x21d40a
0x61da2b,j_?_inconsistency@@YAXXZ,,,
0x61da81,__flsbuf,,"int (__cdecl __flsbuf)(int Ch, FILE* File)",0x21d4c1
0x61db99,__output,,"int (__cdecl __output)(FILE* File, int8*, int)",
0x61e2da,_write_char,,"void* (__cdecl _write_char)(int, FILE* File, void*)",
0x61e30f,_write_multi_char,,"void* (__cdecl _write_multi_char)(int, void*, FILE* File, void*)",
0x61e340,_write_string,,"int8* (__cdecl _write_string)(int8*, int8*, FILE* File, void*)",
0x61e378,_get_int_arg,,,
0x61e385,_get_int64_arg,,,
0x61e395,_get_short_arg,,,
0x61e3b0,_strcpy,,"int8* (__cdecl _strcpy)(int8* Dest, int8* Source)",
0x61e3c0,_strcat,,"int8* (__cdecl _strcat)(int8* Dest, int8* Source)",
0x61e4a0,?__CxxUnhandledExceptionFilter@@YGJPAU_EXCEPTION_POINTERS@@@Z,CxxUnhandledExceptionFilter,int (__stdcall ?__CxxUnhandledExceptionFilter@@YGJPAU_EXCEPTION_POINTERS@@@Z)(_EXCEPTION_POINTERS* ep),
0x61e4e6,set_top_unhandled_exception_filter,,,
0x61e4f7,set_unhandled_exception_filter,,,
0x61e504,__msize,,size_t (__cdecl __msize)(void* Memory),0x21df44
0x61e549,__setdefaultprecision,,,
0x61e55b,__ms_p5_test_fdiv,,,
0x61e599,__ms_p5_mp_test_fdiv,,,
0x61e5c2,__forcdecpt,,,
0x61e61c,__cropzeros,,,
0x61e66a,__positive,,,
0x61e682,__fassign,,,
0x61e6c0,__cftoe,,,
0x61e721,__cftoe2,,,
0x61e7e3,__cftof,,"int8* (__cdecl __cftof)(unknown float*, int8* Src, int Size)",
0x61e838,__cftof2,,"int8* (__cdecl __cftof2)(int8* Src, int Size, void*, int8)",
0x61e8df,__cftog,,"int8* (__cdecl __cftog)(unknown float*, int8* Src, int8* Size, int)",
0x61e972,__cfltcvt,,"int8* (__cdecl __cfltcvt)(unknown float*, int8* Src, int, int8* Size, int)",
0x61e9c3,__shift,,"void (__cdecl __shift)(int8* Src, int)",
0x61e9f0,__trandisp1,,"int (__usercall __trandisp1@<eax>)(int@<edx>, int16@<ecx>, int@<ebp>, int16@<fpstat>, unknown float _ST7@<st0>)",
0x61ea57,__trandisp2,,,
0x61eaec,__rttosnpop,,,
0x61eb96,__rtindfpop,,,
0x61eba9,__rttosnpopde,,,
0x61ebb9,chsifnegret,,,
0x61ebc0,__startTwoArgErrorHandling,,,
0x61ebd7,__startOneArgErrorHandling,,,
0x61ec20,__twoToTOS,,,
0x61ec35,__load_CW,,,
0x61ec4c,__convertTOStoQNaN,,"unknown float (__usercall __convertTOStoQNaN@<st0>)(int@<eax>, unknown float result@<st0>)",
0x61ec65,__fload_withFB,,,
0x61eca8,__checkTOS_withFB,,,
0x61ecbe,__fast_exit,,,
0x61ecf5,__check_overflow_exit,,,
0x61edc9,hard,,,
0x61edf0,__cintrindisp2,,,
0x61ee2e,__cintrindisp1,,,
0x61ee6b,__ctrandisp2,,,
0x61eeb3,ctranexit,,,
0x61eeba,cintrinexit,,"unknown float (__usercall cintrinexit@<st0>)(unknown float*@<ebp>, unknown float result@<st0>)",
0x61efeb,__ctrandisp1,,,
0x61f01e,__fload,,,
0x61f060,unknown_libname_82,,,
0x61f177,unknown_libname_83,,,
0x61f616,unknown_libname_84,,,
0x61f629,unknown_libname_85,,,
0x61f866,unknown_libname_96,,,
0x61fa6c,unknown_libname_97,,,
0x61fb1e,unknown_libname_98,,,
0x61fd24,unknown_libname_99,,,
0x61fdeb,__handle_qnan1,,,
0x61fe3f,__except1,,"unknown float (__cdecl __except1)(DWORD dwExceptionCode, int, unknown float, unknown float, int16)",
0x61fed7,__raise_exc,,"int (__usercall __raise_exc@<eax>)(int16@<fpstat>, ULONG_PTR Arguments, unsigned int*, DWORD dwExceptionCode, int16, unknown float*, unknown float*)",
0x62018a,__handle_exc,,,
0x6203a1,__umatherr,,"unknown float (__cdecl __umatherr)(int Value, int, int, int, int, int, unknown float)",
0x620429,__set_errno,,errno_t (__cdecl __set_errno)(int Value),0x21fe69
0x620451,__get_fname,,,
0x620476,__errcode,,,
0x6204a3,__set_exp,,,
0x6204cc,__sptype,,,
0x620526,__decomp,,,
0x6205e7,__statfp,,,
0x6205f5,__clrfp,,,
0x620604,__ctrlfp,,,
0x620627,__set_statfp,,,
0x62067d,___loctotime_t,,,
0x62073f,__write,,"int (__cdecl __write)(UINT, void* lpBuffer, DWORD nNumberOfBytesToWrite)",
0x6207a4,__write_lk,,"int (__cdecl __write_lk)(int, void* lpBuffer, DWORD nNumberOfBytesToWrite)",
0x62092f,__filbuf,,int (__cdecl __filbuf)(FILE* File),0x22036f
0x620a0b,__getbuf,,,
0x620a4f,__ftelli64,,int64 (__cdecl __ftelli64)(FILE* File),
0x620a77,__ftelli64_lk,,,
0x620c07,__fseeki64,,"int (__cdecl __fseeki64)(FILE* File, int64 Offset, int Origin)",
0x620c36,__fseeki64_lk,,"int (__cdecl __fseeki64_lk)(void*, int64, DWORD dwMoveMethod)",
0x620cc7,__freebuf,,,
0x620cf2,__commit,,,
0x620d85,__frnd,,,
0x620d97,__fltin2,,,
0x620e16,__ioinit,,,
0x620fd2,__openfile,,"void* (__cdecl __openfile)(LPCSTR lpFileName, void*, int Buffer, void*)",
0x621142,__getstream,,,
0x62120a,__stbuf,,,
0x621297,__ftbuf,,,
0x6212c1,__read,,"int (__cdecl __read)(int fd, void* buffer, unsigned int buffer_size)",0x220d01
0x621326,__read_lk,,"unsigned int (__cdecl __read_lk)(int, int8* lpBuffer, DWORD nNumberOfBytesToRead)",
0x6214ff,__callnewh,,,
0x62151a,__heap_init,,,
0x621556,___sbh_heap_init,,,
0x621594,___sbh_find_block,,int8* (__cdecl ___sbh_find_block)(void* a1),
0x6215bf,___sbh_free_block,,void* (__cdecl ___sbh_free_block)(void* pvAlloc),
0x6218ea,___sbh_alloc_block,,,
0x621bf3,___sbh_alloc_new_region,,,
0x621ca4,___sbh_alloc_new_group,,,
0x621d9f,___sbh_resize_block,,,
0x622095,__alloc_osfhnd,,,
0x6221b8,__set_osfhnd,,"int (__cdecl __set_osfhnd)(int, HANDLE hHandle)",
0x622234,__free_osfhnd,,,
0x6222b3,__get_osfhandle,,,0x221cf3
0x6222f5,__lock_fhandle,,,
0x622354,__unlock_fhandle,,,
0x622376,__mbctoupper,,unsigned int (__cdecl __mbctoupper)(unsigned int SrcStr),
0x622400,found_bx,,,
0x622410,_strchr,,"int8* (__cdecl _strchr)(int8* Str, int Val)",
0x6224cc,__chsize_lk,,"int (__cdecl __chsize_lk)(int, LONG lDistanceToMove)",
0x6225f1,__XcptFilter,,"LONG (__cdecl __XcptFilter)(int xcptnum, _EXCEPTION_POINTERS* pxcptinfoptrs)",
0x62272f,_xcptlookup,,"_XCPT_ACTION* (__cdecl _xcptlookup)(unsigned int xcptnum, _XCPT_ACTION* pxcptacttab)",
0x622770,fFASN,,,
0x6227ac,AugmentSinCos,,,
0x6227dc,__rtpiby2,,,
0x6227f5,postv,,,
0x622812,__wincmdln,,,
0x62286a,__setenvp,,,
0x622923,__setargv,,,
0x6229bc,_parse_cmdline,,,
0x622b70,___crtGetEnvironmentStringsA,,,
0x622ca2,__FF_MSGBANNER,,,
0x622cdb,__NMSG_WRITE,,int* (__cdecl __NMSG_WRITE)(DWORD NumberOfBytesWritten),
0x622e2e,___init_time,,,
0x622ebf,__get_lc_time,,,
0x62320d,__free_lc_time,,,
0x62339d,___init_numeric,,,
0x623572,_fix_grouping,,,
0x6235a9,___init_monetary,,,
0x623674,__get_lc_lconv,,,
0x623796,__free_lc_lconv,,,
0x6237e4,___init_ctype,,,
0x623a29,sub_623A29,,,
0x623a30,_strncmp,,"int (__cdecl _strncmp)(int8* Str1, int8* Str2, size_t MaxCount)",
0x623a70,_strpbrk,,"int8* (__cdecl _strpbrk)(int8* Str, int8* Control)",
0x623aaa,___get_qualified_locale,,,
0x623c27,_TranslateName,,,
0x623c7f,_GetLcidFromLangCountry,,,
0x623d06,_LangCountryEnumProc@4,,,
0x623f0a,_GetLcidFromLanguage,,,
0x623f60,_LanguageEnumProc@4,,,
0x62401d,_GetLcidFromCountry,,,
0x624054,_CountryEnumProc@4,,,
0x6240da,_GetLcidFromDefault,,,
0x6240f4,_ProcessCodePage,,int (__cdecl _ProcessCodePage)(int8* Str),
0x62415a,_TestDefaultCountry,,,
0x624179,_TestDefaultLanguage,,,
0x6241db,_IsThisWindowsNT,,,
0x624211,_crtGetLocaleInfoA@16,,"int (__stdcall _crtGetLocaleInfoA@16)(LCID Locale, LCTYPE LCType, LPSTR lpLCData, int cchData)",
0x6242f7,_LcidFromHexString,,,
0x624330,_GetPrimaryLen,,,
0x624351,___crtGetStringTypeA,,"BOOL (__cdecl ___crtGetStringTypeA)(DWORD dwInfoType, LPCSTR lpSrcStr, int cchSrc, LPWORD lpCharType, UINT CodePage, LCID Locale, int)",
0x62449a,__fcloseall,,,
0x62451b,__flswbuf,,"int (__cdecl __flswbuf)(unsigned int16 Buffer, void*)",
0x624642,_wctomb,,"int (__cdecl _wctomb)(int8* MbCh, wchar_t WCh)",
0x62469b,__wctomb_lk,,"int (__cdecl __wctomb_lk)(LPSTR lpMultiByteStr, WCHAR WideCharStr)",
0x624704,__filwbuf,,,
0x6247eb,_mbtowc,,"int (__cdecl _mbtowc)(wchar_t* DstCh, int8* SrcCh, size_t SrcSizeInBytes)",
0x624848,__mbtowc_lk,,"unsigned int (__cdecl __mbtowc_lk)(LPWSTR lpWideCharStr, unsigned int8* lpMultiByteStr, int)",
0x624914,___tzset,,,
0x624942,__tzset_lk,,,
0x624bc9,__isindst,,,
0x624bea,__isindst_0,,,
0x624d96,_cvtdate,,,
0x624ed6,?_ValidateRead@@YAHPBXI@Z,ValidateRead,"BOOL (__cdecl ?_ValidateRead@@YAHPBXI@Z)(void* lp, UINT_PTR ucb)",
0x624ef2,?_ValidateWrite@@YAHPAXI@Z,ValidateWrite,"BOOL (__cdecl ?_ValidateWrite@@YAHPAXI@Z)(void* lp, UINT_PTR ucb)",
0x624f0e,?_ValidateExecute@@YAHP6GHXZ@Z,ValidateExecute,BOOL (__cdecl ?_ValidateExecute@@YAHP6GHXZ@Z)(FARPROC lpfn),
0x624f26,_abort,,,0x224966
0x624f3d,__isatty,,,
0x624f70,__aulldiv,,,
0x624fe0,__aullrem,,,
0x625055,__control87,,"unsigned int (__cdecl __control87)(unsigned int NewValue, unsigned int Mask)",
0x62508a,__controlfp,,"unsigned int (__cdecl __controlfp)(unsigned int NewValue, unsigned int Mask)",
0x6250a0,__abstract_cw,,,
0x625132,__hw_cw,,,
0x6251bb,__ZeroTail,,,
0x625204,__IncMan,,,
0x62525a,__RoundMan,,,
0x6252e6,__CopyMan,,,
0x625301,__FillZeroMan,,,
0x62530d,__IsZeroMan,,,
0x625328,__ShrMan,,,
0x6253b5,__ld12cvt,,,
0x625521,sub_625521,,,
0x625537,sub_625537,,,
0x62554d,sub_62554D,,,
0x62557a,sub_62557A,,,
0x6255a7,__fptostr,,"int8* (__cdecl __fptostr)(int8* Dst, int8*, int)",
0x62561e,__fltout2,,"void* (__cdecl __fltout2)(int, int, void*, int8* Dest)",
0x62567a,___dtold,,,
0x625730,__fptrap,,,
0x625739,__87except,,,
0x625809,__lseeki64,,"int (__cdecl __lseeki64)(UINT, int, int, DWORD dwMoveMethod)",
0x62587a,__lseeki64_lk,,"int64 (__cdecl __lseeki64_lk)(int, int, int, DWORD dwMoveMethod)",
0x6258ff,___strgtold12,,,
0x625dd0,__setmbcp,,,
0x625f7d,_getSystemCP,,,
0x625fc7,_CPtoLCID,,,
0x625ffa,_setSBCS,,,
0x626023,_setSBUpLow,,,
0x6261a8,___initmbctable,,,
0x6261c4,__setmode_lk,,,
0x626225,__ismbblead,,,
0x626236,sub_626236,,,
0x626267,___crtMessageBoxA,,,0x225caa
0x6262f0,___getlocaleinfo,,"int (__cdecl ___getlocaleinfo)(int, LCID Locale, LCTYPE LCType, int8**)",
0x626428,___crtGetStringTypeW,,"BOOL (__cdecl ___crtGetStringTypeW)(DWORD dwInfoType, LPCWSTR lpSrcStr, int cchSrc, LPWORD lpCharType, UINT CodePage, LCID Locale)",
0x6265ed,__itoa,,"int8* (__cdecl __itoa)(int Value, int8* Dest, int Radix)",
0x62661a,_xtoa,,,
0x626680,?strnicmp@@YAHPBD0I@Z,strnicmp,"int (__cdecl ?strnicmp@@YAHPBD0I@Z)(int8* Str1, int8* Str2, size_t MaxCount)",
0x626781,_getenv,,int8* (__cdecl _getenv)(int8* VarName),
0x6267fe,_raise,,,
0x626980,_siglookup,,,
0x6269bd,___addl,,,
0x6269de,___add_12,,,
0x626a3c,___shl_12,,,
0x626a6a,___shr_12,,,
0x626a97,___mtold12,,,
0x626b5e,_$I10_OUTPUT,,,
0x626df1,___ld12mul,,,
0x627011,___multtenpow12,,,
0x62708d,___crtGetLocaleInfoW,,"int (__cdecl ___crtGetLocaleInfoW)(LCID Locale, LCTYPE LCType, LPWSTR lpLCData, int cchData, UINT CodePage)",
0x6271a0,___crtGetLocaleInfoA,,"int (__cdecl ___crtGetLocaleInfoA)(LCID Locale, LCTYPE LCType, LPSTR lpLCData, int cchData, UINT CodePage)",
0x6272be,__mbsnbicoll,,"int (__cdecl __mbsnbicoll)(CHAR* lpString1, CHAR* lpString2, int cchCount1)",
0x6272fd,___wtomb_environ,,,
0x62736b,___crtsetenv,,"int (__cdecl ___crtsetenv)(int8* Str, int)",
0x6274f2,_findenv,,"int (__cdecl _findenv)(CHAR* lpString1, int cchCount1)",
0x62754a,_copy_environ,,,
0x6275b1,__mbschr,,"int8* (__cdecl __mbschr)(int8* Str, int Val)",
0x627648,__strdup,,int8* (__cdecl __strdup)(int8* Src),
0x627680,RtlUnwind,,"void (__stdcall RtlUnwind)(PVOID TargetFrame, PVOID TargetIp, PEXCEPTION_RECORD ExceptionRecord, PVOID ReturnValue)",
0x627690,__strrev,,int8* (__cdecl __strrev)(int8* Str),
0x6276c0,__strupr,,int8* (__cdecl __strupr)(int8* String),
0x627800,unwind_627800,,,
0x627820,unwind_627820,,,
0x627960,unknown_libname_471,,,
0x627980,sub_627980,,,
0x6279a0,sub_6279A0,,,
0x6279c0,unknown_libname_262_0,,,
0x6279e0,unknown_libname_263_0,,,
0x627a00,unknown_libname_692,,,
0x627a10,sub_627A10,,,
0x627a80,sub_627A80,,,
0x627aa0,sub_627AA0,,,
0x627ad0,sub_627AD0,,,
0x627b00,sub_627B00,,,
0x627b30,sub_627B30,,,
0x627b50,unknown_libname_473,,,
0x627b70,sub_627B70,,,
0x627b90,unknown_libname_264_0,,,
0x627bb0,sub_627BB0,,,
0x627bd0,unknown_libname_106,,,
0x627bf0,sub_627BF0,,,
0x627c10,sub_627C10,,,
0x627c30,sub_627C30,,,
0x627c50,sub_627C50,,,
0x627c70,sub_627C70,,,
0x627c90,sub_627C90,,,
0x627cb0,sub_627CB0,,,
0x627cd0,sub_627CD0,,,
0x627d10,sub_627D10,,,
0x627d30,sub_627D30,,,
0x627d50,sub_627D50,,,
0x627d70,sub_627D70,,,
0x627d90,sub_627D90,,,
0x627db0,sub_627DB0,,,
0x627dd0,sub_627DD0,,,
0x627df0,sub_627DF0,,,
0x627e10,sub_627E10,,,
0x627e30,sub_627E30,,,
0x627e50,sub_627E50,,,
0x627e80,unknown_libname_265_0,,,
0x627ea0,unknown_libname_266_0,,,
0x627ec0,unknown_libname_267_0,,,
0x627ee0,unknown_libname_268_0,,,
0x627f00,sub_627F00,,,
0x627f20,sub_627F20,,,
0x627f40,sub_627F40,,,
0x627f60,sub_627F60,,,
0x627f80,sub_627F80,,,
0x627fa0,sub_627FA0,,,
0x627fc0,sub_627FC0,,,
0x627fe0,sub_627FE0,,,
0x628000,sub_628000,,,
0x628020,sub_628020,,,
0x628040,sub_628040,,,
0x628060,sub_628060,,,
0x628080,sub_628080,,,
0x6280a0,sub_6280A0,,,
0x6280c0,sub_6280C0,,,
0x6280e0,sub_6280E0,,,
0x628100,sub_628100,,,
0x628120,sub_628120,,,
0x628140,sub_628140,,,
0x628160,sub_628160,,,
0x628180,sub_628180,,,
0x6281a0,sub_6281A0,,,
0x6281c0,sub_6281C0,,,
0x6281e0,sub_6281E0,,,
0x628220,sub_628220,,,
0x628240,sub_628240,,,
0x628260,sub_628260,,,
0x628280,sub_628280,,,
0x6282a0,sub_6282A0,,,
0x6282c0,sub_6282C0,,,
0x6282e0,sub_6282E0,,,
0x628300,sub_628300,,,
0x628320,sub_628320,,,
0x628340,sub_628340,,,
0x628360,sub_628360,,,
0x628380,sub_628380,,,
0x6283a0,unknown_libname_601,,,
0x6283c0,sub_6283C0,,,
0x6283f0,sub_6283F0,,,
0x628410,sub_628410,,,
0x628430,sub_628430,,,
0x628450,sub_628450,,,
0x628470,sub_628470,,,
0x628490,sub_628490,,,
0x6284b0,sub_6284B0,,,
0x6284d0,sub_6284D0,,,
0x6284f0,sub_6284F0,,,
0x628510,sub_628510,,,
0x628580,sub_628580,,,
0x6285a0,sub_6285A0,,,
0x6285c0,sub_6285C0,,,
0x6285e0,sub_6285E0,,,
0x628600,sub_628600,,,
0x628620,sub_628620,,,
0x628640,sub_628640,,,
0x6286d0,sub_6286D0,,,
0x628710,sub_628710,,,
0x628760,sub_628760,,,
0x628780,sub_628780,,,
0x6287e0,sub_6287E0,,,
0x628810,sub_628810,,,
0x628850,sub_628850,,,
0x628870,sub_628870,,,
0x6288a0,unknown_libname_269_0,,,
0x6288c0,sub_6288C0,,,
0x628970,sub_628970,,,
0x628990,unknown_libname_107,,,
0x6289b0,sub_6289B0,,,
0x628a10,sub_628A10,,,
0x628a50,sub_628A50,,,
0x628a70,sub_628A70,,,
0x628a90,sub_628A90,,,
0x628ac0,sub_628AC0,,,
0x628ae0,sub_628AE0,,,
0x628b00,sub_628B00,,,
0x628b20,sub_628B20,,,
0x628b40,sub_628B40,,,
0x628b60,sub_628B60,,,
0x628b90,sub_628B90,,,
0x628bc0,sub_628BC0,,,
0x628be0,sub_628BE0,,,
0x628c00,sub_628C00,,,
0x628c20,sub_628C20,,,
0x628c40,sub_628C40,,,
0x628c60,sub_628C60,,,
0x628c80,sub_628C80,,,
0x628ca0,sub_628CA0,,,
0x628d00,sub_628D00,,,
0x628d20,sub_628D20,,,
0x628da0,sub_628DA0,,,
0x628dc0,sub_628DC0,,,
0x628de0,sub_628DE0,,,
0x628e10,sub_628E10,,,
0x628e30,sub_628E30,,,
0x628ed0,sub_628ED0,,,
0x628ef0,sub_628EF0,,,
0x628fd0,sub_628FD0,,,
0x628ff0,sub_628FF0,,,
0x629090,sub_629090,,,
0x6290b0,sub_6290B0,,,
0x629110,sub_629110,,,
0x629130,unknown_libname_110,,,
0x629160,sub_629160,,,
0x629190,sub_629190,,,
0x6291b0,sub_6291B0,,,
0x6291d0,sub_6291D0,,,
0x6291f0,sub_6291F0,,,
0x629230,sub_629230,,,
0x629260,sub_629260,,,
0x629290,unknown_libname_111,,,
0x6292b0,unknown_libname_476,,,
0x6292d0,unknown_libname_477,,,
0x6292f0,sub_6292F0,,,
0x629310,sub_629310,,,
0x629330,sub_629330,,,
0x629360,sub_629360,,,
0x629390,sub_629390,,,
0x6293b0,sub_6293B0,,,
0x6293e0,sub_6293E0,,,
0x629410,sub_629410,,,
0x629460,sub_629460,,,
0x629480,sub_629480,,,
0x629550,sub_629550,,,
0x629570,sub_629570,,,
0x629780,sub_629780,,,
0x6297e0,sub_6297E0,,,
0x629820,sub_629820,,,
0x629850,sub_629850,,,
0x629880,sub_629880,,,
0x6298b0,sub_6298B0,,,
0x629910,sub_629910,,,
0x6299a0,unknown_libname_113,,,
0x6299c0,sub_6299C0,,,
0x6299e0,unknown_libname_602,,,
0x629a00,sub_629A00,,,
0x629a20,sub_629A20,,,
0x629a40,sub_629A40,,,
0x629a60,sub_629A60,,,
0x629a90,sub_629A90,,,
0x629ab0,sub_629AB0,,,
0x629ad0,sub_629AD0,,,
0x629af0,sub_629AF0,,,
0x629b40,sub_629B40,,,
0x629b60,sub_629B60,,,
0x629b90,sub_629B90,,,
0x629bb0,sub_629BB0,,,
0x629bd0,sub_629BD0,,,
0x629bf0,sub_629BF0,,,
0x629c80,sub_629C80,,,
0x629ca0,sub_629CA0,,,
0x629cc0,sub_629CC0,,,
0x629cf0,sub_629CF0,,,
0x629d10,sub_629D10,,,
0x629d30,sub_629D30,,,
0x629d80,unknown_libname_603,,,
0x629da0,unknown_libname_114,,,
0x629df0,sub_629DF0,,,
0x629e20,sub_629E20,,,
0x629e40,sub_629E40,,,
0x629e60,sub_629E60,,,
0x629e80,sub_629E80,,,
0x629ea0,sub_629EA0,,,
0x629ec0,sub_629EC0,,,
0x629ee0,sub_629EE0,,,
0x629f00,sub_629F00,,,
0x629f20,unknown_libname_115,,,
0x629f40,sub_629F40,,,
0x629f90,sub_629F90,,,
0x629fb0,unknown_libname_604,,,
0x629fd0,sub_629FD0,,,
0x629ff0,unknown_libname_479,,,
0x62a010,sub_62A010,,,
0x62a030,sub_62A030,,,
0x62a0a0,sub_62A0A0,,,
0x62a0c0,sub_62A0C0,,,
0x62a100,sub_62A100,,,
0x62a120,sub_62A120,,,
0x62a150,sub_62A150,,,
0x62a170,sub_62A170,,,
0x62a230,sub_62A230,,,
0x62a250,sub_62A250,,,
0x62a340,sub_62A340,,,
0x62a360,sub_62A360,,,
0x62a500,sub_62A500,,,
0x62a520,sub_62A520,,,
0x62a630,sub_62A630,,,
0x62a650,sub_62A650,,,
0x62a6f0,unknown_libname_270_0,,,
0x62a710,unknown_libname_605,,,
0x62a730,unknown_libname_271_0,,,
0x62a750,sub_62A750,,,
0x62a790,unknown_libname_117,,,
0x62a7b0,sub_62A7B0,,,
0x62a7d0,sub_62A7D0,,,
0x62a800,sub_62A800,,,
0x62a830,sub_62A830,,,
0x62a860,sub_62A860,,,
0x62a890,unknown_libname_480,,,
0x62a8b0,sub_62A8B0,,,
0x62a8f0,sub_62A8F0,,,
0x62a920,sub_62A920,,,
0x62a940,sub_62A940,,,
0x62a960,sub_62A960,,,
0x62a980,unknown_libname_119,,,
0x62a9a0,unknown_libname_120,,,
0x62a9c0,sub_62A9C0,,,
0x62a9f0,sub_62A9F0,,,
0x62aa10,sub_62AA10,,,
0x62aa30,sub_62AA30,,,
0x62aac0,sub_62AAC0,,,
0x62aae0,sub_62AAE0,,,
0x62ab00,sub_62AB00,,,
0x62ab20,sub_62AB20,,,
0x62ab50,unknown_libname_272_0,,,
0x62ab70,sub_62AB70,,,
0x62aba0,unknown_libname_122,,,
0x62abc0,sub_62ABC0,,,
0x62ac40,unknown_libname_273_0,,,
0x62ac60,sub_62AC60,,,
0x62aca0,sub_62ACA0,,,
0x62acc0,sub_62ACC0,,,
0x62ace0,unknown_libname_274_0,,,
0x62ad00,sub_62AD00,,,
0x62ad20,sub_62AD20,,,
0x62ada0,sub_62ADA0,,,
0x62adc0,sub_62ADC0,,,
0x62ae00,sub_62AE00,,,
0x62ae40,sub_62AE40,,,
0x62af20,sub_62AF20,,,
0x62af40,sub_62AF40,,,
0x62afa0,unknown_libname_606,,,
0x62afc0,sub_62AFC0,,,
0x62afe0,sub_62AFE0,,,
0x62b030,sub_62B030,,,
0x62b050,sub_62B050,,,
0x62b080,sub_62B080,,,
0x62b0a0,sub_62B0A0,,,
0x62b0c0,sub_62B0C0,,,
0x62b100,sub_62B100,,,
0x62b120,unknown_libname_481,,,
0x62b140,sub_62B140,,,
0x62b160,sub_62B160,,,
0x62b180,sub_62B180,,,
0x62b1b0,unknown_libname_607,,,
0x62b1d0,sub_62B1D0,,,
0x62b1f0,sub_62B1F0,,,
0x62b220,sub_62B220,,,
0x62b240,sub_62B240,,,
0x62b260,sub_62B260,,,
0x62b280,sub_62B280,,,
0x62b310,sub_62B310,,,
0x62b330,sub_62B330,,,
0x62b350,sub_62B350,,,
0x62b370,sub_62B370,,,
0x62b390,sub_62B390,,,
0x62b3b0,sub_62B3B0,,,
0x62b3d0,sub_62B3D0,,,
0x62b410,sub_62B410,,,
0x62b430,sub_62B430,,,
0x62b450,unknown_libname_125,,,
0x62b470,sub_62B470,,,
0x62b490,sub_62B490,,,
0x62b4b0,sub_62B4B0,,,
0x62b4d0,sub_62B4D0,,,
0x62b4f0,sub_62B4F0,,,
0x62b510,sub_62B510,,,
0x62b530,unknown_libname_126,,,
0x62b550,unknown_libname_127,,,
0x62b570,sub_62B570,,,
0x62b590,sub_62B590,,,
0x62b5b0,unknown_libname_128,,,
0x62b5d0,unknown_libname_483,,,
0x62b5f0,sub_62B5F0,,,
0x62b630,sub_62B630,,,
0x62b6d0,sub_62B6D0,,,
0x62b700,sub_62B700,,,
0x62b740,sub_62B740,,,
0x62b790,unknown_libname_129,,,
0x62b7b0,sub_62B7B0,,,
0x62b7d0,sub_62B7D0,,,
0x62b820,sub_62B820,,,
0x62b860,unknown_libname_275_0,,,
0x62b880,sub_62B880,,,
0x62b8b0,sub_62B8B0,,,
0x62b900,sub_62B900,,,
0x62b950,sub_62B950,,,
0x62b9a0,sub_62B9A0,,,
0x62b9c0,sub_62B9C0,,,
0x62b9e0,sub_62B9E0,,,
0x62ba10,sub_62BA10,,,
0x62ba60,sub_62BA60,,,
0x62ba80,unknown_libname_1014,,,
0x62ba90,sub_62BA90,,,
0x62bab0,sub_62BAB0,,,
0x62bad0,sub_62BAD0,,,
0x62baf0,sub_62BAF0,,,
0x62bbb0,unknown_libname_276_0,,,
0x62bbd0,unknown_libname_1020,,,
0x62bbe0,sub_62BBE0,,,
0x62bc20,unknown_libname_277_0,,,
0x62bc40,unknown_libname_130,,,
0x62bc60,sub_62BC60,,,
0x62bc80,sub_62BC80,,,
0x62bca0,unknown_libname_609,,,
0x62bcc0,sub_62BCC0,,,
0x62bce0,sub_62BCE0,,,
0x62bd00,unknown_libname_484,,,
0x62bd20,sub_62BD20,,,
0x62bd40,sub_62BD40,,,
0x62bd60,unknown_libname_485,,,
0x62bd80,unknown_libname_278_0,,,
0x62bda0,sub_62BDA0,,,
0x62bdc0,unknown_libname_486,,,
0x62bde0,sub_62BDE0,,,
0x62be00,sub_62BE00,,,
0x62be60,sub_62BE60,,,
0x62be90,sub_62BE90,,,
0x62c200,sub_62C200,,,
0x62c270,sub_62C270,,,
0x62c5a0,unknown_libname_131,,,
0x62c5c0,sub_62C5C0,,,
0x62c5e0,sub_62C5E0,,,
0x62c600,sub_62C600,,,
0x62c650,sub_62C650,,,
0x62c670,sub_62C670,,,
0x62c690,unknown_libname_279_0,,,
0x62c6b0,sub_62C6B0,,,
0x62c6e0,sub_62C6E0,,,
0x62c710,sub_62C710,,,
0x62c730,sub_62C730,,,
0x62c760,sub_62C760,,,
0x62c790,sub_62C790,,,
0x62c7b0,sub_62C7B0,,,
0x62c7d0,sub_62C7D0,,,
0x62c7f0,sub_62C7F0,,,
0x62c860,sub_62C860,,,
0x62c880,sub_62C880,,,
0x62c8e0,sub_62C8E0,,,
0x62c900,sub_62C900,,,
0x62cac0,sub_62CAC0,,,
0x62cc60,sub_62CC60,,,
0x62cc80,sub_62CC80,,,
0x62cca0,sub_62CCA0,,,
0x62ccc0,sub_62CCC0,,,
0x62cce0,sub_62CCE0,,,
0x62cd00,sub_62CD00,,,
0x62cd20,sub_62CD20,,,
0x62cd40,sub_62CD40,,,
0x62cd60,sub_62CD60,,,
0x62cd80,sub_62CD80,,,
0x62cda0,sub_62CDA0,,,
0x62cdc0,sub_62CDC0,,,
0x62cde0,sub_62CDE0,,,
0x62ce00,sub_62CE00,,,
0x62ce20,sub_62CE20,,,
0x62ce40,sub_62CE40,,,
0x62cea0,sub_62CEA0,,,
0x62cec0,sub_62CEC0,,,
0x62cf20,sub_62CF20,,,
0x62cf40,unknown_libname_280_0,,,
0x62cf60,sub_62CF60,,,
0x62cf80,sub_62CF80,,,
0x62cfa0,sub_62CFA0,,,
0x62cfd0,unknown_libname_133,,,
0x62cff0,unknown_libname_488,,,
0x62d010,unknown_libname_134,,,
0x62d030,sub_62D030,,,
0x62d060,unknown_libname_489,,,
0x62d080,sub_62D080,,,
0x62d0a0,sub_62D0A0,,,
0x62d0d0,sub_62D0D0,,,
0x62d120,sub_62D120,,,
0x62d160,sub_62D160,,,
0x62d760,sub_62D760,,,
0x62d780,unknown_libname_135,,,
0x62d7a0,sub_62D7A0,,,
0x62d7c0,sub_62D7C0,,,
0x62d7f0,unknown_libname_281_0,,,
0x62d810,sub_62D810,,,
0x62d8e0,sub_62D8E0,,,
0x62d900,sub_62D900,,,
0x62d920,sub_62D920,,,
0x62d940,sub_62D940,,,
0x62d9b0,sub_62D9B0,,,
0x62d9d0,sub_62D9D0,,,
0x62da30,sub_62DA30,,,
0x62da50,sub_62DA50,,,
0x62da70,sub_62DA70,,,
0x62da90,sub_62DA90,,,
0x62dab0,unknown_libname_136,,,
0x62db40,sub_62DB40,,,
0x62db60,sub_62DB60,,,
0x62dc30,sub_62DC30,,,
0x62dca0,sub_62DCA0,,,
0x62dcc0,sub_62DCC0,,,
0x62dce0,sub_62DCE0,,,
0x62dd00,unknown_libname_139,,,
0x62dd20,sub_62DD20,,,
0x62dd60,unknown_libname_282_0,,,
0x62dd80,sub_62DD80,,,
0x62ddd0,sub_62DDD0,,,
0x62ddf0,unwind_62DDF0,,,
0x62ddf8,unwind_62DDF8,,,
0x62de03,unwind_62DE03,,,
0x62de0b,unwind_62DE0B,,,
0x62de16,unwind_62DE16,,,
0x62de1e,unwind_62DE1E,,,
0x62de26,unwind_62DE26,,,
0x62de2e,unwind_62DE2E,,,
0x62de36,unwind_62DE36,,,
0x62de3e,unwind_62DE3E,,,
0x62de49,unwind_62DE49,,,
0x62de54,unknown_libname_1121,,,
0x62de60,sub_62DE60,,,
0x62de90,sub_62DE90,,,
0x62deb0,sub_62DEB0,,,
0x62def0,sub_62DEF0,,,
0x62df10,sub_62DF10,,,
0x62e020,sub_62E020,,,
0x62e060,sub_62E060,,,
0x62e150,sub_62E150,,,
0x62e170,sub_62E170,,,
0x62e1c0,sub_62E1C0,,,
0x62e1e0,sub_62E1E0,,,
0x62e200,sub_62E200,,,
0x62e220,unknown_libname_283_0,,,
0x62e240,sub_62E240,,,
0x62e260,sub_62E260,,,
0x62e280,unknown_libname_142,,,
0x62e330,unknown_libname_143,,,
0x62e3f0,sub_62E3F0,,,
0x62e410,sub_62E410,,,
0x62e430,sub_62E430,,,
0x62e450,sub_62E450,,,
0x62e470,sub_62E470,,,
0x62e490,sub_62E490,,,
0x62e510,sub_62E510,,,
0x62e560,sub_62E560,,,
0x62e5b0,sub_62E5B0,,,
0x62e5d0,sub_62E5D0,,,
0x62e5f0,sub_62E5F0,,,
0x62e610,sub_62E610,,,
0x62e630,sub_62E630,,,
0x62e670,sub_62E670,,,
0x62e6a0,sub_62E6A0,,,
0x62e6d0,sub_62E6D0,,,
0x62e700,sub_62E700,,,
0x62e720,sub_62E720,,,
0x62e740,sub_62E740,,,
0x62e760,sub_62E760,,,
0x62e780,sub_62E780,,,
0x62e7c0,sub_62E7C0,,,
0x62e7e0,sub_62E7E0,,,
0x62e800,sub_62E800,,,
0x62e820,sub_62E820,,,
0x62e840,sub_62E840,,,
0x62e860,sub_62E860,,,
0x62e880,sub_62E880,,,
0x62e8a0,unknown_libname_616,,,
0x62e8c0,sub_62E8C0,,,
0x62e8e0,sub_62E8E0,,,
0x62e9c0,sub_62E9C0,,,
0x62e9e0,sub_62E9E0,,,
0x62ea10,sub_62EA10,,,
0x62ea80,sub_62EA80,,,
0x62eaa0,sub_62EAA0,,,
0x62ead0,unknown_libname_145,,,
0x62eaf0,sub_62EAF0,,,
0x62eb80,sub_62EB80,,,
0x62ebb0,sub_62EBB0,,,
0x62ec10,sub_62EC10,,,
0x62ec30,sub_62EC30,,,
0x62ec50,sub_62EC50,,,
0x62ec70,sub_62EC70,,,
0x62ec90,sub_62EC90,,,
0x62ecb0,sub_62ECB0,,,
0x62ecd0,sub_62ECD0,,,
0x62ecf0,unknown_libname_284_0,,,
0x62ed10,sub_62ED10,,,
0x62ed60,unknown_libname_147,,,
0x62ed90,sub_62ED90,,,
0x62edc0,sub_62EDC0,,,
0x62ede0,unknown_libname_285_0,,,
0x62ee00,sub_62EE00,,,
0x62ee30,sub_62EE30,,,
0x62ee60,sub_62EE60,,,
0x62ee80,unknown_libname_618,,,
0x62eea0,sub_62EEA0,,,
0x62eec0,unknown_libname_286_0,,,
0x62eee0,sub_62EEE0,,,
0x62ef00,sub_62EF00,,,
0x62ef20,sub_62EF20,,,
0x62ef40,sub_62EF40,,,
0x62ef60,sub_62EF60,,,
0x62ef90,sub_62EF90,,,
0x62efb0,sub_62EFB0,,,
0x62f000,sub_62F000,,,
0x62f030,sub_62F030,,,
0x62f060,sub_62F060,,,
0x62f090,sub_62F090,,,
0x62f0c0,sub_62F0C0,,,
0x62f0e0,sub_62F0E0,,,
0x62f100,sub_62F100,,,
0x62f120,sub_62F120,,,
0x62f150,sub_62F150,,,
0x62f180,sub_62F180,,,
0x62f1c0,sub_62F1C0,,,
0x62f200,unknown_libname_498,,,
0x62f220,unknown_libname_499,,,
0x62f240,sub_62F240,,,
0x62f260,sub_62F260,,,
0x62f280,sub_62F280,,,
0x62f2a0,sub_62F2A0,,,
0x62f2c0,sub_62F2C0,,,
0x62f2e0,sub_62F2E0,,,
0x62f300,sub_62F300,,,
0x62f320,sub_62F320,,,
0x62f520,sub_62F520,,,
0x62f540,unknown_libname_287_0,,,
0x62f560,sub_62F560,,,
0x62f580,sub_62F580,,,
0x62f5d0,sub_62F5D0,,,
0x62f780,sub_62F780,,,
0x62f7b0,sub_62F7B0,,,
0x62f7d0,sub_62F7D0,,,
0x62f7f0,sub_62F7F0,,,
0x62f810,sub_62F810,,,
0x62f830,sub_62F830,,,
0x62f850,sub_62F850,,,
0x62f870,sub_62F870,,,
0x62f890,sub_62F890,,,
0x62f8b0,sub_62F8B0,,,
0x62f8d0,sub_62F8D0,,,
0x62f8f0,sub_62F8F0,,,
0x62f950,sub_62F950,,,
0x62f970,sub_62F970,,,
0x62fa60,unknown_libname_620,,,
0x62fa80,sub_62FA80,,,
0x62faa0,sub_62FAA0,,,
0x62fb70,sub_62FB70,,,
0x62fb90,sub_62FB90,,,
0x62fbd0,sub_62FBD0,,,
0x62fc60,sub_62FC60,,,
0x62fc90,sub_62FC90,,,
0x62fcb0,sub_62FCB0,,,
0x62fd10,sub_62FD10,,,
0x62fd30,sub_62FD30,,,
0x62fd50,sub_62FD50,,,
0x62fd70,sub_62FD70,,,
0x62fd90,sub_62FD90,,,
0x62fdb0,sub_62FDB0,,,
0x62fdd0,sub_62FDD0,,,
0x62fe30,sub_62FE30,,,
0x62fe90,sub_62FE90,,,
0x62ff10,sub_62FF10,,,
0x62ff30,sub_62FF30,,,
0x62ff70,sub_62FF70,,,
0x630000,sub_630000,,,
0x630040,sub_630040,,,
0x630060,sub_630060,,,
0x630080,sub_630080,,,
0x6300a0,sub_6300A0,,,
0x6300c0,sub_6300C0,,,
0x6300e0,sub_6300E0,,,
0x630100,sub_630100,,,
0x630120,sub_630120,,,
0x630150,sub_630150,,,
0x6301a0,sub_6301A0,,,
0x6301c0,sub_6301C0,,,
0x6301f0,sub_6301F0,,,
0x630210,sub_630210,,,
0x630230,sub_630230,,,
0x630270,sub_630270,,,
0x630290,sub_630290,,,
0x6302b0,sub_6302B0,,,
0x6302d0,sub_6302D0,,,
0x6302f0,sub_6302F0,,,
0x630310,sub_630310,,,
0x630330,sub_630330,,,
0x630360,sub_630360,,,
0x630390,sub_630390,,,
0x6303b0,sub_6303B0,,,
0x6303d0,sub_6303D0,,,
0x6303f0,sub_6303F0,,,
0x630410,sub_630410,,,
0x630430,sub_630430,,,
0x630450,unknown_libname_150,,,
0x630470,sub_630470,,,
0x630490,sub_630490,,,
0x6304b0,sub_6304B0,,,
0x630510,sub_630510,,,
0x630530,sub_630530,,,
0x630550,sub_630550,,,
0x630590,sub_630590,,,
0x6305e0,sub_6305E0,,,
0x630630,sub_630630,,,
0x630670,sub_630670,,,
0x630690,sub_630690,,,
0x6306b0,sub_6306B0,,,
0x630720,sub_630720,,,
0x630780,sub_630780,,,
0x6307a0,sub_6307A0,,,
0x6307c0,sub_6307C0,,,
0x6307f0,sub_6307F0,,,
0x630950,sub_630950,,,
0x630970,sub_630970,,,
0x6309a0,unknown_libname_151,,,
0x6309c0,sub_6309C0,,,
0x630a00,sub_630A00,,,
0x630a20,sub_630A20,,,
0x630ab0,sub_630AB0,,,
0x630ae0,sub_630AE0,,,
0x630b00,sub_630B00,,,
0x630b50,sub_630B50,,,
0x630b70,sub_630B70,,,
0x630ba0,unknown_libname_152,,,
0x630bc0,sub_630BC0,,,
0x630be0,sub_630BE0,,,
0x630c00,sub_630C00,,,
0x630c20,sub_630C20,,,
0x630c40,unknown_libname_622,,,
0x630c60,sub_630C60,,,
0x630c80,sub_630C80,,,
0x630cd0,sub_630CD0,,,
0x630cf0,unknown_libname_153,,,
0x630d10,sub_630D10,,,
0x630d30,sub_630D30,,,
0x630d50,sub_630D50,,,
0x630db0,sub_630DB0,,,
0x630dd0,sub_630DD0,,,
0x630e30,sub_630E30,,,
0x630e90,sub_630E90,,,
0x630eb0,sub_630EB0,,,
0x630ed0,sub_630ED0,,,
0x630f00,sub_630F00,,,
0x630f40,sub_630F40,,,
0x630f90,sub_630F90,,,
0x630fe0,sub_630FE0,,,
0x631010,sub_631010,,,
0x631040,sub_631040,,,
0x631060,sub_631060,,,
0x6310a0,sub_6310A0,,,
0x6310e0,unknown_libname_288_0,,,
0x631100,sub_631100,,,
0x631150,sub_631150,,,
0x6311b0,sub_6311B0,,,
0x6311d0,sub_6311D0,,,
0x631220,sub_631220,,,
0x631240,sub_631240,,,
0x631260,unknown_libname_623,,,
0x631280,sub_631280,,,
0x6312a0,sub_6312A0,,,
0x6312c0,sub_6312C0,,,
0x6312f0,unknown_libname_500,,,
0x631310,sub_631310,,,
0x631330,sub_631330,,,
0x631350,sub_631350,,,
0x631370,sub_631370,,,
0x631390,sub_631390,,,
0x631460,sub_631460,,,
0x631510,sub_631510,,,
0x6315c0,sub_6315C0,,,
0x6315f0,sub_6315F0,,,
0x631680,sub_631680,,,
0x6316b0,sub_6316B0,,,
0x6316d0,unknown_libname_289_0,,,
0x6316f0,sub_6316F0,,,
0x631740,sub_631740,,,
0x631760,unknown_libname_290_0,,,
0x631780,sub_631780,,,
0x6317b0,sub_6317B0,,,
0x631840,sub_631840,,,
0x631860,sub_631860,,,
0x6318b0,sub_6318B0,,,
0x6318d0,sub_6318D0,,,
0x631900,sub_631900,,,
0x631920,sub_631920,,,
0x631b00,sub_631B00,,,
0x631b20,sub_631B20,,,
0x631b40,sub_631B40,,,
0x631b70,sub_631B70,,,
0x631b90,unknown_libname_501,,,
0x631bb0,sub_631BB0,,,
0x631bd0,sub_631BD0,,,
0x631c00,sub_631C00,,,
0x631c30,unknown_libname_157,,,
0x631c50,unknown_libname_502,,,
0x631c70,unknown_libname_503,,,
0x631c90,unknown_libname_291_0,,,
0x631cb0,unknown_libname_292_0,,,
0x631cd0,sub_631CD0,,,
0x631d00,unknown_libname_504,,,
0x631d20,sub_631D20,,,
0x631d60,unknown_libname_624,,,
0x631d80,unknown_libname_158,,,
0x631da0,sub_631DA0,,,
0x631dd0,unknown_libname_293_0,,,
0x631df0,unknown_libname_294_0,,,
0x631e10,sub_631E10,,,
0x631e40,unknown_libname_295_0,,,
0x631e60,unknown_libname_296_0,,,
0x631e80,sub_631E80,,,
0x631eb0,sub_631EB0,,,
0x631ef0,unknown_libname_505,,,
0x631f10,sub_631F10,,,
0x631f60,unknown_libname_625,,,
0x631f80,sub_631F80,,,
0x631fb0,sub_631FB0,,,
0x631ff0,unknown_libname_506,,,
0x632010,sub_632010,,,
0x632060,sub_632060,,,
0x6320c0,unknown_libname_626,,,
0x6320f0,sub_6320F0,,,
0x632130,unknown_libname_507,,,
0x632150,sub_632150,,,
0x6321a0,sub_6321A0,,,
0x6321c0,sub_6321C0,,,
0x632200,unknown_libname_297_0,,,
0x632220,unknown_libname_298_0,,,
0x632240,sub_632240,,,
0x632270,unknown_libname_299_0,,,
0x632290,unknown_libname_300_0,,,
0x6322b0,unknown_libname_508,,,
0x6322d0,sub_6322D0,,,
0x632300,unknown_libname_301_0,,,
0x632320,unknown_libname_509,,,
0x632340,unknown_libname_159,,,
0x632360,unknown_libname_160,,,
0x632380,sub_632380,,,
0x6323b0,sub_6323B0,,,
0x6323d0,sub_6323D0,,,
0x632400,sub_632400,,,
0x632430,sub_632430,,,
0x632460,sub_632460,,,
0x632490,unknown_libname_511,,,
0x6324b0,sub_6324B0,,,
0x6324f0,sub_6324F0,,,
0x632530,sub_632530,,,
0x632580,sub_632580,,,
0x6325f0,sub_6325F0,,,
0x632610,sub_632610,,,
0x632640,sub_632640,,,
0x632680,unknown_libname_627,,,
0x6326a0,sub_6326A0,,,
0x632750,sub_632750,,,
0x6327f0,sub_6327F0,,,
0x6328c0,sub_6328C0,,,
0x632900,sub_632900,,,
0x632960,sub_632960,,,
0x6329b0,sub_6329B0,,,
0x632da0,sub_632DA0,,,
0x632dc0,sub_632DC0,,,
0x633040,sub_633040,,,
0x633060,sub_633060,,,
0x633080,sub_633080,,,
0x633110,sub_633110,,,
0x633130,sub_633130,,,
0x633180,sub_633180,,,
0x633230,sub_633230,,,
0x633265,unwind_633265,,int (__thiscall unwind_633265)(int* this),
0x633270,sub_633270,,,
0x633320,sub_633320,,,
0x633340,sub_633340,,,
0x633360,sub_633360,,,
0x6333a0,sub_6333A0,,,
0x6333d0,sub_6333D0,,,
0x633400,sub_633400,,,
0x633450,sub_633450,,,
0x6334c0,sub_6334C0,,,
0x633520,sub_633520,,,
0x633550,sub_633550,,,
0x6335f0,sub_6335F0,,,
0x633660,sub_633660,,,
0x6336a0,sub_6336A0,,,
0x6336f0,unknown_libname_520,,,
0x633710,sub_633710,,,
0x633740,sub_633740,,,
0x6337b0,sub_6337B0,,,
0x6337e0,sub_6337E0,,,
0x633810,sub_633810,,,
0x633840,sub_633840,,,
0x633870,sub_633870,,,
0x6338a0,sub_6338A0,,,
0x6338d0,unknown_libname_628,,,
0x6338f0,sub_6338F0,,,
0x633910,unknown_libname_629,,,
0x633930,sub_633930,,,
0x633960,unknown_libname_630,,,
0x633980,sub_633980,,,
0x6339b0,unknown_libname_632,,,
0x6339d0,sub_6339D0,,,
0x633a00,unknown_libname_633,,,
0x633a20,sub_633A20,,,
0x633a50,unknown_libname_634,,,
0x633a70,sub_633A70,,,
0x633aa0,sub_633AA0,,,
0x633b00,sub_633B00,,,
0x633b70,sub_633B70,,,
0x633bc0,sub_633BC0,,,
0x633c40,sub_633C40,,,
0x633c80,sub_633C80,,,
0x633d00,sub_633D00,,,
0x633d40,sub_633D40,,,
0x633dd0,sub_633DD0,,,
0x633e30,sub_633E30,,,
0x633eb0,sub_633EB0,,,
0x633f00,sub_633F00,,,
0x633f80,sub_633F80,,,
0x633fd0,sub_633FD0,,,
0x633ff0,sub_633FF0,,,
0x634010,sub_634010,,,
0x634040,unknown_libname_171,,,
0x634060,sub_634060,,,
0x634160,sub_634160,,,
0x634180,sub_634180,,,
0x6341a0,sub_6341A0,,,
0x6341d0,sub_6341D0,,,
0x634200,sub_634200,,,
0x634220,sub_634220,,,
0x634240,sub_634240,,,
0x634290,unknown_libname_302_0,,,
0x6342b0,sub_6342B0,,,
0x6342e0,sub_6342E0,,,
0x634300,sub_634300,,,
0x634320,sub_634320,,,
0x634340,sub_634340,,,
0x634370,sub_634370,,,
0x6343b0,sub_6343B0,,,
0x634490,sub_634490,,,
0x6344b0,sub_6344B0,,,
0x6344d0,sub_6344D0,,,
0x6344f0,unknown_libname_172,,,
0x634510,sub_634510,,,
0x634cd0,sub_634CD0,,,
0x634cf0,sub_634CF0,,,
0x634d10,unknown_libname_521,,,
0x634d30,sub_634D30,,,
0x634d60,sub_634D60,,,
0x634f40,sub_634F40,,,
0x634f60,sub_634F60,,,
0x634f90,sub_634F90,,,
0x634fb0,sub_634FB0,,,
0x634fd0,sub_634FD0,,,
0x635000,sub_635000,,,
0x635030,sub_635030,,,
0x635050,unknown_libname_637,,,
0x635070,sub_635070,,,
0x635090,unknown_libname_522,,,
0x6350b0,unknown_libname_523,,,
0x6350d0,sub_6350D0,,,
0x6350f0,sub_6350F0,,,
0x635110,sub_635110,,,
0x635130,sub_635130,,,
0x635180,sub_635180,,,
0x6351b0,sub_6351B0,,,
0x6351d0,unknown_libname_524,,,
0x6351f0,sub_6351F0,,,
0x635210,sub_635210,,,
0x635230,sub_635230,,,
0x635250,sub_635250,,,
0x635270,unknown_libname_639,,,
0x635290,unknown_libname_640,,,
0x6352b0,sub_6352B0,,,
0x6352d0,sub_6352D0,,,
0x6352f0,sub_6352F0,,,
0x635310,sub_635310,,,
0x635330,sub_635330,,,
0x635350,sub_635350,,,
0x635370,sub_635370,,,
0x635390,unknown_libname_262,,,
0x6353b0,sub_6353B0,,,
0x6353e0,sub_6353E0,,,
0x6354d0,unknown_libname_641,,,
0x6354f0,sub_6354F0,,,
0x635510,sub_635510,,,
0x6357f0,sub_6357F0,,,
0x635810,sub_635810,,,
0x6358a0,sub_6358A0,,,
0x6358d0,sub_6358D0,,,
0x6358f0,unknown_libname_264,,,
0x635930,sub_635930,,,
0x635af0,sub_635AF0,,,
0x635b10,unwind_635B10,,,
0x635b18,unwind_635B18,,,
0x635b23,unwind_635B23,,,
0x635b2e,unwind_635B2E,,,
0x635b39,unwind_635B39,,,
0x635b44,unwind_635B44,,,
0x635b4f,unwind_635B4F,,,
0x635b5a,unwind_635B5A,,,
0x635b65,unwind_635B65,,,
0x635b70,unwind_635B70,,,
0x635b7b,unwind_635B7B,,,
0x635b86,unwind_635B86,,,
0x635b91,unwind_635B91,,,
0x635b9c,unwind_635B9C,,,
0x635ba7,unwind_635BA7,,,
0x635bb2,unwind_635BB2,,,
0x635bbd,unwind_635BBD,,,
0x635bc8,unwind_635BC8,,,
0x635bd3,unwind_635BD3,,,
0x635bde,unwind_635BDE,,,
0x635be9,unwind_635BE9,,,
0x635bf4,unwind_635BF4,,,
0x635bff,unwind_635BFF,,,
0x635c0a,unwind_635C0A,,,
0x635c15,unwind_635C15,,,
0x635c20,unwind_635C20,,,
0x635c2b,unwind_635C2B,,,
0x635c36,unwind_635C36,,,
0x635c41,unwind_635C41,,,
0x635c4c,unwind_635C4C,,,
0x635c57,unwind_635C57,,,
0x635c62,unwind_635C62,,,
0x635c6d,unwind_635C6D,,,
0x635c78,unwind_635C78,,,
0x635c83,unwind_635C83,,,
0x635c8e,unwind_635C8E,,,
0x635c99,unwind_635C99,,,
0x635ca4,unwind_635CA4,,,
0x635caf,unwind_635CAF,,,
0x635cba,unwind_635CBA,,,
0x635cc5,unwind_635CC5,,,
0x635cd0,unwind_635CD0,,,
0x635cdb,unwind_635CDB,,,
0x635ce6,unwind_635CE6,,,
0x635cf1,unwind_635CF1,,,
0x635cfc,unwind_635CFC,,,
0x635d07,unwind_635D07,,,
0x635d12,unwind_635D12,,,
0x635d1d,unwind_635D1D,,,
0x635d28,unwind_635D28,,,
0x635d33,unknown_libname_1588,,,
0x635d40,unwind_635D40,,,
0x635d60,sub_635D60,,,
0x635f70,sub_635F70,,,
0x635f90,unknown_libname_303_0,,,
0x635fb0,sub_635FB0,,,
0x635fd0,sub_635FD0,,,
0x636220,sub_636220,,,
0x636240,sub_636240,,,
0x636270,sub_636270,,,
0x636290,sub_636290,,,
0x6362c0,sub_6362C0,,,
0x6362e0,sub_6362E0,,,
0x636300,sub_636300,,,
0x636320,sub_636320,,,
0x636340,sub_636340,,,
0x6363f0,sub_6363F0,,,
0x636410,unknown_libname_526,,,
0x636430,unknown_libname_269,,,
0x636450,sub_636450,,,
0x636500,sub_636500,,,
0x636520,unknown_libname_270,,,
0x636540,sub_636540,,,
0x636544,sub_636544,,,
0x63654b,unknown_libname_271,,,
0x636560,unknown_libname_272,,,
0x636580,sub_636580,,,
0x6365a0,sub_6365A0,,,
0x6365c0,sub_6365C0,,,
0x636640,sub_636640,,,
0x636660,sub_636660,,,
0x6366f0,sub_6366F0,,,
0x636710,sub_636710,,,
0x636740,sub_636740,,,
0x636810,sub_636810,,,
0x636830,sub_636830,,,
0x636850,unknown_libname_274,,,
0x636870,unknown_libname_275,,,
0x636890,sub_636890,,,
0x6368b0,sub_6368B0,,,
0x6370c0,sub_6370C0,,,
0x6370e0,sub_6370E0,,,
0x637100,sub_637100,,,
0x637120,sub_637120,,,
0x6371a0,sub_6371A0,,,
0x637450,sub_637450,,,
0x637470,sub_637470,,,
0x637710,sub_637710,,,
0x637730,sub_637730,,,
0x6379c0,sub_6379C0,,,
0x6379e0,sub_6379E0,,,
0x637da0,sub_637DA0,,,
0x637dc0,sub_637DC0,,,
0x638060,sub_638060,,,
0x638080,unknown_libname_276,,,
0x6380d0,unknown_libname_304_0,,,
0x6380f0,sub_6380F0,,,
0x638230,unknown_libname_277,,,
0x638250,sub_638250,,,
0x638280,sub_638280,,,
0x6382a0,sub_6382A0,,,
0x6382c0,sub_6382C0,,,
0x638360,sub_638360,,,
0x6383e0,sub_6383E0,,,
0x638440,sub_638440,,,
0x638470,sub_638470,,,
0x6384c0,sub_6384C0,,,
0x6384f0,sub_6384F0,,,
0x638510,sub_638510,,,
0x638530,sub_638530,,,
0x638550,sub_638550,,,
0x638570,sub_638570,,,
0x638590,sub_638590,,,
0x6385b0,sub_6385B0,,,
0x6385d0,sub_6385D0,,,
0x6385f0,sub_6385F0,,,
0x638610,sub_638610,,,
0x638630,sub_638630,,,
0x638650,sub_638650,,,
0x638860,sub_638860,,,
0x638880,sub_638880,,,
0x6388b0,sub_6388B0,,,
0x638900,unknown_libname_278,,,
0x638920,sub_638920,,,
0x638940,sub_638940,,,
0x638960,sub_638960,,,
0x638980,unknown_libname_280,,,
0x6389a0,unknown_libname_1673,,,
0x6389b0,unknown_libname_1674,,,
0x6389c0,unknown_libname_1675,,,
0x6389d0,sub_6389D0,,,
0x6389f0,sub_6389F0,,,
0x638a10,sub_638A10,,,
0x638a30,sub_638A30,,,
0x638a44,unknown_libname_528,,,
0x638a58,unknown_libname_305_0,,,
0x638a6c,unknown_libname_529,,,
0x638a80,unknown_libname_306_0,,,
0x638a94,unknown_libname_307_0,,,
0x638aa8,unknown_libname_281,,,
0x638ac0,unknown_libname_282,,,
0x638ad8,unknown_libname_283,,,
0x638af0,sub_638AF0,,,
0x638b04,unknown_libname_284,,,
0x638b20,unknown_libname_530,,,
0x638b34,sub_638B34,,,
0x638b48,unknown_libname_285,,,
0x638b70,unknown_libname_286,,,
0x638b84,unknown_libname_287,,,
0x638bc4,unknown_libname_288,,,
0x638bfc,unknown_libname_533,,,
0x638c10,unknown_libname_289,,,
0x638c44,unknown_libname_290,,,
0x638c6c,unknown_libname_291,,,
0x638c90,unknown_libname_292,,,
0x638cb4,unknown_libname_293,,,
0x638cd0,unknown_libname_535,,,
0x638ce4,unknown_libname_294,,,
0x638d60,unknown_libname_295,,,
0x638d84,unknown_libname_296,,,
0x638da8,unknown_libname_297,,,
0x638dd0,unknown_libname_298,,,
0x638e4c,unknown_libname_299,,,
0x638e70,unknown_libname_300,,,
0x638e94,unknown_libname_301,,,
0x638eb8,unknown_libname_302,,,
0x638edc,unknown_libname_303,,,
0x638f04,unknown_libname_304,,,
0x638f24,unknown_libname_305,,,
0x638fa0,unknown_libname_540,,,
0x638fb4,unknown_libname_306,,,
0x638fe8,unknown_libname_542,,,
0x638ffc,unknown_libname_543,,,
0x639010,unknown_libname_544,,,
0x639024,unknown_libname_545,,,
0x639038,unknown_libname_546,,,
0x63904c,unknown_libname_547,,,
0x639060,unknown_libname_548,,,
0x639074,unknown_libname_549,,,
0x639088,unknown_libname_307,,,
0x6390b4,unknown_libname_308,,,
0x6390e0,unknown_libname_309,,,
0x6390fc,unknown_libname_551,,,
0x639110,sub_639110,,,
0x639124,unknown_libname_310,,,
0x639140,unknown_libname_311,,,
0x63915c,unknown_libname_553,,,
0x639170,unknown_libname_312,,,
0x63918c,unknown_libname_313,,,
0x639234,unknown_libname_314,,,
0x63928c,sub_63928C,,,
0x6392a0,unknown_libname_1737,,,
0x6392ac,unknown_libname_315,,,
0x6392c8,unknown_libname_316,,,
0x6392ec,unknown_libname_317,,,
0x639310,unknown_libname_318,,,
0x63932c,unknown_libname_319,,,
0x639348,unknown_libname_320,,,
0x639364,unknown_libname_321,,,
0x639388,unknown_libname_322,,,
0x6393ac,unknown_libname_323,,,
0x6393c8,unknown_libname_324,,,
0x6393e4,unknown_libname_325,,,
0x639400,unknown_libname_326,,,
0x63941c,unknown_libname_327,,,
0x639438,sub_639438,,,
0x63944c,unknown_libname_554,,,
0x639460,sub_639460,,,
0x639474,unknown_libname_328,,,
0x639494,unknown_libname_329,,,
0x6394b0,sub_6394B0,,,
0x6394c4,unknown_libname_330,,,
0x6394e0,unknown_libname_331,,,
0x6394fc,unknown_libname_555,,,
0x639510,unknown_libname_556,,,
0x639524,unknown_libname_557,,,
0x639538,unknown_libname_558,,,
0x63954c,unknown_libname_559,,,
0x639560,unknown_libname_560,,,
0x639574,unknown_libname_561,,,
0x639588,unknown_libname_562,,,
0x63959c,unknown_libname_563,,,
0x6395b0,unknown_libname_564,,,
0x6395c4,unknown_libname_565,,,
0x6395d8,unknown_libname_566,,,
0x6395ec,unknown_libname_567,,,
0x639600,unknown_libname_332,,,
0x63961c,unknown_libname_568,,,
0x639630,unknown_libname_569,,,
0x639644,unknown_libname_570,,,
0x639658,unknown_libname_571,,,
0x63966c,unknown_libname_572,,,
0x639680,unknown_libname_573,,,
0x639694,unknown_libname_574,,,
0x6396a8,unknown_libname_575,,,
0x6396bc,unknown_libname_576,,,
0x6396d0,unknown_libname_577,,,
0x6396e4,unknown_libname_578,,,
0x6396f8,unknown_libname_579,,,
0x63970c,unknown_libname_580,,,
0x639720,unknown_libname_333,,,
0x639788,unknown_libname_334,,,
0x6397b4,unknown_libname_335,,,
0x6397d0,unknown_libname_308_0,,,
0x6397e4,unknown_libname_581,,,
0x6397f8,unknown_libname_336,,,
0x639814,unknown_libname_582,,,
0x639828,unknown_libname_337,,,
0x6398b8,unknown_libname_338,,,
0x639910,sub_639910,,,
0x639924,unknown_libname_339,,,
0x639940,unknown_libname_340,,,
0x63995c,unknown_libname_341,,,
0x639980,unknown_libname_342,,,
0x6399a4,unknown_libname_343,,,
0x6399c0,unknown_libname_344,,,
0x6399dc,unknown_libname_345,,,
0x6399f8,unknown_libname_346,,,
0x639a14,sub_639A14,,,
0x639a28,unknown_libname_347,,,
0x639a44,unknown_libname_348,,,
0x639a60,unknown_libname_349,,,
0x639a80,unknown_libname_584,,,
0x639a94,unknown_libname_585,,,
0x639aa8,unknown_libname_586,,,
0x639abc,unknown_libname_587,,,
0x639ad0,unknown_libname_588,,,
0x639ae4,unknown_libname_589,,,
0x639af8,unknown_libname_590,,,
0x639b0c,unknown_libname_591,,,
0x639b20,unknown_libname_350,,,
0x639b3c,unknown_libname_592,,,
0x639b50,unknown_libname_593,,,
0x639b64,unknown_libname_594,,,
0x639b78,unknown_libname_595,,,
0x639b8c,unknown_libname_596,,,
0x639ba0,unknown_libname_597,,,
0x639bb4,unknown_libname_598,,,
0x639bc8,unknown_libname_599,,,
