# Dreamcast CodeView corpus - DC offsets, reference evidence (see README.md).
class,offset,type,name
AI,0,0x358E,gameAttentionValue
AI,12,0x358E,turnAttentionValue
AI,24,0x1AA9,turnProductionResource
AI,56,0x358F,resource_value
AI,112,T_INT4(0074),average_resource_value
AI,116,T_REAL32(0040),turnValueOfAvgArtifact
AnimHeaderStruct,0,0x1CB4,filename
AnimHeaderStruct,40,T_INT4(0074),offset
BINK,0,T_ULONG(0022),Width
BINK,4,T_ULONG(0022),Height
BINK,8,T_ULONG(0022),Frames
BINK,12,T_ULONG(0022),FrameNum
BINK,16,T_ULONG(0022),FrameRate
BINK,20,T_ULONG(0022),FrameRateDiv
BINK,24,T_ULONG(0022),ReadError
BINK,28,T_ULONG(0022),OpenFlags
BINK,32,T_ULONG(0022),BinkType
BINK,36,T_ULONG(0022),Size
BINK,40,T_ULONG(0022),FrameSize
BINK,44,T_ULONG(0022),SndSize
BINK,48,0x5546,FrameRects
BINK,176,T_LONG(0012),NumRects
BINK,180,T_32PVOID(0403),YPlane
BINK,184,T_ULONG(0022),YWidth
BINK,188,T_ULONG(0022),YHeight
BINK,192,T_ULONG(0022),UVWidth
BINK,196,T_ULONG(0022),UVHeight
BINK,200,T_32PVOID(0403),MaskPlane
BINK,204,T_ULONG(0022),MaskPitch
BINK,208,T_ULONG(0022),MaskLength
BINK,212,T_ULONG(0022),LargestFrameSize
BINK,216,T_ULONG(0022),InternalFrames
BINK,220,T_LONG(0012),NumTracks
BINK,224,T_32PULONG(0422),TrackSizes
BINK,228,T_LONG(0012),Paused
BINK,232,T_32PVOID(0403),compframe
BINK,236,T_32PVOID(0403),preloadptr
BINK,240,T_32PULONG(0422),frameoffsets
BINK,244,BINKIO,bio
BINK,424,T_32PUCHAR(0420),ioptr
BINK,428,T_ULONG(0022),iosize
BINK,432,T_LONG(0012),trackindex
BINK,436,T_32PULONG(0422),tracktypes
BINK,440,T_32PLONG(0412),trackids
BINK,444,T_ULONG(0022),numrects
BINK,448,T_ULONG(0022),playedframes
BINK,452,T_ULONG(0022),firstframetime
BINK,456,T_ULONG(0022),startframetime
BINK,460,T_ULONG(0022),startblittime
BINK,464,T_ULONG(0022),startsynctime
BINK,468,T_ULONG(0022),startsyncframe
BINK,472,T_ULONG(0022),twoframestime
BINK,476,T_ULONG(0022),entireframetime
BINK,480,T_ULONG(0022),slowestframetime
BINK,484,T_ULONG(0022),slowestframe
BINK,488,T_ULONG(0022),slowest2frametime
BINK,492,T_ULONG(0022),slowest2frame
BINK,496,T_ULONG(0022),soundon
BINK,500,T_ULONG(0022),videoon
BINK,504,T_ULONG(0022),totalmem
BINK,508,T_ULONG(0022),timedecomp
BINK,512,T_ULONG(0022),timeblit
BINK,516,T_ULONG(0022),timeopen
BINK,520,T_ULONG(0022),fileframerate
BINK,524,T_ULONG(0022),fileframeratediv
BINK,528,T_ULONG(0022),threadcontrol
BINK,532,T_ULONG(0022),runtimeframes
BINK,536,T_ULONG(0022),runtimemoveamt
BINK,540,T_32PULONG(0422),rtframetimes
BINK,544,T_32PULONG(0422),rtdecomptimes
BINK,548,T_32PULONG(0422),rtblittimes
BINK,552,T_32PULONG(0422),rtreadtimes
BINK,556,T_ULONG(0022),highest1secrate
BINK,560,T_ULONG(0022),highest1secframe
BINK,564,T_ULONG(0022),lastdecompframe
BINK,568,T_ULONG(0022),sndbufsize
BINK,572,T_32PUCHAR(0420),sndbuf
BINK,576,T_32PUCHAR(0420),sndend
BINK,580,T_32PUCHAR(0420),sndwritepos
BINK,584,T_32PUCHAR(0420),sndreadpos
BINK,588,T_ULONG(0022),sndcomp
BINK,592,T_ULONG(0022),sndamt
BINK,596,T_ULONG(0022),sndreenter
BINK,600,T_ULONG(0022),sndconvert8
BINK,604,BINKSND,bsnd
BINKIO,0,0x1137,ReadHeader
BINKIO,4,0x113D,ReadFrame
BINKIO,8,0x1140,GetBufferSize
BINKIO,12,0x1143,SetInfo
BINKIO,16,0x1146,Idle
BINKIO,20,0x1149,Close
BINKIO,24,T_ULONG(0022),BytesRead
BINKIO,28,T_ULONG(0022),TotalTime
BINKIO,32,T_ULONG(0022),ForegroundTime
BINKIO,36,T_ULONG(0022),BufSize
BINKIO,40,T_ULONG(0022),BufHighUsed
BINKIO,44,T_ULONG(0022),CurBufSize
BINKIO,48,T_ULONG(0022),CurBufUsed
BINKIO,52,0x10F7,iodata
BINKRECT,0,T_LONG(0012),Left
BINKRECT,4,T_LONG(0012),Top
BINKRECT,8,T_LONG(0012),Width
BINKRECT,12,T_LONG(0012),Height
BINKSND,0,0x10F8,SetParam
BINKSND,4,0x10F8,Reset
BINKSND,8,0x10FE,Ready
BINKSND,12,0x1100,Lock
BINKSND,16,0x1103,Unlock
BINKSND,20,0x1106,Volume
BINKSND,24,0x1108,Pause
BINKSND,28,0x1108,Off
BINKSND,32,0x10F8,Close
BINKSND,36,T_ULONG(0022),BestSizeIn16
BINKSND,40,T_ULONG(0022),SoundDropOuts
BINKSND,44,T_ULONG(0022),freq
BINKSND,48,T_LONG(0012),bits
BINKSND,52,T_LONG(0012),chans
BINKSND,56,0x10F7,snddata
BINKSUMMARY,0,T_ULONG(0022),Width
BINKSUMMARY,4,T_ULONG(0022),Height
BINKSUMMARY,8,T_ULONG(0022),TotalTime
BINKSUMMARY,12,T_ULONG(0022),FileFrameRate
BINKSUMMARY,16,T_ULONG(0022),FileFrameRateDiv
BINKSUMMARY,20,T_ULONG(0022),FrameRate
BINKSUMMARY,24,T_ULONG(0022),FrameRateDiv
BINKSUMMARY,28,T_ULONG(0022),TotalOpenTime
BINKSUMMARY,32,T_ULONG(0022),TotalFrames
BINKSUMMARY,36,T_ULONG(0022),TotalPlayedFrames
BINKSUMMARY,40,T_ULONG(0022),SkippedFrames
BINKSUMMARY,44,T_ULONG(0022),SoundSkips
BINKSUMMARY,48,T_ULONG(0022),TotalBlitTime
BINKSUMMARY,52,T_ULONG(0022),TotalReadTime
BINKSUMMARY,56,T_ULONG(0022),TotalDecompTime
BINKSUMMARY,60,T_ULONG(0022),TotalBackReadTime
BINKSUMMARY,64,T_ULONG(0022),TotalReadSpeed
BINKSUMMARY,68,T_ULONG(0022),SlowestFrameTime
BINKSUMMARY,72,T_ULONG(0022),Slowest2FrameTime
BINKSUMMARY,76,T_ULONG(0022),SlowestFrameNum
BINKSUMMARY,80,T_ULONG(0022),Slowest2FrameNum
BINKSUMMARY,84,T_ULONG(0022),AverageDataRate
BINKSUMMARY,88,T_ULONG(0022),AverageFrameSize
BINKSUMMARY,92,T_ULONG(0022),HighestMemAmount
BINKSUMMARY,96,T_ULONG(0022),TotalIOMemory
BINKSUMMARY,100,T_ULONG(0022),HighestIOUsed
BINKSUMMARY,104,T_ULONG(0022),Highest1SecRate
BINKSUMMARY,108,T_ULONG(0022),Highest1SecFrame
BinkManager::BinkManagerStruct,0,0x5549,bink
BinkManager::BinkManagerStruct,4,0x5549,bink2
BinkManager::BinkManagerStruct,8,T_32PUSHORT(0421),screen
BinkManager::BinkManagerStruct,12,T_INT4(0074),pitch
BinkManager::BinkManagerStruct,16,T_INT4(0074),height
BinkManager::BinkManagerStruct,20,T_INT4(0074),x
BinkManager::BinkManagerStruct,24,T_INT4(0074),y
BinkManager::BinkManagerStruct,28,T_INT4(0074),w
BinkManager::BinkManagerStruct,32,T_INT4(0074),h
BinkManager::BinkManagerStruct,36,T_INT4(0074),id
BinkManager::BinkManagerStruct,40,T_INT4(0074),loop
BinkManager::BinkManagerStruct,44,T_INT4(0074),paused
Bitmap16Bit,28,T_INT4(0074),DataSize
Bitmap16Bit,32,T_INT4(0074),ImageSize
Bitmap16Bit,36,T_INT4(0074),Width
Bitmap16Bit,40,T_INT4(0074),Height
Bitmap16Bit,44,T_INT4(0074),Pitch
Bitmap16Bit,48,T_32PUSHORT(0421),map
Bitmap16Bit,52,_DDSURFACEDESC2,ddsd
Bitmap16Bit,176,0x1073,ddsurf
Bitmap16Bit,180,T_UCHAR(0020),referenced
Bitmap816,28,T_INT4(0074),DataSize
Bitmap816,32,T_INT4(0074),ImageSize
Bitmap816,36,T_INT4(0074),Width
Bitmap816,40,T_INT4(0074),Height
Bitmap816,44,T_INT4(0074),Pitch
Bitmap816,48,T_32PUCHAR(0420),map
Bitmap816,52,_DDSURFACEDESC2,ddsd
Bitmap816,176,0x1E2F,ddsurf
Bitmap816,180,0x17D0,Palette
Bitmap816,184,0x2400,Palette24
Bitmap8Bit,28,T_INT4(0074),DataSize
Bitmap8Bit,32,T_INT4(0074),ImageSize
Bitmap8Bit,36,T_INT4(0074),Width
Bitmap8Bit,40,T_INT4(0074),Height
Bitmap8Bit,44,T_32PUCHAR(0420),map
Bitmap8Bit,48,TPalette24,palette
BlackBoxData,72,T_UCHAR(0020),HasCustomTreasure
BlackBoxData,76,T_INT4(0074),ExperienceBonus
BlackBoxData,80,T_INT4(0074),ManaBonus
BlackBoxData,84,T_RCHAR(0070),MoraleBonus
BlackBoxData,85,T_RCHAR(0070),LuckBonus
BlackBoxData,88,0x1BF8,ResQty
BlackBoxData,116,0x25B1,PrimarySkillBonus
BlackBoxData,120,"std::vector<SecondarySkillData,std::allocator<SecondarySkillData>",SecondarySkills
BlackBoxData,132,std::vector<enum,Artifacts
BlackBoxData,144,std::vector<enum,Spells
BlackBoxData,156,armyGroup,Creatures
BlackBoxInfo,0,0x2F63,index
Buffer,0,T_ULONG(0022),offset
Buffer,4,T_ULONG(0022),bufCount
Buffer,8,T_32PUCHAR(0420),saveBuf
Buffer,12,T_ULONG(0022),bufStart
Buffer,16,T_ULONG(0022),bufSize
CAdvPopup,76,T_INT4(0074),exitId
CAdvPopup,80,T_INT4(0074),exitCodeX
CAdvPopup,84,T_INT4(0074),exitCommand
CAnimatedDlg,80,T_ULONG(0022),m_lastTick
CAnimatedDlg,84,T_INT4(0074),m_spriteX
CAnimatedDlg,88,T_INT4(0074),m_spriteY
CAnimatedDlg,92,T_INT4(0074),m_spriteFrame
CAnimatedDlg,96,T_INT4(0074),m_seq
CAnimatedDlg,100,0x1001,m_sSprite
CAnimatedDlg,104,T_UCHAR(0020),m_palUpdated
CAnimatedDlg,108,0x1A63,m_pSprite
CAutoArray<CDPlayAddressElement>,4,T_ULONG(0022),step
CAutoArray<CDPlayAddressElement>,8,T_32PULONG(0422),pArray
CAutoArray<CDPlayAddressElement>,12,T_ULONG(0022),allocSize
CAutoArray<CDPlayAddressElement>,16,T_ULONG(0022),size
CAutoArray<CDPlayConnection>,4,T_ULONG(0022),step
CAutoArray<CDPlayConnection>,8,T_32PULONG(0422),pArray
CAutoArray<CDPlayConnection>,12,T_ULONG(0022),allocSize
CAutoArray<CDPlayConnection>,16,T_ULONG(0022),size
CAutoArray<CDPlayGroup>,4,T_ULONG(0022),step
CAutoArray<CDPlayGroup>,8,T_32PULONG(0422),pArray
CAutoArray<CDPlayGroup>,12,T_ULONG(0022),allocSize
CAutoArray<CDPlayGroup>,16,T_ULONG(0022),size
CAutoArray<CDPlayPlayer>,4,T_ULONG(0022),step
CAutoArray<CDPlayPlayer>,8,T_32PULONG(0422),pArray
CAutoArray<CDPlayPlayer>,12,T_ULONG(0022),allocSize
CAutoArray<CDPlayPlayer>,16,T_ULONG(0022),size
CAutoArray<CDPlaySession>,4,T_ULONG(0022),step
CAutoArray<CDPlaySession>,8,T_32PULONG(0422),pArray
CAutoArray<CDPlaySession>,12,T_ULONG(0022),allocSize
CAutoArray<CDPlaySession>,16,T_ULONG(0022),size
CBadVersionMsg,20,0x248F,m_version
CBadVersionMsg,40,0x2563,m_errText
CChatManager,0,0x3DDA,msgArray
CChatManager,4,T_INT4(0074),currMsg
CChatManager,8,T_INT4(0074),msgCount
CChatManager,12,T_32PRCHAR(0470),widgetText
CChatManager,16,T_ULONG(0022),pauseTime
CChatManager,20,T_UCHAR(0020),changed
CChatManager,24,0x1744,lastWidget
CChatManager,28,T_INT4(0074),maxLines
CChatManager,32,T_INT4(0074),position
CChatManager,36,T_UCHAR(0020),chatKilled
CChatManager,37,T_UCHAR(0020),isSysMsg
CChatManager,40,0x1C9B,g_chatSample
CChatManager,44,0x1C9B,g_playerDropSample
CChatManager,48,0x1C9B,g_sysMsgSample
CChatManager,52,0x1C9B,g_turnDurSample
CChatManager,56,0x1C9B,g_playerEnterSample
CChatManager::CChatStr,0,0x256D,sText
CChatManager::CChatStr,128,T_ULONG(0022),killTime
CChatManager::CChatStr,132,T_UCHAR(0020),isSystem
CChatMsg,20,0x256D,m_sMsg
CClickMsg,20,T_INT4(0074),m_widgetId
CCombatInitMsg,20,type_point,m_point
CCombatInitMsg,24,T_UCHAR(0020),m_leftHero
CCombatInitMsg,25,T_UCHAR(0020),m_rightTown
CCombatInitMsg,26,T_UCHAR(0020),m_rightHero
CCombatInitMsg,28,T_INT4(0074),m_seed
CCombatInitMsg,32,T_INT4(0074),m_winner
CCombatInitMsg,36,T_UCHAR(0020),m_retreatWin
CCombatInitMsg,37,T_UCHAR(0020),m_combatSurrender
CCombatInitMsg,40,T_INT4(0074),m_leftOwner
CCombatInitMsg,44,T_INT4(0074),m_leftGold
CCombatInitMsg,48,T_INT4(0074),m_rightOwner
CCombatInitMsg,52,T_INT4(0074),m_rightGold
CCombatInitMsg,56,armyGroup,m_leftArmyGroup
CCombatInitMsg,112,armyGroup,m_rightArmyGroup
CCombatInitMsg,168,town,m_town
CCombatInitMsg,520,hero,m_leftHeroData
CCombatInitMsg,1660,hero,m_rightHeroData
CCombatMainMsg,20,T_INT4(0074),m_nextAction
CCombatMainMsg,24,T_INT4(0074),m_nextActionExtra
CCombatMainMsg,28,T_INT4(0074),m_nextActionGridIndex
CCombatMainMsg,32,T_INT4(0074),m_nextActionGridIndex2
CCombatMainMsg,36,T_INT4(0074),m_seed
CCombatTypeMsg,20,T_INT4(0074),m_quick
CDPlay,4,DPCAPS,m_caps
CDPlay,44,0x2A02,m_lpDP
CDPlay,48,_GUID,m_guid
CDPlay,64,T_LONG(0012),m_hRes
CDPlay,68,0x2979,m_pSessionArray
CDPlay,72,0x295A,m_pConnectionArray
CDPlay,76,0x297C,m_pGroupArray
CDPlay,80,0x297E,m_pPlayerArray
CDPlay,84,T_UCHAR(0020),m_connected
CDPlay,85,T_UCHAR(0020),m_inSession
CDPlay,86,T_UCHAR(0020),m_isHost
CDPlayAddressElement,0,_GUID,m_guid
CDPlayAddressElement,16,T_32PUCHAR(0420),m_pData
CDPlayAddressElement,20,T_ULONG(0022),m_size
CDPlayConnection,0,_GUID,guidSP
CDPlayConnection,16,T_32PUCHAR(0420),pConnection
CDPlayConnection,20,0x256D,sName
CDPlayConnection,148,T_ULONG(0022),size
CDPlayHeroes,96,CDPlayMsg,dpMsg
CDPlayHeroes,104,std::deque<CNetMsg,msgQueue
CDPlayHeroes,144,0x2563,sLocalIPAddress
CDPlayHeroes,224,T_ULONG(0022),confirmId
CDPlayHeroes,228,T_ULONG(0022),currMessageId
CDPlayHeroes,232,0x2BAB,m_pNetMsgHandler
CDPlayLobby,88,0x2ACB,m_lpLobby
CDPlayLobby,92,0x2A7B,m_pAddressArray
CDPlayMsg,0,T_32PUCHAR(0420),pData
CDPlayMsg,4,T_ULONG(0022),dataSize
CDPlayPlayer,0,0x2DB0,m_sName
CDPlayPlayer,256,T_ULONG(0022),m_dpid
CDPlaySession,0,T_ULONG(0022),dwFlags
CDPlaySession,4,_GUID,guidInstance
CDPlaySession,20,_GUID,guidApp
CDPlaySession,36,T_ULONG(0022),maxPlayers
CDPlaySession,40,T_ULONG(0022),playerCount
CDPlaySession,44,0x256D,sessionName
CDPlaySession,172,0x2563,password
CDPlaySession,252,T_ULONG(0022),dwUser1
CDPlaySession,256,T_ULONG(0022),dwUser2
CDPlaySession,260,T_ULONG(0022),dwUser3
CDPlaySession,264,T_ULONG(0022),dwUser4
CDestroyPlayerMsg,20,T_ULONG(0022),m_dpid
CDiffHeader,0,T_INT4(0074),m_numBytes
CDiffHeader,4,T_INT4(0074),m_oldNumBytes
CDiffHeader,8,T_UCHAR(0020),m_copy
CDiffMaker,0,T_32PUCHAR(0420),m_oldData
CDiffMaker,4,T_32PUCHAR(0420),m_newData
CDiffMaker,8,T_INT4(0074),m_oldSize
CDiffMaker,12,T_INT4(0074),m_newSize
CFindFile,0,T_32PVOID(0403),m_searchHandle
CFindFile,4,_WIN32_FIND_DATAW,m_findData
CGameChatEdit,112,T_UCHAR(0020),activated
CGameHeaderInfoInitMsgEx,28,0x248F,m_version
CGameHeaderInfoMsg,20,T_INT4(0074),m_nbr
CGameHeaderInfoMsg,24,GameSelectionHeadersStruct,m_headerInfo
CGameTransferDlg,80,CGameTransferSmack,smack
CGameTransferDlg,100,T_UCHAR(0020),m_sending
CGameTransferSmack,0,T_INT4(0074),m_x
CGameTransferSmack,4,T_INT4(0074),m_y
CGameTransferSmack,8,T_INT4(0074),m_lastFrame
CGameTransferSmack,12,T_UCHAR(0020),m_started
CGameTransferSmack,13,T_UCHAR(0020),m_sending
CGameTransferSmack,14,T_UCHAR(0020),m_drawText
CGameTransferSmack,16,0x2C97,m_saveScreen
CGameTransmitEndMsg,20,T_INT4(0074),m_iMonthType
CGameTransmitEndMsg,24,T_INT4(0074),m_iMonthTypeExtra
CGameTransmitEndMsg,28,T_INT4(0074),m_iWeekType
CGameTransmitEndMsg,32,T_INT4(0074),m_iWeekTypeExtra
CGameTransmitEndMsg,36,T_ULONG(0022),m_diffSize
CGameTransmitInitMsg,20,T_ULONG(0022),m_fileSize
CGameTransmitInitMsg,24,T_ULONG(0022),m_fullGameCRC
CGameTransmitInitMsg,28,T_ULONG(0022),m_thisPlayerDead
CGameTransmitInitMsg,32,T_UCHAR(0020),m_isDiff
CGameTransmitInitMsg,33,T_UCHAR(0020),m_makeOrig
CGameTransmitMainMsg,20,T_ULONG(0022),m_blockNbr
CGameTransmitMainMsg,24,T_ULONG(0022),m_blockSize
CGameTransmitReqMsg,20,T_INT4(0074),m_blockNbr
CGiftMsg,20,T_INT4(0074),m_niceGuy
CGiftMsg,24,T_INT4(0074),m_resource
CGiftMsg,28,T_INT4(0074),m_qty
CGiftRequestMsg,20,T_INT4(0074),m_greedyGuy
CGiftRequestMsg,24,T_INT4(0074),m_resource
CHSInputDlg,76,0x4ACF,field1
CHSInputDlg,80,0x1744,header1
CHSInputDlg,84,0x1744,rollover
CHeroLevelUpdateMsg,20,T_INT4(0074),m_hero
CHeroLevelUpdateMsg,24,0x3583,m_ssLevel
CHeroLevelUpdateMsg,52,0x3584,m_stats
CHeroLevelUpdateMsg,56,T_INT4(0074),m_numSSs
CHeroWindowEx,68,T_INT4(0074),m_lastIMHoverID
CHeroWindowEx,72,T_INT4(0074),lastHover
CHostWaitDlg,112,0x1CC7,m_pNetMsg
CHostWaitDlg,116,T_ULONG(0022),m_waitForDPID
CHotSeatDlg,76,0x4496,edit
CHotSeatDlg,108,0x1744,m_rollover
CHotSeatDlg,112,0x4497,gHotSeatHelp
CHotSeatMan,0,T_INT4(0074),playerCount
CHotSeatMan,4,0x3DA0,names
CHourGlass,0,T_UCHAR(0020),m_thread
CLevelPickWaitDlg,112,T_INT4(0074),m_fromWho
CLevelPickWaitDlg,116,CNetMsgHandlerPause,m_netMsgHandler
CLevelPickWaitDlg,132,T_UCHAR(0020),m_playerDropped
CLogFile,0,0x2456,m_logFileName
CMCBuildBoat,20,type_point,m_point
CMCBuildBoat,24,T_INT4(0074),m_playerPos
CMCClaimGarrison,20,T_INT4(0074),m_garrisonId
CMCClaimGarrison,24,T_INT4(0074),m_playerPos
CMCClaimGenerator,20,T_INT4(0074),m_generatorId
CMCClaimGenerator,24,T_INT4(0074),m_playerPos
CMCClaimMine,20,T_CHAR(0010),m_mineId
CMCClaimMine,24,T_INT4(0074),m_playerPos
CMCClaimShipYard,20,type_point,m_point
CMCClaimShipYard,24,T_INT4(0074),m_playerPos
CMCClaimTown,20,T_CHAR(0010),m_townId
CMCClaimTown,24,T_INT4(0074),m_playerPos
CMCDeadHero,20,T_CHAR(0010),m_heroId
CMCDeadHero,22,type_point,m_point
CMCDeadPlayer,20,T_INT4(0074),m_playerPos
CMCEraseObject,20,type_point,m_point
CMCHideHero,20,T_INT4(0074),m_heroId
CMCMoveHero,20,T_CHAR(0010),m_heroId
CMCMoveHero,21,T_CHAR(0010),m_dir
CMCMoveHero,22,T_CHAR(0010),m_standEnd
CMCMoveHero,24,type_point,m_point
CMCRecruitHero,20,T_CHAR(0010),m_heroId
CMCRecruitHero,22,type_point,m_point
CMCRecruitHero,28,T_INT4(0074),m_playerPos
CMCTeleportHero,20,T_CHAR(0010),m_heroId
CMCTeleportHero,22,type_point,m_point
CMPInputDlg,76,0x4481,field1
CMPInputDlg,80,0x4481,field2
CMPInputDlg,84,0x1744,header1
CMPInputDlg,88,0x1744,header2
CMPInputDlg,92,0x1744,rollover
CMapChangeMsg,20,0x3DBB,m_mapChange
CMapFileNameMsg,20,T_INT4(0074),m_nbr
CMapFileNameMsg,24,0x25E8,m_mapFileName
CMapFileNameMsg,88,0x25E9,m_townType
CMapFileNameMsg,120,_FILETIME,m_fileTime
CMapHeaderData,0,T_INT4(0074),iVersion
CMapHeaderData,4,T_UCHAR(0020),IsPlayable
CMapHeaderData,5,T_UCHAR(0020),iDifficulty
CMapHeaderData,6,T_UCHAR(0020),numPlayers
CMapHeaderData,7,T_UCHAR(0020),minNumHumanPlayers
CMapHeaderData,8,T_UCHAR(0020),maxNumHumanPlayers
CMapHeaderData,9,T_UCHAR(0020),lastTownNameAssigned
CMapHeaderData,10,T_UCHAR(0020),mapHasNotBeenSaved
CMapHeaderData,11,T_RCHAR(0070),numTeams
CMapHeaderData,12,0x2D14,teamInfo
CMapHeaderData,20,T_INT4(0074),Size
CMapHeaderData,24,T_UCHAR(0020),HasTwoLayers
CMapHeaderData,28,0x2D46,PlayerSlotAttributes
CMapHeaderData::TPlayerSlotAttributes,0,T_UCHAR(0020),CanBeHuman
CMapHeaderData::TPlayerSlotAttributes,1,T_UCHAR(0020),CanBeComputer
CMapHeaderData::TPlayerSlotAttributes,4,T_INT4(0074),AIStrategy
CMapHeaderData::TPlayerSlotAttributes,8,T_UCHAR(0020),legal_alignments
CMapHeaderData::TPlayerSlotAttributes,9,T_UCHAR(0020),HasRandomAlignment
CMapHeaderData::TPlayerSlotAttributes,10,T_UCHAR(0020),GenerateHero
CMapHeaderData::TPlayerSlotAttributes,12,type_point,CastleLoc
CMapHeaderData::TPlayerSlotAttributes,16,T_CHAR(0010),hasRandomHero
CMapHeaderData::TPlayerSlotAttributes,20,THeroID,nonRandomHeroId
CMapHeaderData::TPlayerSlotAttributes,24,THeroID,nonRandomHeroCustomPortrait
CMapHeaderData::TPlayerSlotAttributes,28,0x2D42,nonRandomHeroCustomName
CMapHeaderRequestMsg,20,T_INT4(0074),m_nbr
CMessageKill,0,0x1CC7,m_pNetMsg
CNetMsg,0,T_INT4(0074),m_from
CNetMsg,4,T_ULONG(0022),m_dpidFrom
CNetMsg,8,eRS_Messages,m_subType
CNetMsg,12,T_ULONG(0022),m_size
CNetMsg,16,T_ULONG(0022),m_UncompressedSize
CNetMsgHandler,4,T_UCHAR(0020),m_inPopup
CNetMsgHandler,8,0x1CC7,m_pAbortPopupMsg
CNetMsgHandlerPause,12,0x2BAB,m_pNetMsgHandlerSave
CNetPlayerInfo,0,T_ULONG(0022),dpid
CNetPlayerInfo,4,0x1A39,sName
CNewHostMsg,20,T_ULONG(0022),m_dpidHost
CNewMapHeaderInfoMsg,20,NewSMapHeader,m_mapHeader
CNewPlayerMsg,20,CNetPlayerInfo,m_playerInfo
CNewPlayerMsg,48,0x248F,m_version
CNewSetupInfoMsg,20,SGameSetupOptions,m_gameSetupOptions
CNormalWinMsg,20,T_INT4(0074),m_gamePos
CObject,4,T_UCHAR(0020),x
CObject,5,T_UCHAR(0020),y
CObject,6,T_UCHAR(0020),z
CObject,8,T_USHORT(0021),TypeID
CObject,10,T_UCHAR(0020),frameOffset
CObjectType,0,"std::basic_string<char,std::char_traits<char>,std::allocator<char>",ImageName
CObjectType,12,T_RCHAR(0070),Width
CObjectType,13,T_RCHAR(0070),Height
CObjectType,16,"std::bitset<48,unsigned",PlacementMask
CObjectType,24,"std::bitset<48,unsigned",PassableMask
CObjectType,32,"std::bitset<48,unsigned",ShadowMask
CObjectType,40,"std::bitset<48,unsigned",TriggerMask
CObjectType,48,TAdventureObjectType,Type
CObjectType,52,T_INT4(0074),Extra
CObjectType,56,T_UCHAR(0020),IsUnderlay
CPingMsg,20,T_ULONG(0022),m_pingTime
CPingResponseMsg,20,T_ULONG(0022),m_pingTime
CPlayerDeadMsg,20,T_INT4(0074),m_deadGuy
CPlayerDropMsg,20,T_ULONG(0022),m_dpid
CPlayerDropUpdateMsg,20,T_ULONG(0022),m_dpidDropped
CPlayerLostMsg,20,T_INT4(0074),m_loser
CPlayerLostMsg,24,LossConditionStruct,m_lossConditionStruct
CPlayerWonMsg,20,T_INT4(0074),m_winner
CPlayerWonMsg,24,VictoryConditionStruct,m_victoryConditionStruct
CRITICAL_SECTION,0,T_UINT4(0075),LockCount
CRITICAL_SECTION,4,T_32PVOID(0403),OwnerThread
CRITICAL_SECTION,8,T_32PVOID(0403),hCrit
CRITICAL_SECTION,12,T_ULONG(0022),needtrap
CRITICAL_SECTION,16,T_ULONG(0022),dwReserved
CRequestHeroFaceMsg,20,T_INT4(0074),m_which
CRequestHeroFaceReplyMsg,20,T_INT4(0074),m_pos
CRequestHeroFaceReplyMsg,24,T_INT4(0074),m_heroFace
CResetVisibilityMsg,20,type_point,m_point
CResetVisibilityMsg,24,T_INT4(0074),m_playerPos
CResetVisibilityMsg,28,T_INT4(0074),m_range
CSaveScreen,184,T_UCHAR(0020),screenSaved
CSaveScreen,188,T_INT4(0074),m_x
CSaveScreen,192,T_INT4(0074),m_y
CScenarioInfoDlg,88,0x1A63,VictoryIcon
CScenarioInfoDlg,92,0x1A63,LossIcon
CScenarioInfoDlg,96,0x1A63,TownPix
CScenarioInfoDlg,100,0x1A63,bonusSprite
CScenarioInfoDlg,104,0x4461,Panels
CScenarioInfoDlg,136,0x4461,Flags
CScenarioInfoDlg,168,0x1A63,heroSpecificAbility
CScrollMsg,20,T_INT4(0074),m_currentMap
CScrollMsg,24,T_INT4(0074),m_currentIndex
CSequence,0,T_INT4(0074),numFrames
CSequence,4,T_INT4(0074),allocatedFrames
CSequence,8,0x17A3,f
CSetAGRMsg,20,T_INT4(0074),m_gamePos
CSetAGRMsg,24,T_INT4(0074),m_agr
CSetFilterMsg,20,T_INT4(0074),m_filterSize
CSetVisibilityMsg,20,type_point,m_point
CSetVisibilityMsg,24,T_INT4(0074),m_playerPos
CSetVisibilityMsg,28,T_INT4(0074),m_range
CSortMapsMsg,20,T_INT4(0074),m_how
CSortMapsMsg,24,T_INT4(0074),m_direction
CSprite,28,T_RCHAR(0070),SpecialCacheFlag
CSprite,32,T_32PINT4(0474),Sp_loaded
CSprite,36,0x17D0,p
CSprite,40,0x17D1,p24
CSprite,44,0x17D2,s
CSprite,48,T_INT4(0074),numSequences
CSprite,52,T_32PINT4(0474),validSeqMask
CSprite,56,T_INT4(0074),Width
CSprite,60,T_INT4(0074),Height
CSprite::SpriteDataReload::__unnamed,0,T_INT4(0074),DataSize
CSprite::SpriteDataReload::__unnamed,4,T_INT4(0074),EncodingMethod
CSprite::SpriteDataReload::__unnamed,8,T_INT4(0074),Width
CSprite::SpriteDataReload::__unnamed,12,T_INT4(0074),Height
CSprite::SpriteDataReload::__unnamed,16,T_INT4(0074),CroppedWidth
CSprite::SpriteDataReload::__unnamed,20,T_INT4(0074),CroppedHeight
CSprite::SpriteDataReload::__unnamed,24,T_INT4(0074),CroppedX
CSprite::SpriteDataReload::__unnamed,28,T_INT4(0074),CroppedY
CSpriteFrame,28,T_INT4(0074),DataSize
CSpriteFrame,32,T_INT4(0074),ImageSize
CSpriteFrame,36,TEncodingMethod,EncodingMethod
CSpriteFrame,40,T_INT4(0074),Width
CSpriteFrame,44,T_INT4(0074),Height
CSpriteFrame,48,T_INT4(0074),CroppedWidth
CSpriteFrame,52,T_INT4(0074),CroppedHeight
CSpriteFrame,56,T_INT4(0074),CroppedX
CSpriteFrame,60,T_INT4(0074),CroppedY
CSpriteFrame,64,T_INT4(0074),Pitch
CSpriteFrame,68,T_32PUCHAR(0420),map
CSpriteFrame,72,_DDSURFACEDESC2,ddsd
CSpriteFrame,196,0x1073,ddsurf
CSpriteFrame,200,T_ULONG(0022),compmap_len
CSpriteFrame,204,T_32PUCHAR(0420),tempmem
CTeamAlignmentDlg,80,0x1CB8,teams
CTeamAlignmentDlg,112,T_INT4(0074),teamCount
CTextDialog,76,0x1744,pTextWidget
CTimer,0,T_UINT4(0075),startTime
CTimer,4,T_UINT4(0075),stopTime
CTimer,8,T_UINT4(0075),elapsedTime
CTimer,12,T_UCHAR(0020),_IsRunning
CTimer,13,T_UCHAR(0020),enabled
CTownUpdateMsg,20,T_INT4(0074),m_gamePos
CTownUpdateMsg,24,TTownType,m_town
CTradeRequestMsg,20,hero,m_left
CTradeRequestMsg,1160,hero,m_right
CTurnDuration,0,T_ULONG(0022),m_lastWarned
CTurnDuration,4,T_ULONG(0022),m_turnStartTime
CTurnDuration,8,T_ULONG(0022),m_currDuration
CTurnDuration,12,T_ULONG(0022),m_nextWarning
CTurnDuration,16,T_ULONG(0022),m_pauseTime
CTurnUpdateMsg,20,T_INT4(0074),m_gamePos
CUpdatePlayerPosMsg,20,0x2549,m_netPlayer
CUpdatePlayerPosMsg,980,0x2549,m_compPlayer
CWaitForReadyPlayersDlg,112,T_ULONG(0022),startTime
CWaitForReadyPlayersDlg,116,T_ULONG(0022),lastMsg
CWaitForReadyPlayersDlg,120,CNetMsgHandlerPause,m_netMsgHandler
CWaitForReadyPlayersDlg,136,0x10EC,playerReady
CWaitForRemoteBattleDlg,112,T_INT4(0074),m_playerPos
CWaitForRemoteBattleDlg,116,0x2C7F,m_pCombatInitMsg
CWaitForRemoteBattleDlg,120,CNetMsgHandlerPause,m_netMsgHandler
CustomMapArtifactInfo,0,0x2F6C,unused
CustomMapArtifactInfo,0,0x2D22,index
CustomMapArtifactInfo,0,0x2D23,custom
CustomResourceInfo,0,0x2F6C,qty
CustomResourceInfo,0,0x2D22,index
CustomResourceInfo,0,0x2D23,custom
CustomSpellScrollInfo,0,0x2F8E,spell
CustomSpellScrollInfo,0,0x2F8F,unused
CustomSpellScrollInfo,0,0x2D22,index
CustomSpellScrollInfo,0,0x2D23,custom
DIJOYSTATE,0,T_LONG(0012),lX
DIJOYSTATE,4,T_LONG(0012),lY
DIJOYSTATE,8,T_LONG(0012),lZ
DIJOYSTATE,12,T_LONG(0012),lRx
DIJOYSTATE,16,T_LONG(0012),lRy
DIJOYSTATE,20,T_LONG(0012),lRz
DIJOYSTATE,24,0x5569,rglSlider
DIJOYSTATE,32,0x556A,rgdwPOV
DIJOYSTATE,48,0x3550,rgbButtons
DPCAPS,0,T_ULONG(0022),dwSize
DPCAPS,4,T_ULONG(0022),dwFlags
DPCAPS,8,T_ULONG(0022),dwMaxBufferSize
DPCAPS,12,T_ULONG(0022),dwMaxQueueSize
DPCAPS,16,T_ULONG(0022),dwMaxPlayers
DPCAPS,20,T_ULONG(0022),dwHundredBaud
DPCAPS,24,T_ULONG(0022),dwLatency
DPCAPS,28,T_ULONG(0022),dwMaxLocalPlayers
DPCAPS,32,T_ULONG(0022),dwHeaderLength
DPCAPS,36,T_ULONG(0022),dwTimeout
DPCHAT,0,T_ULONG(0022),dwSize
DPCHAT,4,T_ULONG(0022),dwFlags
DPCHAT,8,T_32PUSHORT(0421),lpszMessage
DPCHAT,8,T_32PRCHAR(0470),lpszMessageA
DPCOMPOUNDADDRESSELEMENT,0,_GUID,guidDataType
DPCOMPOUNDADDRESSELEMENT,16,T_ULONG(0022),dwDataSize
DPCOMPOUNDADDRESSELEMENT,20,T_32PVOID(0403),lpData
DPCREDENTIALS,0,T_ULONG(0022),dwSize
DPCREDENTIALS,4,T_ULONG(0022),dwFlags
DPCREDENTIALS,8,T_32PUSHORT(0421),lpszUsername
DPCREDENTIALS,8,T_32PRCHAR(0470),lpszUsernameA
DPCREDENTIALS,12,T_32PUSHORT(0421),lpszPassword
DPCREDENTIALS,12,T_32PRCHAR(0470),lpszPasswordA
DPCREDENTIALS,16,T_32PUSHORT(0421),lpszDomain
DPCREDENTIALS,16,T_32PRCHAR(0470),lpszDomainA
DPLAPPINFO,0,T_ULONG(0022),dwSize
DPLAPPINFO,4,_GUID,guidApplication
DPLAPPINFO,20,T_32PRCHAR(0470),lpszAppNameA
DPLAPPINFO,20,T_32PUSHORT(0421),lpszAppName
DPLCONNECTION,0,T_ULONG(0022),dwSize
DPLCONNECTION,4,T_ULONG(0022),dwFlags
DPLCONNECTION,8,0x120A,lpSessionDesc
DPLCONNECTION,12,0x1707,lpPlayerName
DPLCONNECTION,16,_GUID,guidSP
DPLCONNECTION,32,T_32PVOID(0403),lpAddress
DPLCONNECTION,36,T_ULONG(0022),dwAddressSize
DPMSG_ADDGROUPTOGROUP,0,T_ULONG(0022),dwType
DPMSG_ADDGROUPTOGROUP,4,T_ULONG(0022),dpIdParentGroup
DPMSG_ADDGROUPTOGROUP,8,T_ULONG(0022),dpIdGroup
DPMSG_ADDPLAYERTOGROUP,0,T_ULONG(0022),dwType
DPMSG_ADDPLAYERTOGROUP,4,T_ULONG(0022),dpIdGroup
DPMSG_ADDPLAYERTOGROUP,8,T_ULONG(0022),dpIdPlayer
DPMSG_CHAT,0,T_ULONG(0022),dwType
DPMSG_CHAT,4,T_ULONG(0022),dwFlags
DPMSG_CHAT,8,T_ULONG(0022),idFromPlayer
DPMSG_CHAT,12,T_ULONG(0022),idToPlayer
DPMSG_CHAT,16,T_ULONG(0022),idToGroup
DPMSG_CHAT,20,0x29D4,lpChat
DPMSG_CREATEPLAYERORGROUP,0,T_ULONG(0022),dwType
DPMSG_CREATEPLAYERORGROUP,4,T_ULONG(0022),dwPlayerType
DPMSG_CREATEPLAYERORGROUP,8,T_ULONG(0022),dpId
DPMSG_CREATEPLAYERORGROUP,12,T_ULONG(0022),dwCurrentPlayers
DPMSG_CREATEPLAYERORGROUP,16,T_32PVOID(0403),lpData
DPMSG_CREATEPLAYERORGROUP,20,T_ULONG(0022),dwDataSize
DPMSG_CREATEPLAYERORGROUP,24,DPNAME,dpnName
DPMSG_CREATEPLAYERORGROUP,40,T_ULONG(0022),dpIdParent
DPMSG_CREATEPLAYERORGROUP,44,T_ULONG(0022),dwFlags
DPMSG_DESTROYPLAYERORGROUP,0,T_ULONG(0022),dwType
DPMSG_DESTROYPLAYERORGROUP,4,T_ULONG(0022),dwPlayerType
DPMSG_DESTROYPLAYERORGROUP,8,T_ULONG(0022),dpId
DPMSG_DESTROYPLAYERORGROUP,12,T_32PVOID(0403),lpLocalData
DPMSG_DESTROYPLAYERORGROUP,16,T_ULONG(0022),dwLocalDataSize
DPMSG_DESTROYPLAYERORGROUP,20,T_32PVOID(0403),lpRemoteData
DPMSG_DESTROYPLAYERORGROUP,24,T_ULONG(0022),dwRemoteDataSize
DPMSG_DESTROYPLAYERORGROUP,28,DPNAME,dpnName
DPMSG_DESTROYPLAYERORGROUP,44,T_ULONG(0022),dpIdParent
DPMSG_DESTROYPLAYERORGROUP,48,T_ULONG(0022),dwFlags
DPMSG_GENERIC,0,T_ULONG(0022),dwType
DPMSG_SECUREMESSAGE,0,T_ULONG(0022),dwType
DPMSG_SECUREMESSAGE,4,T_ULONG(0022),dwFlags
DPMSG_SECUREMESSAGE,8,T_ULONG(0022),dpIdFrom
DPMSG_SECUREMESSAGE,12,T_32PVOID(0403),lpData
DPMSG_SECUREMESSAGE,16,T_ULONG(0022),dwDataSize
DPMSG_SETPLAYERORGROUPDATA,0,T_ULONG(0022),dwType
DPMSG_SETPLAYERORGROUPDATA,4,T_ULONG(0022),dwPlayerType
DPMSG_SETPLAYERORGROUPDATA,8,T_ULONG(0022),dpId
DPMSG_SETPLAYERORGROUPDATA,12,T_32PVOID(0403),lpData
DPMSG_SETPLAYERORGROUPDATA,16,T_ULONG(0022),dwDataSize
DPMSG_SETPLAYERORGROUPNAME,0,T_ULONG(0022),dwType
DPMSG_SETPLAYERORGROUPNAME,4,T_ULONG(0022),dwPlayerType
DPMSG_SETPLAYERORGROUPNAME,8,T_ULONG(0022),dpId
DPMSG_SETPLAYERORGROUPNAME,12,DPNAME,dpnName
DPMSG_SETSESSIONDESC,0,T_ULONG(0022),dwType
DPMSG_SETSESSIONDESC,4,DPSESSIONDESC2,dpDesc
DPMSG_STARTSESSION,0,T_ULONG(0022),dwType
DPMSG_STARTSESSION,4,0x29D8,lpConn
DPNAME,0,T_ULONG(0022),dwSize
DPNAME,4,T_ULONG(0022),dwFlags
DPNAME,8,T_32PUSHORT(0421),lpszShortName
DPNAME,8,T_32PRCHAR(0470),lpszShortNameA
DPNAME,12,T_32PUSHORT(0421),lpszLongName
DPNAME,12,T_32PRCHAR(0470),lpszLongNameA
DPSECURITYDESC,0,T_ULONG(0022),dwSize
DPSECURITYDESC,4,T_ULONG(0022),dwFlags
DPSECURITYDESC,8,T_32PUSHORT(0421),lpszSSPIProvider
DPSECURITYDESC,8,T_32PRCHAR(0470),lpszSSPIProviderA
DPSECURITYDESC,12,T_32PUSHORT(0421),lpszCAPIProvider
DPSECURITYDESC,12,T_32PRCHAR(0470),lpszCAPIProviderA
DPSECURITYDESC,16,T_ULONG(0022),dwCAPIProviderType
DPSECURITYDESC,20,T_ULONG(0022),dwEncryptionAlgorithm
DPSESSIONDESC,0,T_ULONG(0022),dwSize
DPSESSIONDESC,4,_GUID,guidSession
DPSESSIONDESC,20,T_ULONG(0022),dwSession
DPSESSIONDESC,24,T_ULONG(0022),dwMaxPlayers
DPSESSIONDESC,28,T_ULONG(0022),dwCurrentPlayers
DPSESSIONDESC,32,T_ULONG(0022),dwFlags
DPSESSIONDESC,36,0x16C5,szSessionName
DPSESSIONDESC,68,0x1033,szUserField
DPSESSIONDESC,84,T_ULONG(0022),dwReserved1
DPSESSIONDESC,88,0x1033,szPassword
DPSESSIONDESC,104,T_ULONG(0022),dwReserved2
DPSESSIONDESC,108,T_ULONG(0022),dwUser1
DPSESSIONDESC,112,T_ULONG(0022),dwUser2
DPSESSIONDESC,116,T_ULONG(0022),dwUser3
DPSESSIONDESC,120,T_ULONG(0022),dwUser4
DPSESSIONDESC2,0,T_ULONG(0022),dwSize
DPSESSIONDESC2,4,T_ULONG(0022),dwFlags
DPSESSIONDESC2,8,_GUID,guidInstance
DPSESSIONDESC2,24,_GUID,guidApplication
DPSESSIONDESC2,40,T_ULONG(0022),dwMaxPlayers
DPSESSIONDESC2,44,T_ULONG(0022),dwCurrentPlayers
DPSESSIONDESC2,48,T_32PUSHORT(0421),lpszSessionName
DPSESSIONDESC2,48,T_32PRCHAR(0470),lpszSessionNameA
DPSESSIONDESC2,52,T_32PUSHORT(0421),lpszPassword
DPSESSIONDESC2,52,T_32PRCHAR(0470),lpszPasswordA
DPSESSIONDESC2,56,T_ULONG(0022),dwReserved1
DPSESSIONDESC2,60,T_ULONG(0022),dwReserved2
DPSESSIONDESC2,64,T_ULONG(0022),dwUser1
DPSESSIONDESC2,68,T_ULONG(0022),dwUser2
DPSESSIONDESC2,72,T_ULONG(0022),dwUser3
DPSESSIONDESC2,76,T_ULONG(0022),dwUser4
EventInfo,0,0x2F63,index
EventInfo,0,0x2F6F,allow_player
EventInfo,0,0x2D21,allow_computer
EventInfo,0,0x2F70,cancel_after_visit
ExtraInfoUnion,0,T_ULONG(0022),extraInfo
ExtraInfoUnion,0,MapIdInfo,item_id
ExtraInfoUnion,0,FountainOfFortuneInfo,fountain_of_fortune_info
ExtraInfoUnion,0,ShipyardInfo,shipyard_info
ExtraInfoUnion,0,BlackBoxInfo,black_box_info
ExtraInfoUnion,0,MapArtifactInfo,artifact_info
ExtraInfoUnion,0,type_creature_bank_info,creature_bank_info
ExtraInfoUnion,0,CustomMapArtifactInfo,custom_artifact_info
ExtraInfoUnion,0,EventInfo,event_info
ExtraInfoUnion,0,LeanToInfo,lean_to_info
ExtraInfoUnion,0,MagicSpringInfo,magic_spring_info
ExtraInfoUnion,0,MonsterInfo,monster_info
ExtraInfoUnion,0,MysticGardenInfo,mystic_garden_info
ExtraInfoUnion,0,type_pyramid_info,pyramid_info
ExtraInfoUnion,0,CustomResourceInfo,custom_resource_info
ExtraInfoUnion,0,ScholarInfo,scholar_info
ExtraInfoUnion,0,SeaChestInfo,sea_chest_info
ExtraInfoUnion,0,SkeletonInfo,skeleton_info
ExtraInfoUnion,0,ShrineInfo,shrine_info
ExtraInfoUnion,0,CustomSpellScrollInfo,custom_spell_scroll_info
ExtraInfoUnion,0,TreasureInfo,treasure_info
ExtraInfoUnion,0,WiseTreeInfo,tree_info
ExtraInfoUnion,0,type_university_info,university_info
ExtraInfoUnion,0,WagonInfo,wagon_info
ExtraInfoUnion,0,TombInfo,tomb_info
ExtraInfoUnion,0,WaterWheelInfo,water_wheel_info
ExtraInfoUnion,0,WindMillInfo,wind_mill_info
ExtraInfoUnion,0,WitchHutInfo,witch_hut_info
File,4,T_32PVOID(0403),m_hFile
File,8,0x10C5,sLastError
File,264,T_UCHAR(0020),open
FountainOfFortuneInfo,0,0x2D3D,unused
FountainOfFortuneInfo,0,0x2D33,visited_bits
FountainOfFortuneInfo,0,0x2F5A,luck_bonus
HDC__,0,T_INT4(0074),unused
HINSTANCE__,0,T_INT4(0074),unused
HWND__,0,T_INT4(0074),unused
HeroDestination,4,T_LONG(0012),value
HeroDestination,8,T_LONG(0012),move_cost
HeroDestination,12,T_UCHAR(0020),is_nearby
HeroDestination,13,T_UCHAR(0020),is_critical
HeroExtra,0,T_RCHAR(0070),Owner
HeroExtra,4,THeroID,id
HeroExtra,8,T_RCHAR(0070),bCustomName
HeroExtra,9,0x184E,Name
HeroExtra,24,T_INT4(0074),Experience
HeroExtra,28,T_RCHAR(0070),bCustomPortraitNumber
HeroExtra,29,T_UCHAR(0020),PortraitNumber
HeroExtra,30,T_RCHAR(0070),bCustomSecondarySkills
HeroExtra,32,T_INT4(0074),NumSecondarySkills
HeroExtra,36,0x2D14,secondarySkill
HeroExtra,44,0x2D14,secondarySkillLevel
HeroExtra,52,T_RCHAR(0070),bCustomArmies
HeroExtra,56,0x1BF7,armies
HeroExtra,84,0x1CB5,numTroops
HeroExtra,98,T_RCHAR(0070),GroupFormation
HeroExtra,99,T_RCHAR(0070),bCustomArtifacts
HeroExtra,100,0x3D87,artifacts
HeroExtra,118,0x3D88,backpack
HeroExtra,182,T_UCHAR(0020),numInBackpack
HeroExtra,184,type_point,location
HeroExtra,188,T_RCHAR(0070),PatrolRadius
LODEntry,0,0x1033,name
LODEntry,16,T_INT4(0074),offset
LODEntry,20,T_INT4(0074),size
LODEntry,24,T_INT4(0074),attrib
LODEntry,28,T_INT4(0074),csize
LODFile,0,T_32PVOID(0403),fileptr
LODFile,4,0x10C5,LODFileName
LODFile,260,T_INT4(0074),opened
LODFile,264,T_32PUCHAR(0420),dataBuffer
LODFile,268,T_ULONG(0022),dataBufferSize
LODFile,272,T_INT4(0074),dataItemIndex
LODFile,276,T_INT4(0074),dataPos
LODFile,280,T_INT4(0074),matchindex
LODFile,284,LODHeader,header
LODFile,376,T_INT4(0074),numEntries
LODFile,380,"std::vector<LODEntry,std::allocator<LODEntry>",subindex
LODFile,392,T_32PVOID(0403),hFile
LODFile,396,T_32PVOID(0403),hFileMap
LODFile,400,T_32PUCHAR(0420),pFileMem
LODFile,404,T_UINT4(0075),tempoff
LODHeader,0,0x25B1,LOD_ID
LODHeader,4,T_INT4(0074),version
LODHeader,8,T_INT4(0074),numEntries
LODHeader,12,0x2563,reserved
LeanToInfo,0,0x2D3D,id
LeanToInfo,0,0x268C,unused
LeanToInfo,0,0x2F73,amount
LeanToInfo,0,0x2F74,resource
LossConditionStruct,0,T_RCHAR(0070),Type
LossConditionStruct,1,T_RCHAR(0070),TownX
LossConditionStruct,2,T_RCHAR(0070),TownY
LossConditionStruct,3,T_RCHAR(0070),TownZ
LossConditionStruct,4,T_RCHAR(0070),HeroX
LossConditionStruct,5,T_RCHAR(0070),HeroY
LossConditionStruct,6,T_RCHAR(0070),HeroZ
LossConditionStruct,7,T_RCHAR(0070),HeroID
LossConditionStruct,8,T_SHORT(0011),NumDays
LossConditionStruct,10,T_UCHAR(0020),GameLost
LossConditionStruct,11,T_RCHAR(0070),playerLoser
MagicSpringInfo,0,0x2D3D,id
MagicSpringInfo,0,0x268C,unused
MagicSpringInfo,0,0x268D,full
MapArtifactInfo,0,0x2F66,price
MapArtifactInfo,0,0x2F67,guard
MapArtifactInfo,0,0x2F68,resource_price
MapArtifactInfo,0,0x2F69,guard_qty
MapArtifactInfo,0,0x2D23,custom
MapIdInfo,0,0x2D3D,id
MapIdInfo,0,0x2D33,visited_bits
MapIdInfo,0,0x2F57,unused
MapIdInfo,0,0x2D22,custom_index
MapIdInfo,0,0x2D23,custom
MemorySampleStructure,0,0x1F1C,memHSample
MemorySampleStructure,4,T_LONG(0012),memCindex
MemorySampleStructure,8,T_LONG(0012),memVolume
MemorySampleStructure,12,T_LONG(0012),memLooping
MonsterData,0,"std::basic_string<char,std::char_traits<char>,std::allocator<char>",Message
MonsterData,12,0x1BF8,ResQty
MonsterData,40,TArtifact,Artifact
MonsterInfo,0,0x2D1E,qty
MonsterInfo,0,0x2D1F,disposition
MonsterInfo,0,0x2D20,never_flee
MonsterInfo,0,0x2D21,dont_grow
MonsterInfo,0,0x2D22,index
MonsterInfo,0,0x2D23,custom
MysticGardenInfo,0,0x2D3D,id
MysticGardenInfo,0,0x268C,unused
MysticGardenInfo,0,0x2F79,resource
MysticGardenInfo,0,0x2691,full
NewSMapHeader,348,"std::basic_string<char,std::char_traits<char>,std::allocator<char>",Name
NewSMapHeader,360,"std::basic_string<char,std::char_traits<char>,std::allocator<char>",Description
NewfullMap,0,"std::vector<CObjectType,std::allocator<CObjectType>",ObjectTypes
NewfullMap,12,"std::vector<CObject,std::allocator<CObject>",Objects
NewfullMap,24,std::vector<CSprite,Sprites
NewfullMap,36,"std::vector<TreasureData,std::allocator<TreasureData>",CustomTreasureList
NewfullMap,48,"std::vector<MonsterData,std::allocator<MonsterData>",CustomMonsterList
NewfullMap,60,"std::vector<BlackBoxData,std::allocator<BlackBoxData>",BlackBoxList
NewfullMap,72,"std::vector<TSeerHut,std::allocator<TSeerHut>",SeerHutList
NewfullMap,84,"std::vector<TTimedEvent,std::allocator<TTimedEvent>",TimedEventList
NewfullMap,96,"std::vector<TTownEvent,std::allocator<TTownEvent>",TownEventList
NewfullMap,108,0x1A65,cellData
NewfullMap,112,T_INT4(0074),Size
NewfullMap,116,T_UCHAR(0020),HasTwoLevels
NewmapCell,4,0x3E11,GroundSet
NewmapCell,4,0x3E12,GroundIndex
NewmapCell,4,0x3E13,RiverSet
NewmapCell,4,0x3E14,RiverIndex
NewmapCell,8,0x3E15,RoadSet
NewmapCell,8,0x3E12,RoadIndex
NewmapCell,12,T_USHORT(0021),cellFlags
NewmapCell,12,0x3E16,GroundFlippedHorizontal
NewmapCell,12,0x3E17,GroundFlippedVertical
NewmapCell,12,0x3E18,RiverFlippedHorizontal
NewmapCell,12,0x3E19,RiverFlippedVertical
NewmapCell,12,0x3E1A,RoadFlippedHorizontal
NewmapCell,12,0x3E1B,RoadFlippedVertical
NewmapCell,12,0x3E1C,Passable
NewmapCell,12,0x3E1D,Animated
NewmapCell,12,0x3E1E,IsBlocked
NewmapCell,12,0x3E1F,IsBeachBorder
NewmapCell,12,0x3E20,unused_bit
NewmapCell,12,0x3E21,can_build_ship
NewmapCell,12,0x3E22,is_trigger
NewmapCell,16,"std::vector<NewmapCell::TObjectCell,std::allocator<NewmapCell::TObjectCell>",ObjectCellList
NewmapCell,28,TAdventureObjectType,type
NewmapCell,32,T_SHORT(0011),objectIndex
NewmapCell,34,T_SHORT(0011),object_type_index
NewmapCell::TObjectCell,0,T_USHORT(0021),ObjectIndex
NewmapCell::TObjectCell,2,0x304F,CellX
NewmapCell::TObjectCell,2,0x3050,CellY
NewmapCell::TObjectCell,3,T_RCHAR(0070),Height
PcxData,0,T_INT4(0074),PCXvers
PcxData,4,T_UINT4(0075),width
PcxData,8,T_UINT4(0075),length
PcxData,12,T_INT4(0074),BPPixel
PcxData,16,T_INT4(0074),Nplanes
PcxData,20,T_INT4(0074),BytesPerLine
PcxData,24,T_INT4(0074),PalInt
PcxData,28,T_INT4(0074),vbitcount
ResolutionSwitch,4,T_INT4(0074),m_800
ResourceManager::GetBitmap16::__unnamed,0,T_INT4(0074),DataSize
ResourceManager::GetBitmap16::__unnamed,4,T_INT4(0074),Width
ResourceManager::GetBitmap16::__unnamed,8,T_INT4(0074),Height
ResourceManager::GetBitmap816::__unnamed,0,T_INT4(0074),DataSize
ResourceManager::GetBitmap816::__unnamed,4,T_INT4(0074),Width
ResourceManager::GetBitmap816::__unnamed,8,T_INT4(0074),Height
SAMPLE2,0,0x1C9B,resSample
SAMPLE2,4,T_32PVOID(0403),playSample
SCampaign,0,T_RCHAR(0070),iCurMap
SCampaign,1,T_RCHAR(0070),iCurrentCampaign
SCampaign,2,T_UCHAR(0020),bIsCheater
SCampaign,3,T_UCHAR(0020),bSecretActive
SCampaign,4,T_UCHAR(0020),bCustomCampaign
SCampaign,8,T_INT4(0074),NumMapRegions
SCampaign,12,0x25E8,CampaignFilename
SCampaign,73,0x10EC,bScenarioChoosable
SCampaign,81,0x3550,bMapChoosable
SCampaign,113,0x3551,bMapWon
SCampaign,370,0x3553,iCurDays
SCampaign,882,0x3553,score
SCampaign,1394,0x10EC,bCampaignCompleted
SCampaign,1404,T_INT4(0074),briefing_choice
SCampaign,1408,0x3554,map_traits
SCampaign,10624,TArtifactRequirement,carryover_artifact
SCampaign,10632,0x3556,carryover_pool
SCampaign,28872,0x2D13,carryover_pool_size
SCampaign,28874,0x2D14,assigned_carryover
SGameSetupOptions,0,0x1CBA,color
SGameSetupOptions,8,0x1CBA,handicap
SGameSetupOptions,16,0x25E9,alignment
SGameSetupOptions,48,0x1CBA,playerPos
SGameSetupOptions,56,T_CHAR(0010),difficulty
SGameSetupOptions,57,0x2456,cFilename
SGameSetupOptions,408,0x1CBA,canFlipFromToComputer
SGameSetupOptions,416,T_CHAR(0010),curSelectedPlayer
SGameSetupOptions,417,T_CHAR(0010),bThisFileInitialized
SGameSetupOptions,418,T_CHAR(0010),initializationNumHumans
SGameSetupOptions,419,T_CHAR(0010),turnDuration
SGameSetupOptions,420,0x1CBA,startingHero
SGameSetupOptions,428,0x1CBA,startingBonus
SLimitData,0,T_INT4(0074),iMinX
SLimitData,4,T_INT4(0074),iMinY
SLimitData,8,T_INT4(0074),iMaxX
SLimitData,12,T_INT4(0074),iMaxY
SMapChange,0,T_UCHAR(0020),changeType
SMapChange,1,T_CHAR(0010),id
SMapChange,2,type_point,point
SMapChange,6,T_CHAR(0010),dir
SMapChange,7,T_CHAR(0010),bStandEnd
SMapChange,8,T_CHAR(0010),playerPos
SMapChange,12,T_INT4(0074),iMapChangeCtr
SMonFrameInfo,0,0x3D92,iMissileOffset
SMonFrameInfo,12,0x3D93,fArrowAngle
SMonFrameInfo,60,T_INT4(0074),iExtraNumTroopsXOffset
SMonFrameInfo,64,T_INT4(0074),iAttackFrames
SMonFrameInfo,68,T_INT4(0074),iFidgetFrequency
SMonFrameInfo,72,T_INT4(0074),iWalkCycleTime
SMonFrameInfo,76,T_INT4(0074),iAttackStartCycleTime
SMonFrameInfo,80,T_INT4(0074),iFlightPixelSpan
SavedGameHeader,0,0x2D14,id
SavedGameHeader,8,T_INT4(0074),version
SavedGameHeader,12,0x16C5,padding
ScholarInfo,0,0x2F7E,award_type
ScholarInfo,0,0x2F7F,primary_skill
ScholarInfo,0,0x2F80,secondary_skill
ScholarInfo,0,0x2F81,spell
SeaChestInfo,0,0x2F84,reward
SeaChestInfo,0,0x2F85,artifact
SecondarySkillData,0,TSecondarySkill,type
SecondarySkillData,4,TSkillMastery,level
ShipyardInfo,0,0x2F5D,owner
ShipyardInfo,0,0x2F5E,boatX
ShipyardInfo,0,0x2F5F,boatY
ShipyardInfo,0,0x2F60,unused
ShrineInfo,0,0x2D3D,unused
ShrineInfo,0,0x2D33,visited_bits
ShrineInfo,0,0x2F81,spell
Sign,0,T_UCHAR(0020),hasText
Sign,4,"std::basic_string<char,std::char_traits<char>,std::allocator<char>",signText
SkeletonInfo,0,0x2D3D,id
SkeletonInfo,0,0x268C,unused
SkeletonInfo,0,0x2F88,artifact
SkeletonInfo,0,0x2F89,has_treasure
SmackTag,0,T_ULONG(0022),Version
SmackTag,4,T_ULONG(0022),Width
SmackTag,8,T_ULONG(0022),Height
SmackTag,12,T_ULONG(0022),Frames
SmackTag,16,T_ULONG(0022),MSPerFrame
SmackTag,20,T_ULONG(0022),SmackerType
SmackTag,24,0x553F,LargestInTrack
SmackTag,52,T_ULONG(0022),tablesize
SmackTag,56,T_ULONG(0022),codesize
SmackTag,60,T_ULONG(0022),absize
SmackTag,64,T_ULONG(0022),detailsize
SmackTag,68,T_ULONG(0022),typesize
SmackTag,72,0x553F,TrackType
SmackTag,100,T_ULONG(0022),extra
SmackTag,104,T_ULONG(0022),NewPalette
SmackTag,108,0x5540,Palette
SmackTag,880,T_ULONG(0022),PalType
SmackTag,884,T_ULONG(0022),FrameNum
SmackTag,888,T_ULONG(0022),FrameSize
SmackTag,892,T_ULONG(0022),SndSize
SmackTag,896,T_LONG(0012),LastRectx
SmackTag,900,T_LONG(0012),LastRecty
SmackTag,904,T_LONG(0012),LastRectw
SmackTag,908,T_LONG(0012),LastRecth
SmackTag,912,T_ULONG(0022),OpenFlags
SmackTag,916,T_ULONG(0022),LeftOfs
SmackTag,920,T_ULONG(0022),TopOfs
SmackTag,924,T_ULONG(0022),LargestFrameSize
SmackTag,928,T_ULONG(0022),Highest1SecRate
SmackTag,932,T_ULONG(0022),Highest1SecFrame
SmackTag,936,T_ULONG(0022),ReadError
SmackTag,940,T_ULONG(0022),addr32
SoundHeaderStruct,0,0x1CB4,filename
SoundHeaderStruct,40,T_INT4(0074),offset
SoundHeaderStruct,44,T_INT4(0074),size
SpriteDataHeader,0,T_INT4(0074),seqnumber
SpriteDataHeader,4,T_INT4(0074),numframes
SpriteDataHeader,8,0x55F4,fname
SpriteDataHeader,12,T_32PINT4(0474),frameOffsets
SpriteDefHeader,0,EResourceType,type
SpriteDefHeader,4,T_INT4(0074),width
SpriteDefHeader,8,T_INT4(0074),height
SpriteDefHeader,12,T_INT4(0074),numseqs
SpriteDefHeader,16,0x28AC,pal
TAdvMenu,88,T_INT4(0074),CheatKey
TAdvMenu,92,T_UCHAR(0020),nextPlayer
TAdventureMapWindow,68,0x1A89,RadarWidget
TAdventureMapWindow,72,0x1A89,MapWidget
TAdventureMapWindow,76,0x1744,ChatTextWidget
TAdventureMapWindow,80,0x4737,chatEdit
TAdventureMapWindow,84,0x1CC4,ResourceDisplay
TAdventureMapWindow,88,T_INT4(0074),topHero
TAdventureMapWindow,92,T_INT4(0074),topTown
TAdventureMapWindow,96,0x1EFF,RolloverWidget
TAdventureMapWindow,100,T_UCHAR(0020),animate_in_background
TAdventureMapWindow,104,0x6EDD,bottom_view
TAdventureOptionsWindow,88,0x1744,RolloverWidget
TArtifactRequirement,0,TArtifact,artifact
TArtifactRequirement,4,T_RCHAR(0070),guard_bit
TArtifactTraits,0,0x1001,m_name
TArtifactTraits,4,T_INT4(0074),m_cost
TArtifactTraits,8,"std::bitset<18,unsigned",m_allowableSlotMask
TArtifactTraits,12,T_INT4(0074),m_class
TArtifactTraits,16,0x1001,m_description
TAutoArrayPtr<char>,0,T_UCHAR(0020),_m_bOwns
TAutoArrayPtr<char>,4,T_32PRCHAR(0470),_m_ptr
TBlackMarket,0,0x3A40,artifacts
TCSLock,0,0x227C,m_lpCriticalSection
TCampaignBrief,68,T_32PUSHORT(0421),zBuffer
TCampaignBrief,72,T_INT4(0074),oldVolume
TCampaignBrief,76,0x1710,RolloverWidget
TCampaignMapTraits,0,0x1001,m_name
TCampaignMapTraits,4,0x1001,m_imageName
TCampaignMapTraits,8,T_INT4(0074),m_numRegions
TCampaignMapTraits,12,0x57C8,m_akRegionTraits
TCampaignMapTraits::TRegionTraits,0,0x1001,m_name
TCampaignMapTraits::TRegionTraits,4,T_INT4(0074),m_offsetX
TCampaignMapTraits::TRegionTraits,8,T_INT4(0074),m_offsetY
TCampaignMapTraits::TRegionTraits,12,0x1001,m_enabledImageName
TCampaignMapTraits::TRegionTraits,16,0x1001,m_selectedImageName
TCampaignMapTraits::TRegionTraits,20,0x1001,m_conqueredImageName
TCampaignWindow,68,T_INT4(0074),lastActive
TCampaignWindow,72,T_INT4(0074),currentCampVideo
TCampaignWindow,76,T_32PVOID(0403),saveVideoFile
TCampaignWindow,80,0x105F,CheckMark
TCampaignWindow,84,0x1A89,RolloverWidget
TCastleWindow,88,T_INT4(0074),scroll_offset
TCastleWindow,92,T_UCHAR(0020),use8
TCastleWindow,96,0x1CC4,CastleBank
TCastleWindow,100,0x715C,SpriteWidget
TCastleWindow,132,type_building_id,castleType
TCheatCode,0,0x10B3,code
TCombatOptionsWindow,68,T_UCHAR(0020),bPrefsChanged
TCombatOptionsWindow,72,0x1744,RolloverWidget
TCreatureStack,0,TCreatureType,Creature
TCreatureStack,4,0x7187,numTroops
TCreatureTypeTraits,0,TTownType,townType
TCreatureTypeTraits,4,T_INT4(0074),level
TCreatureTypeTraits,8,0x1001,cSamplePrefix
TCreatureTypeTraits,12,0x1001,m_sprite_name
TCreatureTypeTraits,16,T_ULONG(0022),attributes
TCreatureTypeTraits,20,0x1001,m_name
TCreatureTypeTraits,24,0x1001,m_plural_name
TCreatureTypeTraits,28,0x1001,special_ability
TCreatureTypeTraits,32,0x1CB5,cost
TCreatureTypeTraits,46,T_SHORT(0011),baseFightValue
TCreatureTypeTraits,48,T_SHORT(0011),AI_value
TCreatureTypeTraits,52,T_INT4(0074),growthRate
TCreatureTypeTraits,56,T_SHORT(0011),horde_growth_rate
TCreatureTypeTraits,60,T_INT4(0074),hitPoints
TCreatureTypeTraits,64,T_INT4(0074),speed
TCreatureTypeTraits,68,T_INT4(0074),attackSkill
TCreatureTypeTraits,72,T_INT4(0074),defenseSkill
TCreatureTypeTraits,76,T_INT4(0074),damageLowBound
TCreatureTypeTraits,80,T_INT4(0074),damageHighBound
TCreatureTypeTraits,84,T_INT4(0074),numShots
TCreatureTypeTraits,88,T_INT4(0074),wanderingLow
TCreatureTypeTraits,92,T_INT4(0074),wanderingHigh
TCustomCampaignTraits,0,T_INT4(0074),exp_cap
TCustomCampaignTraits,4,T_RCHAR(0070),num_incoming_heroes
TCustomCampaignTraits,5,T_RCHAR(0070),num_outgoing_heroes
TCustomCampaignTraits,8,TCarryOverPoolNumber,incoming_hero_pool
TCustomCampaignTraits,12,TCarryOverPoolNumber,outgoing_hero_pool
TCustomCampaignTraits,16,0x2DBD,artifact_req
TCustomCampaignTraits,32,0x2D13,starting_position
TCustomCampaignTraits,34,T_RCHAR(0070),difficulty
TDialogBox,68,T_INT4(0074),beginID
TDialogBox,72,T_INT4(0074),endID
TDimensionDoorWindow,88,0x1A89,RolloverWidget
TDrawParts,0,T_UCHAR(0020),IsValid
TDrawParts,4,T_INT4(0074),X
TDrawParts,8,T_INT4(0074),Y
TDrawParts,12,T_INT4(0074),id
TFileVersionInfo,0,T_32PRCHAR(0470),VersionData
TGameTypeWindow,68,0x1710,RolloverWidget
TGenericResource,28,T_32PVOID(0403),Data
TGenericResource,32,T_INT4(0074),Size
THelpText,0,0x1001,Rollover
THelpText,4,0x1001,RightClick
THeroClassTraits,0,TTownType,m_townType
THeroClassTraits,4,0x1001,m_name
THeroClassTraits,8,T_REAL32(0040),m_aggression
THeroClassTraits,12,0x25B1,m_initialPrimarySkill
THeroClassTraits,16,0x25B1,m_gainPrimarySkillChance
THeroClassTraits,20,0x25B1,m_gainPrimarySkillChance10P
THeroClassTraits,24,0x7137,m_gainSecondarySkillChance
THeroClassTraits,52,0x2D14,m_foundInTownType
THeroTraits,0,TSex,m_sex
THeroTraits,4,TRace,m_race
THeroTraits,8,THeroClass,m_class
THeroTraits,12,TSecondarySkill,m_1stSkill
THeroTraits,16,TSkillMastery,m_1stSkillLevel
THeroTraits,20,TSecondarySkill,m_2ndSkill
THeroTraits,24,TSkillMastery,m_2ndSkillLevel
THeroTraits,28,T_UCHAR(0020),m_startsWithSpellbook
THeroTraits,32,SpellID,m_startingSpell
THeroTraits,36,TCreatureType,m_1stStack
THeroTraits,40,TCreatureType,m_2ndStack
THeroTraits,44,TCreatureType,m_3rdStack
THeroTraits,48,0x1001,m_small_portrait_name
THeroTraits,52,0x1001,m_large_portrait_name
THeroTraits,56,T_UINT4(0075),attributes
THeroTraits,60,0x1001,m_name
THeroTraits,64,T_INT4(0074),m_1stStackLow
THeroTraits,68,T_INT4(0074),m_1stStackHigh
THeroTraits,72,T_INT4(0074),m_2ndStackLow
THeroTraits,76,T_INT4(0074),m_2ndStackHigh
THeroTraits,80,T_INT4(0074),m_3rdStackLow
THeroTraits,84,T_INT4(0074),m_3rdStackHigh
THighScoreWindow,68,0x4AC0,Creatures
THighScoreWindow,156,0x4AC2,CreatureFrames
THighScoreWindow,244,T_INT4(0074),m_h_index
THighScoreWindow,248,T_UCHAR(0020),bIsStandard
THighScoreWindow,252,T_INT4(0074),iCreatureFrame
THighScoreWindow,256,T_ULONG(0022),lLastServe
THighScoreWindow,260,0x4AC7,hiScoreBack
THillFortWindow,68,0x5203,slot
THillFortWindow,628,0x1AA9,totalCost
THillFortWindow,656,T_INT4(0074),UpgradeAllButtonState
THillFortWindow,660,0x5206,RolloverWidget
TLevelUpWindow,88,T_INT4(0074),left_skill
TLevelUpWindow,92,T_INT4(0074),right_skill
TLevelUpWindow,96,T_INT4(0074),Selected
TMainMenu,68,T_UCHAR(0020),bShowCDMessage
TMainMenu,72,0x1710,RolloverWidget
TMultiPlayerWindow,76,0x1A63,GameState
TMultiPlayerWindow,80,T_UCHAR(0020),inSessionList
TMultiPlayerWindow,81,T_UCHAR(0020),showSplash
TMultiPlayerWindow,84,T_INT4(0074),currentGame
TMultiPlayerWindow,88,T_INT4(0074),currentIndex
TMultiPlayerWindow,92,0x4721,pSessions
TMultiPlayerWindow,96,T_ULONG(0022),sessTimer
TMultiPlayerWindow,100,T_ULONG(0022),sessionRefreshTimeout
TMultiPlayerWindow,104,0x2563,localIPAddress
TMultiPlayerWindow,184,0x4722,playerName
TMultiPlayerWindow,188,T_UCHAR(0020),hostJoinScreen
TMultiPlayerWindow,192,0x1EFE,splash
TMultiPlayerWindow,196,0x2475,hotSeat
TMultiPlayerWindow,200,0x2475,ipx
TMultiPlayerWindow,204,0x2475,tcp
TMultiPlayerWindow,208,0x2475,modem
TMultiPlayerWindow,212,0x2475,direct
TMultiPlayerWindow,216,0x2475,online
TMultiPlayerWindow,220,0x2475,host
TMultiPlayerWindow,224,0x2475,join
TMultiPlayerWindow,228,0x2475,search
TMultiPlayerWindow,232,0x2475,cancel
TMultiPlayerWindow,236,0x4728,gameSlider
TMultiPlayerWindow,240,0x1744,sessNameHeader
TMultiPlayerWindow,244,0x1744,userNameHeader
TMultiPlayerWindow,248,0x1744,RolloverWidget
TNormalDialogInfo,0,"std::basic_string<char,std::char_traits<char>,std::allocator<char>",dialog_text
TNormalDialogInfo,12,T_INT4(0074),x
TNormalDialogInfo,16,T_INT4(0074),y
TNormalDialogInfo,20,T_INT4(0074),width
TNormalDialogInfo,24,T_INT4(0074),height
TNormalDialogInfo,28,T_INT4(0074),text_widget_x
TNormalDialogInfo,32,T_INT4(0074),text_widget_y
TNormalDialogInfo,36,T_INT4(0074),text_widget_width
TNormalDialogInfo,40,T_INT4(0074),text_widget_height
TNormalDialogInfo,44,0x475A,icons
TNormalDialogInfo,588,T_INT4(0074),iMBType
TNormalDialogInfo,592,T_INT4(0074),iSpecial
TNormalDialogInfo,596,T_INT4(0074),timeout
TPalette16,28,0x1A13,Palette
TPalette16,540,0x1A13,PaletteStored
TPalette24,28,0x1A26,Palette
TPickANumber,0,T_INT4(0074),Low
TPickANumber,4,T_INT4(0074),NumbersLeft
TPickANumber,8,"std::vector<bool,std::allocator<bool>",Available
TPuzzleWindow,88,T_RCHAR(0070),numPieces
TPuzzleWindow,92,0x1CC4,puzzleResourceBar
TPuzzleWindow,96,0x6E3C,puzzlePieces
TPuzzleWindow,288,T_INT4(0074),puzWhich
TRGBA,0,T_UCHAR(0020),Red
TRGBA,1,T_UCHAR(0020),Green
TRGBA,2,T_UCHAR(0020),Blue
TRGBA,3,T_UCHAR(0020),Alpha
TResourceDisplay,48,T_UCHAR(0020),IsSmall
TResourceDisplay,52,0x1C45,ResourceWidgets
TResourceDisplay,80,0x7077,ResourceIconWidgets
TResourceDisplay,108,0x1EFE,BackgroundWidget
TResourceDisplay,112,0x1744,DayWidget
TResourcePtr<TTextResource>,0,T_UCHAR(0020),_m_bOwns
TResourcePtr<TTextResource>,4,0x28A2,_m_ptr
TSeerData,0,TArtifact,QuestArtifact
TSeerData,4,TSeerRewardType,RewardType
TSeerData,8,T_INT4(0074),ExperienceBonus
TSeerData,8,T_INT4(0074),ManaBonus
TSeerData,8,0x2F5D,MoraleBonus
TSeerData,8,0x2F5D,LuckBonus
TSeerData,8,TSeerResourceReward,ResourceReward
TSeerData,8,TSeerPrimarySkillReward,PrimarySkillReward
TSeerData,8,SecondarySkillData,SecondarySkillReward
TSeerData,8,TArtifact,ArtifactReward
TSeerData,8,SpellID,SpellReward
TSeerData,8,TCreatureStack,CreatureReward
TSeerHut,16,T_UCHAR(0020),QuestCompleted
TSeerHut,17,T_UCHAR(0020),CompletedByPlayer
TSeerHut,18,T_UCHAR(0020),playerInfo
TSeerHut,19,T_UCHAR(0020),playerGivenQuest
TSeerHut,20,T_RCHAR(0070),Type
TSeerHut,21,T_RCHAR(0070),NameIndex
TSeerPrimarySkillReward,0,TPrimarySkill,skillType
TSeerPrimarySkillReward,4,0x2F5D,bonus
TSeerResourceReward,0,EGameResource,resType
TSeerResourceReward,4,T_INT4(0074),resQty
TSingleSelectionWindow,88,T_RCHAR(0070),my_index
TSingleSelectionWindow,89,T_RCHAR(0070),pos_copy
TSingleSelectionWindow,90,0x2D14,hero_pos
TSingleSelectionWindow,98,T_UCHAR(0020),loadMode
TSingleSelectionWindow,100,0x1744,human
TSingleSelectionWindow,104,0x1744,text
TSingleSelectionWindow,108,0x1710,handicap
TSingleSelectionWindow,112,0x1710,townL
TSingleSelectionWindow,116,0x1710,townR
TSingleSelectionWindow,120,0x1710,heroL
TSingleSelectionWindow,124,0x1710,heroR
TSingleSelectionWindow,128,0x1710,resL
TSingleSelectionWindow,132,0x1710,resR
TSingleSelectionWindow,136,0x1710,name
TSingleSelectionWindow,140,0x1710,flag
TSingleSelectionWindow,144,0x1710,face
TSingleSelectionWindow,148,0x1710,town
TSingleSelectionWindow,152,0x1710,bonus
TSingleSelectionWindow,156,0x4722,nameEdit
TSingleSelectionWindow,160,T_ULONG(0022),freeBlocks
TSingleSelectionWindow,164,T_ULONG(0022),neededBlocks
TSingleSelectionWindow,168,T_INT4(0074),SavePart
TSingleSelectionWindow,172,0x184E,tempFilename
TSingleSelectionWindow,188,T_LONG(0012),tempBufStart
TSingleSelectionWindow,192,T_INT4(0074),SelectedVMPort
TSingleSelectionWindow,196,T_ULONG(0022),clickTime
TSingleSelectionWindow,200,0x24E0,SelectionHeaders
TSingleSelectionWindow,204,T_INT4(0074),num_mapFiles
TSingleSelectionWindow,208,T_INT4(0074),max_maps
TSingleSelectionWindow,212,T_32PINT4(0474),mapFilter
TSingleSelectionWindow,216,T_INT4(0074),mapsInFilter
TSingleSelectionWindow,220,T_UCHAR(0020),loadGameMode
TSingleSelectionWindow,221,T_UCHAR(0020),saveGameMode
TSingleSelectionWindow,224,T_INT4(0074),textIndex
TSingleSelectionWindow,228,0x1A63,VictoryIcon
TSingleSelectionWindow,232,0x1A63,LossIcon
TSingleSelectionWindow,236,0x1A63,TownPix
TSingleSelectionWindow,240,0x1A63,Resource
TSingleSelectionWindow,244,0x1A63,heroSpecificAbility
TSingleSelectionWindow,248,0x105F,GoldBox
TSingleSelectionWindow,252,0x4461,Flags
TSingleSelectionWindow,284,0x4461,Panels
TSingleSelectionWindow,316,0x4735,HeroPix
TSingleSelectionWindow,836,0x105F,randomTownQuestion
TSingleSelectionWindow,840,0x105F,randomHeroQuestion
TSingleSelectionWindow,844,0x105F,randomTown
TSingleSelectionWindow,848,0x105F,randomHero
TSingleSelectionWindow,852,0x105F,noDice
TSingleSelectionWindow,856,0x105F,noHero
TSingleSelectionWindow,860,T_INT4(0074),sortDirection
TSingleSelectionWindow,864,T_INT4(0074),currentIndex
TSingleSelectionWindow,868,T_INT4(0074),currentMap
TSingleSelectionWindow,872,T_INT4(0074),durationIndex
TSingleSelectionWindow,876,T_UCHAR(0020),inAdvancedOptions
TSingleSelectionWindow,877,T_UCHAR(0020),inScenarioOptions
TSingleSelectionWindow,880,0x4722,saveGameEdit
TSingleSelectionWindow,884,T_UCHAR(0020),mode
TSingleSelectionWindow,888,0x4736,pNewPlayerUpdateMan
TSingleSelectionWindow,892,CNetPlayerHandler,netPlayerHandler
TSingleSelectionWindow,2828,T_UCHAR(0020),receivedMaps
TSingleSelectionWindow,2832,0x4728,chatSlider
TSingleSelectionWindow,2836,0x4728,fileSlider
TSingleSelectionWindow,2840,0x4728,durationSlider
TSingleSelectionWindow,2844,0x4728,nameSlider
TSingleSelectionWindow,2848,0x1744,chatWidget
TSingleSelectionWindow,2852,0x1744,nameList1
TSingleSelectionWindow,2856,0x1744,nameList2
TSingleSelectionWindow,2860,T_UCHAR(0020),mapChanged
TSingleSelectionWindow,2861,T_UCHAR(0020),readingMaps
TSingleSelectionWindow,2864,0x4737,chatEdit
TSingleSelectionWindow,2868,T_INT4(0074),sortWhich
TSingleSelectionWindow,2872,T_INT4(0074),filterSize
TSingleSelectionWindow,2876,T_UCHAR(0020),scenarioOptionsStarted
TSingleSelectionWindow,2877,T_UCHAR(0020),chatShowing
TSingleSelectionWindow,2880,0x4738,chatToggle
TSingleSelectionWindow,2884,T_UCHAR(0020),receivingMaps
TSingleSelectionWindow,2888,0x2C97,flagBack
TSingleSelectionWindow,2892,0x248F,gameVersion
TSingleSelectionWindow,2912,CSingleSelectionNetMsgHandler,netMsgHandler
TSkuttleBoatWindow,88,0x1A89,RolloverWidget
TSpellEffectTraits,0,0x1001,m_name
TSpellEffectTraits,4,T_UINT4(0075),m_flags
TSpellTraits,0,T_INT4(0074),m_karma
TSpellTraits,4,0x1001,m_sample
TSpellTraits,8,TSpellEffectID,m_effect
TSpellTraits,12,T_ULONG(0022),m_flags
TSpellTraits,16,0x1001,m_name
TSpellTraits,20,0x1001,m_abbreviated_name
TSpellTraits,24,T_INT4(0074),m_level
TSpellTraits,28,TSpellSchool,m_school
TSpellTraits,32,0x3DCC,m_manaCost
TSpellTraits,48,T_LONG(0012),m_power_factor
TSpellTraits,52,0x3DCC,m_mastery_bonus
TSpellTraits,68,0x1CB8,m_townGetsItChance
TSpellTraits,100,0x3DCC,m_AI_value
TSpellTraits,116,0x3DCD,m_description
TSpellbookWindow,88,0x1EFB,AllowedContext
TSpellbookWindow,92,0x1EE4,Hero
TSpellbookWindow,96,0x1BFF,EnemyGroup
TSpellbookWindow,100,0x107C,OnMagicPlains
TSpellbookWindow,104,TSpellSchool,School
TSpellbookWindow,108,T_UINT4(0075),ContextMask
TSpellbookWindow,112,T_INT4(0074),Page
TSpellbookWindow,116,0x1EFC,SpellMap
TSpellbookWindow,140,0x1C3A,SpellLevelWidgets
TSpellbookWindow,144,0x1C3A,SpellIconWidgets
TSpellbookWindow,148,0x1C3B,SpellNameWidgets
TSpellbookWindow,152,0x1C39,HeadingWidget
TSpellbookWindow,156,0x1EFE,NextPageWidget
TSpellbookWindow,160,0x1EFE,PreviousPageWidget
TSpellbookWindow,164,0x1C39,SchoolTabsWidget
TSpellbookWindow,168,0x1EFF,RolloverWidget
TSpellbookWindow::TSpellbookEntry,0,SpellID,Id
TSpellbookWindow::TSpellbookEntry,4,TSpellSchool,School
TSpellbookWindow::TSpellbookEntry,8,TSkillMastery,Mastery
TSpreadsheetResource,28,std::vector<std::vector<char,Spreadsheet
TSpreadsheetResource,40,T_32PRCHAR(0470),Data
TSubWindow,4,T_INT4(0074),X
TSubWindow,8,T_INT4(0074),Y
TSubWindow,12,T_INT4(0074),Width
TSubWindow,16,T_INT4(0074),Height
TSubWindow,20,std::vector<widget,Widgets
TSubWindow,32,0x101D,ParentWindow
TSubWindow,36,T_INT4(0074),FirstWidgetID
TSubWindow,40,T_INT4(0074),LastWidgetID
TSubWindow,44,0x1050,Background
TSystemOptionsWindow,88,T_UCHAR(0020),bPrefsChanged
TSystemOptionsWindow,92,T_INT4(0074),quickCombatSave
TTextResource,28,std::vector<char,Text
TTextResource,40,T_32PRCHAR(0470),Data
TTimedEvent,0,"std::basic_string<char,std::char_traits<char>,std::allocator<char>",Message
TTimedEvent,12,0x1BF8,ResQty
TTimedEvent,40,T_UCHAR(0020),PlayerFlags
TTimedEvent,41,T_UCHAR(0020),ApplyToComputer
TTimedEvent,42,T_USHORT(0021),FirstTime
TTimedEvent,44,T_USHORT(0021),Interval
TTownEvent,48,T_RCHAR(0070),TownNum
TTownEvent,56,T_QUAD(0013),BuildBuildings
TTownEvent,64,0x3E05,generatorBonuses
TTownGateWindow,88,"std::vector<int,std::allocator<int>",Towns
TTownGateWindow,100,T_INT4(0074),topTown
TTownGateWindow,104,T_INT4(0074),selectedTown
TTownGateWindow,108,T_UCHAR(0020),adventure_spell
TTownScreenWindow,68,T_INT4(0074),topTown
TTownScreenWindow,72,T_32PUSHORT(0421),zBuffer
TTownScreenWindow,76,0x715C,growth_bonus_icon
TTownScreenWindow,108,0x4496,growth_bonus_text
TTownScreenWindow,140,0x71A2,bonus_creatures
TViewArmyWindow,88,TCreatureType,ArmyType
TViewArmyWindow,92,T_INT4(0074),ArmySize
TViewArmyWindow,96,T_INT4(0074),morale
TViewArmyWindow,100,"std::basic_string<char,std::char_traits<char>,std::allocator<char>",morale_help
TViewArmyWindow,112,T_INT4(0074),luck
TViewArmyWindow,116,"std::basic_string<char,std::char_traits<char>,std::allocator<char>",luck_help
TViewArmyWindow,128,T_INT4(0074),Upgrade
TViewArmyWindow,132,T_UCHAR(0020),ShowingUpgradeButton
TViewArmyWindow,133,T_UCHAR(0020),ShowingDismissButton
TViewArmyWindow,134,T_UCHAR(0020),ShowingOkButton
TViewArmyWindow,136,0x2747,Influence
TViewArmyWindow,148,0x2748,Duration
TViewArmyWindow,160,0x1EFF,RolloverWidget
TViewArmyWindow,164,0x1C39,SpriteWidget
TViewWorldWindow,88,0x1A89,RolloverWidget
TViewWorldWindow,92,type_point,origin
TViewWorldWindow,96,T_INT4(0074),viewable_width
TViewWorldWindow,100,T_INT4(0074),viewable_height
TombInfo,0,0x2687,full
TombInfo,0,0x2D32,unused
TombInfo,0,0x2D33,visited_bits
TombInfo,0,0x2F9C,artifact
TownExtra,0,T_RCHAR(0070),playerOwner
TownExtra,1,T_RCHAR(0070),bCustomBuildings
TownExtra,8,T_QUAD(0013),BuildingBuiltMask
TownExtra,16,T_QUAD(0013),BuildingDisabledMask
TownExtra,24,T_RCHAR(0070),HasFort
TownExtra,25,T_RCHAR(0070),bCustomArmies
TownExtra,28,armyGroup,townArmy
TownExtra,84,T_RCHAR(0070),bCustomName
TownExtra,85,0x184E,cName
TownExtra,98,T_RCHAR(0070),townType
TownExtra,99,T_RCHAR(0070),bIsGrouped
TownExtra,100,"std::bitset<70,unsigned",SpellDisabledMask
TreasureData,0,"std::basic_string<char,std::char_traits<char>,std::allocator<char>",Message
TreasureData,12,T_UCHAR(0020),HasCustomGuardians
TreasureData,16,armyGroup,Guardians
TreasureInfo,0,0x2DA2,artifact
TreasureInfo,0,0x268F,is_artifact
TreasureInfo,0,0x2DA3,gold_amount
VictoryConditionStruct,0,T_RCHAR(0070),Type
VictoryConditionStruct,1,T_RCHAR(0070),AllowNormalVictory
VictoryConditionStruct,2,T_RCHAR(0070),AppliesToComputer
VictoryConditionStruct,3,T_RCHAR(0070),ArtifactNum
VictoryConditionStruct,4,T_RCHAR(0070),CreatureType
VictoryConditionStruct,8,T_INT4(0074),NumCreatures
VictoryConditionStruct,12,T_RCHAR(0070),ResourceType
VictoryConditionStruct,16,T_INT4(0074),NumResources
VictoryConditionStruct,20,T_RCHAR(0070),TownX
VictoryConditionStruct,21,T_RCHAR(0070),TownY
VictoryConditionStruct,22,T_RCHAR(0070),TownZ
VictoryConditionStruct,23,T_RCHAR(0070),HallLevel
VictoryConditionStruct,24,T_RCHAR(0070),CastleLevel
VictoryConditionStruct,25,T_RCHAR(0070),HeroX
VictoryConditionStruct,26,T_RCHAR(0070),HeroY
VictoryConditionStruct,27,T_RCHAR(0070),HeroZ
VictoryConditionStruct,28,T_RCHAR(0070),HeroID
VictoryConditionStruct,29,T_RCHAR(0070),MonsterX
VictoryConditionStruct,30,T_RCHAR(0070),MonsterY
VictoryConditionStruct,31,T_RCHAR(0070),MonsterZ
VictoryConditionStruct,32,T_UCHAR(0020),GameWon
VictoryConditionStruct,33,T_RCHAR(0070),playerWinner
WagonInfo,0,0x2D3D,resource_amount
WagonInfo,0,0x2D33,visited_bits
WagonInfo,0,0x2F89,full
WagonInfo,0,0x2F97,has_artifact
WagonInfo,0,0x2F98,artifact
WagonInfo,0,0x2F99,resource
WaterWheelInfo,0,0x2D3D,amount
WaterWheelInfo,0,0x2D33,visited_bits
WindMillInfo,0,0x2FA1,resource
WindMillInfo,0,0x268B,unused
WindMillInfo,0,0x2D33,visited_bits
WindMillInfo,0,0x2FA2,amount
WiseTreeInfo,0,0x2D3D,id
WiseTreeInfo,0,0x2D33,visited_bits
WiseTreeInfo,0,0x2F92,price
WitchHutInfo,0,0x2D3D,unused
WitchHutInfo,0,0x2D33,visited_bits
WitchHutInfo,0,0x2FA5,skill
_CONTEXT,0,T_ULONG(0022),ContextFlags
_CONTEXT,4,T_ULONG(0022),PR
_CONTEXT,8,T_ULONG(0022),MACH
_CONTEXT,12,T_ULONG(0022),MACL
_CONTEXT,16,T_ULONG(0022),GBR
_CONTEXT,20,T_ULONG(0022),R0
_CONTEXT,24,T_ULONG(0022),R1
_CONTEXT,28,T_ULONG(0022),R2
_CONTEXT,32,T_ULONG(0022),R3
_CONTEXT,36,T_ULONG(0022),R4
_CONTEXT,40,T_ULONG(0022),R5
_CONTEXT,44,T_ULONG(0022),R6
_CONTEXT,48,T_ULONG(0022),R7
_CONTEXT,52,T_ULONG(0022),R8
_CONTEXT,56,T_ULONG(0022),R9
_CONTEXT,60,T_ULONG(0022),R10
_CONTEXT,64,T_ULONG(0022),R11
_CONTEXT,68,T_ULONG(0022),R12
_CONTEXT,72,T_ULONG(0022),R13
_CONTEXT,76,T_ULONG(0022),R14
_CONTEXT,80,T_ULONG(0022),R15
_CONTEXT,84,T_ULONG(0022),Fir
_CONTEXT,88,T_ULONG(0022),Psr
_CONTEXT,92,T_ULONG(0022),Fpscr
_CONTEXT,96,T_ULONG(0022),Fpul
_CONTEXT,100,0x7202,FRegs
_CONTEXT,164,0x7202,xFRegs
_DDBLTBATCH,0,0x1092,lprDest
_DDBLTBATCH,4,0x163F,lpDDSSrc
_DDBLTBATCH,8,0x1092,lprSrc
_DDBLTBATCH,12,T_ULONG(0022),dwFlags
_DDBLTBATCH,16,0x163C,lpDDBltFx
_DDBLTFX,0,T_ULONG(0022),dwSize
_DDBLTFX,4,T_ULONG(0022),dwDDFX
_DDBLTFX,8,T_ULONG(0022),dwROP
_DDBLTFX,12,T_ULONG(0022),dwDDROP
_DDBLTFX,16,T_ULONG(0022),dwRotationAngle
_DDBLTFX,20,T_ULONG(0022),dwZBufferOpCode
_DDBLTFX,24,T_ULONG(0022),dwZBufferLow
_DDBLTFX,28,T_ULONG(0022),dwZBufferHigh
_DDBLTFX,32,T_ULONG(0022),dwZBufferBaseDest
_DDBLTFX,36,T_ULONG(0022),dwZDestConstBitDepth
_DDBLTFX,40,T_ULONG(0022),dwZDestConst
_DDBLTFX,40,0x163F,lpDDSZBufferDest
_DDBLTFX,44,T_ULONG(0022),dwZSrcConstBitDepth
_DDBLTFX,48,T_ULONG(0022),dwZSrcConst
_DDBLTFX,48,0x163F,lpDDSZBufferSrc
_DDBLTFX,52,T_ULONG(0022),dwAlphaEdgeBlendBitDepth
_DDBLTFX,56,T_ULONG(0022),dwAlphaEdgeBlend
_DDBLTFX,60,T_ULONG(0022),dwReserved
_DDBLTFX,64,T_ULONG(0022),dwAlphaDestConstBitDepth
_DDBLTFX,68,T_ULONG(0022),dwAlphaDestConst
_DDBLTFX,68,0x163F,lpDDSAlphaDest
_DDBLTFX,72,T_ULONG(0022),dwAlphaSrcConstBitDepth
_DDBLTFX,76,T_ULONG(0022),dwAlphaSrcConst
_DDBLTFX,76,0x163F,lpDDSAlphaSrc
_DDBLTFX,80,T_ULONG(0022),dwFillColor
_DDBLTFX,80,T_ULONG(0022),dwFillDepth
_DDBLTFX,80,T_ULONG(0022),dwFillPixel
_DDBLTFX,80,0x163F,lpDDSPattern
_DDBLTFX,84,_DDCOLORKEY,ddckDestColorkey
_DDBLTFX,92,_DDCOLORKEY,ddckSrcColorkey
_DDCAPS_DX6,0,T_ULONG(0022),dwSize
_DDCAPS_DX6,4,T_ULONG(0022),dwCaps
_DDCAPS_DX6,8,T_ULONG(0022),dwCaps2
_DDCAPS_DX6,12,T_ULONG(0022),dwCKeyCaps
_DDCAPS_DX6,16,T_ULONG(0022),dwFXCaps
_DDCAPS_DX6,20,T_ULONG(0022),dwFXAlphaCaps
_DDCAPS_DX6,24,T_ULONG(0022),dwPalCaps
_DDCAPS_DX6,28,T_ULONG(0022),dwSVCaps
_DDCAPS_DX6,32,T_ULONG(0022),dwAlphaBltConstBitDepths
_DDCAPS_DX6,36,T_ULONG(0022),dwAlphaBltPixelBitDepths
_DDCAPS_DX6,40,T_ULONG(0022),dwAlphaBltSurfaceBitDepths
_DDCAPS_DX6,44,T_ULONG(0022),dwAlphaOverlayConstBitDepths
_DDCAPS_DX6,48,T_ULONG(0022),dwAlphaOverlayPixelBitDepths
_DDCAPS_DX6,52,T_ULONG(0022),dwAlphaOverlaySurfaceBitDepths
_DDCAPS_DX6,56,T_ULONG(0022),dwZBufferBitDepths
_DDCAPS_DX6,60,T_ULONG(0022),dwVidMemTotal
_DDCAPS_DX6,64,T_ULONG(0022),dwVidMemFree
_DDCAPS_DX6,68,T_ULONG(0022),dwMaxVisibleOverlays
_DDCAPS_DX6,72,T_ULONG(0022),dwCurrVisibleOverlays
_DDCAPS_DX6,76,T_ULONG(0022),dwNumFourCCCodes
_DDCAPS_DX6,80,T_ULONG(0022),dwAlignBoundarySrc
_DDCAPS_DX6,84,T_ULONG(0022),dwAlignSizeSrc
_DDCAPS_DX6,88,T_ULONG(0022),dwAlignBoundaryDest
_DDCAPS_DX6,92,T_ULONG(0022),dwAlignSizeDest
_DDCAPS_DX6,96,T_ULONG(0022),dwAlignStrideAlign
_DDCAPS_DX6,100,0x16E9,dwRops
_DDCAPS_DX6,132,_DDSCAPS,ddsOldCaps
_DDCAPS_DX6,136,T_ULONG(0022),dwMinOverlayStretch
_DDCAPS_DX6,140,T_ULONG(0022),dwMaxOverlayStretch
_DDCAPS_DX6,144,T_ULONG(0022),dwMinLiveVideoStretch
_DDCAPS_DX6,148,T_ULONG(0022),dwMaxLiveVideoStretch
_DDCAPS_DX6,152,T_ULONG(0022),dwMinHwCodecStretch
_DDCAPS_DX6,156,T_ULONG(0022),dwMaxHwCodecStretch
_DDCAPS_DX6,160,T_ULONG(0022),dwReserved1
_DDCAPS_DX6,164,T_ULONG(0022),dwReserved2
_DDCAPS_DX6,168,T_ULONG(0022),dwReserved3
_DDCAPS_DX6,172,T_ULONG(0022),dwSVBCaps
_DDCAPS_DX6,176,T_ULONG(0022),dwSVBCKeyCaps
_DDCAPS_DX6,180,T_ULONG(0022),dwSVBFXCaps
_DDCAPS_DX6,184,0x16E9,dwSVBRops
_DDCAPS_DX6,216,T_ULONG(0022),dwVSBCaps
_DDCAPS_DX6,220,T_ULONG(0022),dwVSBCKeyCaps
_DDCAPS_DX6,224,T_ULONG(0022),dwVSBFXCaps
_DDCAPS_DX6,228,0x16E9,dwVSBRops
_DDCAPS_DX6,260,T_ULONG(0022),dwSSBCaps
_DDCAPS_DX6,264,T_ULONG(0022),dwSSBCKeyCaps
_DDCAPS_DX6,268,T_ULONG(0022),dwSSBFXCaps
_DDCAPS_DX6,272,0x16E9,dwSSBRops
_DDCAPS_DX6,304,T_ULONG(0022),dwMaxVideoPorts
_DDCAPS_DX6,308,T_ULONG(0022),dwCurrVideoPorts
_DDCAPS_DX6,312,T_ULONG(0022),dwSVBCaps2
_DDCAPS_DX6,316,T_ULONG(0022),dwNLVBCaps
_DDCAPS_DX6,320,T_ULONG(0022),dwNLVBCaps2
_DDCAPS_DX6,324,T_ULONG(0022),dwNLVBCKeyCaps
_DDCAPS_DX6,328,T_ULONG(0022),dwNLVBFXCaps
_DDCAPS_DX6,332,0x16E9,dwNLVBRops
_DDCAPS_DX6,364,_DDSCAPS2,ddsCaps
_DDCOLORKEY,0,T_ULONG(0022),dwColorSpaceLowValue
_DDCOLORKEY,4,T_ULONG(0022),dwColorSpaceHighValue
_DDOVERLAYFX,0,T_ULONG(0022),dwSize
_DDOVERLAYFX,4,T_ULONG(0022),dwAlphaEdgeBlendBitDepth
_DDOVERLAYFX,8,T_ULONG(0022),dwAlphaEdgeBlend
_DDOVERLAYFX,12,T_ULONG(0022),dwReserved
_DDOVERLAYFX,16,T_ULONG(0022),dwAlphaDestConstBitDepth
_DDOVERLAYFX,20,T_ULONG(0022),dwAlphaDestConst
_DDOVERLAYFX,20,0x163F,lpDDSAlphaDest
_DDOVERLAYFX,24,T_ULONG(0022),dwAlphaSrcConstBitDepth
_DDOVERLAYFX,28,T_ULONG(0022),dwAlphaSrcConst
_DDOVERLAYFX,28,0x163F,lpDDSAlphaSrc
_DDOVERLAYFX,32,_DDCOLORKEY,dckDestColorkey
_DDOVERLAYFX,40,_DDCOLORKEY,dckSrcColorkey
_DDOVERLAYFX,48,T_ULONG(0022),dwDDFX
_DDOVERLAYFX,52,T_ULONG(0022),dwFlags
_DDPIXELFORMAT,0,T_ULONG(0022),dwSize
_DDPIXELFORMAT,4,T_ULONG(0022),dwFlags
_DDPIXELFORMAT,8,T_ULONG(0022),dwFourCC
_DDPIXELFORMAT,12,T_ULONG(0022),dwRGBBitCount
_DDPIXELFORMAT,12,T_ULONG(0022),dwYUVBitCount
_DDPIXELFORMAT,12,T_ULONG(0022),dwZBufferBitDepth
_DDPIXELFORMAT,12,T_ULONG(0022),dwAlphaBitDepth
_DDPIXELFORMAT,12,T_ULONG(0022),dwLuminanceBitCount
_DDPIXELFORMAT,12,T_ULONG(0022),dwBumpBitCount
_DDPIXELFORMAT,16,T_ULONG(0022),dwRBitMask
_DDPIXELFORMAT,16,T_ULONG(0022),dwYBitMask
_DDPIXELFORMAT,16,T_ULONG(0022),dwStencilBitDepth
_DDPIXELFORMAT,16,T_ULONG(0022),dwLuminanceBitMask
_DDPIXELFORMAT,16,T_ULONG(0022),dwBumpDuBitMask
_DDPIXELFORMAT,20,T_ULONG(0022),dwGBitMask
_DDPIXELFORMAT,20,T_ULONG(0022),dwUBitMask
_DDPIXELFORMAT,20,T_ULONG(0022),dwZBitMask
_DDPIXELFORMAT,20,T_ULONG(0022),dwBumpDvBitMask
_DDPIXELFORMAT,24,T_ULONG(0022),dwBBitMask
_DDPIXELFORMAT,24,T_ULONG(0022),dwVBitMask
_DDPIXELFORMAT,24,T_ULONG(0022),dwStencilBitMask
_DDPIXELFORMAT,24,T_ULONG(0022),dwBumpLuminanceBitMask
_DDPIXELFORMAT,28,T_ULONG(0022),dwRGBAlphaBitMask
_DDPIXELFORMAT,28,T_ULONG(0022),dwYUVAlphaBitMask
_DDPIXELFORMAT,28,T_ULONG(0022),dwLuminanceAlphaBitMask
_DDPIXELFORMAT,28,T_ULONG(0022),dwRGBZBitMask
_DDPIXELFORMAT,28,T_ULONG(0022),dwYUVZBitMask
_DDSCAPS,0,T_ULONG(0022),dwCaps
_DDSCAPS2,0,T_ULONG(0022),dwCaps
_DDSCAPS2,4,T_ULONG(0022),dwCaps2
_DDSCAPS2,8,T_ULONG(0022),dwCaps3
_DDSCAPS2,12,T_ULONG(0022),dwCaps4
_DDSURFACEDESC,0,T_ULONG(0022),dwSize
_DDSURFACEDESC,4,T_ULONG(0022),dwFlags
_DDSURFACEDESC,8,T_ULONG(0022),dwHeight
_DDSURFACEDESC,12,T_ULONG(0022),dwWidth
_DDSURFACEDESC,16,T_LONG(0012),lPitch
_DDSURFACEDESC,16,T_ULONG(0022),dwLinearSize
_DDSURFACEDESC,20,T_ULONG(0022),dwBackBufferCount
_DDSURFACEDESC,24,T_ULONG(0022),dwMipMapCount
_DDSURFACEDESC,24,T_ULONG(0022),dwZBufferBitDepth
_DDSURFACEDESC,24,T_ULONG(0022),dwRefreshRate
_DDSURFACEDESC,28,T_ULONG(0022),dwAlphaBitDepth
_DDSURFACEDESC,32,T_ULONG(0022),dwReserved
_DDSURFACEDESC,36,T_32PVOID(0403),lpSurface
_DDSURFACEDESC,40,_DDCOLORKEY,ddckCKDestOverlay
_DDSURFACEDESC,48,_DDCOLORKEY,ddckCKDestBlt
_DDSURFACEDESC,56,_DDCOLORKEY,ddckCKSrcOverlay
_DDSURFACEDESC,64,_DDCOLORKEY,ddckCKSrcBlt
_DDSURFACEDESC,72,_DDPIXELFORMAT,ddpfPixelFormat
_DDSURFACEDESC,104,_DDSCAPS,ddsCaps
_DDSURFACEDESC2,0,T_ULONG(0022),dwSize
_DDSURFACEDESC2,4,T_ULONG(0022),dwFlags
_DDSURFACEDESC2,8,T_ULONG(0022),dwHeight
_DDSURFACEDESC2,12,T_ULONG(0022),dwWidth
_DDSURFACEDESC2,16,T_LONG(0012),lPitch
_DDSURFACEDESC2,16,T_ULONG(0022),dwLinearSize
_DDSURFACEDESC2,20,T_ULONG(0022),dwBackBufferCount
_DDSURFACEDESC2,24,T_ULONG(0022),dwMipMapCount
_DDSURFACEDESC2,24,T_ULONG(0022),dwRefreshRate
_DDSURFACEDESC2,28,T_ULONG(0022),dwAlphaBitDepth
_DDSURFACEDESC2,32,T_ULONG(0022),dwReserved
_DDSURFACEDESC2,36,T_32PVOID(0403),lpSurface
_DDSURFACEDESC2,40,_DDCOLORKEY,ddckCKDestOverlay
_DDSURFACEDESC2,48,_DDCOLORKEY,ddckCKDestBlt
_DDSURFACEDESC2,56,_DDCOLORKEY,ddckCKSrcOverlay
_DDSURFACEDESC2,64,_DDCOLORKEY,ddckCKSrcBlt
_DDSURFACEDESC2,72,_DDPIXELFORMAT,ddpfPixelFormat
_DDSURFACEDESC2,104,_DDSCAPS2,ddsCaps
_DDSURFACEDESC2,120,T_ULONG(0022),dwTextureStage
_DISPATCHER_CONTEXT,0,T_ULONG(0022),ControlPc
_DISPATCHER_CONTEXT,4,0x7207,FunctionEntry
_DISPATCHER_CONTEXT,8,T_ULONG(0022),EstablisherFrame
_DISPATCHER_CONTEXT,12,0x7205,ContextRecord
_DPCOMPORTADDRESS,0,T_ULONG(0022),dwComPort
_DPCOMPORTADDRESS,4,T_ULONG(0022),dwBaudRate
_DPCOMPORTADDRESS,8,T_ULONG(0022),dwStopBits
_DPCOMPORTADDRESS,12,T_ULONG(0022),dwParity
_DPCOMPORTADDRESS,16,T_ULONG(0022),dwFlowControl
_DSBCAPS,0,T_ULONG(0022),dwSize
_DSBCAPS,4,T_ULONG(0022),dwFlags
_DSBCAPS,8,T_ULONG(0022),dwBufferBytes
_DSBCAPS,12,T_ULONG(0022),dwUnlockTransferRate
_DSBCAPS,16,T_ULONG(0022),dwPlayCpuOverhead
_DSBPOSITIONNOTIFY,0,T_ULONG(0022),dwOffset
_DSBPOSITIONNOTIFY,4,T_32PVOID(0403),hEventNotify
_DSBUFFERDESC,0,T_ULONG(0022),dwSize
_DSBUFFERDESC,4,T_ULONG(0022),dwFlags
_DSBUFFERDESC,8,T_ULONG(0022),dwBufferBytes
_DSBUFFERDESC,12,T_ULONG(0022),dwReserved
_DSBUFFERDESC,16,0x217E,lpwfxFormat
_DSCAPS,0,T_ULONG(0022),dwSize
_DSCAPS,4,T_ULONG(0022),dwFlags
_DSCAPS,8,T_ULONG(0022),dwMinSecondarySampleRate
_DSCAPS,12,T_ULONG(0022),dwMaxSecondarySampleRate
_DSCAPS,16,T_ULONG(0022),dwPrimaryBuffers
_DSCAPS,20,T_ULONG(0022),dwMaxHwMixingAllBuffers
_DSCAPS,24,T_ULONG(0022),dwMaxHwMixingStaticBuffers
_DSCAPS,28,T_ULONG(0022),dwMaxHwMixingStreamingBuffers
_DSCAPS,32,T_ULONG(0022),dwFreeHwMixingAllBuffers
_DSCAPS,36,T_ULONG(0022),dwFreeHwMixingStaticBuffers
_DSCAPS,40,T_ULONG(0022),dwFreeHwMixingStreamingBuffers
_DSCAPS,44,T_ULONG(0022),dwMaxHw3DAllBuffers
_DSCAPS,48,T_ULONG(0022),dwMaxHw3DStaticBuffers
_DSCAPS,52,T_ULONG(0022),dwMaxHw3DStreamingBuffers
_DSCAPS,56,T_ULONG(0022),dwFreeHw3DAllBuffers
_DSCAPS,60,T_ULONG(0022),dwFreeHw3DStaticBuffers
_DSCAPS,64,T_ULONG(0022),dwFreeHw3DStreamingBuffers
_DSCAPS,68,T_ULONG(0022),dwTotalHwMemBytes
_DSCAPS,72,T_ULONG(0022),dwFreeHwMemBytes
_DSCAPS,76,T_ULONG(0022),dwMaxContigFreeHwMemBytes
_DSCAPS,80,T_ULONG(0022),dwUnlockTransferRateHwBuffers
_DSCAPS,84,T_ULONG(0022),dwPlayCpuOverheadSwBuffers
_DSCAPS,88,T_ULONG(0022),dwReserved1
_DSCAPS,92,T_ULONG(0022),dwReserved2
_EXCEPTION_RECORD,0,T_ULONG(0022),ExceptionCode
_EXCEPTION_RECORD,4,T_ULONG(0022),ExceptionFlags
_EXCEPTION_RECORD,8,0x71FF,ExceptionRecord
_EXCEPTION_RECORD,12,T_32PVOID(0403),ExceptionAddress
_EXCEPTION_RECORD,16,T_ULONG(0022),NumberParameters
_EXCEPTION_RECORD,20,0x71FE,ExceptionInformation
_FILETIME,0,T_ULONG(0022),dwLowDateTime
_FILETIME,4,T_ULONG(0022),dwHighDateTime
_FSDEVICEDESC,0,T_ULONG(0022),dwSize
_FSDEVICEDESC,4,T_ULONG(0022),dwFlags
_FSDEVICEDESC,8,T_ULONG(0022),dwPortNumber
_FSDEVICEDESC,12,T_ULONG(0022),dwDeviceNumber
_FSDEVICEDESC,16,T_ULONG(0022),dwTotalBlocks
_FSDEVICEDESC,20,T_ULONG(0022),dwFreeBlocks
_FSDEVICEDESC,24,T_ULONG(0022),dwBlockSize
_FSDEVICEDESC,28,T_ULONG(0022),colorVMS
_FSDEVICEDESC,32,_FSVOLUMEICON,fsvolumeicon
_FSDEVICEDESC,712,_FSDATETIME,fsdatetimeCreated
_FSFILEDESC,0,T_ULONG(0022),dwSize
_FSFILEDESC,4,T_ULONG(0022),dwFlags
_FSFILEDESC,8,T_ULONG(0022),dwBlocksUsed
_FSFILEDESC,12,T_ULONG(0022),dwTotalBytes
_FSFILEDESC,16,T_ULONG(0022),dwBytesRequired
_FSFILEDESC,20,0x184E,szFileName
_FSFILEDESC,33,0x25A9,szVMSComment
_FSFILEDESC,50,0x25AA,szBootROMComment
_FSFILEDESC,83,0x25A9,szGameName
_FSFILEDESC,100,T_UCHAR(0020),bStatus
_FSFILEDESC,101,T_UCHAR(0020),bCopy
_FSFILEDESC,102,_FSFILEICON,fsfileicon
_FSFILEDESC,1672,_FSVISDATA,fsvisdata
_FSFILEDESC,9738,_FSDATETIME,fsdatetimeCreated
_GUID,0,T_ULONG(0022),Data1
_GUID,4,T_USHORT(0021),Data2
_GUID,6,T_USHORT(0021),Data3
_GUID,8,0x10EC,Data4
_LARGE_INTEGER::__unnamed,0,T_ULONG(0022),LowPart
_LARGE_INTEGER::__unnamed,4,T_LONG(0012),HighPart
_MEMORYSTATUS,0,T_ULONG(0022),dwLength
_MEMORYSTATUS,4,T_ULONG(0022),dwMemoryLoad
_MEMORYSTATUS,8,T_ULONG(0022),dwTotalPhys
_MEMORYSTATUS,12,T_ULONG(0022),dwAvailPhys
_MEMORYSTATUS,16,T_ULONG(0022),dwTotalPageFile
_MEMORYSTATUS,20,T_ULONG(0022),dwAvailPageFile
_MEMORYSTATUS,24,T_ULONG(0022),dwTotalVirtual
_MEMORYSTATUS,28,T_ULONG(0022),dwAvailVirtual
_OSVERSIONINFOW,0,T_ULONG(0022),dwOSVersionInfoSize
_OSVERSIONINFOW,4,T_ULONG(0022),dwMajorVersion
_OSVERSIONINFOW,8,T_ULONG(0022),dwMinorVersion
_OSVERSIONINFOW,12,T_ULONG(0022),dwBuildNumber
_OSVERSIONINFOW,16,T_ULONG(0022),dwPlatformId
_OSVERSIONINFOW,20,0x44AA,szCSDVersion
_SYSTEMTIME,0,T_USHORT(0021),wYear
_SYSTEMTIME,2,T_USHORT(0021),wMonth
_SYSTEMTIME,4,T_USHORT(0021),wDayOfWeek
_SYSTEMTIME,6,T_USHORT(0021),wDay
_SYSTEMTIME,8,T_USHORT(0021),wHour
_SYSTEMTIME,10,T_USHORT(0021),wMinute
_SYSTEMTIME,12,T_USHORT(0021),wSecond
_SYSTEMTIME,14,T_USHORT(0021),wMilliseconds
_ULARGE_INTEGER::__unnamed,0,T_ULONG(0022),LowPart
_ULARGE_INTEGER::__unnamed,4,T_ULONG(0022),HighPart
_WIN32_FIND_DATAW,0,T_ULONG(0022),dwFileAttributes
_WIN32_FIND_DATAW,4,_FILETIME,ftCreationTime
_WIN32_FIND_DATAW,12,_FILETIME,ftLastAccessTime
_WIN32_FIND_DATAW,20,_FILETIME,ftLastWriteTime
_WIN32_FIND_DATAW,28,T_ULONG(0022),nFileSizeHigh
_WIN32_FIND_DATAW,32,T_ULONG(0022),nFileSizeLow
_WIN32_FIND_DATAW,36,T_ULONG(0022),dwOID
_WIN32_FIND_DATAW,40,0x10E0,cFileName
_div_t,0,T_INT4(0074),quot
_div_t,4,T_INT4(0074),rem
advManager,56,T_UCHAR(0020),inExtraMenu
advManager,57,T_UCHAR(0020),infoScreen
advManager,58,T_UCHAR(0020),systemExit
advManager,60,T_INT4(0074),scroll_offset
advManager,64,T_INT4(0074),CheatKey
advManager,68,T_INT4(0074),textRotationIndex
advManager,72,T_UCHAR(0020),goToTown
advManager,76,0x2BAB,pNetMsgHandler
advManager,80,T_UCHAR(0020),DebugShowFPS
advManager,81,T_UCHAR(0020),DebugViewAll
advManager,84,T_INT4(0074),advCommand
advManager,88,0x3049,advWindow
advManager,92,0x304B,mAdvMenu
advManager,96,T_32PUSHORT(0421),pRouteArray
advManager,100,T_INT4(0074),bShowRoute
advManager,104,T_INT4(0074),seedingValid
advManager,108,T_INT4(0074),fullySeeded
advManager,112,T_INT4(0074),lastTerrain
advManager,116,0x3474,map
advManager,120,0x3475,groundTileset
advManager,160,0x3476,riverTileset
advManager,180,0x3477,roadTileset
advManager,196,0x1A63,borderTileset
advManager,200,0x1A63,arrowTileset
advManager,204,0x3477,gemIcons
advManager,220,0x1A63,starTileset
advManager,224,0x1A63,radarIcons
advManager,228,0x1A63,cloudIcons
advManager,232,std::vector<resource,CachedGraphics
advManager,244,0x1A63,monAttackSprites
advManager,248,type_point,map_origin
advManager,252,type_point,last_map_hover
advManager,256,T_INT4(0074),lastHoverX
advManager,260,T_INT4(0074),lastHoverY
advManager,264,T_INT4(0074),scrollX
advManager,268,T_INT4(0074),scrollY
advManager,272,T_INT4(0074),animFrame
advManager,276,T_INT4(0074),animCtr
advManager,280,T_UCHAR(0020),animCtrPaused
advManager,284,T_INT4(0074),flagFrame
advManager,288,0x34E8,cursorIcons
advManager,352,0x34E9,boatIcons
advManager,364,0x34E9,boatFrothIcons
advManager,376,0x34EA,flagIcons
advManager,408,0x34EB,boatFlagIcons
advManager,504,T_UCHAR(0020),cursorVisible
advManager,508,T_INT4(0074),cursorType
advManager,512,T_INT4(0074),cursorDirection
advManager,516,T_INT4(0074),cursorBaseFrame
advManager,520,T_INT4(0074),cursorSequence
advManager,524,T_INT4(0074),cursorFrameCount
advManager,528,T_INT4(0074),cursorTurning
advManager,532,T_INT4(0074),cursorDrawn
advManager,536,T_UCHAR(0020),bCurHeroMobile
advManager,540,T_INT4(0074),iShowMode
advManager,544,T_INT4(0074),gbForceCompleteDraw
advManager,548,T_INT4(0074),monAttackObjIndex
advManager,552,T_INT4(0074),monAttackSpriteIndex
advManager,556,T_INT4(0074),monAttackFlip
advManager,560,T_INT4(0074),touchedSounds
advManager,564,0x34EE,soundArray
advManager,596,0x34EF,loopedSample
advManager,876,0x34F0,cursorSamples
advManager,920,T_INT4(0074),bHeroLogoShowing
advManager,924,T_UCHAR(0020),bHeroMoving
advManager,928,advManager::EBottomViewType,CurrentBottomView
advManager,932,advManager::EBottomViewType,BottomViewOverride
advManager,936,T_ULONG(0022),BottomViewOverrideEndTime
advManager,940,T_INT4(0074),BottomViewResource
advManager,944,T_INT4(0074),BottomViewResourceQty
advManager,948,"std::basic_string<char,std::char_traits<char>,std::allocator<char>",BottomViewText
army,0,T_UCHAR(0020),bShowAttackFrames
army,1,T_UCHAR(0020),bShowRangeFrames
army,2,T_CHAR(0010),iShowAttackFrameType
army,3,T_CHAR(0010),iNextFrameType
army,4,T_CHAR(0010),iRemainingFramesToPlay
army,8,T_INT4(0074),iDrawPriority
army,12,T_UCHAR(0020),bShowTroopCount
army,16,T_INT4(0074),groupToAttack
army,20,T_INT4(0074),indexToAttack
army,24,T_INT4(0074),attackLimit
army,28,T_INT4(0074),targetCellIndex
army,32,T_UCHAR(0020),bShowPowEffect
army,36,T_INT4(0074),iMirrorSourceIndex
army,40,T_INT4(0074),iMirrorDestIndex
army,44,T_INT4(0074),iRoundsLeftBeforeVanish
army,48,T_UCHAR(0020),IsMoving
army,49,T_UCHAR(0020),LetsPretendImNotHere
army,52,TCreatureType,armyType
army,56,T_INT4(0074),gridIndex
army,60,T_INT4(0074),currFrameType
army,64,T_INT4(0074),currFrameIndex
army,68,T_INT4(0074),facing
army,72,T_INT4(0074),walkDirection
army,76,T_INT4(0074),numTroops
army,80,T_INT4(0074),numTroopsToShowOverride
army,84,T_INT4(0074),numTroopsBattleResurrected
army,88,T_INT4(0074),residualDamage
army,92,T_INT4(0074),origPos
army,96,T_INT4(0074),origNumTroops
army,100,T_INT4(0074),origSpeed
army,104,T_INT4(0074),origWalkCycleTime
army,108,T_INT4(0074),origHitPoints
army,112,T_INT4(0074),iLuckStatus
army,116,TCreatureTypeTraits,sMonInfo
army,212,T_UCHAR(0020),show_fire_shield
army,213,T_UCHAR(0020),bSomeUnitsDamaged
army,214,T_UCHAR(0020),bAllUnitsKilled
army,216,SpellID,iPostPowSpellToCast
army,220,T_UCHAR(0020),hitByCreature
army,224,T_INT4(0074),group
army,228,T_INT4(0074),index
army,232,T_ULONG(0022),iLastFidgetTime
army,236,T_INT4(0074),ySpecialMod
army,240,T_INT4(0074),xSpecialMod
army,244,T_INT4(0074),bPowSequenceComplete
army,248,T_32PCHAR(0410),yModify
army,252,SMonFrameInfo,sMonFrameInfo
army,336,0x1A63,stdIcon
army,340,0x1A63,missileIcon
army,344,T_INT4(0074),image_height
army,348,0x1FE5,armySample
army,380,T_LONG(0012),expected_move_order
army,384,T_INT4(0074),numSpellInfluences
army,388,0x1FE6,spellInfluence
army,708,0x1FE7,spell_level
army,1028,std::deque<enum,SpellInfluenceQueue
army,1068,T_REAL32(0040),PaletteEffect
army,1072,T_INT4(0074),retaliationCount
army,1076,T_LONG(0012),blessFactor
army,1080,T_LONG(0012),curseFactor
army,1084,T_INT4(0074),antiMagicSpellLevel
army,1088,T_INT4(0074),bloodlustBonus
army,1092,T_INT4(0074),precisionBonus
army,1096,T_INT4(0074),weaknessPenalty
army,1100,T_INT4(0074),toughskinBonus
army,1104,T_INT4(0074),disruptiverayPenalty
army,1108,T_INT4(0074),prayerBonus
army,1112,T_INT4(0074),mirthBonus
army,1116,T_INT4(0074),sorrowPenalty
army,1120,T_INT4(0074),fortuneBonus
army,1124,T_INT4(0074),misfortunePenalty
army,1128,T_INT4(0074),slayerLevel
army,1132,T_INT4(0074),joustBonus
army,1136,T_INT4(0074),counterstrokeBonus
army,1140,T_REAL32(0040),frenzyAdjust
army,1144,T_REAL32(0040),blindFactor
army,1148,T_REAL32(0040),fire_shield_strength
army,1152,T_REAL32(0040),poison_penalty
army,1156,T_REAL32(0040),protectionFromAirFactor
army,1160,T_REAL32(0040),protectionFromFireFactor
army,1164,T_REAL32(0040),protectionFromWaterFactor
army,1168,T_REAL32(0040),protectionFromEarthFactor
army,1172,T_REAL32(0040),shieldDamageFactor
army,1176,T_REAL32(0040),airShieldDamageFactor
army,1180,T_UCHAR(0020),residualBlindness
army,1181,T_UCHAR(0020),residualParalyze
army,1184,T_LONG(0012),backlash_chance
army,1188,TSkillMastery,forgetfulness_level
army,1192,T_REAL32(0040),slowPenalty
army,1196,T_INT4(0074),tailwindBonus
army,1200,T_INT4(0074),diseaseDefensePenalty
army,1204,T_INT4(0074),diseaseAttackPenalty
army,1208,T_UCHAR(0020),OnNativeTerrain
army,1212,T_INT4(0074),DefendBonus
army,1216,T_INT4(0074),iMorale
army,1220,T_INT4(0074),iLuck
army,1224,T_UCHAR(0020),reset_this_round
army,1225,T_UCHAR(0020),is_area_effect_target
army,1228,std::vector<army,bound_armies
army,1240,std::vector<army,binders
army,1252,std::vector<army,aura_clients
army,1264,std::vector<army,aura_sources
army,1276,T_LONG(0012),AI_expected_damage
army,1280,0x1A97,AI_target
army,1284,T_LONG(0012),AI_target_value
army,1288,T_LONG(0012),AI_target_distance
army,1292,T_LONG(0012),AI_possible_targets
armyGroup,0,0x1BF7,armies
armyGroup,28,0x1BF8,numTroops
baseManager,4,0x1868,nextManager
baseManager,8,0x1868,prevManager
baseManager,12,T_INT4(0074),id
baseManager,16,T_INT4(0074),priority
baseManager,20,0x1865,cMgrName
baseManager,52,T_INT4(0074),status
bitmapBackedTextWidget,80,0x105F,Background
bitmapBorder,52,0x105F,borderBitmap
bitmapBorder16,52,0x2291,borderBitmap16
boat,24,T_UCHAR(0020),allocated
boat,25,T_UCHAR(0020),id
boat,26,T_CHAR(0010),type
boat,27,T_CHAR(0010),facing
boat,28,T_CHAR(0010),playerOwner
boat,32,THeroID,occupying_hero
boat,36,T_UCHAR(0020),occupied
button,52,0x1A63,buttonIcon
button,56,T_INT4(0074),normalFrame
button,60,T_INT4(0074),selectedFrame
button,64,T_INT4(0074),disabled_frame
button,68,T_UCHAR(0020),endDialog
button,72,"std::vector<int,std::allocator<int>",hotKeyCodes
button,84,"std::basic_string<char,std::char_traits<char>,std::allocator<char>",Text
coloredBorder,52,T_INT4(0074),color
coloredBorderFrame,52,T_INT4(0074),color
coloredBorderFrame,56,T_UCHAR(0020),colorize
combatManager::SCmbtHero,0,0x1001,SpriteName
combatManager::SCmbtHero,4,T_INT4(0074),castX
combatManager::SCmbtHero,8,T_INT4(0074),castY
combatManager::SCmbtHero,12,T_INT4(0074),castFrame
combatManager::SElevationOverlay,0,T_USHORT(0021),terrainMask
combatManager::SElevationOverlay,4,T_INT4(0074),x
combatManager::SElevationOverlay,8,T_INT4(0074),y
combatManager::SElevationOverlay,12,0x4326,blockedSquares
combatManager::SElevationOverlay,64,0x1001,FileName
combatManager::TArcher,0,TCreatureType,type
combatManager::TArcher,4,0x431B,Sprite
combatManager::TArcher,8,0x431B,Missile
combatManager::TArcher,12,T_INT4(0074),X
combatManager::TArcher,16,T_INT4(0074),Y
combatManager::TArcher,20,T_INT4(0074),Facing
combatManager::TArcher,24,T_INT4(0074),Sequence
combatManager::TArcher,28,T_INT4(0074),Frame
combatManager::TArcherTraits,0,TCreatureType,CreatureType
combatManager::TArcherTraits,4,T_INT4(0074),MainBuildingX
combatManager::TArcherTraits,8,T_INT4(0074),MainBuildingY
combatManager::TArcherTraits,12,T_INT4(0074),LowerTowerX
combatManager::TArcherTraits,16,T_INT4(0074),LowerTowerY
combatManager::TArcherTraits,20,T_INT4(0074),UpperTowerX
combatManager::TArcherTraits,24,T_INT4(0074),UpperTowerY
combatManager::TArcherTraits,28,0x1001,MissileName
combatManager::TObstacle,0,0x1A63,sprite
combatManager::TObstacle,4,0x1F13,info
combatManager::TObstacle,8,T_UCHAR(0020),grid_index
combatManager::TObstacle,9,T_CHAR(0010),owner
combatManager::TObstacle,10,T_UCHAR(0020),is_visible
combatManager::TObstacle,12,T_INT4(0074),damage
combatManager::TObstacle,16,T_INT4(0074),duration
combatManager::TObstacle,20,TSpellEffectID,dispel_effect
combatManager::TObstacleInfo,0,T_ULONG(0022),backgroundMask
combatManager::TObstacleInfo,4,T_UCHAR(0020),height
combatManager::TObstacleInfo,5,T_UCHAR(0020),width
combatManager::TObstacleInfo,6,T_UCHAR(0020),numSquares
combatManager::TObstacleInfo,7,T_UCHAR(0020),underlay
combatManager::TObstacleInfo,8,0x1CBA,sOffsets
combatManager::TObstacleInfo,16,0x1001,FileName
combatManager::TWallTarget,0,T_SHORT(0011),target_hex
combatManager::TWallTarget,2,T_SHORT(0011),blocked_row
combatManager::TWallTarget,4,T_SHORT(0011),hit_x
combatManager::TWallTarget,6,T_SHORT(0011),hit_y
combatManager::TWallTarget,8,combatManager::TWallSection,wall
combatManager::TWallTraits,0,T_SHORT(0011),x
combatManager::TWallTraits,2,T_SHORT(0011),y
combatManager::TWallTraits,4,T_SHORT(0011),hex
combatManager::TWallTraits,8,0x20D3,filenames
combatManager::TWallTraits,28,0x1001,name
combatManager::TWallTraits,32,T_SHORT(0011),hitpoints
combatManager::adjacency_array,0,0x4313,adjacent
configStruct,0,0x3EE3,walkSpeed
configStruct,8,T_INT4(0074),musicOn
configStruct,12,T_INT4(0074),soundOn
configStruct,16,T_INT4(0074),lastMusicVolume
configStruct,20,T_INT4(0074),lastSoundVolume
configStruct,24,T_INT4(0074),AutoSave
configStruct,28,T_INT4(0074),ShowRoute
configStruct,32,T_INT4(0074),MoveReminder
configStruct,36,T_INT4(0074),QuickCombat
configStruct,40,T_INT4(0074),VideoSubtitles
configStruct,44,T_INT4(0074),TownOutlines
configStruct,48,T_INT4(0074),AnimateSpellBook
configStruct,52,T_INT4(0074),WindowScrollSpeed
configStruct,56,T_INT4(0074),BlackoutComputer
configStruct,60,T_INT4(0074),AutoCreatures
configStruct,64,T_INT4(0074),AutoSpells
configStruct,68,T_INT4(0074),AutoCatapult
configStruct,72,T_INT4(0074),AutoBallista
configStruct,76,T_INT4(0074),AutoFirstAidTent
configStruct,80,T_INT4(0074),PreferBink
configStruct,84,windowConfig,wc
configStruct,100,T_INT4(0074),bCombatShowEntireGrid
configStruct,104,T_INT4(0074),bCombatShowMouseHex
configStruct,108,T_INT4(0074),iCombatGridLevel
configStruct,112,T_INT4(0074),iCombatViewArmy
configStruct,116,0x184E,cDOSDigitalDriver
configStruct,129,0x184E,cDOSMIDIDriver
configStruct,142,T_RCHAR(0070),bDontTryRedbook
configStruct,143,T_RCHAR(0070),bFirstInstall
configStruct,144,0x25B1,cUniqueSystemID
configStruct,148,T_INT4(0074),iCombatSpeed
configStruct,152,0x184E,cCurRemoteReceive
configStruct,165,0x184E,cRemoteReceiveDiff
configStruct,178,0x184E,cCurRemoteSend
configStruct,191,0x1A39,cNetName
config_s,0,T_USHORT(0021),good_length
config_s,2,T_USHORT(0021),max_lazy
config_s,4,T_USHORT(0021),nice_length
config_s,6,T_USHORT(0021),max_chain
config_s,8,0x5502,func
ct_data_s,0,0x1B0C,fc
ct_data_s,2,0x1B0E,dl
ds_engine,0,tree<unsigned,sample_table
ds_engine,112,tree<ds_memsample>,sample_cache
ds_engine,224,tree<ds_memsample>,channels
ds_engine,336,T_LONG(0012),current_channel
ds_engine,340,tree<ds_memsample>,trash
ds_engine,452,wavfile,wav
ds_engine,744,wavfile,stream_wav
ds_engine,1036,0x2235,stream
ds_engine,1040,T_UCHAR(0020),streamvolume
ds_engine,1041,T_UCHAR(0020),samplevolume
ds_genericsample,4,tree<ds_genericsample>,chain
ds_genericsample,116,ds_genericsample::play_state,state
ds_genericsample,120,T_LONG(0012),sample_type
ds_genericsample,124,0x219B,sample
ds_genericsample,128,T_ULONG(0022),samplelen
ds_genericsample,132,T_ULONG(0022),bufferlen
ds_genericsample,136,T_ULONG(0022),sample_rate
ds_genericsample,140,T_UCHAR(0020),volume
ds_genericsample,144,T_INT4(0074),loopcount
ds_genericsample,148,T_INT4(0074),currentloop
ds_genericsample,152,T_UCHAR(0020),have_thread
ds_genericsample,156,T_32PVOID(0403),stop
ds_genericsample,160,T_32PVOID(0403),pause
ds_genericsample,164,T_32PVOID(0403),play
ds_genericsample,168,T_32PVOID(0403),done
ds_genericsample,172,T_32PVOID(0403),m_hEventRecalcThreadKilled
ds_genericsample,176,0x21EB,name
ds_genericsample,228,0x21E0,wav
ds_genericsample,232,T_ULONG(0022),wav_offset
ds_genericsample,236,T_UCHAR(0020),auto_remove
ds_genericsample,237,T_UCHAR(0020),is_clone
ds_genericsample,240,CRITICAL_SECTION,csection
ds_streamsample,260,0x21E0,wav
ds_streamsample,264,T_ULONG(0022),wav_pos
executive,0,0x1868,headManager
executive,4,0x1868,tailManager
executive,8,0x1868,currentManager
executive,12,T_LONG(0012),dialogReturn
font,28,font::TFontSpec,fs
font,4156,TPalette16,Palette
font,5208,T_32PUCHAR(0420),Data
font::TFontSpec,0,T_UCHAR(0020),first
font::TFontSpec,1,T_UCHAR(0020),last
font::TFontSpec,2,T_UCHAR(0020),depth
font::TFontSpec,3,T_RCHAR(0070),xspace
font::TFontSpec,4,T_RCHAR(0070),yspace
font::TFontSpec,5,T_UCHAR(0020),height
font::TFontSpec,6,T_RCHAR(0070),baseyoffset
font::TFontSpec,7,T_RCHAR(0070),pad
font::TFontSpec,8,T_ULONG(0022),numpal
font::TFontSpec,12,0x2374,pal
font::TFontSpec,32,0x2375,abc
font::TFontSpec,3104,0x2376,Offset
font::TFontSpec::myABC,0,T_INT4(0074),abcA
font::TFontSpec::myABC,4,T_UINT4(0075),abcB
font::TFontSpec::myABC,8,T_INT4(0074),abcC
game::TRumour,0,"std::basic_string<char,std::char_traits<char>,std::allocator<char>",RumourText
game::TRumour,12,T_UCHAR(0020),Unavailable
garrison,0,T_CHAR(0010),playerOwner
garrison,4,armyGroup,garrisonArmy
garrison,60,T_UCHAR(0020),mapX
garrison,61,T_UCHAR(0020),mapY
garrison,62,T_UCHAR(0020),mapZ
generator,0,T_CHAR(0010),genClass
generator,1,T_CHAR(0010),genType
generator,4,0x1CF0,type
generator,20,0x1CF1,population
generator,28,armyGroup,guards
generator,84,T_UCHAR(0020),mapX
generator,85,T_UCHAR(0020),mapY
generator,86,T_UCHAR(0020),mapZ
generator,87,T_CHAR(0010),playerOwner
generator,88,T_CHAR(0010),town_id
gz_stream,0,z_stream_s,stream
gz_stream,56,T_INT4(0074),z_err
gz_stream,60,T_INT4(0074),z_eof
gz_stream,64,T_32PVOID(0403),file
gz_stream,68,T_32PUCHAR(0420),inbuf
gz_stream,72,T_32PUCHAR(0420),outbuf
gz_stream,76,T_ULONG(0022),crc
gz_stream,80,T_32PRCHAR(0470),msg
gz_stream,84,T_32PRCHAR(0470),path
gz_stream,88,T_INT4(0074),transparent
gz_stream,92,T_RCHAR(0070),mode
gz_stream,96,T_LONG(0012),startpos
hero,24,T_SHORT(0011),mana
hero,28,THeroID,id
hero,32,T_CHAR(0010),playerOwner
hero,33,0x184E,name
hero,48,THeroClass,hero_class
hero,52,T_UCHAR(0020),portrait
hero,56,T_INT4(0074),targetX
hero,60,T_INT4(0074),targetY
hero,64,T_SHORT(0011),targetZ
hero,66,T_SHORT(0011),last_magic_school_level
hero,68,T_USHORT(0021),target_distance
hero,70,T_UCHAR(0020),target_is_critical
hero,71,T_UCHAR(0020),patrolX
hero,72,T_UCHAR(0020),patrolY
hero,73,T_CHAR(0010),patrolRadius
hero,74,T_UCHAR(0020),facing
hero,75,T_UCHAR(0020),formation
hero,76,T_INT4(0074),maxMobility
hero,80,T_INT4(0074),currMobility
hero,84,T_INT4(0074),experience
hero,88,T_SHORT(0011),Level
hero,92,T_ULONG(0022),TrainingGroundFlags
hero,96,T_ULONG(0022),DefenseTowerFlags
hero,100,T_ULONG(0022),GardenOfRevelationFlags
hero,104,T_ULONG(0022),MercCampFlags
hero,108,T_ULONG(0022),PowerSchoolFlags
hero,112,T_ULONG(0022),TreeOfKnowledgeFlags
hero,116,T_ULONG(0022),LibraryFlags
hero,120,T_ULONG(0022),ArenaFlags
hero,124,T_ULONG(0022),MagicSchoolFlags
hero,128,T_ULONG(0022),WarSchoolFlags
hero,132,T_ULONG(0022),UniversityFlags
hero,136,T_ULONG(0022),Shrine1Flags
hero,140,T_ULONG(0022),Shrine2Flags
hero,144,T_ULONG(0022),Shrine3Flags
hero,148,T_UCHAR(0020),iLevelSeed
hero,149,T_UCHAR(0020),lastWisdom
hero,152,armyGroup,heroArmy
hero,208,0x3583,SSLevel
hero,236,0x3F24,SSOrder
hero,264,T_INT4(0074),numSSs
hero,268,T_ULONG(0022),flags
hero,272,T_REAL32(0040),turnExperienceToRVRatio
hero,276,T_RCHAR(0070),dWalkSpellsCast
hero,280,TSkillMastery,disguiseLevel
hero,284,TSkillMastery,flightLevel
hero,288,TSkillMastery,waterWalkLevel
hero,292,TSkillMastery,identifyLevel
hero,296,T_CHAR(0010),moraleBonus
hero,297,T_CHAR(0010),luckBonus
hero,298,T_UCHAR(0020),IsSleeping
hero,300,T_LONG(0012),bounty
hero,304,"std::bitset<48,unsigned",TownSpecialGrantedMask
hero,312,0x3F72,equipped
hero,456,0x3F73,backpack
hero,968,T_CHAR(0010),backpack_count
hero,969,0x1CED,in_spellbook
hero,1039,0x1CED,available_spells
hero,1109,0x3584,stats
hero,1116,T_REAL32(0040),aggression
hero,1120,T_LONG(0012),value_of_power
hero,1124,T_LONG(0012),value_of_duration
hero,1128,T_LONG(0012),value_of_knowledge
hero,1132,T_LONG(0012),value_of_spring
hero,1136,T_LONG(0012),value_of_well
heroWindow,4,T_INT4(0074),priority
heroWindow,8,0x101D,nextWindow
heroWindow,12,0x101D,prevWindow
heroWindow,16,T_UINT4(0075),type
heroWindow,20,heroWindow::TStatus,status
heroWindow,24,T_INT4(0074),x
heroWindow,28,T_INT4(0074),y
heroWindow,32,T_INT4(0074),width
heroWindow,36,T_INT4(0074),height
heroWindow,40,0x1710,headWidget
heroWindow,44,0x1710,tailWidget
heroWindow,48,std::vector<widget,Widgets
heroWindow,60,T_INT4(0074),focusId
heroWindow,64,0x1050,background
heroWindowManager,56,T_INT4(0074),dialogReturn
heroWindowManager,60,T_INT4(0074),lastHover
heroWindowManager,64,T_INT4(0074),lastHoverAK
heroWindowManager,68,0x1050,screenBitmap
heroWindowManager,72,T_INT4(0074),colorCyclingOn
heroWindowManager,76,T_UCHAR(0020),isWaitingForFadeIn
heroWindowManager,80,0x101D,activeWindow
heroWindowManager,84,0x101D,lastActive
heroWindowManager,88,T_UCHAR(0020),windowSwap
heroWindowManager,89,T_UCHAR(0020),CacheCleared
heroWindowManager,92,0x1050,bmpFizzleSource
heroWindowManager,96,0x101D,headWindow
heroWindowManager,100,0x101D,tailWindow
hexcell,0,T_SHORT(0011),refX
hexcell,2,T_SHORT(0011),refY
hexcell,4,T_SHORT(0011),hexULX
hexcell,6,T_SHORT(0011),hexULY
hexcell,8,T_SHORT(0011),hexBRX
hexcell,10,T_SHORT(0011),hexBRY
hexcell,12,T_SHORT(0011),fullHexBRY
hexcell,16,T_UINT4(0075),attributes
hexcell,20,T_INT4(0074),obstacleIndex
hexcell,24,T_CHAR(0010),armyGroup
hexcell,25,T_CHAR(0010),armyIndex
hexcell,26,T_CHAR(0010),partOfDouble
hexcell,28,T_INT4(0074),iBodiesInHex
hexcell,32,0x442C,deadArmyGroup
hexcell,46,0x442C,deadArmyIndex
hexcell,60,0x442C,deadPartOfDouble
hexcell,74,T_UCHAR(0020),bValidMove
hexcell,75,T_UCHAR(0020),front_move
hexcell,76,T_UCHAR(0020),mouse_shaded
hexcell,77,T_CHAR(0010),background_offset
hexcell,80,SLimitData,obstacleLimitData
hexcell,96,SLimitData,cloudLimitData
iconBackedTextWidget,80,0x1A63,Background
iconBackedTextWidget,84,T_INT4(0074),BackgroundFrame
iconWidget,52,0x495C,Sprite
iconWidget,56,T_INT4(0074),Frame
iconWidget,60,T_INT4(0074),seqId
iconWidget,64,T_UCHAR(0020),IsFlipped
iconWidget,68,T_INT4(0074),PostPostWalkSequence
iconWidget,72,T_USHORT(0021),BackColor
iconWidget::NextRandomFrame::__unnamed,0,creature_seqid,sequence_id
iconWidget::NextRandomFrame::__unnamed,4,T_INT4(0074),chance
iconWidget::NextRandomSiegeEngineFrame::__unnamed,0,creature_seqid,sequence_id
iconWidget::NextRandomSiegeEngineFrame::__unnamed,4,T_INT4(0074),chance
imgdes,0,T_32PUCHAR(0420),ibuff
imgdes,4,T_UINT4(0075),stx
imgdes,8,T_UINT4(0075),sty
imgdes,12,T_UINT4(0075),endx
imgdes,16,T_UINT4(0075),endy
imgdes,20,T_UINT4(0075),buffwidth
imgdes,24,0x552E,palette
imgdes,28,T_INT4(0074),colors
imgdes,32,T_INT4(0074),imgtype
imgdes,36,0x5531,bmh
imgdes,40,T_32PVOID(0403),hBitmap
inflate_blocks_state,0,inflate_block_mode,mode
inflate_blocks_state,4,0x47AC,sub
inflate_blocks_state,24,T_UINT4(0075),last
inflate_blocks_state,28,T_UINT4(0075),bitk
inflate_blocks_state,32,T_ULONG(0022),bitb
inflate_blocks_state,36,0x47A4,hufts
inflate_blocks_state,40,T_32PUCHAR(0420),window
inflate_blocks_state,44,T_32PUCHAR(0420),end
inflate_blocks_state,48,T_32PUCHAR(0420),read
inflate_blocks_state,52,T_32PUCHAR(0420),write
inflate_blocks_state,56,0x47AF,checkfn
inflate_blocks_state,60,T_ULONG(0022),check
inflate_blocks_state::__unnamed::__unnamed,0,T_UINT4(0075),table
inflate_blocks_state::__unnamed::__unnamed,4,T_UINT4(0075),index
inflate_blocks_state::__unnamed::__unnamed,8,T_32PUINT4(0475),blens
inflate_blocks_state::__unnamed::__unnamed,12,T_UINT4(0075),bb
inflate_blocks_state::__unnamed::__unnamed,16,0x47A4,tb
inflate_codes_state,0,inflate_codes_mode,mode
inflate_codes_state,4,T_UINT4(0075),len
inflate_codes_state,8,0x47E7,sub
inflate_codes_state,16,T_UCHAR(0020),lbits
inflate_codes_state,17,T_UCHAR(0020),dbits
inflate_codes_state,20,0x47A4,ltree
inflate_codes_state,24,0x47A4,dtree
inflate_codes_state::__unnamed::__unnamed,0,0x47A4,tree
inflate_codes_state::__unnamed::__unnamed,4,T_UINT4(0075),need
inflate_huft_s,0,0x47A1,word
inflate_huft_s,4,T_UINT4(0075),base
inflate_huft_s::__unnamed::__unnamed,0,T_UCHAR(0020),Exop
inflate_huft_s::__unnamed::__unnamed,1,T_UCHAR(0020),Bits
inputManager,56,0x2407,iBuffer
inputManager,2616,T_INT4(0074),iHead
inputManager,2620,T_INT4(0074),iTail
inputManager,2624,T_INT4(0074),bufferBusy
inputManager,2628,T_INT4(0074),mouseInstalled
inputManager,2632,0x2408,scanCodeTable
inputManager,2888,T_INT4(0074),keyboardInstalled
inputManager,2892,T_INT4(0074),keyboardFilter
inputManager,2896,T_INT4(0074),keyCodeType
inputManager,2900,T_INT4(0074),extendFlag
inputManager,2904,T_INT4(0074),currWidgetID
inputManager,2908,0x101D,prevDialog
inputManager,2912,T_INT4(0074),possibleWidgetID
inputManager,2916,T_INT4(0074),map_x_pos
inputManager,2920,T_INT4(0074),map_y_pos
inputManager,2924,T_INT4(0074),hotspot_timer
inputManager,2928,T_INT4(0074),captureHandle
inputManager,2932,T_INT4(0074),playbackEnabled
inputManager,2936,T_INT4(0074),lastHoverAK
inputManager,2940,0x101D,lastDialog
internal_state,0,0x1B23,strm
internal_state,4,T_INT4(0074),status
internal_state,8,T_32PUCHAR(0420),pending_buf
internal_state,12,T_ULONG(0022),pending_buf_size
internal_state,16,T_32PUCHAR(0420),pending_out
internal_state,20,T_INT4(0074),pending
internal_state,24,T_INT4(0074),noheader
internal_state,28,T_UCHAR(0020),data_type
internal_state,29,T_UCHAR(0020),method
internal_state,32,T_INT4(0074),last_flush
internal_state,36,T_UINT4(0075),w_size
internal_state,40,T_UINT4(0075),w_bits
internal_state,44,T_UINT4(0075),w_mask
internal_state,48,T_32PUCHAR(0420),window
internal_state,52,T_ULONG(0022),window_size
internal_state,56,T_32PUSHORT(0421),prev
internal_state,60,T_32PUSHORT(0421),head
internal_state,64,T_UINT4(0075),ins_h
internal_state,68,T_UINT4(0075),hash_size
internal_state,72,T_UINT4(0075),hash_bits
internal_state,76,T_UINT4(0075),hash_mask
internal_state,80,T_UINT4(0075),hash_shift
internal_state,84,T_LONG(0012),block_start
internal_state,88,T_UINT4(0075),match_length
internal_state,92,T_UINT4(0075),prev_match
internal_state,96,T_INT4(0074),match_available
internal_state,100,T_UINT4(0075),strstart
internal_state,104,T_UINT4(0075),match_start
internal_state,108,T_UINT4(0075),lookahead
internal_state,112,T_UINT4(0075),prev_length
internal_state,116,T_UINT4(0075),max_chain_length
internal_state,120,T_UINT4(0075),max_lazy_match
internal_state,124,T_INT4(0074),level
internal_state,128,T_INT4(0074),strategy
internal_state,132,T_UINT4(0075),good_match
internal_state,136,T_INT4(0074),nice_match
internal_state,140,0x1B11,dyn_ltree
internal_state,2432,0x1B12,dyn_dtree
internal_state,2676,0x1B13,bl_tree
internal_state,2832,tree_desc_s,l_desc
internal_state,2844,tree_desc_s,d_desc
internal_state,2856,tree_desc_s,bl_desc
internal_state,2868,0x1B1D,bl_count
internal_state,2900,0x1B1E,heap
internal_state,5192,T_INT4(0074),heap_len
internal_state,5196,T_INT4(0074),heap_max
internal_state,5200,0x1B1F,depth
internal_state,5776,T_32PUCHAR(0420),l_buf
internal_state,5780,T_UINT4(0075),lit_bufsize
internal_state,5784,T_UINT4(0075),last_lit
internal_state,5788,T_32PUSHORT(0421),d_buf
internal_state,5792,T_ULONG(0022),opt_len
internal_state,5796,T_ULONG(0022),static_len
internal_state,5800,T_UINT4(0075),matches
internal_state,5804,T_INT4(0074),last_eob_len
internal_state,5808,T_USHORT(0021),bi_buf
internal_state,5812,T_INT4(0074),bi_valid
internal_state::__unnamed::__unnamed,0,T_ULONG(0022),was
internal_state::__unnamed::__unnamed,4,T_ULONG(0022),need
message,0,T_INT4(0074),id
message,4,T_INT4(0074),codeX
message,8,T_INT4(0074),codeY
message,12,T_INT4(0074),qualifier
message,16,T_INT4(0074),mouseX
message,20,T_INT4(0074),mouseY
message,24,T_INT4(0074),extra
message,28,0x101D,window
message,32,T_INT4(0074),oldX
message,36,T_INT4(0074),oldY
mine,0,T_CHAR(0010),playerOwner
mine,1,T_CHAR(0010),type
mine,2,T_UCHAR(0020),is_abandoned
mine,4,TCreatureType,guardedByType
mine,8,T_UCHAR(0020),guardedByNum
mine,9,T_UCHAR(0020),mapX
mine,10,T_UCHAR(0020),mapY
mine,11,T_UCHAR(0020),mapZ
mouseManager,56,T_INT4(0074),bNoChangePointer
mouseManager,60,T_INT4(0074),CurrentX
mouseManager,64,T_INT4(0074),CurrentY
mouseManager,68,tagRECT,LastDraw
mouseManager,84,mouseManager::EPointerSet,Set
mouseManager,88,T_INT4(0074),Frame
mouseManager,92,0x1A63,Sprite
mouseManager,96,T_INT4(0074),ImageX
mouseManager,100,T_INT4(0074),ImageY
mouseManager,104,T_INT4(0074),DisableCount
mouseManager,108,T_UCHAR(0020),SystemPointerIsOn
mouseManager,112,T_INT4(0074),iHideCount
mouseManager,116,T_INT4(0074),Busy
mouseManager,120,CRITICAL_SECTION,CriticalSection
node<ds_genericsample>,0,0x184E,name
node<ds_genericsample>,16,0x2208,data
node<ds_genericsample>,20,0x21E8,next
node<ds_memsample>,0,0x184E,name
node<ds_memsample>,16,0x507E,data
node<ds_memsample>,20,0x2254,next
node<unsigned,0,0x184E,name
node<unsigned,16,T_32PULONG(0422),data
node<unsigned,20,0x223C,next
pathCell,4,0x2687,visited
pathCell,4,0x2688,bIsTrigger
pathCell,4,0x2689,in_boat
pathCell,4,0x268A,magic_forbidden
pathCell,4,0x268B,flying
pathCell,4,0x268C,water_walking
pathCell,4,0x268D,town_portal
pathCell,4,0x268E,dimension_door
pathCell,4,0x268F,castle_gate
pathCell,4,0x2690,can_stop
pathCell,4,0x2691,last_can_stop
pathCell,4,0x2692,direction
pathCell,4,0x2693,delta_x
pathCell,4,0x2694,delta_y
pathCell,4,0x2695,flight_cost
pathCell,8,type_point,last_point
pathCell,12,type_point,monster
pathCell,16,T_LONG(0012),barrier_value
pathCell,20,T_LONG(0012),danger_value
pathCell,24,T_USHORT(0021),cost
pathCell,26,T_USHORT(0021),adjusted_cost
pathCell,28,T_USHORT(0021),move_left
playerData,0,T_CHAR(0010),color
playerData,1,T_CHAR(0010),numHeroes
playerData,2,T_CHAR(0010),currHero
playerData,4,0x35C6,heroes
playerData,36,0x35C7,recruits
playerData,44,T_UCHAR(0020),startingNumHeroes
playerData,48,T_INT4(0074),personality
playerData,52,T_CHAR(0010),extraPuzzlePieces
playerData,54,type_point,puzzle_guess
playerData,58,T_CHAR(0010),iDeathCountDown
playerData,59,T_CHAR(0010),numTowns
playerData,60,T_CHAR(0010),currTown
playerData,61,0x35C8,towns
playerData,133,T_UCHAR(0020),placement_help_enabled
playerData,136,"std::vector<type_point,std::allocator<type_point>",shipyards
playerData,148,0x1AA9,resources
playerData,176,T_ULONG(0022),MysticalGardenFlags
playerData,180,T_ULONG(0022),MagicSpringFlags
playerData,184,T_ULONG(0022),DeadGuyFlags
playerData,188,T_ULONG(0022),LeanToFlags
playerData,192,T_ULONG(0022),dpid
playerData,196,0x1A39,cName
playerData,217,T_UCHAR(0020),isLocal
playerData,218,T_UCHAR(0020),isHuman
playerData,220,T_INT4(0074),quickCombat
playerData,224,AI,ai
recruitUnit,56,0x3DCC,CurrentSpriteFrame
recruitUnit,72,T_INT4(0074),type
recruitUnit,76,T_UCHAR(0020),view_only
recruitUnit,80,TCreatureType,monsterType
recruitUnit,84,T_32PSHORT(0411),numAvail
recruitUnit,88,T_INT4(0074),selectedPosition
recruitUnit,92,TCreatureType,MonType1
recruitUnit,96,TCreatureType,MonType2
recruitUnit,100,TCreatureType,MonType3
recruitUnit,104,TCreatureType,MonType4
recruitUnit,108,0x521F,available
recruitUnit,124,0x1A6F,thisHero
recruitUnit,128,T_32PINT4(0474),availSource
recruitUnit,132,T_LONG(0012),goldPerTroop
recruitUnit,136,T_INT4(0074),altResource
recruitUnit,140,T_INT4(0074),resourcesPerTroop
recruitUnit,144,T_INT4(0074),bInTownMainScreen
recruitUnit,148,0x4811,errorWin
recruitUnit,152,0x1A9E,currArmyGroup
recruitUnit,156,T_UCHAR(0020),bCurrArmyGroupIsTownGarrison
recruitUnit,160,T_INT4(0074),addIndex
recruitUnit,164,T_INT4(0074),updateNeeded
recruitUnit,168,T_INT4(0074),errorExit
recruitUnit,172,T_INT4(0074),maxAvail
recruitUnit,176,T_LONG(0012),totalGold
recruitUnit,180,T_INT4(0074),totalResources
recruitUnit,184,T_INT4(0074),numberToBuy
resource,4,0x184E,Name
resource,20,EResourceType,resType
resource,24,T_INT4(0074),ReferenceCount
sample,0,MemorySampleStructure,memSample
searchArray,0,T_UINT4(0075),maxQueueCount
searchArray,4,T_UCHAR(0020),pay_transition_costs
searchArray,8,T_LONG(0012),this_turns_movement
searchArray,12,T_LONG(0012),land_movement
searchArray,16,T_LONG(0012),sea_movement
searchArray,20,T_UCHAR(0020),can_summon_boat
searchArray,21,T_UCHAR(0020),can_cast_teleport
searchArray,22,T_UCHAR(0020),can_cast_flight
searchArray,23,T_UCHAR(0020),can_cast_water_walk
searchArray,24,TSkillMastery,water_walk_level
searchArray,28,TSkillMastery,flight_level
searchArray,32,T_UCHAR(0020),limit_reached
searchArray,36,0x267C,cellData
searchArray,40,tagRECT,valid_rectangle
searchArray,56,"std::vector<pathCell,std::allocator<pathCell>",queue
searchArray,68,std::vector<pathCell,result
searchArray,80,std::vector<pathCell,visited_points
searchArray,92,T_32PUCHAR(0420),bIsMoatSlowed
searchArray,96,T_32PLONG(0412),danger_zones
slider,52,T_INT4(0074),knobPos
slider,56,T_INT4(0074),currentState
slider,60,T_INT4(0074),pageSize
slider,64,T_INT4(0074),numStates
slider,68,0x1A63,sliderSprite
slider,72,0x105F,sliderBitmap
slider,76,T_INT4(0074),oldState
slider,80,T_INT4(0074),knobRange
slider,84,T_INT4(0074),length
slider,88,T_LONG(0012),knob_start
slider,92,T_SHORT(0011),clickX
slider,94,T_SHORT(0011),clickY
slider,96,T_UCHAR(0020),hotKeys
slider,97,T_UCHAR(0020),scrolling
slider,100,T_INT4(0074),lastFocus
slider,104,0x2356,sliderFunction
soundManager,56,ds_engine,ds
soundManager,1100,T_INT4(0074),bChangeSounds
soundManager,1104,T_UCHAR(0020),MP3Playing
soundManager,1108,CRITICAL_SECTION,section_sound_call
soundManager,1128,CRITICAL_SECTION,section_MP3_change
soundManager,1148,CRITICAL_SECTION,section_MP3_name_change
soundNode,0,e_looping_sound_id,soundId
soundNode,4,T_INT4(0074),priority
static_tree_desc_s,0,0x1B16,static_tree
static_tree_desc_s,4,0x1B17,extra_bits
static_tree_desc_s,8,T_INT4(0074),extra_base
static_tree_desc_s,12,T_INT4(0074),elems
static_tree_desc_s,16,T_INT4(0074),max_length
"std::_Base_bitset<1,unsigned",0,0x2D4A,_M_w
"std::_Base_bitset<2,unsigned",0,0x3051,_M_w
"std::_Base_bitset<3,unsigned",0,0x3CB8,_M_w
std::_Bit_iterator_base,0,T_32PUINT4(0475),_M_p
std::_Bit_iterator_base,4,T_UINT4(0075),_M_offset
std::_Bit_reference,0,T_32PUINT4(0475),_M_p
std::_Bit_reference,4,T_UINT4(0075),_M_mask
std::_Bvector_base<std::allocator<bool>,0,"std::_Bit_iter<std::_Bit_reference,std::_Bit_reference",_M_start
std::_Bvector_base<std::allocator<bool>,8,"std::_Bit_iter<std::_Bit_reference,std::_Bit_reference",_M_finish
std::_Bvector_base<std::allocator<bool>,16,std::_STL_alloc_proxy<unsigned,_M_end_of_storage
std::_Deque_base<CNetMsg,0,std::_Deque_iterator<CNetMsg,_M_start
std::_Deque_base<CNetMsg,16,std::_Deque_iterator<CNetMsg,_M_finish
std::_Deque_base<CNetMsg,32,std::_STL_alloc_proxy<CNetMsg,_M_map
std::_Deque_base<CNetMsg,36,std::_STL_alloc_proxy<unsigned,_M_map_size
std::_Deque_base<enum,0,std::_Deque_iterator<enum,_M_start
std::_Deque_base<enum,16,std::_Deque_iterator<enum,_M_finish
std::_Deque_base<enum,32,std::_STL_alloc_proxy<enum,_M_map
std::_Deque_base<enum,36,std::_STL_alloc_proxy<unsigned,_M_map_size
std::_Deque_iterator_base<CNetMsg,0,0x2AEB,_M_cur
std::_Deque_iterator_base<CNetMsg,4,0x2AEB,_M_first
std::_Deque_iterator_base<CNetMsg,8,0x2AEB,_M_last
std::_Deque_iterator_base<CNetMsg,12,0x2B0B,_M_node
std::_Deque_iterator_base<enum,0,0x2085,_M_cur
std::_Deque_iterator_base<enum,4,0x2085,_M_first
std::_Deque_iterator_base<enum,8,0x2085,_M_last
std::_Deque_iterator_base<enum,12,0x38A6,_M_node
std::_Node_alloc_obj,0,0x13D0,_M_free_list_link
std::_Rb_tree<enum,4,T_UINT4(0075),_M_node_count
std::_Rb_tree<enum,8,std::less<enum,_M_key_compare
std::_Rb_tree_base<enum,0,std::_STL_alloc_proxy<std::_Rb_tree_node<enum,_M_header
std::_Rb_tree_base_iterator,0,0x13C7,_M_node
std::_Rb_tree_node_base,0,T_UCHAR(0020),_M_color
std::_Rb_tree_node_base,4,0x13C7,_M_parent
std::_Rb_tree_node_base,8,0x13C7,_M_left
std::_Rb_tree_node_base,12,0x13C7,_M_right
std::_STL_alloc_proxy<BlackBoxData,0,0x2F56,_M_data
std::_STL_alloc_proxy<CNetMsg,0,0x2B0B,_M_data
std::_STL_alloc_proxy<CObject,0,0x30B6,_M_data
std::_STL_alloc_proxy<CObjectType,0,0x30A8,_M_data
std::_STL_alloc_proxy<CSprite,0,0x31B0,_M_data
std::_STL_alloc_proxy<LODEntry,0,0x462D,_M_data
std::_STL_alloc_proxy<MonsterData,0,0x328D,_M_data
std::_STL_alloc_proxy<NewmapCell::TObjectCell,0,0x3889,_M_data
std::_STL_alloc_proxy<SecondarySkillData,0,0x2DFA,_M_data
std::_STL_alloc_proxy<Sign,0,0x3B43,_M_data
std::_STL_alloc_proxy<TBlackMarket,0,0x3A43,_M_data
std::_STL_alloc_proxy<TSeerHut,0,0x2667,_M_data
std::_STL_alloc_proxy<TTimedEvent,0,0x3373,_M_data
std::_STL_alloc_proxy<TTownEvent,0,0x33E0,_M_data
std::_STL_alloc_proxy<TownExtra,0,0x3C48,_M_data
std::_STL_alloc_proxy<TreasureData,0,0x2FEA,_M_data
std::_STL_alloc_proxy<army,0,0x1F24,_M_data
std::_STL_alloc_proxy<boat,0,0x1A71,_M_data
std::_STL_alloc_proxy<char,0,T_32PRCHAR(0470),_M_data
std::_STL_alloc_proxy<combatManager::TObstacle,0,0x41A1,_M_data
std::_STL_alloc_proxy<enum,0,0x1B5B,_M_data
std::_STL_alloc_proxy<game::TRumour,0,0x396D,_M_data
std::_STL_alloc_proxy<garrison,0,0x1BD9,_M_data
std::_STL_alloc_proxy<generator,0,0x37C5,_M_data
std::_STL_alloc_proxy<int,0,T_32PINT4(0474),_M_data
std::_STL_alloc_proxy<long,0,T_32PLONG(0412),_M_data
std::_STL_alloc_proxy<mine,0,0x353F,_M_data
std::_STL_alloc_proxy<pathCell,0,0x4101,_M_data
std::_STL_alloc_proxy<resource,0,0x3478,_M_data
std::_STL_alloc_proxy<std::_Rb_tree_node<enum,0,0x2089,_M_data
std::_STL_alloc_proxy<std::vector<char,0,0x190D,_M_data
std::_STL_alloc_proxy<town,0,0x1ACA,_M_data
std::_STL_alloc_proxy<type_creature_bank,0,0x36EC,_M_data
std::_STL_alloc_proxy<type_creature_source,0,0x5C1D,_M_data
std::_STL_alloc_proxy<type_creature_value,0,0x67B9,_M_data
std::_STL_alloc_proxy<type_event_record,0,0x367A,_M_data
std::_STL_alloc_proxy<type_monster_data,0,0x5D67,_M_data
std::_STL_alloc_proxy<type_point,0,0x26AA,_M_data
std::_STL_alloc_proxy<type_university,0,0x2FC1,_M_data
std::_STL_alloc_proxy<unsigned,0,T_32PUSHORT(0421),_M_data
std::_STL_alloc_proxy<widget,0,0x1755,_M_data
"std::_String_base<char,std::allocator<char>",0,T_32PRCHAR(0470),_M_start
"std::_String_base<char,std::allocator<char>",4,T_32PRCHAR(0470),_M_finish
"std::_String_base<char,std::allocator<char>",8,std::_STL_alloc_proxy<char,_M_end_of_storage
std::_String_base<unsigned,0,T_32PUSHORT(0421),_M_start
std::_String_base<unsigned,4,T_32PUSHORT(0421),_M_finish
std::_String_base<unsigned,8,std::_STL_alloc_proxy<unsigned,_M_end_of_storage
"std::_Vector_base<BlackBoxData,std::allocator<BlackBoxData>",0,0x2F56,_M_start
"std::_Vector_base<BlackBoxData,std::allocator<BlackBoxData>",4,0x2F56,_M_finish
"std::_Vector_base<BlackBoxData,std::allocator<BlackBoxData>",8,std::_STL_alloc_proxy<BlackBoxData,_M_end_of_storage
"std::_Vector_base<CObject,std::allocator<CObject>",0,0x30B6,_M_start
"std::_Vector_base<CObject,std::allocator<CObject>",4,0x30B6,_M_finish
"std::_Vector_base<CObject,std::allocator<CObject>",8,std::_STL_alloc_proxy<CObject,_M_end_of_storage
"std::_Vector_base<CObjectType,std::allocator<CObjectType>",0,0x30A8,_M_start
"std::_Vector_base<CObjectType,std::allocator<CObjectType>",4,0x30A8,_M_finish
"std::_Vector_base<CObjectType,std::allocator<CObjectType>",8,std::_STL_alloc_proxy<CObjectType,_M_end_of_storage
std::_Vector_base<CSprite,0,0x31B0,_M_start
std::_Vector_base<CSprite,4,0x31B0,_M_finish
std::_Vector_base<CSprite,8,std::_STL_alloc_proxy<CSprite,_M_end_of_storage
"std::_Vector_base<LODEntry,std::allocator<LODEntry>",0,0x462D,_M_start
"std::_Vector_base<LODEntry,std::allocator<LODEntry>",4,0x462D,_M_finish
"std::_Vector_base<LODEntry,std::allocator<LODEntry>",8,std::_STL_alloc_proxy<LODEntry,_M_end_of_storage
"std::_Vector_base<MonsterData,std::allocator<MonsterData>",0,0x328D,_M_start
"std::_Vector_base<MonsterData,std::allocator<MonsterData>",4,0x328D,_M_finish
"std::_Vector_base<MonsterData,std::allocator<MonsterData>",8,std::_STL_alloc_proxy<MonsterData,_M_end_of_storage
"std::_Vector_base<NewmapCell::TObjectCell,std::allocator<NewmapCell::TObjectCell>",0,0x3889,_M_start
"std::_Vector_base<NewmapCell::TObjectCell,std::allocator<NewmapCell::TObjectCell>",4,0x3889,_M_finish
"std::_Vector_base<NewmapCell::TObjectCell,std::allocator<NewmapCell::TObjectCell>",8,std::_STL_alloc_proxy<NewmapCell::TObjectCell,_M_end_of_storage
"std::_Vector_base<SecondarySkillData,std::allocator<SecondarySkillData>",0,0x2DFA,_M_start
"std::_Vector_base<SecondarySkillData,std::allocator<SecondarySkillData>",4,0x2DFA,_M_finish
"std::_Vector_base<SecondarySkillData,std::allocator<SecondarySkillData>",8,std::_STL_alloc_proxy<SecondarySkillData,_M_end_of_storage
"std::_Vector_base<Sign,std::allocator<Sign>",0,0x3B43,_M_start
"std::_Vector_base<Sign,std::allocator<Sign>",4,0x3B43,_M_finish
"std::_Vector_base<Sign,std::allocator<Sign>",8,std::_STL_alloc_proxy<Sign,_M_end_of_storage
"std::_Vector_base<TBlackMarket,std::allocator<TBlackMarket>",0,0x3A43,_M_start
"std::_Vector_base<TBlackMarket,std::allocator<TBlackMarket>",4,0x3A43,_M_finish
"std::_Vector_base<TBlackMarket,std::allocator<TBlackMarket>",8,std::_STL_alloc_proxy<TBlackMarket,_M_end_of_storage
"std::_Vector_base<TSeerHut,std::allocator<TSeerHut>",0,0x2667,_M_start
"std::_Vector_base<TSeerHut,std::allocator<TSeerHut>",4,0x2667,_M_finish
"std::_Vector_base<TSeerHut,std::allocator<TSeerHut>",8,std::_STL_alloc_proxy<TSeerHut,_M_end_of_storage
"std::_Vector_base<TTimedEvent,std::allocator<TTimedEvent>",0,0x3373,_M_start
"std::_Vector_base<TTimedEvent,std::allocator<TTimedEvent>",4,0x3373,_M_finish
"std::_Vector_base<TTimedEvent,std::allocator<TTimedEvent>",8,std::_STL_alloc_proxy<TTimedEvent,_M_end_of_storage
"std::_Vector_base<TTownEvent,std::allocator<TTownEvent>",0,0x33E0,_M_start
"std::_Vector_base<TTownEvent,std::allocator<TTownEvent>",4,0x33E0,_M_finish
"std::_Vector_base<TTownEvent,std::allocator<TTownEvent>",8,std::_STL_alloc_proxy<TTownEvent,_M_end_of_storage
"std::_Vector_base<TownExtra,std::allocator<TownExtra>",0,0x3C48,_M_start
"std::_Vector_base<TownExtra,std::allocator<TownExtra>",4,0x3C48,_M_finish
"std::_Vector_base<TownExtra,std::allocator<TownExtra>",8,std::_STL_alloc_proxy<TownExtra,_M_end_of_storage
"std::_Vector_base<TreasureData,std::allocator<TreasureData>",0,0x2FEA,_M_start
"std::_Vector_base<TreasureData,std::allocator<TreasureData>",4,0x2FEA,_M_finish
"std::_Vector_base<TreasureData,std::allocator<TreasureData>",8,std::_STL_alloc_proxy<TreasureData,_M_end_of_storage
std::_Vector_base<army,0,0x1F24,_M_start
std::_Vector_base<army,4,0x1F24,_M_finish
std::_Vector_base<army,8,std::_STL_alloc_proxy<army,_M_end_of_storage
"std::_Vector_base<boat,std::allocator<boat>",0,0x1A71,_M_start
"std::_Vector_base<boat,std::allocator<boat>",4,0x1A71,_M_finish
"std::_Vector_base<boat,std::allocator<boat>",8,std::_STL_alloc_proxy<boat,_M_end_of_storage
std::_Vector_base<char,0,0x11FF,_M_start
std::_Vector_base<char,4,0x11FF,_M_finish
std::_Vector_base<char,8,std::_STL_alloc_proxy<char,_M_end_of_storage
"std::_Vector_base<combatManager::TObstacle,std::allocator<combatManager::TObstacle>",0,0x41A1,_M_start
"std::_Vector_base<combatManager::TObstacle,std::allocator<combatManager::TObstacle>",4,0x41A1,_M_finish
"std::_Vector_base<combatManager::TObstacle,std::allocator<combatManager::TObstacle>",8,std::_STL_alloc_proxy<combatManager::TObstacle,_M_end_of_storage
std::_Vector_base<enum,0,0x1B5B,_M_start
std::_Vector_base<enum,4,0x1B5B,_M_finish
std::_Vector_base<enum,8,std::_STL_alloc_proxy<enum,_M_end_of_storage
"std::_Vector_base<game::TRumour,std::allocator<game::TRumour>",0,0x396D,_M_start
"std::_Vector_base<game::TRumour,std::allocator<game::TRumour>",4,0x396D,_M_finish
"std::_Vector_base<game::TRumour,std::allocator<game::TRumour>",8,std::_STL_alloc_proxy<game::TRumour,_M_end_of_storage
"std::_Vector_base<garrison,std::allocator<garrison>",0,0x1BD9,_M_start
"std::_Vector_base<garrison,std::allocator<garrison>",4,0x1BD9,_M_finish
"std::_Vector_base<garrison,std::allocator<garrison>",8,std::_STL_alloc_proxy<garrison,_M_end_of_storage
"std::_Vector_base<generator,std::allocator<generator>",0,0x37C5,_M_start
"std::_Vector_base<generator,std::allocator<generator>",4,0x37C5,_M_finish
"std::_Vector_base<generator,std::allocator<generator>",8,std::_STL_alloc_proxy<generator,_M_end_of_storage
"std::_Vector_base<int,std::allocator<int>",0,T_32PINT4(0474),_M_start
"std::_Vector_base<int,std::allocator<int>",4,T_32PINT4(0474),_M_finish
"std::_Vector_base<int,std::allocator<int>",8,std::_STL_alloc_proxy<int,_M_end_of_storage
"std::_Vector_base<long,std::allocator<long>",0,T_32PLONG(0412),_M_start
"std::_Vector_base<long,std::allocator<long>",4,T_32PLONG(0412),_M_finish
"std::_Vector_base<long,std::allocator<long>",8,std::_STL_alloc_proxy<long,_M_end_of_storage
"std::_Vector_base<mine,std::allocator<mine>",0,0x353F,_M_start
"std::_Vector_base<mine,std::allocator<mine>",4,0x353F,_M_finish
"std::_Vector_base<mine,std::allocator<mine>",8,std::_STL_alloc_proxy<mine,_M_end_of_storage
std::_Vector_base<pathCell,0,0x4101,_M_start
std::_Vector_base<pathCell,4,0x4101,_M_finish
std::_Vector_base<pathCell,8,std::_STL_alloc_proxy<pathCell,_M_end_of_storage
"std::_Vector_base<pathCell,std::allocator<pathCell>",0,0x267C,_M_start
"std::_Vector_base<pathCell,std::allocator<pathCell>",4,0x267C,_M_finish
"std::_Vector_base<pathCell,std::allocator<pathCell>",8,std::_STL_alloc_proxy<pathCell,_M_end_of_storage
std::_Vector_base<resource,0,0x3478,_M_start
std::_Vector_base<resource,4,0x3478,_M_finish
std::_Vector_base<resource,8,std::_STL_alloc_proxy<resource,_M_end_of_storage
std::_Vector_base<std::vector<char,0,0x190D,_M_start
std::_Vector_base<std::vector<char,4,0x190D,_M_finish
std::_Vector_base<std::vector<char,8,std::_STL_alloc_proxy<std::vector<char,_M_end_of_storage
"std::_Vector_base<town,std::allocator<town>",0,0x1ACA,_M_start
"std::_Vector_base<town,std::allocator<town>",4,0x1ACA,_M_finish
"std::_Vector_base<town,std::allocator<town>",8,std::_STL_alloc_proxy<town,_M_end_of_storage
"std::_Vector_base<type_creature_bank,std::allocator<type_creature_bank>",0,0x36EC,_M_start
"std::_Vector_base<type_creature_bank,std::allocator<type_creature_bank>",4,0x36EC,_M_finish
"std::_Vector_base<type_creature_bank,std::allocator<type_creature_bank>",8,std::_STL_alloc_proxy<type_creature_bank,_M_end_of_storage
"std::_Vector_base<type_creature_source,std::allocator<type_creature_source>",0,0x5C1D,_M_start
"std::_Vector_base<type_creature_source,std::allocator<type_creature_source>",4,0x5C1D,_M_finish
"std::_Vector_base<type_creature_source,std::allocator<type_creature_source>",8,std::_STL_alloc_proxy<type_creature_source,_M_end_of_storage
"std::_Vector_base<type_creature_value,std::allocator<type_creature_value>",0,0x67B9,_M_start
"std::_Vector_base<type_creature_value,std::allocator<type_creature_value>",4,0x67B9,_M_finish
"std::_Vector_base<type_creature_value,std::allocator<type_creature_value>",8,std::_STL_alloc_proxy<type_creature_value,_M_end_of_storage
std::_Vector_base<type_event_record,0,0x367A,_M_start
std::_Vector_base<type_event_record,4,0x367A,_M_finish
std::_Vector_base<type_event_record,8,std::_STL_alloc_proxy<type_event_record,_M_end_of_storage
"std::_Vector_base<type_monster_data,std::allocator<type_monster_data>",0,0x5D67,_M_start
"std::_Vector_base<type_monster_data,std::allocator<type_monster_data>",4,0x5D67,_M_finish
"std::_Vector_base<type_monster_data,std::allocator<type_monster_data>",8,std::_STL_alloc_proxy<type_monster_data,_M_end_of_storage
"std::_Vector_base<type_point,std::allocator<type_point>",0,0x26AA,_M_start
"std::_Vector_base<type_point,std::allocator<type_point>",4,0x26AA,_M_finish
"std::_Vector_base<type_point,std::allocator<type_point>",8,std::_STL_alloc_proxy<type_point,_M_end_of_storage
"std::_Vector_base<type_university,std::allocator<type_university>",0,0x2FC1,_M_start
"std::_Vector_base<type_university,std::allocator<type_university>",4,0x2FC1,_M_finish
"std::_Vector_base<type_university,std::allocator<type_university>",8,std::_STL_alloc_proxy<type_university,_M_end_of_storage
std::_Vector_base<widget,0,0x1755,_M_start
std::_Vector_base<widget,4,0x1755,_M_finish
std::_Vector_base<widget,8,std::_STL_alloc_proxy<widget,_M_end_of_storage
std::__Named_exception,4,0x10C5,_M_name
std::binder2nd<std::_Eq_traits<std::char_traits<char>,0,std::_Eq_traits<std::char_traits<char>,_M_op
std::binder2nd<std::_Eq_traits<std::char_traits<char>,1,T_RCHAR(0070),value
"std::bitset<10,unsigned",0,T_32PULONG(0422),_M_wp
"std::bitset<10,unsigned",4,T_UINT4(0075),_M_bpos
"std::bitset<18,unsigned",0,T_32PULONG(0422),_M_wp
"std::bitset<18,unsigned",4,T_UINT4(0075),_M_bpos
"std::bitset<48,unsigned",0,T_32PULONG(0422),_M_wp
"std::bitset<48,unsigned",4,T_UINT4(0075),_M_bpos
"std::bitset<70,unsigned",0,T_32PULONG(0422),_M_wp
"std::bitset<70,unsigned",4,T_UINT4(0075),_M_bpos
std::pair<std::_Rb_tree_iterator<enum,0,std::_Rb_tree_iterator<enum,first
std::pair<std::_Rb_tree_iterator<enum,4,T_UCHAR(0020),second
std::reverse_iterator<NewmapCell::TObjectCell,0,0x3889,__current
"std::reverse_iterator<std::_Bit_iter<bool,bool",0,"std::_Bit_iter<bool,bool",__current
"std::reverse_iterator<std::_Bit_iter<std::_Bit_reference,std::_Bit_reference",0,"std::_Bit_iter<std::_Bit_reference,std::_Bit_reference",__current
std::reverse_iterator<widget,0,0x1723,__current
std::set<enum,0,std::_Rb_tree<enum,_M_t
std::subtractive_rng,0,0x15E9,_M_table
std::subtractive_rng,220,T_ULONG(0022),_M_index1
std::subtractive_rng,224,T_ULONG(0022),_M_index2
tWAVEFORMATEX,0,T_USHORT(0021),wFormatTag
tWAVEFORMATEX,2,T_USHORT(0021),nChannels
tWAVEFORMATEX,4,T_ULONG(0022),nSamplesPerSec
tWAVEFORMATEX,8,T_ULONG(0022),nAvgBytesPerSec
tWAVEFORMATEX,12,T_USHORT(0021),nBlockAlign
tWAVEFORMATEX,14,T_USHORT(0021),wBitsPerSample
tWAVEFORMATEX,16,T_USHORT(0021),cbSize
tagBITMAPINFOHEADER,0,T_ULONG(0022),biSize
tagBITMAPINFOHEADER,4,T_LONG(0012),biWidth
tagBITMAPINFOHEADER,8,T_LONG(0012),biHeight
tagBITMAPINFOHEADER,12,T_USHORT(0021),biPlanes
tagBITMAPINFOHEADER,14,T_USHORT(0021),biBitCount
tagBITMAPINFOHEADER,16,T_ULONG(0022),biCompression
tagBITMAPINFOHEADER,20,T_ULONG(0022),biSizeImage
tagBITMAPINFOHEADER,24,T_LONG(0012),biXPelsPerMeter
tagBITMAPINFOHEADER,28,T_LONG(0012),biYPelsPerMeter
tagBITMAPINFOHEADER,32,T_ULONG(0022),biClrUsed
tagBITMAPINFOHEADER,36,T_ULONG(0022),biClrImportant
tagBLOB,0,T_ULONG(0022),cbSize
tagBLOB,4,T_32PUCHAR(0420),pBlobData
tagCABOOL,0,T_ULONG(0022),cElems
tagCABOOL,4,T_32PSHORT(0411),pElems
tagCABSTR,0,T_ULONG(0022),cElems
tagCABSTR,4,0x110B,pElems
tagCACLIPDATA,0,T_ULONG(0022),cElems
tagCACLIPDATA,4,0x1164,pElems
tagCACLSID,0,T_ULONG(0022),cElems
tagCACLSID,4,0x1124,pElems
tagCACY,0,T_ULONG(0022),cElems
tagCACY,4,0x11F6,pElems
tagCADATE,0,T_ULONG(0022),cElems
tagCADATE,4,T_32PREAL64(0441),pElems
tagCADBL,0,T_ULONG(0022),cElems
tagCADBL,4,T_32PREAL64(0441),pElems
tagCAFILETIME,0,T_ULONG(0022),cElems
tagCAFILETIME,4,0x1112,pElems
tagCAFLT,0,T_ULONG(0022),cElems
tagCAFLT,4,T_32PREAL32(0440),pElems
tagCAH,0,T_ULONG(0022),cElems
tagCAH,4,0x1155,pElems
tagCAI,0,T_ULONG(0022),cElems
tagCAI,4,T_32PSHORT(0411),pElems
tagCAL,0,T_ULONG(0022),cElems
tagCAL,4,T_32PLONG(0412),pElems
tagCALPSTR,0,T_ULONG(0022),cElems
tagCALPSTR,4,0x11FF,pElems
tagCALPWSTR,0,T_ULONG(0022),cElems
tagCALPWSTR,4,0x110B,pElems
tagCAPROPVARIANT,0,T_ULONG(0022),cElems
tagCAPROPVARIANT,4,0x1206,pElems
tagCASCODE,0,T_ULONG(0022),cElems
tagCASCODE,4,T_32PLONG(0412),pElems
tagCAUB,0,T_ULONG(0022),cElems
tagCAUB,4,T_32PUCHAR(0420),pElems
tagCAUH,0,T_ULONG(0022),cElems
tagCAUH,4,0x118A,pElems
tagCAUI,0,T_ULONG(0022),cElems
tagCAUI,4,T_32PUSHORT(0421),pElems
tagCAUL,0,T_ULONG(0022),cElems
tagCAUL,4,T_32PULONG(0422),pElems
tagCLIPDATA,0,T_ULONG(0022),cbSize
tagCLIPDATA,4,T_LONG(0012),ulClipFmt
tagCLIPDATA,8,T_32PUCHAR(0420),pClipData
tagDDDEVICEIDENTIFIER,0,0x3FE7,szDriver
tagDDDEVICEIDENTIFIER,512,0x3FE7,szDescription
tagDDDEVICEIDENTIFIER,1024,0x1154,liDriverVersion
tagDDDEVICEIDENTIFIER,1032,T_ULONG(0022),dwVendorId
tagDDDEVICEIDENTIFIER,1036,T_ULONG(0022),dwDeviceId
tagDDDEVICEIDENTIFIER,1040,T_ULONG(0022),dwSubSysId
tagDDDEVICEIDENTIFIER,1044,T_ULONG(0022),dwRevision
tagDDDEVICEIDENTIFIER,1048,_GUID,guidDeviceIdentifier
tagLOGFONTW,0,T_LONG(0012),lfHeight
tagLOGFONTW,4,T_LONG(0012),lfWidth
tagLOGFONTW,8,T_LONG(0012),lfEscapement
tagLOGFONTW,12,T_LONG(0012),lfOrientation
tagLOGFONTW,16,T_LONG(0012),lfWeight
tagLOGFONTW,20,T_UCHAR(0020),lfItalic
tagLOGFONTW,21,T_UCHAR(0020),lfUnderline
tagLOGFONTW,22,T_UCHAR(0020),lfStrikeOut
tagLOGFONTW,23,T_UCHAR(0020),lfCharSet
tagLOGFONTW,24,T_UCHAR(0020),lfOutPrecision
tagLOGFONTW,25,T_UCHAR(0020),lfClipPrecision
tagLOGFONTW,26,T_UCHAR(0020),lfQuality
tagLOGFONTW,27,T_UCHAR(0020),lfPitchAndFamily
tagLOGFONTW,28,0x1115,lfFaceName
tagMSG,0,T_32PVOID(0403),hwnd
tagMSG,4,T_UINT4(0075),message
tagMSG,8,T_UINT4(0075),wParam
tagMSG,12,T_LONG(0012),lParam
tagMSG,16,T_ULONG(0022),time
tagMSG,20,tagPOINT,pt
tagPALETTEENTRY,0,T_UCHAR(0020),peRed
tagPALETTEENTRY,1,T_UCHAR(0020),peGreen
tagPALETTEENTRY,2,T_UCHAR(0020),peBlue
tagPALETTEENTRY,3,T_UCHAR(0020),peFlags
tagPOINT,0,T_LONG(0012),x
tagPOINT,4,T_LONG(0012),y
tagPROPVARIANT,0,T_USHORT(0021),vt
tagPROPVARIANT,2,T_USHORT(0021),wReserved1
tagPROPVARIANT,4,T_USHORT(0021),wReserved2
tagPROPVARIANT,6,T_USHORT(0021),wReserved3
tagPROPVARIANT,8,T_UCHAR(0020),bVal
tagPROPVARIANT,8,T_SHORT(0011),iVal
tagPROPVARIANT,8,T_USHORT(0021),uiVal
tagPROPVARIANT,8,T_SHORT(0011),boolVal
tagPROPVARIANT,8,T_LONG(0012),lVal
tagPROPVARIANT,8,T_ULONG(0022),ulVal
tagPROPVARIANT,8,T_REAL32(0040),fltVal
tagPROPVARIANT,8,T_LONG(0012),scode
tagPROPVARIANT,8,0x1154,hVal
tagPROPVARIANT,8,0x1111,uhVal
tagPROPVARIANT,8,T_REAL64(0041),dblVal
tagPROPVARIANT,8,0x115B,cyVal
tagPROPVARIANT,8,T_REAL64(0041),date
tagPROPVARIANT,8,_FILETIME,filetime
tagPROPVARIANT,8,0x1124,puuid
tagPROPVARIANT,8,tagBLOB,blob
tagPROPVARIANT,8,0x1164,pclipdata
tagPROPVARIANT,8,0x1193,pStream
tagPROPVARIANT,8,0x11C9,pStorage
tagPROPVARIANT,8,T_32PUSHORT(0421),bstrVal
tagPROPVARIANT,8,T_32PRCHAR(0470),pszVal
tagPROPVARIANT,8,T_32PUSHORT(0421),pwszVal
tagPROPVARIANT,8,tagCAUB,caub
tagPROPVARIANT,8,tagCAI,cai
tagPROPVARIANT,8,tagCAUI,caui
tagPROPVARIANT,8,tagCABOOL,cabool
tagPROPVARIANT,8,tagCAL,cal
tagPROPVARIANT,8,tagCAUL,caul
tagPROPVARIANT,8,tagCAFLT,caflt
tagPROPVARIANT,8,tagCASCODE,cascode
tagPROPVARIANT,8,tagCAH,cah
tagPROPVARIANT,8,tagCAUH,cauh
tagPROPVARIANT,8,tagCADBL,cadbl
tagPROPVARIANT,8,tagCACY,cacy
tagPROPVARIANT,8,tagCADATE,cadate
tagPROPVARIANT,8,tagCAFILETIME,cafiletime
tagPROPVARIANT,8,tagCACLSID,cauuid
tagPROPVARIANT,8,tagCACLIPDATA,caclipdata
tagPROPVARIANT,8,tagCABSTR,cabstr
tagPROPVARIANT,8,tagCALPSTR,calpstr
tagPROPVARIANT,8,tagCALPWSTR,calpwstr
tagPROPVARIANT,8,tagCAPROPVARIANT,capropvar
tagRECT,0,T_LONG(0012),left
tagRECT,4,T_LONG(0012),top
tagRECT,8,T_LONG(0012),right
tagRECT,12,T_LONG(0012),bottom
tagRGBQUAD,0,T_UCHAR(0020),rgbBlue
tagRGBQUAD,1,T_UCHAR(0020),rgbGreen
tagRGBQUAD,2,T_UCHAR(0020),rgbRed
tagRGBQUAD,3,T_UCHAR(0020),rgbReserved
tagSTATSTG,0,T_32PUSHORT(0421),pwcsName
tagSTATSTG,4,T_ULONG(0022),type
tagSTATSTG,8,0x1111,cbSize
tagSTATSTG,16,_FILETIME,mtime
tagSTATSTG,24,_FILETIME,ctime
tagSTATSTG,32,_FILETIME,atime
tagSTATSTG,40,T_ULONG(0022),grfMode
tagSTATSTG,44,T_ULONG(0022),grfLocksSupported
tagSTATSTG,48,_GUID,clsid
tagSTATSTG,64,T_ULONG(0022),grfStateBits
tagSTATSTG,68,T_ULONG(0022),reserved
tagTEXTMETRICW,0,T_LONG(0012),tmHeight
tagTEXTMETRICW,4,T_LONG(0012),tmAscent
tagTEXTMETRICW,8,T_LONG(0012),tmDescent
tagTEXTMETRICW,12,T_LONG(0012),tmInternalLeading
tagTEXTMETRICW,16,T_LONG(0012),tmExternalLeading
tagTEXTMETRICW,20,T_LONG(0012),tmAveCharWidth
tagTEXTMETRICW,24,T_LONG(0012),tmMaxCharWidth
tagTEXTMETRICW,28,T_LONG(0012),tmWeight
tagTEXTMETRICW,32,T_LONG(0012),tmOverhang
tagTEXTMETRICW,36,T_LONG(0012),tmDigitizedAspectX
tagTEXTMETRICW,40,T_LONG(0012),tmDigitizedAspectY
tagTEXTMETRICW,44,T_USHORT(0021),tmFirstChar
tagTEXTMETRICW,46,T_USHORT(0021),tmLastChar
tagTEXTMETRICW,48,T_USHORT(0021),tmDefaultChar
tagTEXTMETRICW,50,T_USHORT(0021),tmBreakChar
tagTEXTMETRICW,52,T_UCHAR(0020),tmItalic
tagTEXTMETRICW,53,T_UCHAR(0020),tmUnderlined
tagTEXTMETRICW,54,T_UCHAR(0020),tmStruckOut
tagTEXTMETRICW,55,T_UCHAR(0020),tmPitchAndFamily
tagTEXTMETRICW,56,T_UCHAR(0020),tmCharSet
tagWNDCLASSW,0,T_UINT4(0075),style
tagWNDCLASSW,4,0x15F3,lpfnWndProc
tagWNDCLASSW,8,T_INT4(0074),cbClsExtra
tagWNDCLASSW,12,T_INT4(0074),cbWndExtra
tagWNDCLASSW,16,T_32PVOID(0403),hInstance
tagWNDCLASSW,20,T_32PVOID(0403),hIcon
tagWNDCLASSW,24,T_32PVOID(0403),hCursor
tagWNDCLASSW,28,T_32PVOID(0403),hbrBackground
tagWNDCLASSW,32,0x103F,lpszMenuName
tagWNDCLASSW,36,0x103F,lpszClassName
textButton,96,0x70A3,Font
textButton,100,font::TColor,textColor
textEntryWidget,80,0x105F,textBack
textEntryWidget,84,0x3DEC,saveBack
textEntryWidget,88,T_USHORT(0021),cursorIndex
textEntryWidget,90,T_USHORT(0021),bufferSize
textEntryWidget,92,T_SHORT(0011),textWidth
textEntryWidget,94,T_SHORT(0011),textHeight
textEntryWidget,96,T_SHORT(0011),textX
textEntryWidget,98,T_SHORT(0011),textY
textEntryWidget,100,T_SHORT(0011),textLines
textEntryWidget,102,T_SHORT(0011),attributes
textEntryWidget,104,T_SHORT(0011),type
textEntryWidget,106,T_SHORT(0011),displayOffset
textEntryWidget,108,T_CHAR(0010),cursorFlashOn
textEntryWidget,109,T_UCHAR(0020),focus
textEntryWidget,110,T_UCHAR(0020),autoDraw
textWidget,52,"std::basic_string<char,std::char_traits<char>,std::allocator<char>",Text
textWidget,64,0x1C91,Font
textWidget,68,font::TColor,Color
textWidget,72,T_INT4(0074),BackColor
textWidget,76,T_UINT4(0075),Justify
town,0,T_CHAR(0010),id
town,1,T_CHAR(0010),playerOwner
town,2,T_UCHAR(0020),builtThisTurn
town,3,T_UCHAR(0020),threatening_heroes
town,4,T_CHAR(0010),townType
town,5,T_UCHAR(0020),mapX
town,6,T_UCHAR(0020),mapY
town,7,T_UCHAR(0020),mapZ
town,8,T_UCHAR(0020),boatX
town,9,T_UCHAR(0020),boatY
town,10,T_CHAR(0010),garrisonHero
town,11,T_CHAR(0010),occupyingHero
town,12,T_CHAR(0010),mageLevel
town,14,0x3F10,population
town,42,T_CHAR(0010),bIsGrouped
town,43,T_UCHAR(0020),ManaVortexFull
town,44,T_UCHAR(0020),pond_amount
town,48,EGameResource,pond_resource
town,52,TCreatureType,summoningType
town,56,T_SHORT(0011),summoningPopulation
town,60,0x3F11,townSpells
town,180,0x3F12,maxTownSpellAvailable
town,185,0x184E,cName
town,200,"std::bitset<70,unsigned",SpellDisabledMask
town,212,armyGroup,town_army
town,268,0x3F19,generator_bonus
town,328,T_QUAD(0013),populationMask
town,336,T_QUAD(0013),full_building_mask
town,344,T_QUAD(0013),legal_buildings
townManager,56,T_INT4(0074),scroll_offset
townManager,60,T_INT4(0074),lastHoverAK
townManager,64,0x1ACA,currTown
townManager,68,0x718B,panorama
townManager,72,0x718C,MonPix
townManager,100,0x718E,objects
townManager,276,T_INT4(0074),numObjects
townManager,280,T_INT4(0074),loadedTownType
townManager,284,0x101D,saveWin
townManager,288,0x7191,townWindow
townManager,292,0x7192,townMenu
townManager,296,0x1BB2,garrisonStrip
townManager,300,0x1BB2,heroStrip
townManager,304,0x1BB2,currStrip
townManager,308,T_INT4(0074),currIndex
townManager,312,0x1BB2,srcStrip
townManager,316,T_INT4(0074),srcIndex
townManager,320,0x1BB2,destStrip
townManager,324,T_INT4(0074),destIndex
townManager,328,0x1CC4,townBank
townManager,332,0x1CC4,townPopupBank
townManager,336,0x2563,townText
townManager,416,T_INT4(0074),lastHover
townManager,420,T_INT4(0074),lastQualifier
townManager,424,T_INT4(0074),command
townManager,432,T_QUAD(0013),canBuyMask
townManager,440,T_QUAD(0013),canBuildMask
townManager,448,0x7193,pNetMsgHandler
townManager,452,0x2BAB,pNetMsgHandlerSave
townManager,456,T_INT4(0074),objToBuild
townManager,460,0x7194,dialogWindow
townManager,464,0x101D,multiWin
townManager,468,T_INT4(0074),divideStatus
townManager,472,T_INT4(0074),recruitSelected
townManager,476,0x7195,currentDwellingIDOff
townObject,0,T_INT4(0074),numFrames
townObject,4,T_INT4(0074),currFrame
townObject,8,T_INT4(0074),x
townObject,12,T_INT4(0074),y
townObject,16,T_INT4(0074),w
townObject,20,T_INT4(0074),h
townObject,24,T_INT4(0074),visible
townObject,28,T_INT4(0074),objId
townObject,32,0x1A63,objIcon
townObject,36,0x105F,objOutline
townObject,40,0x105F,objHotspot
townObject,44,0x706E,objBorder
tree<ds_genericsample>,0,0x21E8,start
tree<ds_genericsample>,4,0x21E8,last
tree<ds_genericsample>,8,T_ULONG(0022),count_entries
tree<ds_genericsample>,12,0x2161,name
tree<ds_memsample>,0,0x2254,start
tree<ds_memsample>,4,0x2254,last
tree<ds_memsample>,8,T_ULONG(0022),count_entries
tree<ds_memsample>,12,0x2161,name
tree<unsigned,0,0x223C,start
tree<unsigned,4,0x223C,last
tree<unsigned,8,T_ULONG(0022),count_entries
tree<unsigned,12,0x2161,name
tree_desc_s,0,0x1B14,dyn_tree
tree_desc_s,4,T_INT4(0074),max_code
tree_desc_s,8,0x1B1A,stat_desc
type_AI_attack_hex_chooser,0,0x1A97,attacker
type_AI_attack_hex_chooser,4,T_LONG(0012),speed
type_AI_attack_hex_chooser,8,0x1A97,enemy
type_AI_attack_hex_chooser,12,0x43F6,search_array
type_AI_attack_hex_chooser,16,0x1F6D,enemy_attacks
type_AI_attack_hex_chooser,20,T_LONG(0012),retaliation_strength
type_AI_attack_hex_chooser,24,T_LONG(0012),our_strength
type_AI_attack_hex_chooser,28,T_LONG(0012),best_value
type_AI_attack_hex_chooser,32,T_LONG(0012),best_hex
type_AI_attack_hex_chooser,36,T_LONG(0012),best_attack_time
type_AI_attack_hex_chooser,40,0x4356,estimate
type_AI_combat_data,0,"std::vector<type_monster_data,std::allocator<type_monster_data>",creatures
type_AI_combat_data,12,T_UCHAR(0020),on_magic_plains
type_AI_combat_data,16,T_LONG(0012),mana
type_AI_combat_data,20,T_UCHAR(0020),can_cast_spells
type_AI_combat_data,24,T_LONG(0012),total_combat_value
type_AI_combat_data,28,T_LONG(0012),tactics_advantage
type_AI_combat_data,32,0x1A6F,current_hero
type_AI_combat_data,36,0x1A9E,current_army
type_AI_combat_data,40,0x1AA2,enemy_hero
type_AI_combat_data,44,T_UCHAR(0020),wall_archery_penalty
type_AI_combat_data,46,T_SHORT(0011),wall_speed_limit
type_AI_combat_parameters,0,T_LONG(0012),lowest_attack
type_AI_combat_parameters,4,T_LONG(0012),lowest_defense
type_AI_combat_parameters,8,T_UCHAR(0020),kills_only
type_AI_combat_parameters,9,T_UCHAR(0020),simulated
type_AI_combat_parameters,12,T_LONG(0012),friendly_combat_value
type_AI_combat_parameters,16,T_LONG(0012),enemy_combat_value
type_AI_combat_parameters,20,T_LONG(0012),awake_friendly_value
type_AI_combat_parameters,24,T_LONG(0012),awake_enemy_value
type_AI_combat_parameters,28,T_LONG(0012),rounds_left
type_AI_combat_parameters,32,T_LONG(0012),our_group
type_AI_combat_parameters,36,T_LONG(0012),enemy_group
type_AI_creature_purchaser,32,T_LONG(0012),player_id
type_AI_creature_purchaser,36,T_32PLONG(0412),funds
type_AI_creature_purchaser,40,T_UCHAR(0020),subtract_cost_mode
type_AI_creature_purchaser,44,"std::vector<type_creature_source,std::allocator<type_creature_source>",creatures
type_AI_creature_swapper,0,0x1A9E,army
type_AI_creature_swapper,4,0x1A9E,adjacent_army
type_AI_creature_swapper,8,T_SHORT(0011),morale
type_AI_creature_swapper,10,T_SHORT(0011),alignment_count
type_AI_creature_swapper,12,0x402B,alignments
type_AI_creature_swapper,24,T_LONG(0012),army_value_increase
type_AI_creature_swapper,28,T_SHORT(0011),improvement
type_AI_enemy_data,0,0x64AB,enemy
type_AI_enemy_data,4,T_LONG(0012),damage
type_AI_enemy_data,8,T_LONG(0012),count
type_AI_enemy_data,12,T_LONG(0012),total_damage
type_AI_player,0,T_SHORT(0011),team
type_AI_player,4,T_LONG(0012),magus_hut_value
type_AI_player,8,0x1AA9,reserved_funds
type_AI_player,36,0x1AA9,resource_supply
type_AI_player,64,0x1AA9,resource_demand
type_AI_player,96,0x358F,resource_value
type_AI_puzzle_tile,0,0x3FD1,object_type
type_AI_puzzle_tile,4,0x304F,object_x
type_AI_puzzle_tile,4,0x3050,object_y
type_AI_puzzle_tile,8,0x3FD2,terrain
type_AI_puzzle_tile,8,0x3FD3,river
type_AI_puzzle_tile,8,0x3FD4,road
type_AI_puzzle_tile,12,0x3FD5,diggable
type_AI_puzzle_tile,12,0x3FD6,has_grail
type_AI_puzzle_tile,12,0x3FD7,visible
type_AI_spellcaster,4,0x6310,current_hero
type_AI_spellcaster,8,0x6310,enemy_hero
type_AI_spellcaster,12,T_LONG(0012),our_group
type_AI_spellcaster,16,T_LONG(0012),enemy_group
type_AI_spellcaster,20,T_LONG(0012),enemy_can_attack
type_AI_spellcaster,24,T_LONG(0012),can_be_attacked
type_AI_spellcaster,28,T_UCHAR(0020),win_likely
type_AI_spellcaster,29,T_UCHAR(0020),is_creature_spell
type_AI_spellcaster,32,type_AI_combat_parameters,estimate
type_AI_spellcaster,72,0x59AA,enemy_caster
type_AI_spellcaster,76,T_UCHAR(0020),owns_enemy_caster
type_AI_spellcaster,80,0x686A,melee_enemies
type_AI_spellcaster,400,0x686A,ranged_enemies
type_AI_spellcaster,720,0x686A,worst_enemies
type_artifact,0,TArtifact,type
type_artifact,4,SpellID,spell
type_artifact_offering,8,TArtifactSlot,source
type_artifact_offering,12,T_LONG(0012),value
type_ballistics_traits,0,T_RCHAR(0070),chance_to_hit_main_building
type_ballistics_traits,1,T_RCHAR(0070),chance_to_hit_tower
type_ballistics_traits,2,T_RCHAR(0070),chance_to_hit_drawbridge
type_ballistics_traits,3,T_RCHAR(0070),chance_to_hit_wall
type_ballistics_traits,4,T_RCHAR(0070),shots
type_ballistics_traits,5,0x3D95,chance_to_inflict_damage
type_cell_adjuster,0,0x1A6F,obscuring_hero
type_cell_adjuster,4,0x1A71,obscuring_boat
type_cell_adjuster,8,0x1A6F,mobile_hero
type_creature_bank,0,armyGroup,guards
type_creature_bank,56,0x1BF8,resources
type_creature_bank,84,TCreatureType,reward_creature
type_creature_bank,88,T_RCHAR(0070),reward_creatures
type_creature_bank,92,std::vector<enum,artifacts
type_creature_bank_info,0,0x2D3D,unused
type_creature_bank_info,0,0x2D33,visited_bits
type_creature_bank_info,0,0x2D3E,index
type_creature_bank_info,0,0x2D3F,empty
type_creature_source,0,TCreatureType,type
type_creature_source,4,T_32PSHORT(0411),ptr
type_creature_source,8,T_SHORT(0011),number
type_creature_source,10,T_UCHAR(0020),is_free
type_creature_value,0,TCreatureType,type
type_creature_value,4,T_LONG(0012),value
type_creature_value,8,T_SHORT(0011),amount
type_dialog_resource,0,EGameResource,resource
type_dialog_resource,4,T_LONG(0012),qualifier
type_doll_slot_definition,20,TArtifactSlot,slot
type_enchant_data,0,SpellID,spell
type_enchant_data,4,TSkillMastery,mastery
type_enchant_data,8,T_LONG(0012),power
type_enchant_data,12,T_LONG(0012),duration
type_enchant_data,16,T_UCHAR(0020),check_resistance
type_garrison_base_window,88,0x1A6F,thisHero
type_garrison_base_window,92,T_INT4(0074),lastHover
type_garrison_base_window,96,T_INT4(0074),lastQualifier
type_garrison_base_window,100,T_UCHAR(0020),is_join_dialog
type_horde_effect,0,TCreatureType,creature
type_horde_effect,4,T_SHORT(0011),bonus
type_horde_effect,6,T_SHORT(0011),dwelling
type_monster_data,0,T_LONG(0012),index
type_monster_data,4,TCreatureType,type
type_monster_data,8,T_LONG(0012),number
type_monster_data,12,T_LONG(0012),original_number
type_monster_data,16,T_LONG(0012),speed
type_monster_data,24,T_REAL64(0041),melee_modifier
type_monster_data,32,T_REAL64(0041),final_melee_modifier
type_monster_data,40,T_REAL64(0041),ranged_modifier
type_monster_data,48,T_REAL64(0041),combat_value_per_hit
type_monster_data,56,type_speed_catagory,catagory
type_monster_data,60,T_LONG(0012),value
type_monster_data,64,T_LONG(0012),total_value
type_obscuring_object,0,T_SHORT(0011),mapX
type_obscuring_object,2,T_SHORT(0011),mapY
type_obscuring_object,4,T_SHORT(0011),mapZ
type_obscuring_object,6,T_UCHAR(0020),valid
type_obscuring_object,8,type_point,obscured_location
type_obscuring_object,12,TAdventureObjectType,type
type_obscuring_object,16,T_UCHAR(0020),was_trigger
type_obscuring_object,20,T_ULONG(0022),extra_info
type_point,0,0x1A29,x
type_point,2,0x1A29,y
type_point,2,0x1A2A,z
type_pyramid_info,0,0x2687,guarded
type_pyramid_info,0,0x2D32,unused
type_pyramid_info,0,0x2D33,visited_bits
type_pyramid_info,0,0x2D34,spell
type_record_shroud::type_shroud_change,4,T_USHORT(0021),old_value
type_record_shroud::type_shroud_change,6,T_USHORT(0021),new_value
type_sacrifice_window,88,0x1A6F,current_hero
type_sacrifice_window,92,type_artifact_offering,holding_artifact
type_sacrifice_window,108,T_UCHAR(0020),sacrificing_artifacts
type_sacrifice_window,109,T_UCHAR(0020),can_sacrifice_artifacts
type_sacrifice_window,110,T_UCHAR(0020),can_sacrifice_creatures
type_sacrifice_window,112,T_LONG(0012),total_experience
type_sacrifice_window,116,0x1744,experience_widget
type_sacrifice_window,120,0x1744,experience_total_widget
type_sacrifice_window,124,0x1744,current_artifact_value
type_sacrifice_window,128,0x1744,creature_name_widget
type_sacrifice_window,132,0x1744,rollover_widget
type_sacrifice_window,136,0x1C39,current_artifact_widget
type_sacrifice_window,140,0x4728,creature_slider
type_sacrifice_window,144,0x1C41,left_backpack_button
type_sacrifice_window,148,0x1C41,right_backpack_button
type_sacrifice_window,152,0x1C41,empty_backpack_button
type_sacrifice_window,156,0x1C41,sacrifice_button
type_sacrifice_window,160,0x1C41,all_artifacts_button
type_sacrifice_window,164,0x1C41,creatures_button
type_sacrifice_window,168,0x1C41,max_creatures_button
type_sacrifice_window,172,0x1C41,all_creatures_button
type_sacrifice_window,176,0x1C41,artifacts_button
type_sacrifice_window,180,"std::vector<type_artifact_offering,std::allocator<type_artifact_offering>",artifact_offerings
type_sacrifice_window,192,std::vector<textWidget,artifact_value_widgets
type_sacrifice_window,204,std::vector<iconWidget,artifact_offering_widgets
type_sacrifice_window,216,std::vector<iconWidget,slot_back_widgets
type_sacrifice_window,228,std::vector<iconWidget,slot_widgets
type_sacrifice_window,240,std::vector<iconWidget,backpack_widgets
type_sacrifice_window,252,0x51F8,creature_offerings
type_sacrifice_window,476,type_creature_offering,current_creature
type_sacrifice_window,508,std::vector<widget,artifact_widgets
type_sacrifice_window,520,std::vector<widget,creature_widgets
type_skeleton_window,88,0x1744,rollover_widget
type_skeleton_window,92,0x1C41,sacrifice_button
type_skeleton_window,96,0x1C41,all_creatures_button
type_skeleton_window,100,T_LONG(0012),selected_group
type_skeleton_window,104,T_LONG(0012),selected_index
type_skeleton_window,108,armyGroup,selected_creatures
type_skeleton_window,164,0x1C42,armies
type_skeleton_window,172,0x1C44,army_widget
type_skeleton_window,228,0x1C44,select_border
type_skeleton_window,284,0x1C46,army_label
type_skeleton_window,340,std::vector<sample,death_samples
type_spell_choice,20,T_LONG(0012),target_hex
type_spell_choice,24,T_LONG(0012),second_target_hex
type_spell_choice,28,T_LONG(0012),value
type_spell_choice,32,T_UCHAR(0020),cast_now
type_spellvalue,0,0x1AA2,our_hero
type_spellvalue,4,T_LONG(0012),stack_value
type_spellvalue,8,T_LONG(0012),power
type_spellvalue,12,T_LONG(0012),duration
type_spellvalue,16,T_LONG(0012),mana
type_spellvalue,20,"std::vector<type_creature_value,std::allocator<type_creature_value>",list
type_town_threat_checker,4,T_LONG(0012),current_player_id
type_university,0,0x3520,skills
type_university_info,0,0x2D3D,unused
type_university_info,0,0x2D33,visited_bits
type_university_info,0,0x2D3E,index
type_university_window,88,0x1A6F,current_hero
type_university_window,92,0x1C41,purchase_button
type_university_window,96,0x1744,purchase_title_widget
type_university_window,100,0x1744,purchase_text_widget
type_university_window,104,0x1744,rollover_widget
type_university_window,108,0x5214,skills
type_university_window,188,type_university_skill,selected_skill
type_university_window,208,std::vector<widget,selection_widgets
type_university_window,220,std::vector<widget,purchase_widgets
wavfile,0,T_32PVOID(0403),file
wavfile,4,0x10C5,name
wavfile,260,T_UCHAR(0020),valid
wavfile,261,tWAVEFORMATEX,format
wavfile,280,T_ULONG(0022),file_offset
wavfile,284,T_ULONG(0022),data_offset
wavfile,288,T_ULONG(0022),length
widget,4,0x101D,parentWindow
widget,8,0x1710,prevWidget
widget,12,0x1710,nextWidget
widget,16,T_SHORT(0011),id
widget,18,T_SHORT(0011),priority
widget,20,T_SHORT(0011),style
widget,22,T_SHORT(0011),status
widget,24,T_SHORT(0011),x
widget,26,T_SHORT(0011),y
widget,28,T_SHORT(0011),width
widget,30,T_SHORT(0011),height
widget,32,T_INT4(0074),focusable
widget,36,T_UCHAR(0020),on
widget,40,T_32PRCHAR(0470),RollOver
widget,44,T_32PRCHAR(0470),RightClick
widget,48,T_UCHAR(0020),freeText
windowConfig,0,T_INT4(0074),bShowMenu
windowConfig,4,T_INT4(0074),winX
windowConfig,8,T_INT4(0074),winY
windowConfig,12,T_INT4(0074),bFullScreen
z_stream_s,0,T_32PUCHAR(0420),next_in
z_stream_s,4,T_UINT4(0075),avail_in
z_stream_s,8,T_ULONG(0022),total_in
z_stream_s,12,T_32PUCHAR(0420),next_out
z_stream_s,16,T_UINT4(0075),avail_out
z_stream_s,20,T_ULONG(0022),total_out
z_stream_s,24,T_32PRCHAR(0470),msg
z_stream_s,28,0x1AFA,state
z_stream_s,32,0x100F,zalloc
z_stream_s,36,0x100E,zfree
z_stream_s,40,T_32PVOID(0403),opaque
z_stream_s,44,T_INT4(0074),data_type
z_stream_s,48,T_ULONG(0022),adler
z_stream_s,52,T_ULONG(0022),reserved
