# Dreamcast CodeView corpus - DC offsets, reference evidence (see README.md).
seg,offset,name
2,0x8a20,_GUID_PerfMasterGrooveLevel
3,0x13e00,?bShowedMessage@@3_NA
1,0xfb6f8,?distance_type@std@@YAPAHPBVTSeerHut@@@Z
1,0xc5d24,?iterator_category@std@@YA?AUrandom_access_iterator_tag@1@PBUTRumour@game@@@Z
1,0x1499b8,??_E?$CAutoArray@H@@UAAPAXI@Z
1,0x1499b8,??_G?$CAutoArray@H@@UAAPAXI@Z
1,0x3dc50,?consider_area_effect@type_AI_spellcaster@@IBAXAAUtype_spell_choice@@@Z
3,0xa860,??_C@_04EEHI@rocc?$AA@
3,0xb0b8,??_C@_1FE@PMIE@?$AAC?$AAo?$AAu?$AAl?$AAd?$AA?5?$AAn?$AAo?$AAt?$AA?5?$AAs?$AAe?$AAt?$AA?5?$AAd?$AAa?$AAt?$AAa?$AA?5?$AAf@
1,0xe91c0,?Find@LODFile@@AAAXIIPBD@Z
1,0x7d3c0,?get_total_time@SCampaign@@QBAHXZ
1,0x4f3cc,?Merge@armyGroup@@QAA_NPAV1@@Z
3,0x6a44,??_C@_0M@JONF@ObDtS03?4def?$AA@
1,0x23020,?Height@SLimitData@@QBAHXZ
1,0x64700,?__uninitialized_fill_n_aux@std@@YAPAUTObstacle@combatManager@@PAU23@IABU23@U__false_type@@@Z
2,0x5e1c,??_7TSwapWindow@@6B@
3,0x2b0f8,?dwThreadId@@3KA
1,0x94274,?DoEventMermaid@advManager@@AAAXPAVhero@@PAVNewmapCell@@_N@Z
1,0xc894c,?__uninitialized_fill_n_aux@std@@YAPAVhero@@PAV2@IABV2@U__false_type@@@Z
3,0x1f09c,??_C@_09OGNE@VWPuz?4def?$AA@
3,0x22084,?red_mask@Bitmap16Bit@@2IA
1,0x139a20,?GetFileName@TSingleSelectionWindow@@QAAPBDH@Z
1,0x383c,?begin@?$vector@PADV?$allocator@PAD@std@@@std@@QBAPBQADXZ
1,0x9a5b0,?GeneratorEvent@advManager@@QAAXPAVhero@@PAVNewmapCell@@Utype_point@@@Z
3,0x1dc50,??_C@_08IPDF@TBRmmag3?$AA@
3,0x234,__imp__timeSetEvent
1,0x38238,??1type_combat_artifact@@UAA@XZ
3,0x1db6c,??_C@_08BLDI@TBCsext3?$AA@
3,0x315c,??_C@_0P@EJLK@CampainMusic01?$AA@
1,0xc5780,?value_type@std@@YAPAVhero@@PBV2@@Z
1,0x11be94,?CompressMsg@CDPlayHeroes@@IAAPAVCNetMsg@@PAV2@@Z
1,0x27d88,?IsActive@army@@QBA_NXZ
3,0x1da94,??_C@_08EGEI@TBCscas3?$AA@
3,0x314c,??_C@_0P@EJHB@CampainMusic04?$AA@
3,0x7214,??_C@_01PJCK@?4?$AA@
1,0xbc5f0,?_M_advance@_Bit_iterator_base@std@@QAAXH@Z
1,0x63bb8,??E?$_Rb_tree_iterator@W4SpellID@@U?$_Const_traits@W4SpellID@@@std@@@std@@QAA?AU01@H@Z
3,0xa4c8,??_C@_04GDLN@hhnd?$AA@
1,0x3eea8,?get_prayer_value@type_AI_spellcaster@@IBAJPBVarmy@@Utype_enchant_data@@@Z
1,0x3f158,?get_slayer_value@type_AI_spellcaster@@IBAJPBVarmy@@Utype_enchant_data@@@Z
3,0xa3ec,??_C@_04FNIL@amag?$AA@
3,0x1af54,??_C@_09FJOM@sp09_?4def?$AA@
3,0x1af00,??_C@_09PEON@sp01_?4def?$AA@
3,0x1ddc4,??_C@_08EHEF@TBRmdw_3?$AA@
3,0x6978,??_C@_0M@LICI@ObBhL03?4pcx?$AA@
1,0x1f324,?DrawAdvObj@CSprite@@QBAXHHHHHPAVBitmap16Bit@@HH_N@Z
1,0x5ae54,??1NewSMapHeader@@QAA@XZ
1,0x74710,??0CSpriteFrame@@QAA@PBDHHPAEHW4TEncodingMethod@@HHHH@Z
3,0x1369c,?inDimensionDoor@@3_NA
1,0x114bdc,?get_mana@type_spellvalue@@QBAJXZ
1,0x11ac7c,?UpdateCost@recruitUnit@@QAAXXZ
1,0x15368c,?point_to_hex@combatManager@@SAJUtagPOINT@@@Z
3,0x1ce9c,??_C@_09CBNM@AB03_?4def?$AA@
3,0xa4dc,??_C@_04NGAH@cerb?$AA@
1,0xb9b24,?SetMapSize@game@@QAAXHH@Z
1,0x4274,?deallocate@?$allocator@PAVwidget@@@std@@SAXPAPAVwidget@@I@Z
3,0x6b64,??_C@_0M@CNNM@ObSwS03?4def?$AA@
3,0x6bb4,??_C@_0M@GNHN@ObRgS03?4def?$AA@
1,0xe742c,??0TNormalDialogInfo@@QAA@XZ
1,0xe7460,??1TNormalDialogInfo@@QAA@XZ
1,0x34c8,??1CAdvPopup@@UAA@XZ
3,0xa3d8,??_C@_04BIGN@mage?$AA@
2,0x28fc,??_7type_record_claim_town@@6B@
3,0x1b4d0,??_C@_0N@CPGN@Trade?5Window?$AA@
3,0xa57c,??_C@_04DPNF@advl?$AA@
1,0xf9418,?construct@std@@YAXPAVBlackBoxData@@ABV2@@Z
1,0x40348,?get_dispel_value@type_AI_spellcaster@@IBAJPBVarmy@@Utype_enchant_data@@@Z
1,0x41a74,?unimplemented@type_AI_spellcaster@@IBAJPBVarmy@@Utype_enchant_data@@@Z
3,0x5b48,??_C@_09NGNM@CH015?4DEF?$AA@
1,0x11adb4,??0recruitUnit@@QAA@PAVhero@@W4TCreatureType@@PAF121212@Z
1,0x1fbc8,?GetHflip@hero@@QAA_NXZ
1,0xf23c,?get_garrison_cursor@advManager@@AAA?AW4type_adventure_cursor@@PAVNewmapCell@@@Z
1,0x47270,?check_obstacle_attacks@army@@QAA_N_N@Z
3,0x2ca10,?giTCPType@@3HA
1,0x11fc3c,?OnPlayerDrop@CWaitForReadyPlayersDlg@@IAAHPAVCNetMsg@@AAUmessage@@@Z
3,0xa130,??_C@_04KIIN@pike?$AA@
1,0xc21d8,?destroy@std@@YAXPAUTownExtra@@0@Z
3,0xddcc,??_C@_0M@BKFN@pskil42?4def?$AA@
3,0x1b6e0,??_C@_0BA@OHBF@Town?5Size?5Names?$AA@
1,0x89de4,?RemoveIndex@?$tree@Vds_memsample@@@@QAA_NK_N@Z
1,0xfc8cc,?__uninitialized_fill_n@std@@YAPAVTTownEvent@@PAV2@IABV2@0@Z
1,0x1208a4,?_M_increment@?$_Deque_iterator_base@PAVCNetMsg@@U?$_Buf_size_traits@PAVCNetMsg@@$0A@@std@@@std@@QAAXXZ
3,0x0,__imp___itos
1,0x8f674,?begin@?$vector@PAVtype_event_record@@V?$allocator@PAVtype_event_record@@@std@@@std@@QBAPBQAVtype_event_record@@XZ
1,0xbf7ec,??1?$_STL_alloc_proxy@PAUtype_creature_bank@@U1@V?$allocator@Utype_creature_bank@@@std@@@std@@QAA@XZ
3,0x1e718,??_C@_08IHHO@TBSthal3?$AA@
3,0xd8,__imp___itoa
1,0x44d0,?__destroy@std@@YAXPAH00@Z
1,0x20800,?push_back@?$basic_string@DU?$char_traits@D@std@@V?$allocator@D@2@@std@@QAAXD@Z
1,0x28d80,?__destroy@std@@YAXPAJ00@Z
3,0xa8dc,??_C@_04BNPG@gnol?$AA@
3,0xa518,??_C@_04GAMO@pfnd?$AA@
1,0xc8354,?__copy_backward@std@@YAPAUtype_creature_bank@@PAU2@00Urandom_access_iterator_tag@1@PAH@Z
3,0x1ed88,??_C@_0M@IOOM@TPTav01?4def?$AA@
1,0x669fc,?GetMaxMana@hero@@QBAHXZ
1,0x8f4d8,?size@?$vector@PAVtype_event_record@@V?$allocator@PAVtype_event_record@@@std@@@std@@QBAIXZ
1,0xd4e68,?GetSpellSchoolLevel@hero@@QBA?AW4TSkillMastery@@W4TSpellSchool@@_N@Z
1,0x369dc,??0type_antimagic_artifact@@QAA@J@Z
3,0xb700,??_C@_0N@PIDK@Military?4wav?$AA@
1,0xc232c,?destroy@std@@YAXPAVtown@@0@Z
1,0x11ece4,?SetPercentage@CGameTransferSmack@@QAAXM@Z
3,0x1e790,??_C@_08HEOO@TBStext1?$AA@
1,0x13890,?DrawRiver@advManager@@QAAXHHHHH@Z
3,0x11060,??_C@_0N@FNOG@HPS011Cl?4PCX?$AA@
3,0x11050,??_C@_0N@FOAK@HPL010Cl?4PCX?$AA@
3,0x13924,??_C@_1CO@PBEA@?$AA?2?$AAC?$AAD?$AA?9?$AAR?$AAO?$AAM?$AA?2?$AAl?$AAo?$AAg?$AAo?$AAs?$AAf?$AAi?$AAn?$AAa?$AAl?$AA?4?$AAs@
1,0x147bf0,??0CScrollMsg@@QAA@HH@Z
3,0x1d468,??_C@_07IEJN@TOiefr2?$AA@
1,0x20b7c,??0?$_STL_alloc_proxy@PAUtype_dialog_resource@@U1@V?$allocator@Utype_dialog_resource@@@std@@@std@@QAA@ABV?$allocator@Utype_dialog_resource@@@1@ABQAUtype_dialog_resource@@@Z
3,0xa360,??_C@_04DJND@agrm?$AA@
3,0x11230,??_C@_0N@DJHK@HPL025Dr?4PCX?$AA@
3,0x11200,??_C@_0N@DKJG@HPS024Dr?4PCX?$AA@
3,0x6c18,??_C@_0M@BMMJ@ObLvS03?4def?$AA@
3,0xa4f0,??_C@_04BFNE@shdm?$AA@
1,0xd4768,?GetEagleEyeChance@hero@@QBAMXZ
3,0x1d390,??_C@_07OPNF@TOimar1?$AA@
1,0x2dff4,?mark_town@type_garrison_purchaser@@MBAXPAVtown@@@Z
1,0x9dc9c,?__destroy_aux@std@@YAXPAV?$basic_string@DU?$char_traits@D@std@@V?$allocator@D@2@@1@0U__false_type@@@Z
1,0x1495c8,??1CSaveGameEdit@@UAA@XZ
1,0x15c534,?Reset@swapManager@@QAAXXZ
3,0x1e628,??_C@_08IACD@TBDndw_6?$AA@
2,0x8bb0,_DLSID_ProductID
3,0x11a70,??_C@_0N@DNGJ@HPL091Wl?4PCX?$AA@
3,0x11a40,??_C@_0N@DOIF@HPS090Wl?4PCX?$AA@
3,0x11470,??_C@_0N@ILCI@HPL043Wz?4PCX?$AA@
3,0x13780,?giTestRead@@3HA
3,0x335a4,?cMoraleInfo@@3PAPBDA
1,0x16298c,??0textEntryWidget@@QAA@XZ
1,0x5e464,?SetupCombat@combatManager@@QAAXUtype_point@@PAVhero@@PAVarmyGroup@@JPAVtown@@12HHH_N@Z
3,0xab44,??_C@_06NPMB@Sprite?$AA@
3,0x2e228,?iLastBWOnScreenCheck@@3HA
3,0x1d434,??_C@_07NHBO@TOidvl1?$AA@
3,0x1f1d4,??_C@_0L@KIKG@jktext?4txt?$AA@
3,0xbc,__imp__GlobalMemoryStatus
1,0x3a7ec,?iterator_category@std@@YA?AUrandom_access_iterator_tag@1@PBUpathCell@@@Z
1,0x37e84,?set_rectangle@searchArray@@QAAXAAUtagRECT@@@Z
1,0x4d39c,?copy@std@@YAPAPAVarmy@@PAPAV2@00@Z
3,0x11320,??_C@_0N@LLNA@HPS033Al?4PCX?$AA@
3,0x11560,??_C@_0N@KNBN@HPS051Hr?4PCX?$AA@
3,0x11550,??_C@_0N@KOPB@HPL050Hr?4PCX?$AA@
3,0x11e70,??_C@_0N@LLJI@HPL123Wh?4PCX?$AA@
1,0x1296bc,?value_type@std@@YAPAUtype_artifact_offering@@PBU2@@Z
1,0x8a2bc,?CreateGroup@CDPlay@@UAAKPADPAXK_N@Z
3,0x11770,??_C@_0N@OHLB@HPL067Dk?4PCX?$AA@
3,0x116a0,??_C@_0N@ONGK@HPS061Dm?4PCX?$AA@
3,0x11690,??_C@_0N@OOIG@HPL060Dm?4PCX?$AA@
1,0x12c36c,?SeedPosition@searchArray@@QAAXPAVhero@@Utype_point@@1H_NW4type_search_type@@H2@Z
1,0x1d9e0,?DisableButtons@advManager@@QAAXXZ
1,0x6d58c,?GetCommand@combatManager@@QAAHH@Z
3,0xa144,??_C@_04HDDJ@halb?$AA@
3,0xa3b0,??_C@_04IOFE@sglm?$AA@
3,0xaa08,??_C@_04KALE@eelm?$AA@
2,0x2774,??_7CDPlay@@6B@
1,0x9c97c,?WagonHasArtifact@ExtraInfoUnion@@QBA_NXZ
3,0x1362c,??_C@_0CB@INA@empty?5distance?5tree?5with?5lengths@
1,0xf9b1c,?__stl_alloc_rebind@std@@YAAAV?$allocator@UTObjectCell@NewmapCell@@@1@AAV21@PBUTObjectCell@NewmapCell@@@Z
1,0xfe374,?IsAvailable@TPickANumber@@QBA_NH@Z
3,0x1dff8,??_C@_08HJHL@TBTwdw_6?$AA@
1,0x1fd0c,?obscure_cell@hero@@QAAXXZ
1,0x572d0,?Main@button@@UAAHAAUmessage@@@Z
1,0x8be38,?GetId@CDPlayMsg@@QAAKXZ
1,0xbfb0c,??0?$_STL_alloc_proxy@PAUSign@@U1@V?$allocator@USign@@@std@@@std@@QAA@ABV?$allocator@USign@@@1@ABQAUSign@@@Z
3,0x11810,??_C@_0N@LMDH@HPL072Nc?4PCX?$AA@
3,0x1ea24,??_C@_08HNKH@TBFrdw_4?$AA@
3,0x17d98,??_C@_04BLBL@Sand?$AA@
1,0x16a1a4,??1townObject@@QAA@XZ
3,0x3134,??_C@_04MCKL@e2Ae?$AA@
1,0xfcefc,?__uninitialized_fill_n_aux@std@@YAPAVMonsterData@@PAV2@IABV2@U__false_type@@@Z
3,0x1af0c,??_C@_09DHMN@sp04_?4def?$AA@
1,0x717c0,?__destroy@std@@YAXPAW4TArtifact@@00@Z
1,0x11e9a0,?handle_message@CWaitForRemoteBattleDlg@@UAAHAAUmessage@@@Z
1,0x49748,?CancelIndividualSpell@army@@QAAXH@Z
3,0xa874,??_C@_04DIIL@tbrd?$AA@
3,0xa2fc,??_C@_04NFMM@btre?$AA@
1,0xd44a4,?GetMysticismBonus@hero@@QBAHXZ
3,0x2e270,?gpWindowManager@@3PAVheroWindowManager@@A
1,0x11eb9c,?Save@CSaveScreen@@QAAXHH@Z
3,0x1e8bc,??_C@_08LFNH@TBFrmag4?$AA@
3,0x17ab8,??_C@_0M@MBNF@OvButn2?4def?$AA@
1,0x7fdb8,_ClientToScreen
1,0x4d154,?_M_pop_back_aux@?$deque@W4SpellID@@V?$allocator@W4SpellID@@@std@@$0A@@std@@IAAXXZ
1,0x9dfac,?sort_heap@std@@YAXPAW4SpellID@@0Vspell_level_order@@@Z
1,0x128950,??0?$allocator@PAVtextWidget@@@std@@QAA@XZ
1,0x128954,??1?$allocator@PAVtextWidget@@@std@@QAA@XZ
1,0x18fad8,?set_skill@type_university_skill_button@@QAAXW4TSecondarySkill@@_N@Z
1,0x1984ec,?Exists@File@@SA_NPBD@Z
1,0x353c,??0?$basic_string@DU?$char_traits@D@std@@V?$allocator@D@2@@std@@QAA@PBDABV?$allocator@D@1@@Z
1,0x38848,?end@?$vector@Utype_creature_value@@V?$allocator@Utype_creature_value@@@std@@@std@@QAAPAUtype_creature_value@@XZ
1,0x4c9ec,?NeedToTurn@army@@QBA_NH@Z
3,0xa9a4,??_C@_04ELKF@wyvn?$AA@
1,0x4cc74,?MarkCreatureEffect@combatManager@@QAAXHH@Z
1,0xc9d08,?gzdopen@@YIPAXHPAD@Z
1,0xd59b8,??_Ftype_artifact@@QAAXXZ
3,0x1adc4,??_C@_0M@DKDK@C08spW5?4def?$AA@
1,0x52618,??0Bitmap24Bit@@QAA@XZ
1,0xc184c,?load_vector@@YA_NPAXAAV?$vector@W4TArtifact@@V?$allocator@W4TArtifact@@@std@@@std@@@Z
3,0x7254,?const_creature_bank_traits@@3AAY0L@$$CBUtype_creature_bank_traits@@A
1,0x16d1e0,?ArmyCommand@townManager@@QAAXPAVstrip@@HH_N@Z
1,0x3df28,?get_age_value@type_AI_spellcaster@@IBAJPBVarmy@@Utype_enchant_data@@@Z
1,0x8cbb0,?get_type@type_record_claim_mine@@UBA?AW4type_event_record_type@@XZ
1,0x8872c,?SetupSoundBuffer@ds_genericsample@@AAA_NXZ
3,0x1d898,??_C@_08IIFB@TOFMag1A?$AA@
1,0x6ac18,?__uninitialized_fill_n@std@@YAPAPAV?$basic_string@DU?$char_traits@D@std@@V?$allocator@D@2@@1@PAPAV21@IABQAV21@0@Z
1,0x11f6a8,??0CPlayerDropMsg@@QAA@K@Z
1,0x2cf2c,?__insertion_sort@std@@YAXPAUtype_monster_data@@0@Z
1,0x8a074,??0CDPlay@@QAA@XZ
3,0x1e634,??_C@_08LBED@TBDnup_0?$AA@
3,0xb3f8,??_C@_0N@MKKK@Session?5lost?$AA@
3,0x4c,__imp__Sleep
1,0x147860,??1CHostWaitDlg@@UAA@XZ
3,0x34878,?AdvObjNames@@3PBVTTextResource@@B
3,0x1cd24,??_C@_09CLJB@PRTan?4pcx?$AA@
1,0x36c40,??0type_antiluck_artifact@@QAA@XZ
3,0xa7e8,??_C@_04DJHK@gwrd?$AA@
1,0x8cb2c,??0type_record_claim_mine@@QAA@JD@Z
1,0xfcd10,?_M_allocate_and_copy@?$vector@W4SpellID@@V?$allocator@W4SpellID@@@std@@@std@@IAAPAW4SpellID@@IPBW43@0@Z
2,0x4f24,??_7CChatEdit@@6B@
3,0x1d9f0,??_C@_04PLGB@TBRm?$AA@
1,0x25df8,?has_ranged_advantage@combatManager@@AAA_NAAVtype_AI_combat_parameters@@@Z
3,0xa2e8,??_C@_04LIIK@tree?$AA@
1,0xd4db0,?GetSpellDurationBonus@hero@@QBAHXZ
1,0xf63d4,?resize@?$vector@VCObjectType@@V?$allocator@VCObjectType@@@std@@@std@@QAAXIABVCObjectType@@@Z
3,0x1b614,??_C@_08MEDO@cMapSize?$AA@
1,0x8a0e4,??1CDPlay@@UAA@XZ
1,0xb6878,?SetupTowns@game@@QAAXXZ
3,0x17da0,??_C@_04IBG@Dirt?$AA@
1,0x3b1a4,?iter_swap@std@@YAXPAUtype_creature_value@@0@Z
1,0xdc05c,?inflate_flush@@YAHPAUinflate_blocks_state@@PAUz_stream_s@@H@Z
1,0x38614,??1type_antiluck_artifact@@UAA@XZ
3,0x1e004,??_C@_08EIBL@TBTwup_0?$AA@
1,0x37d2c,??9type_point@@QBA_NABU0@@Z
1,0x3d764,??1type_AI_spellcaster@@UAA@XZ
1,0x57a24,?Dim@button@@UBAXXZ
3,0x220b4,?campaignWhich@@3DA
1,0x1453ec,?EnumMapleDevicesCallback@@YAHPBUMAPLEDEVICEINSTANCE@@PAX@Z
3,0x1ea84,??_C@_08EMMH@TBFrup_2?$AA@
1,0x122c2c,??0?$map@VTCacheMapKey@ResourceManager@@PAVresource@@U?$less@VTCacheMapKey@ResourceManager@@@std@@V?$allocator@U?$pair@$$CBVTCacheMapKey@ResourceManager@@PAVresource@@@std@@@5@@std@@QAA@XZ
1,0x122c14,??1?$map@VTCacheMapKey@ResourceManager@@PAVresource@@U?$less@VTCacheMapKey@ResourceManager@@@std@@V?$allocator@U?$pair@$$CBVTCacheMapKey@ResourceManager@@PAVresource@@@std@@@5@@std@@QAA@XZ
1,0x126640,?offering_click@type_sacrifice_window@@QAAXJ_N@Z
3,0x1f22c,??_C@_0CE@OMLF@Access?5to?5file?5to?5rename?5was?5den@
1,0x60220,?ExperienceValueOfStack@combatManager@@QAAHH@Z
1,0x60b20,?RemoveObstacle@combatManager@@QAAXH@Z
1,0x66b88,??A?$deque@W4SpellID@@V?$allocator@W4SpellID@@@std@@$0A@@std@@QBAABW4SpellID@@I@Z
3,0x137bc,?gbLowMemory@@3HA
1,0x11ff28,??D?$_Deque_iterator@PAVCNetMsg@@U?$_Nonconst_traits@PAVCNetMsg@@@std@@U?$_Buf_size_traits@PAVCNetMsg@@$0A@@3@@std@@QBAAAPAVCNetMsg@@XZ
1,0x394ec,?_M_insert_overflow@?$vector@Utype_creature_source@@V?$allocator@Utype_creature_source@@@std@@@std@@IAAXPAUtype_creature_source@@ABU3@I@Z
1,0x3c810,?AI_get_attack_damage@@YAJABVarmy@@J0_NJ@Z
1,0x4ca44,?get_attack_direction@army@@QBAJPBV1@@Z
1,0x4d5d4,?iterator_category@std@@YA?AUrandom_access_iterator_tag@1@ABU?$_Deque_iterator@W4SpellID@@U?$_Nonconst_traits@W4SpellID@@@std@@U?$_Buf_size_traits@W4SpellID@@$0A@@3@@1@@Z
1,0xbe604,?resize@?$vector@UTRumour@game@@V?$allocator@UTRumour@game@@@std@@@std@@QAAXI@Z
3,0xaa1c,??_C@_04MPEC@felm?$AA@
1,0x8f20c,??_Etype_record_player_death@@UAAPAXI@Z
1,0x8f20c,??_Gtype_record_player_death@@UAAPAXI@Z
1,0xa51b0,?load@playerData@@QAAHPAX@Z
1,0xa2bb4,?bufwrite@@YAHPBXH@Z
1,0xf6d58,?end@?$vector@VTTimedEvent@@V?$allocator@VTTimedEvent@@@std@@@std@@QAAPAVTTimedEvent@@XZ
1,0x12b7f4,?enter_gate@searchArray@@AAAXABUpathCell@@PBVNewmapCell@@J@Z
3,0x1da08,??_C@_04NFPM@TBNc?$AA@
3,0xa748,??_C@_04CKLA@mino?$AA@
1,0x140670,?UpdateTurnDuration@@YAXXZ
1,0x3de90,?consider_mass_damage@type_AI_spellcaster@@IBAXAAUtype_spell_choice@@@Z
1,0xccc68,?GetExperienceIncrement@hero@@SAHH@Z
1,0x18b3d4,?SetupNewTrade@TSellCreatureWindow@@AAAXXZ
1,0x5fc00,?IsWinner@combatManager@@QBA_NH@Z
1,0xfc8fc,?__copy_backward@std@@YAPAVTTownEvent@@PAV2@00Urandom_access_iterator_tag@1@PAH@Z
1,0x12927c,?destroy@std@@YAXPAPAVtextWidget@@0@Z
3,0x1af18,??_C@_09NPKN@sp03_?4def?$AA@
1,0x18b3a8,?SetupNewTrade@TSellArtifactWindow@@AAAXXZ
3,0xa644,??_C@_04FDOG@plch?$AA@
1,0xbe220,?resize@?$vector@Vgarrison@@V?$allocator@Vgarrison@@@std@@@std@@QAAXI@Z
1,0x14767c,??0CHostWaitDlg@@QAA@XZ
3,0x1d694,??_C@_08GEPK@TODtr2Ha?$AA@
1,0x18c94c,??_ETBuyArtifactWindow@@UAAPAXI@Z
1,0x18c94c,??_GTBuyArtifactWindow@@UAAPAXI@Z
3,0x1f028,??_C@_0M@CIPO@iViewCr?4def?$AA@
1,0x2bd6c,?create_skeletons@@YAXPBVhero@@FAAVarmyGroup@@@Z
3,0xa5cc,??_C@_04NNDC@zmbl?$AA@
3,0xab74,??_C@_04GNFA@Hero?$AA@
1,0x121ac8,?GetBitmap816@ResourceManager@@YAPAVBitmap816@@PBD@Z
2,0x8730,_CLSID_DirectMusicTempoTrack
3,0x1b4,__imp__LoadLibraryW
3,0xa590,??_C@_04FPNC@skel?$AA@
1,0xcc49c,?HeroMessageUpdate@THeroScreenWindow@@AAAXPAD@Z
1,0x1492b8,??_ECEnterNameEdit@@UAAPAXI@Z
1,0x1492b8,??_GCEnterNameEdit@@UAAPAXI@Z
3,0x1a8a4,??_C@_09NBJG@Decay?4wav?$AA@
3,0x330ec,?gSpellbookHelp@@3PAUTHelpText@@A
1,0x64f64,?set_rollover_buttons@type_combat_sub_window@@UAAXJJ@Z
1,0xfcccc,?__uninitialized_fill_n_aux@std@@YAPAUSecondarySkillData@@PAU2@IABU2@U__false_type@@@Z
2,0x7920,_IID_IDirectDrawColorControl
3,0xa270,??_C@_04DKC@dwrf?$AA@
3,0xa1f8,??_C@_04DLEO@cava?$AA@
3,0xa968,??_C@_04KPMC@fdfl?$AA@
1,0xc2650,?construct@std@@YAXPAVhero@@ABV2@@Z
3,0xa888,??_C@_04BOEM@ccyc?$AA@
1,0xb9e7c,?SetMapRumour@game@@AAAXXZ
3,0x1442c,??_C@_1BI@HCPP@?$AAM?$AAa?$AAi?$AAn?$AA?5?$AAG?$AAa?$AAm?$AAe?$AA?5?$AAY?$AA?$AA@
1,0x38530,??1type_school_artifact@@UAA@XZ
1,0x1c750,?ForceNewHover@advManager@@QAAXXZ
2,0xd08,??_7Bitmap8Bit@@6B@
1,0xdbaa4,_inflateSyncPoint@4
3,0x2e274,?gpSearchArray@@3PAVsearchArray@@A
3,0xa3c4,??_C@_04LLEB@iglm?$AA@
3,0xaa30,??_C@_04LPDB@welm?$AA@
1,0x9e114,?__adjust_heap@std@@YAXPAW4SpellID@@HHW42@Vspell_level_order@@@Z
3,0x50,__imp___muld
1,0x164a0c,?distance_type@std@@YAPAHPBQAV?$vector@PADV?$allocator@PAD@std@@@1@@Z
1,0xbeca8,??1?$_Vector_base@UTBlackMarket@@V?$allocator@UTBlackMarket@@@std@@@std@@QAA@XZ
1,0x3b27c,?__partial_sort@std@@YAXPAUtype_creature_value@@000@Z
3,0xa630,??_C@_04KDFD@lich?$AA@
1,0xbdf08,??1?$vector@Vtown@@V?$allocator@Vtown@@@std@@@std@@QAA@XZ
1,0x164254,?erase@?$vector@PAV?$vector@PADV?$allocator@PAD@std@@@std@@V?$allocator@PAV?$vector@PADV?$allocator@PAD@std@@@std@@@2@@std@@QAAPAPAV?$vector@PADV?$allocator@PAD@std@@@2@PAPAV32@0@Z
3,0xa838,??_C@_04JIBH@ogre?$AA@
3,0xa39c,??_C@_04MNDJ@ogrg?$AA@
1,0x1fb1c,?is_on_map@type_obscuring_object@@QBA_NXZ
1,0x50a28,??0baseManager@@QAA@XZ
1,0xa246c,?LineLength@font@@QBAHPBDH@Z
3,0x1e7b4,??_C@_08LAJO@TBSthrd4?$AA@
1,0x2f68,??0TCheatCode@@QAA@PBD@Z
1,0x508e0,?get@TAutoStrPtr@?%E:\gamedcs\artifact.cpp2645527351@@QBAPADXZ
3,0xaa6c,??_C@_04BGBL@cata?$AA@
1,0xbdd34,??0?$vector@UTownExtra@@V?$allocator@UTownExtra@@@std@@@std@@QAA@ABV?$allocator@UTownExtra@@@1@@Z
3,0x16b3c,??_C@_0CJ@ENBD@?$CFd?5was?5last?5player?4?4?4?5time?5to?5re@
2,0x5998,??_7slider@@6B@
2,0x7b00,_GUID_D3DParseUnknownCommandCallback
3,0xb7dc,??_C@_05CHJK@H3SVC?$AA@
1,0x81f98,?ExitDialog@CTextDialog@@QAAHAAUmessage@@@Z
3,0xb4a8,??_C@_0BE@OKPI@Unknown?5application?$AA@
1,0x8caf0,?replay@type_record_teleport@@UAAX_N@Z
2,0x8420,_DPAID_ServiceProvider
1,0x37df0,?clear_magus_hut_value@type_AI_player@@QAAXXZ
3,0xaa94,??_C@_04DFDH@faid?$AA@
3,0x13560,??_C@_0CI@BBGL@oversubscribed?5dynamic?5bit?5lengt@
1,0x14d414,?begin@?$vector@VTSpellbookEntry@TSpellbookWindow@@V?$allocator@VTSpellbookEntry@TSpellbookWindow@@@std@@@std@@QAAPAVTSpellbookEntry@TSpellbookWindow@@XZ
1,0x15e85c,?ViewMon@swapManager@@QAAXXZ
3,0x1cf68,??_C@_08CDBI@TOCsLt01?$AA@
1,0x50ebc,??1Bitmap16Bit@@UAA@XZ
1,0x52754,??1Bitmap24Bit@@UAA@XZ
3,0x7184,??_C@_05NAGO@false?$AA@
1,0x7c51c,?OnRecruitHero@advManager@@QAAXPAVCMapChange@@@Z
2,0x57b8,??_7CChatSlider@@6B@
1,0x3a854,?distance_type@std@@YAPAHPBQAVtype_artifact_effect@@@Z
1,0x72d10,?DrawHero@CSprite@@QBAXHHHHHHPAGHHHHH_N@Z
1,0xbe648,??0?$allocator@UTRumour@game@@@std@@QAA@XZ
1,0xbe650,??1?$allocator@UTRumour@game@@@std@@QAA@XZ
1,0x2913c,?__uninitialized_copy_aux@std@@YAPAPAVarmy@@PAPAV2@00U__false_type@@@Z
1,0x3704c,?get_value@type_creature_growth_artifact@@UBAJPBVhero@@_N1@Z
1,0x8fd84,?iterator_category@std@@YA?AUrandom_access_iterator_tag@1@PBQAVtype_event_record@@@Z
1,0xc6fd8,?__uninitialized_copy@std@@YAPAUtype_creature_bank@@PAU2@000@Z
3,0x1690c,??_C@_0BB@GBGB@Modem?5Connection?$AA@
3,0xa1ec,??_C@_0L@INGG@czealt?4def?$AA@
1,0x8bda8,??0CDPlayMsg@@QAA@XZ
3,0xdd9c,??_C@_0N@JLEJ@heroscr3?4pcx?$AA@
1,0xfd3f4,?__destroy_aux@std@@YAXPAUSecondarySkillData@@U__false_type@@@Z
3,0xab0c,??_C@_06PNHD@advobj?$AA@
1,0x50fd4,?Remap@Bitmap16Bit@@QAAXH@Z
1,0x6a76c,??1?$vector@PAV?$basic_string@DU?$char_traits@D@std@@V?$allocator@D@2@@std@@V?$allocator@PAV?$basic_string@DU?$char_traits@D@std@@V?$allocator@D@2@@std@@@2@@std@@QAA@XZ
3,0x17a50,??_C@_0P@JKBO@ProductVersion?$AA@
3,0x84,__imp___negd
1,0x64368,?_S_left@?$_Rb_tree@W4SpellID@@W41@U?$_Identity@W4SpellID@@@std@@U?$less@W4SpellID@@@3@V?$allocator@W4SpellID@@@3@@std@@KAAAPAU?$_Rb_tree_node@W4SpellID@@@2@PAU32@@Z
1,0x16a59c,??0townManager@@QAA@XZ
1,0x49694,?CancelSpellType@army@@QAAXH@Z
1,0x906d8,?DoEventArena@advManager@@AAAXPAVhero@@PAVNewmapCell@@_N@Z
1,0x136bf4,?TurnOffScenarioOptions@TSingleSelectionWindow@@QAAXXZ
3,0x1af24,??_C@_09BMIN@sp06_?4def?$AA@
3,0x1d180,??_C@_08MLHM@TOrcen2a?$AA@
1,0x63f20,??0?$_STL_alloc_proxy@PAUTObstacle@combatManager@@U12@V?$allocator@UTObstacle@combatManager@@@std@@@std@@QAA@ABV?$allocator@UTObstacle@combatManager@@@1@ABQAUTObstacle@combatManager@@@Z
1,0x1588e8,?Draw@strip@@QAAXW4TCreatureType@@@Z
3,0x34f70,?gStatDesc@@3PAPBDA
3,0x1ce84,??_C@_09LEHM@AB02_?4def?$AA@
3,0xab14,??_C@_04MHBC@hero?$AA@
1,0x8757c,?DrawSpellEffect@CSprite@@QBAXHHHHHHPAVBitmap16Bit@@HH_N1@Z
3,0x17d78,??_C@_05JCMN@Grass?$AA@
1,0xbd494,?stop@CTimer@@QAAXXZ
3,0xddac,??_C@_0N@PLLD@heroscr4?4pcx?$AA@
1,0xdab64,?inflate_codes@@YAHPAUinflate_blocks_state@@PAUz_stream_s@@H@Z
3,0x1674c,??_C@_0M@GKFO@iCN6432?4def?$AA@
3,0x1de30,??_C@_08HGCF@TBRmup_5?$AA@
3,0xd208,?fArtifactEfficency@@3PAMA
1,0xfc89c,?__uninitialized_copy@std@@YAPAVTTownEvent@@PAV2@000@Z
3,0x33a18,?cDirections@@3PAPBDA
2,0x7aa0,_GUID_ZPixelFormats
3,0xa9e0,??_C@_04CNCH@chyd?$AA@
3,0xa180,??_C@_04JCBK@grif?$AA@
3,0x1a7e8,?akSpellTraits@@3AAY0FA@$$CBUTSpellTraits@@A
1,0xc12bc,?_M_fill_insert@?$vector@Vboat@@V?$allocator@Vboat@@@std@@@std@@QAAXPAVboat@@IABV3@@Z
3,0x13a58,??_C@_0N@KNFN@HALLDUNG?4def?$AA@
3,0x713c,?noAutoCombat@@3_NA
1,0x11bb40,?SysMsgDestroyPlayerOrGroup@CDPlayHeroes@@UAA_NPAUDPMSG_DESTROYPLAYERORGROUP@@K@Z
1,0x3cf8,?_M_insert_overflow@?$vector@HV?$allocator@H@std@@@std@@IAAXPAHABHI@Z
1,0x286d4,?_M_insert_overflow@?$vector@JV?$allocator@J@std@@@std@@IAAXPAJABJI@Z
1,0x3a404,?__introsort_loop@std@@YAXPAUtype_creature_value@@00H@Z
1,0x8bdb4,??1CDPlayMsg@@QAA@XZ
1,0xfd484,?__destroy_aux@std@@YAXPAVTTownEvent@@U__false_type@@@Z
3,0x6bf0,??_C@_0N@CIJ@ObSuS11b?4def?$AA@
1,0x14d36c,?PreviousPage@TSpellbookWindow@@QAAXXZ
1,0xbe054,?size@?$vector@Vmine@@V?$allocator@Vmine@@@std@@@std@@QBAIXZ
1,0x163638,?OnKillFocus@textEntryWidget@@UAAXXZ
1,0x9ee34,?Init@searchArray@@AAAXXZ
1,0x6021c,?ComputeDamageModifier@combatManager@@SAMHH@Z
1,0x8f694,??0?$_STL_alloc_proxy@PAUtype_shroud_change@type_record_shroud@@U12@V?$allocator@Utype_shroud_change@type_record_shroud@@@std@@@std@@QAA@ABV?$allocator@Utype_shroud_change@type_record_shroud@@@1@ABQAUtype_shroud_change@type_record_shroud@@@Z
1,0xb41e0,?PerWeek@game@@QAAXXZ
3,0x1d844,??_C@_07DKKI@TOSCyc1?$AA@
1,0x128098,?handle_widget_hover@type_skeleton_window@@UAAXPAVwidget@@@Z
3,0xa824,??_C@_04CAEA@orcc?$AA@
3,0x6aec,??_C@_0M@KGGP@ObSnS03?4def?$AA@
1,0x10b1ec,?AdjustSaturation@TPalette16@@QAAXM@Z
3,0x6a38,??_C@_0M@OGJO@ObDTF03?4def?$AA@
1,0x87c18,?ReleaseDS@dsound@@SAXXZ
1,0xc7374,?fill@std@@YAXPAVgenerator@@0ABV2@@Z
2,0x5750,??_7CBonusDlg@@6B@
3,0x35774,?gSellCreatureWindowHelp@@3PAUTHelpText@@A
1,0x361c8,??0type_artifact_effect@@QAA@XZ
1,0x361f4,??1type_artifact_effect@@UAA@XZ
1,0x9c878,?set_pyramid@ExtraInfoUnion@@QAAX_NW4SpellID@@@Z
1,0xa11ac,?back@?$vector@UpathCell@@V?$allocator@UpathCell@@@std@@@std@@QAAAAUpathCell@@XZ
1,0xa8ba0,?hero_power@@YAHPAVhero@@@Z
1,0x1236ac,??R?$less@VTCacheMapKey@ResourceManager@@@std@@QBA_NABVTCacheMapKey@ResourceManager@@0@Z
3,0x1da20,??_C@_04GDEP@TBFr?$AA@
3,0x5b0c,??_C@_09PGGM@CH010?4DEF?$AA@
1,0x90d10,?get_treasure_data@advManager@@QBAPAVTreasureData@@PAVNewmapCell@@@Z
1,0x14e01c,?__adjust_heap@std@@YAXPAVTSpellbookEntry@TSpellbookWindow@@HHV23@@Z
3,0x1b0a8,??_C@_0M@HPOD@c08spw4?4def?$AA@
1,0x1289c8,?push_back@?$vector@PAViconWidget@@V?$allocator@PAViconWidget@@@std@@@std@@QAAXABQAViconWidget@@@Z
3,0x1aa20,??_C@_0N@BLEN@Weakness?4wav?$AA@
1,0x2fa0,?encode@TCheatCode@@AAAXPBD@Z
1,0x28608,?_M_insert_overflow@?$vector@PAVarmy@@V?$allocator@PAVarmy@@@std@@@std@@IAAXPAPAVarmy@@ABQAV3@I@Z
1,0xfcf40,?__uninitialized_copy_aux@std@@YAPAVBlackBoxData@@PAV2@00U__false_type@@@Z
1,0xf7144,?base@?$reverse_iterator@PAUTObjectCell@NewmapCell@@U12@AAU12@PAU12@H@std@@QBAPAUTObjectCell@NewmapCell@@XZ
1,0x1564c4,?DoLuck@combatManager@@QAAXHH@Z
3,0xa2a0,??_C@_08DEAI@celf?4def?$AA@
1,0x101c00,?OnHotSeat@TMultiPlayerWindow@@QAA_NXZ
3,0x15b4c,??_C@_0N@IDGA@FlagPort?4def?$AA@
1,0x167274,?buy_building@town@@QAA_NW4type_building_id@@@Z
1,0x197c24,?SetFocus@heroWindow@@QAAXH@Z
3,0xa8f0,??_C@_04IMJO@gnlm?$AA@
3,0xa414,??_C@_04JMAD@calf?$AA@
3,0x1a868,??_C@_0N@OINO@Firewall?4wav?$AA@
2,0x8ba0,_DLSID_ManufacturersID
1,0x923b0,?DoEventIdol@advManager@@AAAXPAVhero@@PAVNewmapCell@@_N@Z
1,0x19cdc,?garrison_quick_view@advManager@@AAAXHHH@Z
1,0x8fe48,?__uninitialized_fill_n@std@@YAPAUtype_shroud_change@type_record_shroud@@PAU23@IABU23@0@Z
1,0xa65c4,?GetWorldMapData@game@@QAAPAVNewfullMap@@XZ
3,0x1b690,??_C@_08OLDO@HumanCPU?$AA@
3,0xa990,??_C@_04KPJP@gbas?$AA@
3,0x167a8,??_C@_0CP@NKFH@DirectPlay?5Error?3?6?6?8?$CFs?8?6?6?5?5File?3@
3,0x1aee8,??_C@_09KCGN@sp05_?4def?$AA@
1,0x1138,?UpdateSleepButton@TAdventureMapWindow@@QAAXPBVhero@@@Z
1,0x38bd4,??A?$vector@Utype_dialog_resource@@V?$allocator@Utype_dialog_resource@@@std@@@std@@QAAAAUtype_dialog_resource@@I@Z
1,0x51614,?Darken@Bitmap16Bit@@QAAXHHHH@Z
1,0x1f0f0,?GetFrame@mouseManager@@QBAHXZ
1,0x36258,?get_value@type_scouting_artifact@@UBAJPBVhero@@_N1@Z
3,0xa61c,??_C@_04MEOD@nosf?$AA@
1,0xc5474,?uninitialized_copy@std@@YAPAVhero@@PAV2@00@Z
1,0x198404,?iterator_category@std@@YA?AUrandom_access_iterator_tag@1@PBQAVwidget@@@Z
1,0x3803c,?TownAlreadyBuiltOn@game@@QBA_NH@Z
3,0xa6bc,??_C@_04MFIE@itrg?$AA@
3,0xa810,??_C@_04PHNA@oorc?$AA@
1,0x118848,??_ETQuickTownWindow@@UAAPAXI@Z
1,0x118848,??_GTQuickTownWindow@@UAAPAXI@Z
1,0x39e40,?construct@std@@YAXPAPAVtype_artifact_effect@@ABQAV2@@Z
1,0x87ffc,?Valid@wavfile@@QAA_NXZ
2,0x77c4,??_7CHeroWindowEx@@6B@
3,0xa8c8,??_C@_04BFIJ@bmth?$AA@
1,0x11ca14,?ResumeTimeOuts@CChatManager@@QAAXXZ
3,0x1e418,??_C@_08CHPI@TBNcdw_6?$AA@
3,0x38008,?iVWPlayerColor@@3HA
2,0x8740,_CLSID_DirectMusicSeqTrack
3,0xa220,??_C@_04HHEO@angl?$AA@
1,0x87bd0,?InitDS@dsound@@SAXXZ
1,0x8fdb8,?__destroy@std@@YAXPAPAVtype_event_record@@00@Z
1,0x19731c,?handle_message@heroWindow@@UAAHAAUmessage@@@Z
1,0x9d2f0,??1?$_Vector_base@W4SpellID@@V?$allocator@W4SpellID@@@std@@@std@@QAA@XZ
1,0xd3fb8,?GiveResource@hero@@QAAXHH@Z
3,0x17d90,??_C@_04EBCC@Lava?$AA@
3,0x1fa2c,??_C@_0BJ@OGJB@DDERR_NOTAOVERLAYSURFACE?$AA@
2,0x238,??_7advManager@@6B@
1,0x8b70,?ProcessKeyPress@advManager@@QAAHABUmessage@@AA_NAAUtype_point@@AAPAVNewmapCell@@@Z
1,0x3a1d4,?uninitialized_fill_n@std@@YAPAUpathCell@@PAU2@IABU2@@Z
1,0x11f810,?HandleNetMsg@CNetMsgHandlerPause@@UAAPAVCNetMsg@@PAV2@@Z
1,0x3238,??1CGameChatEdit@@UAA@XZ
1,0x67acc,?HighlightGrid@TCombatOptionsWindow@@AAAXXZ
3,0x31a3c,?GreenShift@ResourceManager@@3HA
1,0x6ab24,?uninitialized_copy@std@@YAPAPAV?$basic_string@DU?$char_traits@D@std@@V?$allocator@D@2@@1@PAPAV21@00@Z
1,0x12fdb8,?StartMouseThread@@YAXXZ
1,0x14dd38,?iter_swap@std@@YAXPAVTSpellbookEntry@TSpellbookWindow@@0@Z
1,0x169c0c,?GetNumAllies@game@@QBAEH@Z
1,0x800c0,?DCfread@@YAJPAXJJ0@Z
3,0x32818,?numAnim@@3HA
2,0x8c00,_IID_IFlashDevice
3,0xaa44,??_C@_04EODN@gglm?$AA@
3,0xa70c,??_C@_04NNLJ@evli?$AA@
1,0x85c2c,?DrawCombatHero@combatManager@@QAAHPBVCSprite@@HHHHPAUSLimitData@@_N@Z
3,0x1e130,??_C@_08CPCD@TBInhrd1?$AA@
3,0xb680,??_C@_0N@FAOP@flagmine?4wav?$AA@
3,0x74,__imp___addd
1,0x6ce60,?MoveCursorTo@combatManager@@QAAHH_N@Z
3,0xa400,??_C@_04GNBJ@geni?$AA@
1,0xc394c,?insert@?$vector@Utype_creature_bank@@V?$allocator@Utype_creature_bank@@@std@@@std@@QAAXPAUtype_creature_bank@@IABU3@@Z
3,0x1cf5c,??_C@_08LMDL@TOCsBlak?$AA@
2,0xb90,??_7type_antimagic_artifact@@6B@
1,0x4ee08,?DamageGroup@armyGroup@@QAAXM@Z
1,0xf5184,??1?$vector@VCObject@@V?$allocator@VCObject@@@std@@@std@@QAA@XZ
1,0x29e2c,??0type_AI_combat_data@@QAA@PBVhero@@PBVarmyGroup@@N0PBVtown@@PAVNewmapCell@@@Z
1,0x11ee54,??0CGameTransferDlg@@QAA@_N@Z
3,0xa89c,??_C@_04PIEL@cycl?$AA@
1,0xb6640,?WaitForPlayer@game@@QAAXPADH@Z
1,0x14db90,?__insertion_sort@std@@YAXPAVTSpellbookEntry@TSpellbookWindow@@0@Z
3,0x1b470,??_C@_0O@CKFL@CampaignBrief?$AA@
3,0x1fc8c,??_C@_0N@CKDF@SHOT?$CF04d?4PCX?$AA@
3,0xa374,??_C@_04IGAL@mgrm?$AA@
3,0xa66c,??_C@_04MOIE@blrd?$AA@
1,0xd9f98,?DrawPointer@CSprite@@QBAXHPAVBitmap16Bit@@HH_N@Z
1,0x164978,?__destroy@std@@YAXPAPAD00@Z
3,0x717c,??_C@_04NCCD@true?$AA@
3,0xaaec,??_C@_13DEJI@?$AA?6?$AA?$AA@
1,0x11f39c,?Clear@CTurnDuration@@QAAXXZ
3,0x6a14,??_C@_0M@GEKD@ObDRk03?4def?$AA@
1,0xdf160,?DrawProgressCount@@YAXXZ
1,0x119dcc,?Update@recruitUnit@@QAAX_NJ@Z
1,0x6de24,?show_eagle_eye@combatManager@@AAAXHH@Z
3,0xa2c0,??_C@_04DFMA@pega?$AA@
1,0x72628,?ColorCycle@CSprite@@QAAXHHH@Z
3,0xb7d4,??_C@_05INMG@H3SVG?$AA@
1,0xc6194,?allocate@?$allocator@Vgarrison@@@std@@QBAPAVgarrison@@IPBX@Z
1,0x49e8,?value_type@std@@YAPADPBD@Z
1,0x12fcc,?DrawAdvObjShadow@advManager@@QAAXHHHHH@Z
1,0x8a120,?InitConnection@CDPlay@@UAA_NPAVCDPlayConnection@@@Z
1,0xf748c,?insert@?$vector@VCObject@@V?$allocator@VCObject@@@std@@@std@@QAAXPAVCObject@@IABV3@@Z
1,0x11c290,?GetNetMsgHandler@CDPlayHeroes@@QAAPAVCNetMsgHandler@@XZ
3,0x3368c,?custom_camp_rclick@@3PAPBDA
1,0xbf70c,??1?$_STL_alloc_proxy@PAUTBlackMarket@@U1@V?$allocator@UTBlackMarket@@@std@@@std@@QAA@XZ
1,0xc87a8,?__copy_backward@std@@YAPAVgenerator@@PAV2@00Urandom_access_iterator_tag@1@PAH@Z
1,0x102d88,?OnOK@CHotSeatDlg@@QAA_NXZ
1,0x80168,_SmackToBufferRect
1,0xd96b8,?handle_click@iconWidget@@UAA_N_N0@Z
1,0x4eb88,?HasSomeUndead@armyGroup@@QBA_NXZ
1,0xd9c7c,?SetIconFrame@iconWidget@@QAAXH@Z
1,0x11ff2c,??0?$allocator@PAVCNetMsg@@@std@@QAA@XZ
1,0x11ff30,??1?$allocator@PAVCNetMsg@@@std@@QAA@XZ
1,0x35d0,?c_str@?$basic_string@DU?$char_traits@D@std@@V?$allocator@D@2@@std@@QBAPBDXZ
3,0xa9f4,??_C@_04DFPM@aelm?$AA@
1,0xc55d0,?__destroy@std@@YAXPAUTBlackMarket@@00@Z
1,0x4fec0,?InitializeArtifactTraitsTable@@YA_NXZ
1,0x15c384,?UpdateArrows@TSwapWindow@@QAAXXZ
1,0x5eb40,?UpdateArmyGroup@combatManager@@AAAXH@Z
3,0xa7d4,??_C@_04KELB@hgob?$AA@
3,0xb648,??_C@_01FCOA@?5?$AA@
1,0xc8c68,?__uninitialized_copy_aux@std@@YAPAVgenerator@@PAV2@00U__false_type@@@Z
1,0xbb3e0,?get_random_lith_exit@game@@QBA_NJAAUtype_point@@@Z
1,0x3948,?_M_do_sanitize@?$bitset@$09K@std@@AAAXXZ
3,0xa6e4,??_C@_04EIAF@hhag?$AA@
1,0x7fdbc,?DSetCursorPos@@YAHHH@Z
1,0xfb328,?__destroy@std@@YAXPAVTTownEvent@@00@Z
1,0x102e1c,?GetRolloverWidget@CHotSeatDlg@@UAAPAVtextWidget@@XZ
3,0x1af48,??_C@_09MMEM@sp08_?4def?$AA@
3,0x4010,??_C@_0M@OPNA@N1CD_se?4pcx?$AA@
1,0x11a2f4,?ExitRecruitUnit@@YAHAAUmessage@@@Z
1,0x123080,??0?$_Rb_tree_iterator@U?$pair@$$CBVTCacheMapKey@ResourceManager@@PAVresource@@@std@@U?$_Nonconst_traits@U?$pair@$$CBVTCacheMapKey@ResourceManager@@PAVresource@@@std@@@2@@std@@QAA@PAU?$_Rb_tree_node@U?$pair@$$CBVTCacheMapKey@ResourceManager@@PAVred0c86c09
1,0x3c580,?AI_value_of_luck@@YANJJ@Z
3,0x2f3c,?MusicFileIndex@@3PAHA
2,0x7a70,_GUID_KernelCallbacks
1,0x205f4,??A?$vector@Utype_creature_bank@@V?$allocator@Utype_creature_bank@@@std@@@std@@QAAAAUtype_creature_bank@@I@Z
3,0xa784,??_C@_04JDAP@scrp?$AA@
3,0xa194,??_C@_04KIAF@rgrf?$AA@
3,0xa1a8,??_C@_04PJBD@swrd?$AA@
1,0x19ca28,_ReleaseCapture
1,0xf57b4,?push_back@?$vector@VTSeerHut@@V?$allocator@VTSeerHut@@@std@@@std@@QAAXABVTSeerHut@@@Z
1,0x1815d0,??_Etype_garrison_base_window@@UAAPAXI@Z
1,0x4cfc0,?_M_advance@?$_Deque_iterator_base@W4SpellID@@U?$_Buf_size_traits@W4SpellID@@$0A@@std@@@std@@QAAXH@Z
3,0xa504,??_C@_04LKEL@dhdm?$AA@
1,0x164c10,?__destroy_aux@std@@YAXPAPAV?$vector@PADV?$allocator@PAD@std@@@1@U__false_type@@@Z
3,0x1da10,??_C@_04BJIO@TBDn?$AA@
1,0x70af0,?FizzleForwardX@heroWindowManager@@QAAXABUSLimitData@@H@Z
3,0xa4a0,??_C@_04FBLF@gogg?$AA@
1,0xbd654,??_F?$vector@Utype_point@@V?$allocator@Utype_point@@@std@@@std@@QAAXXZ
3,0xcc0c,?gbInSetupDialog@@3HA
1,0x1815d0,??_Gtype_garrison_base_window@@UAAPAXI@Z
1,0x366d8,??0type_luck_artifact@@QAA@J@Z
3,0xa9b8,??_C@_04LEBM@wyvm?$AA@
3,0xa310,??_C@_04HENB@unic?$AA@
3,0xcbbc,?giDebugLevel@@3HA
1,0xcbe80,?initialize@hero@@QAAXF@Z
1,0xd3bec,?remove_artifact@hero@@QAA_NW4TArtifact@@@Z
1,0xe2930,?SendPlayerWon@@YAXXZ
3,0x1e7c0,??_C@_08FPOK@TBStholy?$AA@
1,0x6b66c,?SetCombatDirections@combatManager@@QAAXH@Z
3,0xb148,??_C@_1BI@JLKA@?$AA?6?$AAS?$AAt?$AAo?$AAp?$AAV?$AAi?$AAd?$AAe?$AAo?$AA?6?$AA?$AA@
1,0x169d6c,?_M_allocate_and_copy@?$vector@HV?$allocator@H@std@@@std@@IAAPAHIPAH0@Z
2,0x7da0,_CLSID_CDirect3DRMMaterialInterpolator
3,0x2b44,??_C@_0M@HFMI@pmedusx?4def?$AA@
1,0xbdfa8,??0?$vector@USign@@V?$allocator@USign@@@std@@@std@@QAA@ABV?$allocator@USign@@@1@@Z
1,0xd9190,?OnWidgetDeselect@CHSInputDlg@@UAAHHAA_N@Z
1,0x10275c,?OnWidgetDeselect@CMPInputDlg@@UAAHHAA_N@Z
3,0x6f98,??_C@_08NHE@cbar?4pcx?$AA@
3,0x2e244,?gbFunctionComplete@@3HA
1,0x158230,??1?$pair@U?$_Rb_tree_iterator@W4SpellID@@U?$_Const_traits@W4SpellID@@@std@@@std@@_N@std@@QAA@XZ
3,0x1b2f8,??_C@_0N@EBJO@dwelling?4txt?$AA@
3,0x214,__imp__DirectSoundCreate
2,0x8070,_IID_IDirect3DRM3
3,0xaa58,??_C@_04CBML@dglm?$AA@
1,0x1207e4,?copy_backward@std@@YAPAPAPAVCNetMsg@@PAPAPAV2@00@Z
3,0xa6a8,??_C@_04HFKF@trog?$AA@
1,0x2afb8,?get_summoning_value@type_AI_combat_data@@IBAXAAUtype_spell_choice@@@Z
3,0xa52c,??_C@_04NMPD@pfoe?$AA@
1,0x9c35c,?SendHeroTownData@advManager@@QAAXUtype_point@@PAVhero@@PAVarmyGroup@@JPAVtown@@12HHH_N4@Z
1,0xbde20,?push_back@?$vector@UTBlackMarket@@V?$allocator@UTBlackMarket@@@std@@@std@@QAAXABUTBlackMarket@@@Z
1,0x147acc,??0CGameHeaderInfoEndMsg@@QAA@XZ
1,0x57854,?Deselect@button@@QAAHAAUmessage@@@Z
3,0x12340,??_C@_0BD@IFBC@invalid?5block?5type?$AA@
3,0x16778,?GameMode@@3EA
1,0x1224e4,?GetBitmapResourceSize@ResourceManager@@YAHPBD@Z
1,0x141af0,?OnSetAGRMsg@TSingleSelectionWindow@@QAAXPAVCNetMsg@@_N@Z
3,0x1d314,??_C@_08BEIB@TOimag2a?$AA@
3,0xb1d8,??_C@_04MPDF@?4wav?$AA@
1,0x9e204,?__copy_backward@std@@YAPAW4SpellID@@PAW42@00Urandom_access_iterator_tag@1@PAH@Z
1,0x9c870,?pyramid_is_guarded@ExtraInfoUnion@@QBA_NXZ
1,0xc0158,?deallocate@?$allocator@Vboat@@@std@@SAXPAVboat@@I@Z
1,0xc0078,?deallocate@?$allocator@Vtown@@@std@@SAXPAVtown@@I@Z
3,0x138d8,??_C@_0N@NHMJ@Calli10R?4fnt?$AA@
3,0x13790,?gbAllBlack@@3HA
3,0x128,__imp__strncat
1,0x2e60,?GetExperienceIncrement@hero@@QBAHXZ
3,0x7060,??_C@_0N@JGHA@SpellInf?4pcx?$AA@
3,0xa43c,??_C@_04BHNC@ngrd?$AA@
1,0xe98cc,?resize@?$vector@ULODEntry@@V?$allocator@ULODEntry@@@std@@@std@@QAAXI@Z
1,0x1156bc,??8type_AI_puzzle_tile@@QBA_NABU0@@Z
3,0x1a7fc,??_C@_0N@DFPD@ScutBoat?4wav?$AA@
1,0x2cb8,??2@YAPAXIPAX@Z
1,0x2d370,?__pop_heap@std@@YAXPAUtype_monster_data@@00U2@PAH@Z
1,0x5ab84,?ReadRamDisc@@YAXHPAXJPAK@Z
1,0xe1bf8,?ExitNormalDialog@@YAHAAUmessage@@@Z
1,0x1275c0,??0type_skeleton_window@@QAA@PAVarmyGroup@@@Z
3,0x5b54,??_C@_0N@DLJF@SgCsDrw3?4pcx?$AA@
3,0x6224,??_C@_0N@MBOG@SgNcMlip?4pcx?$AA@
1,0xf5eb4,?clear@?$vector@Utype_creature_bank@@V?$allocator@Utype_creature_bank@@@std@@@std@@QAAXXZ
3,0x1dcec,??_C@_08MDCC@TBRmsilo?$AA@
1,0x3f408,?get_weakness_value@type_AI_spellcaster@@IBAJPBVarmy@@Utype_enchant_data@@@Z
1,0x160770,?WindowHandler@TSystemOptionsWindow@@UAAHAAUmessage@@@Z
3,0x1d34c,??_C@_08IHLL@TOicas1a?$AA@
1,0x197bdc,?EnableAllWidgets@heroWindow@@QAAX_N@Z
1,0x1eec4,?Elapsed@GameTime@@YAJKK@Z
1,0x43264,?__uninitialized_copy@std@@YA?AU?$_Deque_iterator@W4SpellID@@U?$_Nonconst_traits@W4SpellID@@@std@@U?$_Buf_size_traits@W4SpellID@@$0A@@3@@1@U?$_Deque_iterator@W4SpellID@@U?$_Const_traits@W4SpellID@@@std@@U?$_Buf_size_traits@W4SpellID@@$0A@@3@@1@0U2f8aa5c6a
3,0x5b30,??_C@_09LGCG@CH012?4DEF?$AA@
1,0xf9e1c,??0TTimedEvent@@QAA@ABV0@@Z
3,0x339f8,?cCastleInfo@@3PAPBDA
3,0xf38,?gbGoSolo@@3_NA
1,0x20d2c,?t_limit@@YAABHABH00@Z
1,0x36dd4,??0type_tome_artifact@@QAA@W4TSpellSchool@@@Z
1,0x37e48,?set_power@type_spellvalue@@QAAXJ@Z
3,0x5b74,??_C@_0N@HLNP@SgCsDrw1?4pcx?$AA@
1,0xa5ee8,?GetNumObelisks@@YAHH@Z
3,0x144a4,??_C@_0CF@LMGL@ABCDEFGHIJKLMNOPQRSTUVWXYZ012345@
1,0x166fc8,?BuildBuilding@town@@QAA?AW4type_building_id@@H_N0@Z
3,0x1d674,??_C@_08ONGL@TODsmith?$AA@
1,0x10cf4,?GetCloudLookup@advManager@@QAAHHHH@Z
3,0x1ef90,??_C@_0N@DCKH@SecSkill?4def?$AA@
3,0x5b64,??_C@_0N@JLLA@SgCsDrw2?4pcx?$AA@
1,0x7c470,?OnDeadHero@advManager@@QAAXPAVCMapChange@@@Z
3,0xae2c,?hWalkSample@@3PAVds_memsample@@A
1,0xb3e60,?set_weekly_recruits@game@@AAAXQAW4THeroID@@W4TTownType@@@Z
1,0x1201e8,??1?$_Deque_base@PAVCNetMsg@@V?$allocator@PAVCNetMsg@@@std@@$0A@@std@@QAA@XZ
3,0x16d44,??_C@_04FOAE@?$CFd?$CF?$CF?$AA@
1,0x2f24,?GetTown@game@@QAAPAVtown@@H@Z
3,0xa8b4,??_C@_04OCEN@ybmh?$AA@
1,0xeea60,?readBlackBoxData@NewfullMap@@QAAHPAXPAVCObject@@@Z
3,0x14160,??_C@_1CE@GIDF@?$AAB?$AAl?$AAa?$AAc?$AAk?$AAo?$AAu?$AAt?$AA?5?$AAC?$AAo?$AAm?$AAp?$AAu?$AAt?$AAe?$AAr?$AA?$AA@
1,0x14d3a4,?GetPositionFromSchool@TSpellbookWindow@@CAHI@Z
3,0xc,__imp__memcmp
3,0xe8,__imp___dtou
1,0x6473c,?__uninitialized_copy_aux@std@@YAPAUtype_artifact@@PAU2@00U__false_type@@@Z
3,0xa4b4,??_C@_04BEGA@mgog?$AA@
1,0x7c5e0,?OnClaimGenerator@advManager@@QAAXPAVCMapChange@@@Z
1,0x8924c,?ClearChannel@ds_engine@@QAA_NK@Z
1,0x10f2f8,?AI_resource_cost@@YAHJQBH@Z
3,0x17e00,??_C@_0N@IOEB@Spelback?4pcx?$AA@
3,0x60,__imp___divd
3,0x7c,__imp___dtoi
3,0x6e5c,??_C@_0N@NMLE@CmBkDrMt?4pcx?$AA@
3,0xa324,??_C@_04BIME@wunc?$AA@
3,0xa75c,??_C@_04IAOM@mink?$AA@
3,0x1aad0,??_C@_0N@FLNM@Cntrstrk?4wav?$AA@
3,0x1b6f0,??_C@_0CD@MLIL@Border?5Guard?1Keymaster?5Tent?5Colo@
3,0x1d5a4,??_C@_08LKFI@TONSkel2?$AA@
1,0x3d524,??0type_enchant_data@@QAA@W4SpellID@@W4TSkillMastery@@JJ@Z
3,0x238,MMTIMER_NULL_THUNK_DATA
3,0xde4c,??_C@_0M@MAAI@hsbtns6?4def?$AA@
1,0xd5944,?GetExpCap@SCampaign@@QBAHXZ
1,0x12938c,?__stl_alloc_rebind@std@@YAAAV?$allocator@PAViconWidget@@@1@AAV21@PBQAViconWidget@@@Z
3,0xa388,??_C@_04CHMA@sgrg?$AA@
1,0x7bbbc,?CheckAdjacentMon@advManager@@QAAXPAH@Z
1,0xc9b28,??0?$bitset@$0DA@K@std@@QAA@XZ
1,0x18c84,?OverrideBottomView@advManager@@QAAXW4EBottomViewType@1@H@Z
3,0x202cc,?AI_event_visibility_values@@3PAJA
3,0xa428,??_C@_04HEII@nsen?$AA@
1,0xa2af8,?InitializeRandomTavernText@@YA_NXZ
1,0x5793c,?Draw@button@@UBAXXZ
3,0x5d8c,??_C@_0N@GOPC@SgRmWa62?4pcx?$AA@
1,0xc0498,?_M_insert_overflow@?$vector@PAVCSprite@@V?$allocator@PAVCSprite@@@std@@@std@@IAAXPAPAVCSprite@@ABQAV3@I@Z
1,0x293e4,?distance_type@std@@YAPAHPBQAVarmy@@@Z
1,0x2ce20,?partial_sort@std@@YAXPAUtype_monster_data@@00@Z
1,0x39a00,?sort@std@@YAXPAJ0@Z
3,0x65d0,??_C@_0N@DOPL@SgStWa42?4pcx?$AA@
3,0xa234,??_C@_04FJJK@aagl?$AA@
1,0x7a428,?TurnTo@advManager@@QAAXH@Z
1,0x8fd64,?value_type@std@@YAPAUtype_shroud_change@type_record_shroud@@PBU23@@Z
1,0x1285a8,?get_maximum@slider@@QBAHXZ
2,0x8140,_DSPROPSETID_Reverb
1,0x281f0,??0?$allocator@PAVarmy@@@std@@QAA@XZ
1,0x281f4,??1?$allocator@PAVarmy@@@std@@QAA@XZ
1,0x38418,??_Etype_morale_artifact@@UAAPAXI@Z
1,0x38418,??_Gtype_morale_artifact@@UAAPAXI@Z
3,0x5c6c,??_C@_0N@EOAH@SgCsWa12?4pcx?$AA@
3,0xa568,??_C@_04NNNJ@devl?$AA@
1,0x9df20,?make_heap@std@@YAXPAW4SpellID@@0Vspell_level_order@@@Z
1,0xf525c,??1?$vector@PAVCSprite@@V?$allocator@PAVCSprite@@@std@@@std@@QAA@XZ
1,0x147e74,??0CNewHostMsg@@QAA@K@Z
1,0x2cfc4,?__uninitialized_copy_aux@std@@YAPAUtype_monster_data@@PBU2@0PAU2@U__false_type@@@Z
1,0xc18cc,?save_vector@@YA_NPAXAAV?$vector@W4TArtifact@@V?$allocator@W4TArtifact@@@std@@@std@@@Z
3,0x1e1a8,??_C@_08OLFD@TBInext4?$AA@
2,0xed0,??_7TCampaignBrief@@6B@
3,0x5c9c,??_C@_0N@HIDM@SgCsTw11?4pcx?$AA@
3,0x5c7c,??_C@_0N@KOGI@SgCsWa11?4pcx?$AA@
1,0x9c948,?TreasureIsArtifact@ExtraInfoUnion@@QBA_NXZ
1,0xc296c,?copy@std@@YAPAVgarrison@@PAV2@00@Z
1,0x122f7c,??1?$_STL_alloc_proxy@PAU?$_Rb_tree_node@U?$pair@$$CBVTCacheMapKey@ResourceManager@@PAVresource@@@std@@@std@@U12@V?$allocator@U?$pair@$$CBVTCacheMapKey@ResourceManager@@PAVresource@@@std@@@2@@std@@QAA@XZ
1,0x129218,?destroy@std@@YAXPAUtype_artifact_offering@@0@Z
1,0x129abc,?destroy@std@@YAXPAUtype_artifact_offering@@@Z
3,0x34e60,?cHallInfo@@3PAPBDA
3,0x1d98c,??_C@_07DMBL@TOFGor1?$AA@
3,0x5d9c,??_C@_0N@IOJN@SgRmWa61?4pcx?$AA@
3,0x5c8c,??_C@_0N@JIFD@SgCsTw12?4pcx?$AA@
3,0x65e0,??_C@_0N@NOJE@SgStWa41?4pcx?$AA@
1,0xa1590,?Fly@army@@QAAHH@Z
1,0xcc38c,?update_spell_list@hero@@AAAXXZ
1,0xf6554,?resize@?$vector@VCObject@@V?$allocator@VCObject@@@std@@@std@@QAAXIABVCObject@@@Z
1,0xfa7e0,?uninitialized_fill_n@std@@YAPAUTObjectCell@NewmapCell@@PAU23@IABU23@@Z
3,0x16dd0,??_C@_0M@JFOM@gspbut6?4def?$AA@
1,0x28e50,?__uninitialized_fill_n@std@@YAPAJPAJIABJ0@Z
3,0xa298,??_C@_04BEDA@welf?$AA@
3,0xa7c0,??_C@_04KLMI@gbln?$AA@
1,0xbf3d0,??0?$_Vector_base@Utype_creature_bank@@V?$allocator@Utype_creature_bank@@@std@@@std@@QAA@ABV?$allocator@Utype_creature_bank@@@1@@Z
1,0x14ac6c,?DeleteAnimHeaders@@YAXXZ
1,0x81fb0,?UpdateText@CTextDialog@@UAAXPBD@Z
1,0xbd1c8,?GetSize@CGameTransmitMainMsg@@QAAKXZ
1,0xe519c,?GetNextHumanPlayer@@YAHH@Z
3,0x1be94,?inTownMenu@@3_NA
1,0x405d4,?get_backlash_value@type_AI_spellcaster@@IBAJPBVarmy@@Utype_enchant_data@@@Z
3,0xa1d0,??_C@_04GMJL@monk?$AA@
3,0x2e04,??_C@_0N@DKIJ@AdStatHr?4pcx?$AA@
3,0x6924,??_C@_0M@CFBH@ObRgL03?4pcx?$AA@
1,0xf92a8,?copy_backward@std@@YAPAUTObjectCell@NewmapCell@@PAU23@00@Z
1,0x10d47c,?CheckDoMain@@YAXHH@Z
3,0x1daa0,??_C@_08LAGL@TBCshall?$AA@
3,0x1d0fc,??_C@_08NKJJ@TOrdwf2h?$AA@
1,0x197480,?BroadcastMessage@heroWindow@@QAAHAAUmessage@@@Z
3,0x1cd4c,??_C@_0N@DNAG@PRPurple?4pcx?$AA@
1,0x1eda8,??0type_point@@QAA@XZ
3,0xa2d4,??_C@_04KMLC@apeg?$AA@
3,0x353e0,?gQuickViewText@@3PAPBDA
3,0x6c6c,??_C@_0M@PAEC@ObBhS03?4def?$AA@
3,0xa5f4,??_C@_04PPAM@wrth?$AA@
1,0x7c584,?OnDeadPlayer@advManager@@QAAXPAVCMapChange@@@Z
1,0x8f678,?end@?$vector@PAVtype_event_record@@V?$allocator@PAVtype_event_record@@@std@@@std@@QAAPAPAVtype_event_record@@XZ
1,0xeda1c,?get_object_type_ptr@CObject@@QBAPAVCObjectType@@XZ
1,0x12eb24,?CreateWin@CTeamAlignmentDlg@@QAA_NXZ
2,0x79b0,_DDVPTYPE_BROOKTREE
1,0x8896c,?Play@ds_memsample@@UAA_NH@Z
1,0xf5b30,?push_back@?$vector@UTownExtra@@V?$allocator@UTownExtra@@@std@@@std@@QAAXABUTownExtra@@@Z
1,0x2452c,?choose_shooter_action@combatManager@@AAAXPBVarmy@@_NJ@Z
1,0x922e8,?DoEventCampfire@advManager@@AAAXPAVhero@@PAVNewmapCell@@Utype_point@@_N@Z
1,0xc6978,?__copy_backward@std@@YAPAUSign@@PAU2@00Urandom_access_iterator_tag@1@PAH@Z
1,0x14ac64,?VideoShutDown@@YAXXZ
3,0x1a9f8,??_C@_05GJLF@Curse?$AA@
1,0x2021c,?PlayerHasInfo@TSeerHut@@QBA_NE@Z
3,0x5b24,??_C@_09BGAD@CH013?4DEF?$AA@
1,0x8af4c,?SysMsgDestroyPlayerOrGroup@CDPlay@@MAA_NPAUDPMSG_DESTROYPLAYERORGROUP@@K@Z
1,0xc64ac,?__uninitialized_copy@std@@YAPAUTBlackMarket@@PAU2@000@Z
1,0xbe468,?size@?$vector@Utype_creature_bank@@V?$allocator@Utype_creature_bank@@@std@@@std@@QBAIXZ
3,0x1d5f4,??_C@_07BDPF@TODmag2?$AA@
1,0x84228,?ScrollToPixel@combatManager@@QAA_NHH_N@Z
1,0x386ac,??1type_income_artifact@@UAA@XZ
2,0xb48,??_7type_knowledge_artifact@@6B@
3,0x15adc,??_C@_0M@PCDN@pskil32?4def?$AA@
1,0x8dc20,?undo@type_record_player_death@@UAAXXZ
1,0xcc138,?get_number_in_backpack@hero@@QBAJ_N@Z
3,0xa2ac,??_C@_04EBBB@gelf?$AA@
3,0xaa80,??_C@_04LIMH@ball?$AA@
3,0xb64c,??_C@_01KMAE@?0?$AA@
3,0x144d4,??_C@_01PCFE@?2?$AA@
1,0xa1d14,?SetPalette@font@@QAAXABVTPalette16@@@Z
1,0x14bcf4,?get_spell_description@TSpellbookWindow@@AAA?AV?$basic_string@DU?$char_traits@D@std@@V?$allocator@D@2@@std@@W4SpellID@@PBVhero@@_N@Z
3,0x1e424,??_C@_08BGJI@TBNcup_0?$AA@
1,0x546d4,?Draw@coloredBorderFrame@@UBAXXZ
3,0x1aedc,??_C@_09EKAN@sp02_?4def?$AA@
1,0x56ea4,??1TBottomViewNewTurn@@UAA@XZ
3,0x6894,??_C@_0M@NGLP@ObDtL03?4pcx?$AA@
1,0xc77b4,?__uninitialized_copy@std@@YAPAW4TArtifact@@PBW42@0PAW42@1@Z
1,0x129080,?_M_insert_overflow@?$vector@PAViconWidget@@V?$allocator@PAViconWidget@@@std@@@std@@IAAXPAPAViconWidget@@ABQAV3@I@Z
3,0x17df8,??_C@_02NDAK@?5?$CI?$AA@
3,0x122f4,??_C@_0M@HAHB@HiScCam?4def?$AA@
3,0x168ac,??_C@_07OBBH@?$CI?$CFs?$CJ?5?$CFs?$AA@
1,0x2c790,??0?$vector@Utype_monster_data@@V?$allocator@Utype_monster_data@@@std@@@std@@QAA@ABV?$allocator@Utype_monster_data@@@1@@Z
3,0xaaa8,??_C@_04MIFP@cart?$AA@
1,0x8e270,?record_move@game@@QAAXPAVhero@@HUtype_point@@@Z
1,0xbdd8c,??0?$allocator@UTownExtra@@@std@@QAA@XZ
1,0xbdd94,??1?$allocator@UTownExtra@@@std@@QAA@XZ
1,0x130968,?GetPlayerCount@CNetPlayerHandler@@QAAH_N@Z
1,0x19c734,_Sleep
1,0x19c9f8,_free
1,0x4650,?__uninitialized_copy@std@@YAPAPAVwidget@@PAPAV2@000@Z
1,0x39fac,?__stl_alloc_rebind@std@@YAAAV?$allocator@UpathCell@@@1@AAV21@PBUpathCell@@@Z
1,0xc7c50,?__uninitialized_fill_n_aux@std@@YAPAVCObjectType@@PAV2@IABV2@U__false_type@@@Z
1,0x18b2e8,?SetupNewTrade@TTradeResourceWindow@@AAAXXZ
2,0x7e80,_IID_IDirect3DRMMeshBuilder
1,0x19cb9c,_FindNextFileW
2,0x69c8,??_7TGarrisonWindow@@6B@
3,0x1da00,??_C@_04OANK@TBIn?$AA@
1,0x5b1f8,??0?$TAutoArrayPtr@D@@QAA@PAD@Z
3,0x1b2b8,??_C@_0N@GCMA@priskill?4txt?$AA@
3,0x1fb14,??_C@_0BB@PNI@DDERR_NOMIPMAPHW?$AA@
1,0x37a58,?AI_equip_artifacts@@YAXPAVhero@@@Z
2,0x5880,??_7?$CAutoArray@H@@6B@
1,0x53e0,??_ETAdventureOptionsWindow@@UAAPAXI@Z
1,0x53e0,??_GTAdventureOptionsWindow@@UAAPAXI@Z
3,0x29784,?currentTerritory@@3HA
1,0x9cc1c,??0CMCRecruitHero@@QAA@CUtype_point@@H@Z
1,0x1286e0,??_Etype_sacrifice_window@@UAAPAXI@Z
1,0x1286e0,??_Gtype_sacrifice_window@@UAAPAXI@Z
1,0x169c60,?GetTown@game@@QBAPBVtown@@H@Z
3,0x1388c,??_C@_0BH@IMC@Initialization?5failed?$CB?$AA@
1,0xf5e78,?clear@?$vector@Utype_university@@V?$allocator@Utype_university@@@std@@@std@@QAAXXZ
3,0x1d224,??_C@_07HKCB@TOTHal4?$AA@
1,0x23154,??0CMapChange@@QAA@W4eRS_Messages@@K@Z
1,0x4d194,?_M_pop_front_aux@?$deque@W4SpellID@@V?$allocator@W4SpellID@@@std@@$0A@@std@@IAAXXZ
3,0xb52c,??_C@_0BC@MDOC@Encryption?5failed?$AA@
1,0xac910,?RandomizeEvents@game@@QAAXXZ
1,0xc7678,?__destroy_aux@std@@YAXPAVgarrison@@0U__false_type@@@Z
3,0x16894,??_C@_01BJG@?6?$AA@
3,0x3567c,?cMapSize@@3PAPBDA
1,0x8e730,?clear_event_records@game@@QAAXXZ
1,0x164188,?insert@?$vector@PADV?$allocator@PAD@std@@@std@@QAAXPAPADIABQAD@Z
3,0x1dbb4,??_C@_08ELEH@TBCsdw_3?$AA@
1,0x28018,?is_moat@searchArray@@QBA_NF@Z
3,0x136f0,??_C@_01FJJO@R?$AA@
1,0x12099c,??1resource@@UAA@XZ
3,0x1aef4,??_C@_09EPNI@sp10_?4def?$AA@
1,0xbd1e4,??0CGameTransmitConfirmEndMsg@@QAA@XZ
1,0xc7ffc,?__uninitialized_fill_n_aux@std@@YAPAVtown@@PAV2@IABV2@U__false_type@@@Z
3,0x1d9e8,??_C@_04IFNI@TBCs?$AA@
1,0xbdbdc,?push_back@?$vector@Utype_point@@V?$allocator@Utype_point@@@std@@@std@@QAAXABUtype_point@@@Z
3,0x13e84,??_C@_01FBMM@4?$AA@
1,0x12eeac,??0CSingleSelPopup@@QAA@H_N@Z
3,0x1f7f0,??_C@_0BI@BECN@DDERR_UNSUPPORTEDFORMAT?$AA@
1,0x37e40,?can_cast_spells@type_spellvalue@@QBA_NXZ
1,0xc0cb0,?_M_fill_insert@?$vector@USign@@V?$allocator@USign@@@std@@@std@@QAAXPAUSign@@IABU3@@Z
3,0x1373c,??_C@_01FKHJ@C?$AA@
1,0x4440,?_M_range_initialize@?$basic_string@DU?$char_traits@D@std@@V?$allocator@D@2@@std@@AAAXPBD0Uforward_iterator_tag@2@@Z
1,0x4fe30,?_M_range_initialize@?$basic_string@DU?$char_traits@D@std@@V?$allocator@D@2@@std@@AAAXPAD0Uforward_iterator_tag@2@@Z
1,0x5459c,??0coloredBorder@@QAA@HHHHHHH@Z
3,0xa610,??_C@_09KONP@cvamp?4def?$AA@
1,0x89640,?PlayStream@ds_engine@@QAAPAVds_streamsample@@PADH_N@Z
1,0x8c118,??0?$CAutoArray@VCDPlayAddressElement@@@@QAA@XZ
1,0x8c148,??1?$CAutoArray@VCDPlayAddressElement@@@@UAA@XZ
1,0xc5754,?value_type@std@@YAPAUTRumour@game@@PBU23@@Z
3,0x13e90,??_C@_01FBAH@1?$AA@
3,0x13738,??_C@_01FIAI@X?$AA@
1,0x11d56c,?TickAnimation@CAnimatedDlg@@QAAXXZ
3,0x1fac0,??_C@_0BA@BNFD@DDERR_WRONGMODE?$AA@
1,0x18d38,?UpdBottomView@advManager@@QAAX_N00@Z
1,0x38064,?IsVis@mouseManager@@QBA_NXZ
3,0x136e8,??_C@_01FJFF@W?$AA@
1,0x18db68,?_tr_flush_block@@YAXPAUinternal_state@@PADKH@Z
3,0x1f48c,??_C@_0BB@EJBM@DDERR_NOCLIPLIST?$AA@
1,0x872a8,?Intersects@SLimitData@@QBA_NABU1@@Z
1,0x8c91c,?replay@type_record_move_hero@@UAAX_N@Z
1,0xee12c,?loadTreasureData@NewfullMap@@QAAHPAXAAVTreasureData@@@Z
1,0x165988,?save@town@@QAAHPAX@Z
3,0x3f14,??_C@_0M@GKPK@E1P4_se?4pcx?$AA@
3,0x3ecc,??_C@_0M@NKBN@E1P2_se?4pcx?$AA@
1,0xf55dc,?size@?$vector@VBlackBoxData@@V?$allocator@VBlackBoxData@@@std@@@std@@QBAIXZ
3,0x16d04,??_C@_0M@IBAD@AltArmy?4def?$AA@
3,0x13730,??_C@_01FLCE@L?$AA@
3,0x1f294,?MouseWorkSurface@@3PAUIDirectDrawSurface4@@A
3,0x6e40,??_C@_0M@LKDI@CmBkBch?4pcx?$AA@
3,0x1371c,??_C@_01FKLC@F?$AA@
1,0xf5160,??0?$vector@VCObject@@V?$allocator@VCObject@@@std@@@std@@QAA@ABV?$allocator@VCObject@@@1@@Z
1,0x143954,?HighlightFile@TSingleSelectionWindow@@QAA_NPAD@Z
1,0x148790,?Tick@CNewPlayerUpdateMan@@QAAXXZ
1,0x14ac38,?VideoPlay@@YAHHHHHH@Z
3,0x34f24,?gTownTypeNames@@3PAPBDA
3,0x10b4,??_C@_06OKKM@ajpgvz?$AA@
3,0xa92c,??_C@_04EIKH@cgor?$AA@
1,0xb40f4,?set_recruits@game@@QAAXXZ
3,0x17d80,??_C@_04HFKM@Snow?$AA@
3,0x1e868,??_C@_08LPKN@TBStup_3?$AA@
2,0x7a00,_GUID_VideoPortCallbacks
1,0x31af4,?value_of_adding_army@type_AI_creature_swapper@@IAAJW4TCreatureType@@FAAF_N@Z
1,0xdb964,_inflateSetDictionary@12
1,0x148b1c,?SetState@CChatSlider@@UAAXH@Z
3,0xf40,?a@TCheatCode@@0PBDB
3,0xf44,?b@TCheatCode@@0PBDB
1,0x13c68,?DrawArrowShadow@advManager@@QAAXHHHHH@Z
3,0x696c,??_C@_0M@BIAN@ObBhL02?4pcx?$AA@
1,0xc57c8,?__copy@std@@YAPAUTBlackMarket@@PAU2@00Urandom_access_iterator_tag@1@PAH@Z
1,0x11fce0,??1CWaitForReadyPlayersDlg@@UAA@XZ
1,0x5ac80,??0NewSMapHeader@@QAA@XZ
1,0xc8088,?__uninitialized_fill_n_aux@std@@YAPAUSign@@PAU2@IABU2@U__false_type@@@Z
3,0x16784,?g_lobbyLaunched@@3_NA
3,0x2db4,??_C@_0N@COMP@NewWeek3?4def?$AA@
2,0x4730,??_7inputManager@@6B@
3,0x1b6cc,??_C@_0BB@DLFG@Army?5Speed?5Names?$AA@
1,0x3f0c,?_M_range_initialize@?$basic_string@DU?$char_traits@D@std@@V?$allocator@D@2@@std@@AAAXPBD0@Z
3,0x6be4,??_C@_0M@BNKE@ObSuS02?4def?$AA@
3,0x6b58,??_C@_0M@INPJ@ObSwS02?4def?$AA@
3,0x6ba8,??_C@_0M@MNFI@ObRgS02?4def?$AA@
1,0x89560,?CacheRemove@ds_engine@@QAA_NAAPAVds_memsample@@@Z
1,0x8fe28,?__stl_alloc_rebind@std@@YAAAV?$allocator@PAVtype_event_record@@@1@AAV21@PBQAVtype_event_record@@@Z
1,0x9b788,?DoNetCombat@advManager@@QAAHPAVCCombatInitMsg@@@Z
1,0xc54ec,?value_type@std@@YAPAUtype_point@@PBU2@@Z
1,0x12308c,??0?$_STL_alloc_proxy@PAU?$_Rb_tree_node@U?$pair@$$CBVTCacheMapKey@ResourceManager@@PAVresource@@@std@@@std@@U12@V?$allocator@U?$pair@$$CBVTCacheMapKey@ResourceManager@@PAVresource@@@std@@@2@@std@@QAA@ABV?$allocator@U?$pair@$$CBVTCacheMapKey@Resoua3867a20
3,0x2dc4,??_C@_0N@EODF@NewWeek4?4def?$AA@
1,0xe7938,?__destroy@std@@YAXPAPAVresource@@00@Z
3,0x17024,?currentVM@@3HA
1,0x27b18,?DoSpellAI@combatManager@@QAA_NXZ
1,0x13e28,?DrawArrow@advManager@@QAAXHHHHH@Z
1,0x4fdf4,?_M_range_initialize@?$basic_string@DU?$char_traits@D@std@@V?$allocator@D@2@@std@@AAAXPAD0@Z
3,0x2d94,??_C@_0N@GOIF@NewWeek1?4def?$AA@
1,0x5422c,?zBufferDraw@Bitmap816@@UBAXHHHHPAGHHH@Z
1,0x71eec,??0TAutoStrPtr@?%E:\gamedcs\creaturetype.cpp576214307@@QAA@XZ
1,0x71ef4,??1TAutoStrPtr@?%E:\gamedcs\creaturetype.cpp576214307@@QAA@XZ
3,0xdd70,??_C@_0M@DAJK@ballist?4txt?$AA@
3,0x2da4,??_C@_0N@IOOK@NewWeek2?4def?$AA@
1,0xb1c8c,?ViewArmy@game@@QAAXAAVarmyGroup@@HPBVhero@@PBVtown@@HH_N3@Z
3,0x1da40,??_C@_08IDDH@TBCsmag3?$AA@
1,0x93bf8,?DoEventLibrary@advManager@@AAAXPAVhero@@PAVNewmapCell@@_N@Z
1,0x9d56c,?sort@std@@YAXPAW4SpellID@@0Vspell_level_order@@@Z
1,0x14dbd0,?__unguarded_insertion_sort@std@@YAXPAVTSpellbookEntry@TSpellbookWindow@@0@Z
1,0x1927d4,?create_morale_widget@TViewArmyWindow@@AAAXH@Z
1,0x8d5f0,?replay@type_record_hide_hero@@UAAX_N@Z
1,0x127390,?creature_slider_change@type_sacrifice_window@@CAXHPAVheroWindow@@@Z
3,0x1d70c,??_C@_08FHCJ@TODtrg2a?$AA@
3,0xa954,??_C@_04HAPB@dfly?$AA@
3,0xa5d4,??_C@_0L@HBKE@czomlo?4def?$AA@
1,0x122b8c,?SetPixelFormat@Bitmap16Bit@@SAXIII@Z
3,0x1dd1c,??_C@_08HJBG@TBRmhrd2?$AA@
1,0x8f4d4,?begin@?$vector@PAVtype_event_record@@V?$allocator@PAVtype_event_record@@@std@@@std@@QAAPAPAVtype_event_record@@XZ
1,0x8ead0,?load_recorded_events@game@@AAA_NPAX@Z
1,0x8ebc4,?save_recorded_events@game@@AAA_NPAX@Z
1,0x74ec,?Close@advManager@@UAAXXZ
3,0x13700,??_C@_01FLOP@I?$AA@
1,0x10c8b0,??_ETPalette16@@UAAPAXI@Z
1,0x10c8e4,??_ETPalette24@@UAAPAXI@Z
1,0x10c8b0,??_GTPalette16@@UAAPAXI@Z
1,0x10c8e4,??_GTPalette24@@UAAPAXI@Z
1,0x121ec8,?GetPalette24@ResourceManager@@YAPAVTPalette24@@PBD@Z
1,0x191ecc,?create_name_widget@TViewArmyWindow@@AAAXPBD@Z
1,0xc38c4,?end@?$vector@Utype_university@@V?$allocator@Utype_university@@@std@@@std@@QAAPAUtype_university@@XZ
1,0x1022f4,??0CMPInputDlg@@QAA@HH@Z
1,0x147c28,??0CNewMapHeaderInfoMsg@@QAA@PAVNewSMapHeader@@@Z
3,0x1dd04,??_C@_08HNPB@TBRmspec?$AA@
1,0x37fd8,?is_human_ally@game@@QBA_NH@Z
1,0x7528c,?EncodeTileset@CSpriteFrame@@AAAXXZ
1,0x8bafc,?GetIPAddress@CDPlayLobby@@UAA_NKPAD@Z
3,0x11240,??_C@_0N@GHLN@HPS026Dr?4PCX?$AA@
1,0x12f11c,??_ECSpriteWidget@@UAAPAXI@Z
1,0x12f11c,??_GCSpriteWidget@@UAAPAXI@Z
3,0x1e9e8,??_C@_08CNNI@TBFrext4?$AA@
1,0x95f18,?DoEventStables@advManager@@AAAXPAVhero@@PAVNewmapCell@@_N@Z
3,0x118b0,??_C@_0N@CIPE@HPL077Nc?4PCX?$AA@
1,0x28aa4,?deallocate@?$allocator@PAW4SpellID@@@std@@SAXPAPAW4SpellID@@I@Z
3,0xb1a8,?hwnd@dsound@@0PAXA
1,0x964c4,?DoEventTreeOfKnowledge@advManager@@AAAXPAVhero@@PAVNewmapCell@@_N@Z
1,0x323bc,?AI_consolidate_army@@YAXAAVarmyGroup@@@Z
3,0xa158,??_C@_04OJLJ@lcrs?$AA@
1,0x750d8,?EncodeGeneral@CSpriteFrame@@AAAXXZ
1,0x15cccc,?update_artifact_widget@swapManager@@AAAXJW4TArtifact@@@Z
1,0x1647d4,?fill@std@@YAXPAPAD0ABQAD@Z
3,0x6c0c,??_C@_0M@LMOM@ObLvS02?4def?$AA@
3,0x115c0,??_C@_0N@DJNO@HPS054Hr?4PCX?$AA@
3,0x115f0,??_C@_0N@DKDC@HPL055Hr?4PCX?$AA@
1,0xe6e2c,?GetMapExtra@@YAGHHH@Z
1,0xc27b8,?copy@std@@YAPAUTBlackMarket@@PAU2@00@Z
1,0xfe448,??H?$_Bit_iter@_NPB_N@std@@QBA?AU01@H@Z
1,0x12971c,?value_type@std@@YAPAPAVsample@@PBQAV2@@Z
1,0x12d158,?DoEmptyDialog@TSeerHut@@AAAXXZ
1,0x589a4,?ClearSelected@TCampaignBrief@@QAAXXZ
3,0x11130,??_C@_0N@BIAK@HPL017Rn?4PCX?$AA@
3,0x11c70,??_C@_0N@CIAB@HPL107Bm?4PCX?$AA@
1,0x49ec,?__uninitialized_copy@std@@YAPADPAD000@Z
1,0x42edc,?end@?$deque@W4SpellID@@V?$allocator@W4SpellID@@@std@@$0A@@std@@QBA?AU?$_Deque_iterator@W4SpellID@@U?$_Const_traits@W4SpellID@@@std@@U?$_Buf_size_traits@W4SpellID@@$0A@@3@@2@XZ
3,0x6f1c,??_C@_0N@FKOJ@ManaDrai?4wav?$AA@
3,0x11970,??_C@_0N@JMFK@HPL083Ov?4PCX?$AA@
3,0x11ad0,??_C@_0N@KJKK@HPL094Wl?4PCX?$AA@
3,0x11ae0,??_C@_0N@KKEG@HPS095Wl?4PCX?$AA@
3,0x118d0,??_C@_0N@JFLB@HPL078Nc?4PCX?$AA@
3,0x118e0,??_C@_0N@JGFN@HPS079Nc?4PCX?$AA@
3,0x110c0,??_C@_0N@MJCF@HPS014Cl?4PCX?$AA@
3,0x110f0,??_C@_0N@MKMJ@HPL015Cl?4PCX?$AA@
1,0xfe10c,?format_string@@YA?AV?$basic_string@DU?$char_traits@D@std@@V?$allocator@D@2@@std@@PBDZZ
3,0x1aa5c,??_C@_09JMMM@Mirth?4wav?$AA@
3,0x1fa00,??_C@_0BE@DDHB@DDERR_NOOVERLAYDEST?$AA@
1,0x1222e0,?GetSample@ResourceManager@@YAPAVsample@@PBD@Z
1,0x2cf4,?__stl_new@std@@YAPAXI@Z
1,0x6d548,?valid_wall_target@combatManager@@QAA_NW4TWallTargetId@@@Z
3,0x11be0,??_C@_0N@NMKL@HPS103Br?4PCX?$AA@
1,0x18fb30,??_Etype_university_window@@UAAPAXI@Z
1,0x18fb30,??_Gtype_university_window@@UAAPAXI@Z
1,0xc2000,?construct@std@@YAXPAVCObjectType@@ABV2@@Z
3,0x10f40,??_C@_0N@ILDN@HPS002Kn?4PCX?$AA@
1,0x10aa98,?Cycle@TPalette16@@QAAXHHH@Z
1,0x6aca0,?__uninitialized_copy_aux@std@@YAPAPAV?$basic_string@DU?$char_traits@D@std@@V?$allocator@D@2@@1@PAPAV21@00U__false_type@@@Z
1,0x89874,?StreamIsPlaying@ds_engine@@QAA_NXZ
3,0x1d08c,??_C@_06ILHN@TOrtav?$AA@
1,0x28e18,?__uninitialized_fill_n@std@@YAPAPAVarmy@@PAPAV2@IABQAV2@0@Z
1,0x11be50,?TransmitRemoteData@CDPlayHeroes@@QAA_NPAVCNetMsg@@H_N1@Z
1,0x72c64,?DrawShroudTile@CSprite@@QBAXHHHHHPAGHHHHH_N1@Z
3,0x11c90,??_C@_0N@JFEE@HPL108Bm?4PCX?$AA@
3,0x11ca0,??_C@_0N@JGKI@HPS109Bm?4PCX?$AA@
3,0x11150,??_C@_0N@KFEP@HPL018Rn?4PCX?$AA@
3,0x11160,??_C@_0N@KGKD@HPS019Rn?4PCX?$AA@
3,0x11700,??_C@_0N@LJHG@HPS064Dk?4PCX?$AA@
3,0x11730,??_C@_0N@LKJK@HPL065Dk?4PCX?$AA@
1,0xfe190,?Pick@TPickANumber@@QAAHXZ
1,0x740d0,?DrawCreatureAlpha@CSpriteFrame@@QBAXHHHHPAGHHHHHAAVTPalette16@@_NG@Z
1,0x11787c,??0TQuickCreatureWindow@@QAA@W4TViewLevel@0@W4TCreatureType@@HW4TDisposition@0@H@Z
1,0x12d7e8,?SaveSeerList@TSeerHut@@SAHPAX@Z
1,0x198630,?SeekBegin@File@@UAAKXZ
1,0x36320,?get_value@type_might_artifact@@UBAJPBVhero@@_N1@Z
1,0x5ed68,?DetermineCombatTerrain@combatManager@@QAAXXZ
1,0xa0b18,?FindCombatPath@searchArray@@QAA_NPBVarmy@@JJ_NJJ@Z
3,0x136c4,??_C@_05NLLM@ENTER?$AA@
1,0xf6aec,?end@?$vector@VBlackBoxData@@V?$allocator@VBlackBoxData@@@std@@@std@@QAAPAVBlackBoxData@@XZ
1,0x857d4,?DrawDeadOccupants@combatManager@@QAAXH@Z
1,0x85f70,?DrawObstacle@combatManager@@QAAHABVhexcell@@@Z
3,0x15b18,??_C@_0M@GBPA@OvButn3?4def?$AA@
3,0x1b0,__imp__GetVersionExW
3,0xf30,??_C@_00A@?$AA@
3,0xa6f8,??_C@_04MNIK@bhdr?$AA@
1,0x8ca54,??0type_record_teleport@@QAA@PAVhero@@Utype_point@@@Z
1,0x9d228,??0?$vector@V?$basic_string@DU?$char_traits@D@std@@V?$allocator@D@2@@std@@V?$allocator@V?$basic_string@DU?$char_traits@D@std@@V?$allocator@D@2@@std@@@2@@std@@QAA@ABV?$allocator@V?$basic_string@DU?$char_traits@D@std@@V?$allocator@D@2@@std@@@1@@Z
1,0xbb62c,??0game@@QAA@XZ
1,0xbbd28,??1game@@QAA@XZ
1,0x1981ac,??_EheroWindow@@UAAPAXI@Z
1,0x1981ac,??_GheroWindow@@UAAPAXI@Z
2,0xf64,?moat2Cell@combatManager@@2QBEB
1,0xb99d0,?GetBoatsBuilt@game@@QAAHXZ
1,0xbda4c,?push_back@?$vector@PAVCSprite@@V?$allocator@PAVCSprite@@@std@@@std@@QAAXABQAVCSprite@@@Z
1,0xf799c,?_M_fill_insert@?$vector@USecondarySkillData@@V?$allocator@USecondarySkillData@@@std@@@std@@QAAXPAUSecondarySkillData@@IABU3@@Z
3,0x16740,??_C@_0M@IOOG@iBY6432?4def?$AA@
1,0x19caa0,_TranslateMessage
2,0x83a0,_DPSPGUID_TCPIP
1,0x6edbc,?CheckCastleAttack@combatManager@@QAAXXZ
1,0x9c7d4,?SetLeanTo@ExtraInfoUnion@@QAAXFFW4EGameResource@@@Z
1,0x13c79c,?OnWidgetDeselect@TSingleSelectionWindow@@QAAHAAUmessage@@AA_N_N@Z
1,0x3e50c,?get_mirth_value@type_AI_spellcaster@@IBAJPBVarmy@@Utype_enchant_data@@@Z
1,0x4b1a8,?MidX@army@@QBAHXZ
1,0x4b14c,?MidY@army@@QBAHXZ
3,0x1d780,??_C@_06HMLI@TOSCa3?$AA@
1,0x1926d4,?create_speed_widget@TViewArmyWindow@@AAAXHH@Z
3,0x314e8,?g_turnDuration@@3VCTurnDuration@@A
1,0x198704,?GetLength@File@@UAAKXZ
1,0x38250,??_Etype_might_artifact@@UAAPAXI@Z
1,0x38250,??_Gtype_might_artifact@@UAAPAXI@Z
3,0x11ef0,??_C@_0N@BMO@HPL127Wh?4PCX?$AA@
3,0x159d8,??_C@_0N@JMPN@muhotsea?4pcx?$AA@
3,0x6488,??_C@_0M@IKMO@SgDnWa2?4pcx?$AA@
3,0xa20c,??_C@_04BOAI@chmp?$AA@
3,0x1eb0c,??_C@_04KMNI@ramp?$AA@
1,0x2f4c,?GetNumMapLevels@game@@QAAHXZ
3,0xa48c,??_C@_04PHNK@fmlr?$AA@
3,0xa5a4,??_C@_04POFN@sklw?$AA@
1,0x8e18c,?record_show_boat@game@@QAAXPAVboat@@Utype_point@@@Z
1,0xfc6a0,?__uninitialized_fill_n@std@@YAPAVBlackBoxData@@PAV2@IABV2@0@Z
1,0xf9900,?copy@std@@YAPAVMonsterData@@PAV2@00@Z
1,0x11f764,??0CPingResponseMsg@@QAA@KW4eRS_Messages@@@Z
1,0x128c88,??1?$_STL_alloc_proxy@PAPAVsample@@PAV1@V?$allocator@PAVsample@@@std@@@std@@QAA@XZ
1,0x39164,?end@?$vector@PAVtype_artifact_effect@@V?$allocator@PAVtype_artifact_effect@@@std@@@std@@QAAPAPAVtype_artifact_effect@@XZ
3,0xca08,??_C@_0N@LOLM@loadgame?4pcx?$AA@
3,0xd29c,?gbSendMouseMoveMessages@@3HA
1,0xfb79c,?iterator_category@std@@YA?AUrandom_access_iterator_tag@1@PBVTTimedEvent@@@Z
1,0x128730,??_Etype_transformer_slot@@UAAPAXI@Z
1,0x128730,??_Gtype_transformer_slot@@UAAPAXI@Z
1,0xc647c,?__uninitialized_fill_n@std@@YAPAUtype_point@@PAU2@IABU2@0@Z
3,0x1697c,??_C@_0CE@BKDN@We?5are?5a?5MPlayer?5client?4?5Host?5IP@
1,0x19288c,?create_luck_widget@TViewArmyWindow@@AAAXH@Z
1,0x2e15c,?get_attack_bonus@type_AI_player@@SAMF@Z
1,0x8f3c0,??0type_shroud_change@type_record_shroud@@QAA@XZ
1,0xfc80c,?__copy_backward@std@@YAPAVTTimedEvent@@PAV2@00Urandom_access_iterator_tag@1@PAH@Z
3,0x1af60,??_C@_09GEJI@sp12_?4def?$AA@
3,0x1b3a4,??_C@_08CEJO@Help?4txt?$AA@
3,0x2b134,?fa@@3PAPAXA
1,0x97cac,?do_event_windmill@advManager@@AAAXPAVhero@@PAVNewmapCell@@_N@Z
2,0x8be0,_KSDATAFORMAT_SUBTYPE_MIDI
1,0x8b494,?GetPlayerAddress@CDPlay@@UAAPAEKPAK@Z
1,0x1d30c,?StartLocalPlayerTurn@advManager@@QAAXXZ
1,0xb9cac,?SetSummoningGenerators@game@@QAAXXZ
3,0x2c60c,?gcBotViewText@@3PADA
1,0x159094,??_ETSubWindow@@UAAPAXI@Z
1,0x159094,??_GTSubWindow@@UAAPAXI@Z
1,0x166720,?Deallocate@town@@QAAXXZ
3,0xa680,??_C@_04HDOL@bodr?$AA@
1,0x28474,??1?$_STL_alloc_proxy@PAPAVarmy@@PAV1@V?$allocator@PAVarmy@@@std@@@std@@QAA@XZ
1,0x3ab10,?partial_sort@std@@YAXPAUtype_creature_value@@00@Z
3,0xa7fc,??_C@_04NCDM@hgwr?$AA@
1,0x1ee20,??8type_point@@QBA_NABU0@@Z
1,0x38d94,?push_back@?$vector@PAVtype_artifact_effect@@V?$allocator@PAVtype_artifact_effect@@@std@@@std@@QAAXABQAVtype_artifact_effect@@@Z
3,0xa5e0,??_C@_04BGOJ@wght?$AA@
3,0x1d4dc,??_C@_07GMPB@TONHal3?$AA@
1,0x20a6c,??0?$_Vector_base@Utype_dialog_resource@@V?$allocator@Utype_dialog_resource@@@std@@@std@@QAA@ABV?$allocator@Utype_dialog_resource@@@1@@Z
1,0xc75a4,?__destroy_aux@std@@YAXPAVtown@@0U__false_type@@@Z
1,0x2194c,?CheckCastSpell@advManager@@QAAXXZ
3,0x5e08,??_C@_0M@PLIP@SgRmWa2?4pcx?$AA@
3,0xb3b8,??_C@_0M@DOOO@User?5cancel?$AA@
1,0xf36b0,?StampObject@NewfullMap@@QAAXAAVNewmapCell@@AAUTObjectCell@2@@Z
1,0x22a9c,?Flight@advManager@@QAAXW4TSkillMastery@@@Z
3,0xa25c,??_C@_04DGMJ@ecnt?$AA@
1,0xbddec,??1?$vector@UTBlackMarket@@V?$allocator@UTBlackMarket@@@std@@@std@@QAA@XZ
1,0x8b1b0,?SetGroupData@CDPlay@@UAA_NKPAXKK@Z
1,0x158250,??1?$pair@U?$_Rb_tree_iterator@W4SpellID@@U?$_Nonconst_traits@W4SpellID@@@std@@@std@@_N@std@@QAA@XZ
3,0x1d5dc,??_C@_07BBHH@TOnbkn2?$AA@
1,0x113c,?UpdateSpellButton@TAdventureMapWindow@@QAAXPBVhero@@@Z
2,0xe9c,??_7type_func_button@@6B@
3,0x6960,??_C@_0M@KOHC@ObRgL22?4pcx?$AA@
3,0x68e8,??_C@_0M@OOND@ObSwL22?4pcx?$AA@
3,0xa478,??_C@_04PHIN@impp?$AA@
1,0xc2f34,?allocate@?$_STL_alloc_proxy@PAUTBlackMarket@@U1@V?$allocator@UTBlackMarket@@@std@@@std@@QAAPAUTBlackMarket@@I@Z
1,0x11f8b0,??0CWaitForReadyPlayersDlg@@QAA@XZ
3,0xb3b0,??_C@_04GMKG@Busy?$AA@
1,0x148338,?IsFinished@CNewPlayerUpdateProc@@QAA_NXZ
1,0x188bd4,?update_sell_artifact_widget@TSellArtifactWindow@@AAAXAAUmessage@@J@Z
1,0x212d0,?iterator_category@std@@YA?AUrandom_access_iterator_tag@1@PBUtype_dialog_resource@@@Z
1,0x92fa8,?DoEventFlotsam@advManager@@AAAXPAVhero@@PAVNewmapCell@@Utype_point@@_N@Z
1,0xa5138,?GetNetInfo@playerData@@QAAXPAVCNetPlayerInfo@@@Z
1,0x117848,??_ETQuickHeroWindow@@UAAPAXI@Z
1,0x117848,??_GTQuickHeroWindow@@UAAPAXI@Z
1,0x165d5c,?GetPortraitFrame@town@@QBAH_N@Z
3,0x1d4bc,??_C@_07DNKI@TONCas2?$AA@
3,0x6c48,??_C@_0M@JHKM@ObLvS22?4def?$AA@
1,0x723d8,?AllocateSeq@CSprite@@QAAXHH@Z
3,0xc9f0,?NewLoadPic@@3PAPADA
2,0x7a90,_GUID_D3DExtendedCaps
1,0xcc800,?Deallocate@hero@@QAAX_N0@Z
1,0x1210b4,?Clear@TResourceDisplay@@QAAXXZ
3,0x1d9f8,??_C@_04CEHI@TBTw?$AA@
1,0x18bc64,?WindowHandler@TBuyArtifactWindow@@UAAHAAUmessage@@@Z
1,0x3bde4,?swap@std@@YAXAAJ0@Z
3,0x30f8,??_C@_05GOAP@n1c_d?$AA@
1,0x8a5dc,?SendChat@CDPlay@@UAA_NPADKK@Z
1,0xbcd20,??0TArtifactRequirement@@QAA@XZ
1,0x197f50,?SetHelpText@CHeroWindowEx@@QAAXPAUTHelpText@@HH_N@Z
1,0x19cf04,_LocalSize
1,0x2d32c,?make_heap@std@@YAXPAUtype_monster_data@@0@Z
1,0x8fdb4,?value_type@std@@YAPAPAVtype_event_record@@PBQAV2@@Z
1,0x642b0,?construct@std@@YAXPAUtype_artifact@@ABU2@@Z
1,0x9614,?ProcessAdvMenu@advManager@@QAAXAAUmessage@@@Z
1,0x1274f4,??0type_transformer_slot@@QAA@JJJJJJJPBD@Z
3,0x1e640,??_C@_08BLNE@TBDnup_1?$AA@
1,0xf9b64,?__stl_alloc_rebind@std@@YAAAV?$allocator@VTTownEvent@@@1@AAV21@PBVTTownEvent@@@Z
3,0x14214,??_C@_1BE@CCMO@?$AAT?$AAe?$AAs?$AAt?$AA?5?$AAR?$AAe?$AAa?$AAd?$AA?$AA@
1,0x128be4,??0?$_Vector_base@PAVsample@@V?$allocator@PAVsample@@@std@@@std@@QAA@ABV?$allocator@PAVsample@@@1@@Z
3,0x1e010,??_C@_08OCIM@TBTwup_1?$AA@
3,0xa554,??_C@_04OGJ@esul?$AA@
3,0xa3e0,??_C@_09BBJF@cmage?4def?$AA@
3,0x1a9a8,??_C@_0M@ECOJ@Dispell?4wav?$AA@
1,0x36ee8,??0type_income_artifact@@QAA@JW4EGameResource@@@Z
1,0xc5594,?__destroy_aux@std@@YAXPAUtype_point@@U__false_type@@@Z
1,0xc38f8,?erase@?$vector@Utype_university@@V?$allocator@Utype_university@@@std@@@std@@QAAPAUtype_university@@PAU3@0@Z
1,0x361c,?push_back@?$vector@PAVwidget@@V?$allocator@PAVwidget@@@std@@@std@@QAAXABQAVwidget@@@Z
2,0x184,??_7TAdventureOptionsWindow@@6B@
1,0x6a840,??1?$_Vector_base@PAV?$basic_string@DU?$char_traits@D@std@@V?$allocator@D@2@@std@@V?$allocator@PAV?$basic_string@DU?$char_traits@D@std@@V?$allocator@D@2@@std@@@2@@std@@QAA@XZ
1,0x8b284,?SetGroupName@CDPlay@@UAA_NKPAD0K@Z
1,0x64678,?__destroy@std@@YAXPAUtype_artifact@@00@Z
1,0xf8c4c,?_M_fill_insert@?$vector@VTTimedEvent@@V?$allocator@VTTimedEvent@@@std@@@std@@QAAXPAVTTimedEvent@@IABV3@@Z
3,0x1aed0,??_C@_09NKHI@sp11_?4def?$AA@
1,0x46dc,?distance@std@@YAXPBD0AAH@Z
1,0x2c880,?begin@?$vector@Utype_monster_data@@V?$allocator@Utype_monster_data@@@std@@@std@@QBAPBUtype_monster_data@@XZ
1,0xc3538,?resize@?$vector@Utype_university@@V?$allocator@Utype_university@@@std@@@std@@QAAXIABUtype_university@@@Z
3,0x35220,?HandiText@@3PAPBDA
1,0x21664,?distance@std@@YAXPAD0AAH@Z
1,0x2c720,?begin@?$vector@Utype_monster_data@@V?$allocator@Utype_monster_data@@@std@@@std@@QAAPAUtype_monster_data@@XZ
3,0xa84c,??_C@_04MMKP@ogrm?$AA@
1,0xf4a9c,?get_obscured_object@type_obscuring_object@@QBA?AW4TAdventureObjectType@@XZ
1,0xfe33c,??A?$vector@_NV?$allocator@_N@std@@@std@@QBA_NI@Z
3,0x1f3ec,??_C@_0BC@HCAL@DDERR_INVALIDMODE?$AA@
2,0x8b50,_DLSID_GSInHardware
1,0x28804,?swap@std@@YAXAAPAVarmy@@0@Z
1,0x8ce48,?undo@type_record_claim_town@@UAAXXZ
3,0x122bc,??_C@_0N@NOEG@HOMM_III?4HSC?$AA@
3,0x1ebfc,??_C@_0N@CKDN@hallramp?4def?$AA@
1,0x2c698,??Mtype_monster_data@@QBA_NABU0@@Z
2,0xd14,??_7border@@6B@
3,0xa720,??_C@_04MCLI@medu?$AA@
3,0x1e970,??_C@_08OJKI@TBFrhrd1?$AA@
1,0x2c6b4,??0type_AI_combat_data@@QAA@ABV0@@Z
1,0x6e1c8,?DoVictory@combatManager@@QAAXH@Z
1,0x10cc80,?get_adjacent_hex@army@@QBAJJJ@Z
3,0x1dc20,??_C@_08HKCH@TBCsup_5?$AA@
2,0x5824,??_7CSingleSelectionChatEdit@@6B@
1,0x162af8,??1textEntryWidget@@UAA@XZ
3,0x1e82c,??_C@_08IOMN@TBStdw_5?$AA@
1,0x7aa54,?MoveHero@advManager@@QAAPAVNewmapCell@@H_NAAUtype_point@@PAH020@Z
1,0x14bec,?UpdateRadar@advManager@@QAAXUtype_point@@_N1111@Z
1,0xc8198,?__uninitialized_fill_n_aux@std@@YAPAVgarrison@@PAV2@IABV2@U__false_type@@@Z
1,0x102c6c,?OnWidgetDeselect@CHotSeatDlg@@UAAHHAA_N@Z
1,0x6b24,?Open@advManager@@UAAHH@Z
3,0x67c8,??_C@_0M@ONHJ@SgFrWa2?4pcx?$AA@
1,0x2cb3c,?uninitialized_copy@std@@YAPAUtype_monster_data@@PBU2@0PAU2@@Z
3,0xac6c,??_C@_0M@PALK@cs_range_ur?$AA@
3,0x13f7c,??_C@_1IA@NKAL@?$AAS?$AAO?$AAF?$AAT?$AAW?$AAA?$AAR?$AAE?$AA?2?$AAN?$AAe?$AAw?$AA?5?$AAW?$AAo?$AAr?$AAl?$AAd?$AA?5?$AAC@
1,0x291e4,?__partial_sort@std@@YAXPAPAVarmy@@000Vfunc_moves_before@@@Z
1,0x155a20,?SetMassSpellInfluence@combatManager@@QAAXPBVhero@@HW4TSkillMastery@@HH_N@Z
1,0x12d924,?resize@?$vector@VTSeerHut@@V?$allocator@VTSeerHut@@@std@@@std@@QAAXI@Z
1,0xb2ad4,?ComputeDailyGold@game@@QAAHH_N@Z
3,0xd288,?bigFont@@3PAVfont@@A
1,0xc2db0,?deallocate@?$_STL_alloc_proxy@PAVCObjectType@@V1@V?$allocator@VCObjectType@@@std@@@std@@QAAXPAVCObjectType@@I@Z
1,0xfb2d0,?__destroy@std@@YAXPAVTSeerHut@@00@Z
3,0x17d70,??_C@_05CGKI@Water?$AA@
3,0x1e6b8,??_C@_08EGLN@TBStmag5?$AA@
1,0x7c9f8,?SendMapChange@@YAXPAVCMapChange@@@Z
1,0x96784,?DoEventWagon@advManager@@AAAXPAVhero@@PAVNewmapCell@@_N@Z
1,0xf7444,?insert@?$vector@VCObjectType@@V?$allocator@VCObjectType@@@std@@@std@@QAAXPAVCObjectType@@IABV3@@Z
1,0xc8d28,?__destroy_aux@std@@YAXPAVmine@@U__false_type@@@Z
3,0xd26c,?mapExtra@@3PAGA
3,0x1eb24,??_C@_04JJPO@necr?$AA@
2,0x8860,_GUID_NOTIFICATION_PERFORMANCE
3,0xa1bc,??_C@_04CLLO@crus?$AA@
1,0x8f458,?push_back@?$vector@Utype_shroud_change@type_record_shroud@@V?$allocator@Utype_shroud_change@type_record_shroud@@@std@@@std@@QAAXABUtype_shroud_change@type_record_shroud@@@Z
3,0x1eb04,??_C@_04MHCP@cstl?$AA@
1,0x4a24,?copy@std@@YAPADPAD00@Z
1,0x4fde8,?swap@std@@YAXAAH0@Z
1,0xfab18,?uninitialized_copy@std@@YAPAVMonsterData@@PAV2@00@Z
1,0x28150,??A?$vector@PAVarmy@@V?$allocator@PAVarmy@@@std@@@std@@QAAAAPAVarmy@@I@Z
3,0xb208,??_C@_0BE@DGOE@Already?5initialized?$AA@
3,0x14354,??_C@_1CA@GKB@?$AAC?$AAo?$AAm?$AAb?$AAa?$AAt?$AA?5?$AAC?$AAa?$AAt?$AAa?$AAp?$AAu?$AAl?$AAt?$AA?$AA@
3,0x1b69c,??_C@_09BJLK@HandiText?$AA@
3,0x1eb1c,??_C@_04EJMO@infr?$AA@
1,0x28950,?copy@std@@YAPAJPAJ00@Z
1,0x94ea4,?DoCustomResource@advManager@@AAAXPAVNewmapCell@@PAVhero@@Utype_point@@_N@Z
1,0x102cc8,?OnKillFocus@CHotSeatDlg@@QAAXH@Z
1,0x172ca0,?ViewArmy@type_garrison_base_window@@QAAXXZ
1,0x197320,?handle_widget_hover@heroWindow@@UAAXPAVwidget@@@Z
1,0x7c420,?OnEraseObject@advManager@@QAAXPAVCMapChange@@@Z
1,0x3f98,?copy@std@@YAPAHPAH00@Z
3,0x1ec4c,??_C@_0N@IEEI@hallfort?4def?$AA@
3,0x1e778,??_C@_08JCPJ@TBStboat?$AA@
3,0xf4,__imp__CreateEventW
3,0x11b4,??_C@_09DPHA@imana?4def?$AA@
1,0x3b410,?iter_swap@std@@YAXPAJ0@Z
3,0x5c60,??_C@_0M@GODP@SgCsWa2?4pcx?$AA@
1,0x64378,?allocate@?$_STL_alloc_proxy@PAUTObstacle@combatManager@@U12@V?$allocator@UTObstacle@combatManager@@@std@@@std@@QAAPAUTObstacle@combatManager@@I@Z
3,0xa5c0,??_C@_0L@GBLK@czombi?4def?$AA@
1,0x20b5c,??0?$_STL_alloc_proxy@PAPAVresource@@PAV1@V?$allocator@PAVresource@@@std@@@std@@QAA@ABV?$allocator@PAVresource@@@1@ABQAPAVresource@@@Z
1,0x88950,?Wait@ds_genericsample@@QAAXK@Z
3,0x136a0,??_C@_17MILF@?$AA?$CK?$AA?$CK?$AA?$CK?$AA?$AA@
3,0x33fc0,?gTownSizeNames@@3PAPBDA
1,0xa88c,?ProcessMapSelect@advManager@@QAAXABUmessage@@AAUtype_point@@AAPAVNewmapCell@@@Z
3,0xa430,??_C@_09EJHD@cnaga?4def?$AA@
1,0x8bee8,?SetGuid@CDPlay@@UAAXU_GUID@@@Z
1,0x172c68,?ShowText@type_garrison_base_window@@IAAXXZ
3,0x1660,?XInc@@3JA
3,0x1664,?YInc@@3JA
1,0xf5150,??0?$allocator@VCObjectType@@@std@@QAA@XZ
1,0xf5158,??1?$allocator@VCObjectType@@@std@@QAA@XZ
1,0x1a40,??1TAdvMenu@@UAA@XZ
2,0x28e4,??_7type_record_claim_mine@@6B@
1,0x1284,??0TAdvMenu@@QAA@XZ
1,0x4300c,??0?$_STL_alloc_proxy@IW4SpellID@@V?$allocator@W4SpellID@@@std@@@std@@QAA@ABV?$allocator@W4SpellID@@@1@ABI@Z
1,0x14ea14,?ViewSpells@combatManager@@QBA?AW4SpellID@@XZ
2,0x8500,_CLSID_DirectMusicCollection
1,0xf76fc,??0?$_STL_alloc_proxy@PAVTTimedEvent@@V1@V?$allocator@VTTimedEvent@@@std@@@std@@QAA@ABV?$allocator@VTTimedEvent@@@1@ABQAVTTimedEvent@@@Z
3,0x1d7c8,??_C@_07JBII@TOSBlk1?$AA@
1,0x7fea0,?isalpha@@YAHH@Z
1,0x11f3fc,?Pause@CTurnDuration@@QAAXXZ
1,0x124e60,?create_creature_widgets@type_sacrifice_window@@AAAXAAJH@Z
3,0x6a80,??_C@_0M@MGDJ@ObDsS02?4def?$AA@
1,0x7fe28,_ScreenToClient
1,0x14b924,?StartMP3@soundManager@@QAAXPBDH_N@Z
3,0x1b4b8,??_C@_0BF@DNFB@Skeleton?5Transformer?$AA@
2,0x81d0,_IID_IDirectInputEffect
1,0x19c8cc,_CreateFileW
1,0x88148,??0ds_genericsample@@QAA@PAUtWAVEFORMATEX@@KK@Z
1,0xa1e5c,?DrawStringExecute@font@@AAAXPBDHPAVBitmap16Bit@@HHW4TColor@1@HHHHH@Z
3,0x1eb14,??_C@_04KIHA@towr?$AA@
1,0xbe2a0,??0?$vector@Vboat@@V?$allocator@Vboat@@@std@@@std@@QAA@ABV?$allocator@Vboat@@@1@@Z
1,0xc5efc,?copy@std@@YAPAUtype_creature_bank@@PAU2@00@Z
1,0x148998,?GetProc@CNewPlayerUpdateMan@@IAAPAVCNewPlayerUpdateProc@@K@Z
1,0x1ecb4,?WindowHandler@CAdvPopup@@UAAHAAUmessage@@@Z
3,0xa450,??_C@_04MHFF@ltit?$AA@
1,0x14da80,?partial_sort@std@@YAXPAVTSpellbookEntry@TSpellbookWindow@@00@Z
3,0x1f858,??_C@_0N@BDF@DDERR_XALIGN?$AA@
3,0x3ef0,??_C@_0M@JCDD@E1P3_se?4pcx?$AA@
3,0x17b34,?ambientFile@@3PAPADA
1,0x9b970,?DoCombat@advManager@@QAAHUtype_point@@PAVhero@@PAVarmyGroup@@JPAVtown@@12H_N4@Z
1,0x9784c,?do_event_warrior_tomb@advManager@@AAAXPAVhero@@PAVNewmapCell@@_N@Z
1,0xbe0d8,?resize@?$vector@Vmine@@V?$allocator@Vmine@@@std@@@std@@QAAXI@Z
3,0x357e4,?gHighScoreStandardDefault@@3PAY03PADA
1,0x174da0,?handle_hall_click@townManager@@AAAXXZ
1,0x57268,?initialize@button@@QAAXHHHHHPBDHH_NHH@Z
1,0xc3b84,?destroy@std@@YAXPAPAVCSprite@@0@Z
1,0x1906d4,?CheckForDefeatedHeroLoss@LossConditionStruct@@QAA_NPBVhero@@@Z
2,0x7f80,_IID_IDirect3DRMViewportArray
1,0x6457c,?value_type@std@@YAPAUTObstacle@combatManager@@PBU23@@Z
1,0x57e14,??_EtextButton@@UAAPAXI@Z
1,0x57e14,??_GtextButton@@UAAPAXI@Z
1,0x168910,?get_build_cost@town@@QBAFW4type_building_id@@QAW4EGameResource@@QAH@Z
1,0x376c,??A?$vector@Vtown@@V?$allocator@Vtown@@@std@@@std@@QAAAAVtown@@I@Z
1,0x2125c,?distance_type@std@@YAPAHPBQAUpathCell@@@Z
1,0x27ce4,?Is@army@@QBA_NI@Z
1,0x23f2c,?get_total_combat_value@combatManager@@QBAJJJJ_N@Z
3,0x68ac,??_C@_0M@IAKF@ObGrL02?4pcx?$AA@
1,0xbe9fc,?end@?$vector@Utype_point@@V?$allocator@Utype_point@@@std@@@std@@QAAPAUtype_point@@XZ
2,0x5f44,??_7TTextResource@@6B@
1,0x14d7dc,?construct@std@@YAXPAVTSpellbookEntry@TSpellbookWindow@@ABV23@@Z
1,0x18e3b0,??0TFileVersionInfo@@QAA@PBD@Z
3,0xa694,??_C@_04HNJA@ghdr?$AA@
1,0x10a6a4,??0TPalette16@@QAA@PBUtagRGBQUAD@@@Z
1,0x10b9c4,??0TPalette24@@QAA@PBUtagRGBQUAD@@@Z
1,0xa8b74,?load@SGameSetupOptions@@QAAHPAX@Z
1,0x14d290,??MTSpellbookEntry@TSpellbookWindow@@QBA_NABV01@@Z
3,0x1d06c,??_C@_07NFNF@TOrmag2?$AA@
1,0x3a748,?distance_type@std@@YAPAHPBUtype_creature_source@@@Z
1,0x9c918,?GetSeaChestReward@ExtraInfoUnion@@QBA?AW4SeaChestRewardTypes@@XZ
1,0x4ebf0,?GetAlignments@armyGroup@@QBAHPAE@Z
1,0x79b0c,?DrawCursor@advManager@@QAAXHH@Z
1,0x14adfc,?NextSmackerFrame@SmackManager@@YAXXZ
3,0x33c58,?gMoraleText@@3PAPBDA
1,0x167388,?CalcNumLevelArchers@town@@QAAXPAH0@Z
3,0x148,__imp__ReleaseCapture
1,0x3a93c,?__copy_backward@std@@YAPAJPAJ00Urandom_access_iterator_tag@1@PAH@Z
1,0x3a164,?uninitialized_copy@std@@YAPAUtype_creature_value@@PAU2@00@Z
1,0x50a94,?CloseBink@BinkManager@@YAXXZ
1,0x128714,??0type_artifact_offering@@QAA@XZ
1,0x2dfb8,??0type_garrison_purchaser@@QAA@J@Z
1,0x6db78,?DoCommand@combatManager@@QAAXH@Z
2,0x79c0,_DDVPTYPE_PHILIPS
1,0x37c38,?AI_initialize@@YAXXZ
1,0xf151c,?readGarrisonData@NewfullMap@@QAAHPAXPAVCObject@@@Z
1,0x36214,??0type_scouting_artifact@@QAA@J@Z
2,0x229c,?npos@?$basic_string@DU?$char_traits@D@std@@V?$allocator@D@2@@std@@2IB
1,0x197530,?BroadcastMessage@heroWindow@@QAAHHHHH@Z
1,0x887e8,?RemoveSoundBuffer@ds_genericsample@@AAA_NXZ
1,0xc1950,?load_object_vector@@YA_NPAXAAV?$vector@Vgenerator@@V?$allocator@Vgenerator@@@std@@@std@@@Z
3,0x1a8d0,??_C@_0O@BIEJ@Spontcomb?4wav?$AA@
1,0x162f2c,?Main@textEntryWidget@@UAAHAAUmessage@@@Z
1,0x183ecc,??1TGiveResourceWindow@@UAA@XZ
1,0x7342c,?GetNumSeqs@CSprite@@SAHH@Z
1,0xcab54,?load@type_obscuring_object@@QAA_NPAX@Z
1,0xcad80,?save@type_obscuring_object@@QAA_NPAX@Z
1,0x16115c,?InitializeHighScoreDefaults@@YA_NXZ
1,0x38b34,??A?$vector@Vtown@@V?$allocator@Vtown@@@std@@@std@@QBAABVtown@@I@Z
1,0x516a8,?Darken@Bitmap16Bit@@QAAXHHHHPAVBitmap816@@HH@Z
1,0x717dc,?__uninitialized_copy@std@@YAPAW4TArtifact@@PAW42@000@Z
1,0xc77e4,?iterator_category@std@@YA?AUrandom_access_iterator_tag@1@PBW4TArtifact@@@Z
3,0x139ac,??_C@_0N@FBBN@tutorial?4tut?$AA@
3,0xa16c,??_C@_04HMPB@hcrs?$AA@
3,0x2d840,?cOverrideDigitalDriver@@3PADA
1,0xf650c,?erase@?$vector@VCObject@@V?$allocator@VCObject@@@std@@@std@@QAAPAVCObject@@PAV3@0@Z
1,0x11f3b0,?Start@CTurnDuration@@QAAXXZ
3,0x1da18,??_C@_04LKJE@TBSt?$AA@
3,0x198,__imp__srand
3,0x2ca0c,?giCurWatchPlayer@@3HA
3,0xa34c,??_C@_04MDPB@godr?$AA@
1,0x8b3ec,?GetPlayerData@CDPlay@@UAAPAXKPAKK@Z
1,0xfcb60,?__uninitialized_copy@std@@YAPAUSecondarySkillData@@PBU2@0PAU2@1@Z
3,0x17030,?lastSplitFile@@3_NA
3,0x17d88,??_C@_05PHKM@Swamp?$AA@
1,0x34e0,??1CHeroWindowEx@@UAA@XZ
3,0x6a08,??_C@_0M@MEIG@ObDRk02?4def?$AA@
3,0xa7ac,??_C@_04DLLB@bkdr?$AA@
3,0xb71c,??_C@_0N@CMIA@Treasure?4wav?$AA@
2,0x4d14,??_7TQuestLogWindow@@6B@
1,0x54650,??0coloredBorderFrame@@QAA@HHHHHHH@Z
3,0x1b4a4,??_C@_0BB@MGJF@Sacrifice?5Window?$AA@
3,0xa904,??_C@_04DHLJ@pliz?$AA@
3,0xa464,??_C@_04ICDD@gtit?$AA@
1,0xc47e4,?uninitialized_copy@std@@YAPAVgarrison@@PAV2@00@Z
1,0xf7004,??1?$_Vector_base@VTTownEvent@@V?$allocator@VTTownEvent@@@std@@@std@@QAA@XZ
1,0x148bec,??0CChatSave@CChatWidget@@QAA@HH@Z
3,0x1defc,??_C@_08PNNH@TBTwsilo?$AA@
1,0x4d3ec,?destroy@std@@YAXPAW4SpellID@@0@Z
1,0x148f7c,??1CChatSave@CChatWidget@@UAA@XZ
3,0x1ab14,??_C@_0N@KGHI@TelptOut?4wav?$AA@
3,0x1efa0,??_C@_0N@LDGE@Univcolr?4def?$AA@
1,0x8cd84,?get_type@type_record_claim_town@@UBA?AW4type_event_record_type@@XZ
1,0x12987c,?__destroy_aux@std@@YAXPAPAViconWidget@@0U__false_type@@@Z
1,0x119820,?add_creature_widgets@TRecruitWindow@@AAAXJJJW4TCreatureType@@J@Z
3,0x1eefc,??_C@_0N@PLHA@TPMrkSe3?4pcx?$AA@
1,0x27d3c,?get_owning_side@army@@QBAHXZ
1,0x171020,?SetRolloverText@TMageGuildWindow@@AAAXH@Z
3,0x124,__imp__qsort
1,0x6af98,?automate_catapult@combatManager@@AAA_NXZ
1,0x8f5d8,?end@?$vector@Utype_shroud_change@type_record_shroud@@V?$allocator@Utype_shroud_change@type_record_shroud@@@std@@@std@@QAAPAUtype_shroud_change@type_record_shroud@@XZ
3,0xd284,?medFont@@3PAVfont@@A
1,0x164a98,?construct@std@@YAXPAPAV?$vector@PADV?$allocator@PAD@std@@@1@ABQAV21@@Z
3,0x1ee8c,??_C@_0N@LLDK@TPMrkSe1?4pcx?$AA@
1,0x29ce0,?get_spell_damage@type_monster_data@@QBAJW4SpellID@@PBVhero@@1J@Z
3,0x1e304,??_C@_08IEBH@TBNchal4?$AA@
3,0x1ef1c,??_C@_0N@JLIK@TPMrkSe4?4pcx?$AA@
1,0x12334,?DrawAdvObj@advManager@@QAAXHHHHH@Z
3,0xa338,??_C@_04GIGC@grdr?$AA@
3,0xa9cc,??_C@_04NOMC@hydr?$AA@
1,0xdf228,?ShowProgressBar@@YAXXZ
1,0xe9bd8,?destroy@std@@YAXPAULODEntry@@0@Z
3,0x2ac0,??_C@_0L@BDE@?$CFsdfnd?482M?$AA@
1,0x6b268,?do_animations@combatManager@@QAAXXZ
1,0x70c68,_compress2@20
1,0x70ce4,_compress@16
3,0x313c0,?gpCurPlayer@@3PAVplayerData@@A
3,0x31b28,?SeerProposalText@@3PAPBDA
1,0x72664,?Draw@CSprite@@QBAXHHHHHHPAGHHHHH_N1@Z
1,0xbce7c,?IsComputerTeam@game@@QBA_NH@Z
1,0xbd874,?set@?$bitset@$0DA@K@std@@QAAAAV12@XZ
1,0xd3e88,?GiveExperience@hero@@QAAHHH_N@Z
3,0xa918,??_C@_04EHMK@aliz?$AA@
1,0xbfac4,?erase@?$vector@USign@@V?$allocator@USign@@@std@@@std@@QAAPAUSign@@PAU3@0@Z
1,0x11ebc8,?Restore@CSaveScreen@@QAAX_N@Z
1,0x1986e4,?GetPosition@File@@UAAKXZ
3,0x1faa0,??_C@_0BD@PHJH@DDERR_CANTCREATEDC?$AA@
3,0x1d274,??_C@_07JNDL@TOTGldW?$AA@
3,0x2ae4,??_C@_0M@FBAB@plcbowx?4def?$AA@
3,0x2c578,?gcCurMapName@@3PADA
1,0xb4050,?replace_recruit@game@@QAAXQAW4THeroID@@JW4TTownType@@@Z
3,0x1eebc,??_C@_0N@DLKP@TPMrkSe5?4pcx?$AA@
1,0x66b58,??1?$vector@PAVwidget@@V?$allocator@PAVwidget@@@std@@@std@@QAA@XZ
3,0x7228,??_C@_0CC@KJI@Sending?5action?5?$FL?$CFd?$FN?9?9?$DO?5?$FL?$CFd?0?$CFd?0?$CFd@
1,0xd519c,?find_summonable_boat@hero@@QBAPAVboat@@XZ
3,0x14414,??_C@_1BI@CAOJ@?$AAM?$AAa?$AAi?$AAn?$AA?5?$AAG?$AAa?$AAm?$AAe?$AA?5?$AAX?$AA?$AA@
1,0x1229f8,?Report@ResourceManager@@YA_NPBD@Z
1,0x123fb0,??0type_backpack_slot_widget@@QAA@ABUtype_icon_definition@@JJ@Z
3,0x6620,??_C@_0M@LCHE@SgStWa2?4pcx?$AA@
3,0xa608,??_C@_04DJJA@vamp?$AA@
1,0xf574c,??0?$allocator@VBlackBoxData@@@std@@QAA@XZ
1,0xf5754,??1?$allocator@VBlackBoxData@@@std@@QAA@XZ
1,0x1297e4,?__uninitialized_copy@std@@YAPAPAVsample@@PAPAV2@000@Z
2,0x8060,_IID_IDirect3DRM2
3,0xa1e4,??_C@_04HCOE@zelt?$AA@
3,0xac84,??_C@_0M@IMLJ@cs_range_dr?$AA@
1,0x20b18,??1?$_STL_alloc_proxy@PAUtype_dialog_resource@@U1@V?$allocator@Utype_dialog_resource@@@std@@@std@@QAA@XZ
3,0x17ad4,?videoPauseStack@@3HA
3,0x54,__imp___subd
3,0x150,__imp___stoi
1,0x51e40,?Gray@Bitmap16Bit@@QAAXHHHH@Z
3,0xa770,??_C@_04LIHE@mant?$AA@
1,0xca984,?initialize_ballistics_table@@YA_NXZ
3,0x14138,??_C@_1CI@CKFN@?$AAW?$AAi?$AAn?$AAd?$AAo?$AAw?$AA?5?$AAS?$AAc?$AAr?$AAo?$AAl?$AAl?$AA?5?$AAS?$AAp?$AAe?$AAe?$AAd?$AA?$AA@
1,0x89bdc,?GetItem@?$tree@K@@QAAPAKPBD@Z
1,0xbcc40,?IsCastle@town@@QBA_NXZ
1,0x11fe44,??1?$deque@PAVCNetMsg@@V?$allocator@PAVCNetMsg@@@std@@$0A@@std@@QAA@XZ
3,0x3250,??_C@_04EFJD@maps?$AA@
1,0x8b958,?CreateModemConnection@CDPlayLobby@@QAAPAVCDPlayConnection@@PAD00@Z
1,0xe9ea8,?allocate@?$_STL_alloc_proxy@PAULODEntry@@U1@V?$allocator@ULODEntry@@@std@@@std@@QAAPAULODEntry@@I@Z
1,0x198410,?distance_type@std@@YAPAHPBQAVwidget@@@Z
3,0x6da8,??_C@_0N@ENHE@SgTwBack?4pcx?$AA@
3,0x6214,??_C@_0N@JPMM@SgNcMoat?4pcx?$AA@
3,0x662c,??_C@_0N@PNNL@SgStWa12?4pcx?$AA@
2,0x33d8,?hill_fort_discount@@3QBMB
3,0x110,__imp__strcmp
3,0x118,__imp__strncpy
3,0xa540,??_C@_04KJNC@efrt?$AA@
1,0x90658,?DoEventAnchor@advManager@@AAAXPAVhero@@_N@Z
1,0xe7630,??1?$_Vector_base@PAVresource@@V?$allocator@PAVresource@@@std@@@std@@QAA@XZ
3,0x1e1b4,??_C@_08EBME@TBInext5?$AA@
2,0x4d70,??_7TQuickHeroWindow@@6B@
1,0x158cbc,?DrawSelector@strip@@IAAXH@Z
1,0x64f60,?set_rollover@type_combat_sub_window@@UAAXPBD@Z
1,0x4be64,?can_cast_resurrect@army@@QBA_NJ@Z
1,0x8f5dc,?erase@?$vector@Utype_shroud_change@type_record_shroud@@V?$allocator@Utype_shroud_change@type_record_shroud@@@std@@@std@@QAAPAUtype_shroud_change@type_record_shroud@@PAU34@0@Z
1,0x11cdfc,?GetRemoteData@@YAPAVCNetMsg@@_NPA_N@Z
1,0x28e34,?__uninitialized_copy@std@@YAPAJPAJ000@Z
1,0x2d3f8,?sort_heap@std@@YAXPAUtype_monster_data@@0@Z
1,0x3a7a0,?distance_type@std@@YAPAHPBUtype_creature_value@@@Z
1,0x53588,?import@Bitmap8Bit@@QAAXHHPAEABVTPalette24@@H@Z
1,0x1478a4,??0CGameHeaderInfoInitMsg@@QAA@K_NK@Z
3,0x4300,??_C@_0N@OODK@campback?4pcx?$AA@
1,0xc8264,?__copy_backward@std@@YAPAUtype_university@@PAU2@00Urandom_access_iterator_tag@1@PAH@Z
3,0x1b664,??_C@_0P@MHEM@gArmySizeNames?$AA@
1,0x38204,??_Etype_combat_artifact@@UAAPAXI@Z
1,0x38204,??_Gtype_combat_artifact@@UAAPAXI@Z
1,0x4beec,?can_cast_spell@army@@QBA_NJ@Z
2,0x4ae8,??_7TPalette16@@6B@
1,0x12984c,?__destroy_aux@std@@YAXPAPAVtextWidget@@0U__false_type@@@Z
1,0x1474ac,?GetPosition@CChatManager@@QAAHXZ
1,0x17b0e8,?DoMapTavern@@YAXUtype_point@@@Z
1,0x5b294,??1?$TResourcePtr@VTTextResource@@@@QAA@XZ
1,0xc76e0,?__destroy_aux@std@@YAXPAUtype_university@@0U__false_type@@@Z
3,0xc8,__imp__ExitThread
3,0x6138,??_C@_0M@FDOH@SgInWa2?4pcx?$AA@
1,0xc3234,?allocate@?$allocator@VCObjectType@@@std@@QBAPAVCObjectType@@IPBX@Z
1,0xf4d2c,?clear@?$vector@USecondarySkillData@@V?$allocator@USecondarySkillData@@@std@@@std@@QAAXXZ
1,0x3a39c,?__final_insertion_sort@std@@YAXPAUtype_creature_value@@0U?$greater@Utype_creature_value@@@1@@Z
1,0x97144,?get_like_modifier@advManager@@CAHPAVhero@@W4TCreatureType@@@Z
3,0x13ab4,??_C@_06JCBO@?$CL?$CFd?5?$CFs?$AA@
1,0x118adc,?get_upgrade_cost@@YAXW4TCreatureType@@JAAY06J@Z
3,0x16898,??_C@_03NMFM@?$DP?$DP?$DP?$AA@
3,0x6fa4,??_C@_0N@FAPC@cRollovr?4pcx?$AA@
1,0xd48c8,?GetMagicResistanceFactor@hero@@QBAMXZ
1,0x148960,?GetFirstAvailable@CNewPlayerUpdateMan@@IAAHXZ
3,0x34f80,?OVText@@3PBVTTextResource@@B
1,0x173b00,?SetRolloverText@TBlacksmithWindow@@AAAXH@Z
3,0x663c,??_C@_0N@BNLE@SgStWa11?4pcx?$AA@
1,0xc8ad4,?destroy@std@@YAXPAUTRumour@game@@@Z
1,0x20570,??A?$vector@Vgarrison@@V?$allocator@Vgarrison@@@std@@@std@@QAAAAVgarrison@@I@Z
3,0x5d2c,??_C@_0N@PMKL@SgRmDrwC?4pcx?$AA@
1,0x120734,?__destroy@std@@YAXU?$_Deque_iterator@PAVCNetMsg@@U?$_Nonconst_traits@PAVCNetMsg@@@std@@U?$_Buf_size_traits@PAVCNetMsg@@$0A@@3@@1@0PAPAVCNetMsg@@@Z
1,0x126ed8,?get_max_amount@type_sacrifice_window@@ABAJJ@Z
3,0x43a8,??_C@_08KDFA@MainMenu?$AA@
3,0xde58,??_C@_0M@GACN@hsbtns7?4def?$AA@
1,0x38678,??_Etype_income_artifact@@UAAPAXI@Z
1,0x38678,??_Gtype_income_artifact@@UAAPAXI@Z
3,0x40f4,??_C@_0N@BOLI@camptext?4txt?$AA@
3,0x70e0,??_C@_0N@FHJL@sysopchk?4def?$AA@
3,0xa6d0,??_C@_04CHGF@harp?$AA@
1,0x19ce98,_timeSetEvent
3,0x1e0,__imp__atan2
3,0x1f4,__imp__LocalAlloc
3,0x2c5b4,?giSetupGameType@@3EA
1,0x4a348,?get_berserk_targets@army@@QBAXAAV?$vector@PAVarmy@@V?$allocator@PAVarmy@@@std@@@std@@@Z
2,0xe70,??_7button@@6B@
3,0x5cdc,??_C@_0N@DHNN@SgCsTw1C?4pcx?$AA@
3,0x5c20,??_C@_0N@GNEI@SgCsWa41?4pcx?$AA@
3,0xa798,??_C@_04EAEE@rddr?$AA@
1,0x8ccd8,?undo@type_record_claim_mine@@UAAXXZ
3,0x31a44,?RedMask@ResourceManager@@3HA
1,0x14e140,?iterator_category@std@@YA?AUrandom_access_iterator_tag@1@PBVTSpellbookEntry@TSpellbookWindow@@@Z
3,0x2c9c8,?giMonthTypeExtra@@3HA
3,0x5df8,??_C@_0N@ENLN@SgRmWa31?4pcx?$AA@
3,0x6dc8,??_C@_0N@PNGE@SgNcBack?4pcx?$AA@
3,0x1f52c,??_C@_0P@MLDL@DDERR_NOFLIPHW?$AA@
1,0xcaedc,?PlaceInMap@hero@@QAAXHUtype_point@@_N@Z
1,0x47a14,?get_average_damage@army@@QBANXZ
3,0x5de8,??_C@_0N@KNNC@SgRmWa32?4pcx?$AA@
1,0x74a18,?importPCXFile@CSpriteFrame@@AAAHPBD@Z
1,0xbccdc,??0VictoryConditionStruct@@QAA@XZ
1,0xb1fd0,?NextPlayer@game@@QAAXXZ
1,0xf7564,?deallocate@?$_STL_alloc_proxy@PAVTreasureData@@V1@V?$allocator@VTreasureData@@@std@@@std@@QAAXPAVTreasureData@@I@Z
1,0xf668c,?erase@?$vector@PAVCSprite@@V?$allocator@PAVCSprite@@@std@@@std@@QAAPAPAVCSprite@@PAPAV3@0@Z
3,0x5c10,??_C@_0N@INCH@SgCsWa42?4pcx?$AA@
1,0x11f5f4,?IsCompressed@CNetMsg@@QAA_NXZ
1,0xbe9f0,?begin@?$vector@VTTownEvent@@V?$allocator@VTTownEvent@@@std@@@std@@QAAPAVTTownEvent@@XZ
3,0x16ddc,??_C@_0M@DFMJ@gspbut7?4def?$AA@
3,0x1ec,__imp___utos
3,0x2c7c,?akArtifactTraits@@3AAY0HP@$$CBUTArtifactTraits@@A
1,0xfb50c,?iterator_category@std@@YA?AUrandom_access_iterator_tag@1@PBQAVCSprite@@@Z
1,0x163620,?OnSetFocus@textEntryWidget@@UAAXXZ
3,0x1e388,??_C@_08LDPH@TBNchrd3?$AA@
3,0xec,__imp___utod
3,0x2f20,?campaignThemes@@3PAPADA
3,0xa658,??_C@_04FMMC@bknt?$AA@
1,0x14d928,?value_type@std@@YAPAVTSpellbookEntry@TSpellbookWindow@@PBV23@@Z
3,0x1eb2c,??_C@_04IIEP@dung?$AA@
1,0x872dc,?IsEmpty@SLimitData@@QBA_NXZ
3,0x17da8,??_C@_05CEMB@Rough?$AA@
1,0xfd84,?ProcessSearch@advManager@@QAAHHHH@Z
3,0x6918,??_C@_0M@IFDC@ObRgL02?4pcx?$AA@
1,0x72b4c,?DrawTile@CSprite@@QBAXHHHHHPAGHHHHH_N1@Z
1,0xca7c0,?GetSpecificAbilityText@hero@@QAAPBDXZ
1,0x1021c4,??_ECMPEdit@@UAAPAXI@Z
1,0x1021c4,??_GCMPEdit@@UAAPAXI@Z
1,0x1288d0,??0?$vector@PAVtextWidget@@V?$allocator@PAVtextWidget@@@std@@@std@@QAA@ABV?$allocator@PAVtextWidget@@@1@@Z
2,0x80b0,_CLSID_DirectSoundCapture
1,0x5ac3c,??0TPlayerSlotAttributes@CMapHeaderData@@QAA@XZ
1,0x29178,?__uninitialized_fill_n_aux@std@@YAPAPAVarmy@@PAPAV2@IABQAV2@U__false_type@@@Z
1,0x36814,?get_value@type_duration_artifact@@UBAJPBVhero@@_N1@Z
1,0x7fde0,_GetCursorPos
1,0x2d44c,?copy_backward@std@@YAPAUtype_monster_data@@PAU2@00@Z
3,0x6ac8,??_C@_0M@DAIG@OBGrS02?4def?$AA@
3,0x6c60,??_C@_0M@FAGH@ObBhS02?4def?$AA@
2,0x2530,??_7CTextDialog@@6B@
1,0x8fb24,?allocate@?$_STL_alloc_proxy@PAUtype_shroud_change@type_record_shroud@@U12@V?$allocator@Utype_shroud_change@type_record_shroud@@@std@@@std@@QAAPAUtype_shroud_change@type_record_shroud@@I@Z
3,0xa734,??_C@_04GIOE@medq?$AA@
3,0xa248,??_C@_04GOAG@cntr?$AA@
1,0x163600,?IgnoreKey@textEntryWidget@@UAA_NAAUmessage@@@Z
1,0x69f6c,?scroll_up@TCombatWindow@@SAHAAUmessage@@@Z
1,0xc6d8c,?__copy_backward@std@@YAPAVboat@@PAV2@00Urandom_access_iterator_tag@1@PAH@Z
1,0xf4c6c,??1TTownEvent@@QAA@XZ
1,0x153734,?mark_area_effect@combatManager@@QAAXJJ_NAAV?$vector@JV?$allocator@J@std@@@std@@@Z
1,0x46a4,?__uninitialized_copy@std@@YAPAHPAH000@Z
1,0x82488,?MakeDiff@CDiffMaker@@QAAPAVCDiffFile@@AAK@Z
1,0xc7a30,?distance_type@std@@YAPAHPBUtype_creature_bank@@@Z
1,0xf9b70,??0TreasureData@@QAA@ABV0@@Z
1,0x117e48,??0TQuickTownWindow@@QAA@PBVtown@@W4TViewLevel@0@@Z
3,0x1d4a8,??_C@_08OBCM@TONshpNa?$AA@
1,0xe4530,?EarlyShutDownSystem@@YAXXZ
1,0x11eb40,??0CSaveScreen@@QAA@HH@Z
1,0x165628,?load@town@@QAAHPAX@Z
2,0x8ad0,_IID_IDirectMusicGraph
1,0x2c140,?AI_auto_combat@@YAXPAVhero@@0AAVarmyGroup@@1PBVtown@@PAVNewmapCell@@@Z
2,0x567c,??_7CHotspotWidget@@6B@
1,0x895d4,?SetStreamVolume@ds_engine@@QAA_NE@Z
1,0xbe34c,?resize@?$vector@Vboat@@V?$allocator@Vboat@@@std@@@std@@QAAXI@Z
1,0xbdf3c,?resize@?$vector@Vtown@@V?$allocator@Vtown@@@std@@@std@@QAAXI@Z
1,0x8bf18,?SysMsgAddGroupToGroup@CDPlay@@MAA_NPAUDPMSG_ADDGROUPTOGROUP@@K@Z
3,0x119e0,??_C@_0N@LHF@HPS087Ov?4PCX?$AA@
3,0x5f90,??_C@_0M@CFPP@SgTwWa2?4pcx?$AA@
3,0x62e0,??_C@_0M@DFPP@SgNcWa2?4pcx?$AA@
2,0x8000,_IID_IDirect3DRMShadow
3,0x2e40,??_C@_0N@IJEN@AdStatCs?4pcx?$AA@
3,0xa940,??_C@_04GNPF@bgor?$AA@
1,0xc5f54,??4Sign@@QAAAAU0@ABU0@@Z
3,0x1a998,??_C@_0N@GHND@Antimagk?4wav?$AA@
1,0x66970,?UnShow@TCombatCreatureSubWindow@@QAAXXZ
1,0x1984f0,?Delete@File@@SA_NPBD@Z
1,0x431dc,?allocate@?$_STL_alloc_proxy@PAPAW4SpellID@@PAW41@V?$allocator@W4SpellID@@@std@@@std@@QAAPAPAW4SpellID@@I@Z
3,0x6888,??_C@_0M@HGJK@ObDtL02?4pcx?$AA@
1,0x7cd4c,?InitCampaignMapTraits@@YAXAAY17CA@UTCustomCampaignTraits@@@Z
1,0x4227c,?find_enemy_attacks@type_AI_spellcaster@@IAAXXZ
1,0x8f618,??0?$_Vector_base@Utype_shroud_change@type_record_shroud@@V?$allocator@Utype_shroud_change@type_record_shroud@@@std@@@std@@QAA@ABV?$allocator@Utype_shroud_change@type_record_shroud@@@1@@Z
3,0xb914,?gbGameOver@@3HA
3,0x13d18,??_C@_0BD@BFME@LOD?5File?3?5No?5Error?$AA@
1,0x10b320,?AdjustValue@TPalette16@@QAAXM@Z
1,0x4bc84,?ResetRound@army@@QAAXXZ
1,0x9d26c,?push_back@?$vector@V?$basic_string@DU?$char_traits@D@std@@V?$allocator@D@2@@std@@V?$allocator@V?$basic_string@DU?$char_traits@D@std@@V?$allocator@D@2@@std@@@2@@std@@QAAXABV?$basic_string@DU?$char_traits@D@std@@V?$allocator@D@2@@2@@Z
1,0xbbe68,?GetHeroBoat@game@@QAAPAVboat@@H_N@Z
3,0x16cd8,??_C@_0N@DCNJ@AltarMon?4pcx?$AA@
1,0x19cd64,_exit
1,0x19c650,__modlu
1,0x19c710,__modls
1,0x19c764,__led
1,0x19c7ac,__addd
1,0x19c818,__ged
1,0x19c830,__ned
1,0x19c83c,_fmod
1,0x19ca34,_rand
1,0x7112c,?initialize_creature_bank_traits@@YA_NXZ
1,0x156c30,?ModifySpellDamage@combatManager@@QBAHHHPBVhero@@0PBVarmy@@_N@Z
3,0xf28,___xt_a
3,0xf2c,___xt_z
1,0x19c71c,_strtok
1,0x19c758,__gtd
1,0x19c794,__eqd
1,0x19c7a0,_sqrt
1,0x19c7e8,__ltd
1,0x57ef8,??0?$allocator@H@std@@QAA@XZ
1,0x57efc,??1?$allocator@H@std@@QAA@XZ
1,0xce140,?get_last_backpack_index@hero@@QBAJXZ
3,0x17028,?flashfile@@3PAUIFlashFile@@A
3,0x1cf74,??_C@_08DMNM@TOCsGr1H?$AA@
1,0x52968,?Draw@Bitmap24Bit@@QBAXHHHHPAGHHHHH@Z
3,0x724c,??_C@_05NLJN@1?41?43?$AA@
1,0x8ddec,?add_change@type_record_shroud@@QAAXHHHFF@Z
1,0xf48d8,??0TTownEvent@@QAA@XZ
1,0x164b1c,?__uninitialized_fill_n_aux@std@@YAPAPAV?$vector@PADV?$allocator@PAD@std@@@1@PAPAV21@IABQAV21@U__false_type@@@Z
3,0x1d2b0,??_C@_07MPML@TOTGen1?$AA@
1,0xf9850,?copy@std@@YAPAPAVCSprite@@PAPAV2@00@Z
1,0x11e948,?Wait@CWaitForRemoteBattleDlg@@QAAXH@Z
1,0x1233c4,??0?$pair@$$CBVTCacheMapKey@ResourceManager@@PAVresource@@@std@@QAA@ABU?$pair@VTCacheMapKey@ResourceManager@@PAVresource@@@1@@Z
1,0x1cb08,?CheckScreenScroll@advManager@@QAAXXZ
1,0x21344,?__uninitialized_copy@std@@YAPAUtype_dialog_resource@@PAU2@000@Z
3,0x5b3c,??_C@_09HGPJ@CH014?4DEF?$AA@
3,0x1432c,??_C@_1CG@NBFK@?$AAC?$AAo?$AAm?$AAb?$AAa?$AAt?$AA?5?$AAA?$AAu?$AAt?$AAo?$AA?5?$AAS?$AAp?$AAe?$AAl?$AAl?$AAs?$AA?$AA@
2,0xbb8,??_7type_artifact_effect@@6B@
1,0xfbf74,?allocate@?$allocator@VTTimedEvent@@@std@@QBAPAVTTimedEvent@@IPBX@Z
1,0x114a5c,?AI_choose_secondary_skill@@YA?AW4TSecondarySkill@@PBVhero@@W41@1_N@Z
1,0x11fe98,?push_back@?$deque@PAVCNetMsg@@V?$allocator@PAVCNetMsg@@@std@@$0A@@std@@QAAXABQAVCNetMsg@@@Z
1,0x1421a8,?OnUpdatePlayerPosMsg@TSingleSelectionWindow@@QAAXPAVCNetMsg@@@Z
1,0x3844c,??1type_morale_artifact@@UAA@XZ
2,0xd0c,??_7Bitmap816@@6B@
1,0x825b8,??0CDiffHeader@@QAA@H_NH@Z
1,0xc83b4,?__uninitialized_copy_aux@std@@YAPAUtype_creature_bank@@PAU2@00U__false_type@@@Z
1,0xc4938,?uninitialized_fill_n@std@@YAPAVgarrison@@PAV2@IABV2@@Z
1,0xf6840,?resize@?$vector@VTreasureData@@V?$allocator@VTreasureData@@@std@@@std@@QAAXIABVTreasureData@@@Z
2,0x4ae4,??_7TPalette24@@6B@
3,0x1d2f8,??_C@_07NEBE@TOTNag2?$AA@
1,0x38a58,??0?$allocator@UpathCell@@@std@@QAA@XZ
1,0x38a5c,??1?$allocator@UpathCell@@@std@@QAA@XZ
1,0x4b558,?SetupAnimation@army@@QAAXXZ
1,0xc4c70,?uninitialized_fill_n@std@@YAPAUtype_university@@PAU2@IABU2@@Z
1,0xf97a0,?copy@std@@YAPAVCObjectType@@PAV2@00@Z
2,0x88f0,_GUID_TimeSignature
1,0x714e0,??0type_creature_bank_traits@@QAA@XZ
1,0x71514,??1type_creature_bank_traits@@QAA@XZ
1,0xbddc8,??0?$vector@UTBlackMarket@@V?$allocator@UTBlackMarket@@@std@@@std@@QAA@ABV?$allocator@UTBlackMarket@@@1@@Z
1,0xbcd90,??0SCampaign@@QAA@XZ
1,0xc6e94,?fill@std@@YAXPAUtype_university@@0ABU2@@Z
1,0x6e990,?DoSurrender@combatManager@@QAAHXZ
1,0xbbfcc,?IsLocalHuman@game@@QBA_NH@Z
3,0x2d514,?bSpecialHideCursor@@3HA
1,0x128764,??1type_transformer_slot@@UAA@XZ
1,0x8fac4,?copy@std@@YAPAUtype_shroud_change@type_record_shroud@@PAU23@00@Z
3,0x13db8,??_C@_0BM@KKEI@LOD?5File?3?5IO?5buffer?5not?5set?$AA@
1,0x19aa08,?ConvertToHover@heroWindowManager@@QAAHAAUmessage@@@Z
1,0x2a74,?SetSleepImage@TAdvMenu@@QAAXH@Z
1,0x742b8,?DrawHeroShadow@CSpriteFrame@@QBAXHHHHPAGHHHHHAAVTPalette16@@_N@Z
1,0xd4a88,?GetIntelligenceFactor@hero@@QBAMXZ
3,0x12440,??_C@_0BF@OBFI@incorrect?5data?5check?$AA@
1,0x11c314,??1CChatManager@@QAA@XZ
1,0x39fe4,?allocate@?$_STL_alloc_proxy@PAUpathCell@@U1@V?$allocator@UpathCell@@@std@@@std@@QAAPAUpathCell@@I@Z
3,0x1e76c,??_C@_08EPOM@TBSthrd2?$AA@
3,0x38000,?iVWMines@@3_NA
1,0x2d524,?__make_heap@std@@YAXPAUtype_monster_data@@00PAH@Z
1,0x9dad8,?__median@std@@YAABW4SpellID@@ABW42@00Vspell_level_order@@@Z
1,0x142674,?OnBeginGame@TSingleSelectionWindow@@QAA_NXZ
1,0x18b4c8,?decrement_backpack_start@TSellArtifactWindow@@AAAXXZ
1,0x4b398,?is_adjacent@army@@QBA_NH@Z
1,0xe6f5c,??0CPlayerWonMsg@@QAA@HAAUVictoryConditionStruct@@@Z
3,0x13758,?mainBack@@3PAVBitmap16Bit@@A
1,0x37dec,?init@type_AI_player@@QAAXF@Z
1,0x5157c,?FrameRect@Bitmap16Bit@@QAAXHHHHG@Z
3,0x6ab0,??_C@_0M@HOAA@ObGSt01?4def?$AA@
1,0x9de00,?__linear_insert@std@@YAXPAW4SpellID@@0W42@Vspell_level_order@@@Z
1,0xa4e80,?HasCapitol@playerData@@QAA_NXZ
1,0xc3854,?insert@?$vector@Vgenerator@@V?$allocator@Vgenerator@@@std@@@std@@QAAXPAVgenerator@@IABV3@@Z
1,0xdd97c,??0inputManager@@QAA@XZ
1,0x19c8fc,_SetFilePointer
3,0xabe8,??_C@_09IDLH@cs_defend?$AA@
1,0x95b54,?DoCustomSpellScroll@advManager@@AAAXPAVhero@@PAVNewmapCell@@Utype_point@@_N@Z
1,0x87c94,??0wavfile@@QAA@PAD@Z
1,0x140a74,?OnNewPlayerMsg@TSingleSelectionWindow@@QAA_NPAVCNetMsg@@@Z
1,0xf4d78,?clear@?$vector@W4TArtifact@@V?$allocator@W4TArtifact@@@std@@@std@@QAAXXZ
1,0x164adc,?__copy_backward@std@@YAPAPAV?$vector@PADV?$allocator@PAD@std@@@1@PAPAV21@00Urandom_access_iterator_tag@1@PAH@Z
1,0x1982bc,??0?$reverse_iterator@PBQAVwidget@@PAV1@ABQAV1@PBQAV1@H@std@@QAA@ABV01@@Z
3,0x31bc,??_C@_0P@LHJF@CampainMusic08?$AA@
1,0x6a264,?DrawChatText@TCombatWindow@@QAAX_N@Z
1,0x126d98,?exit_click@type_sacrifice_window@@CAHAAUmessage@@@Z
1,0x53a68,??0Bitmap816@@QAA@PBDHHHHHH@Z
1,0x10e334,?consider_garrisoning@@YAXPAVhero@@PAVtown@@@Z
1,0x15d2e0,?handle_backpack_click@swapManager@@AAAXJJ_N@Z
3,0x1ea48,??_C@_08CIIJ@TBFrdw_6?$AA@
2,0x8260,_GUID_Key
3,0x1424,?boatFrothFilenames@@3PAPBDA
3,0x3210,??_C@_0M@HJGK@campbrf?4pcx?$AA@
1,0xa7bec,?GetSaveGameHeaders@game@@QAAHPAX@Z
1,0xe8018,?UpdateDfltMenu@@YAXPAX@Z
1,0x16443c,?_M_fill_insert@?$vector@PAV?$vector@PADV?$allocator@PAD@std@@@std@@V?$allocator@PAV?$vector@PADV?$allocator@PAD@std@@@std@@@2@@std@@QAAXPAPAV?$vector@PADV?$allocator@PAD@std@@@2@IABQAV32@@Z
1,0x6459c,?iterator_category@std@@YA?AUrandom_access_iterator_tag@1@PBUTObstacle@combatManager@@@Z
2,0x84f0,_CLSID_DirectMusic
1,0x201b8,??0CTurnUpdateMsg@@QAA@H@Z
1,0x48c10,?ComputeDefenderDamageBonuses@army@@QBAHH@Z
1,0xe6ebc,??1soundManager@@QAA@XZ
1,0xbfa60,?deallocate@?$_STL_alloc_proxy@PAVtown@@V1@V?$allocator@Vtown@@@std@@@std@@QAAXPAVtown@@I@Z
1,0x140550,?OnHeaderConfirmMsg@TSingleSelectionWindow@@QAA_NPAVCNetMsg@@@Z
1,0x1962fc,?update_radar@TViewWorldWindow@@AAAXHHM@Z
1,0x58c00,?UpdateBonusIcons@TCampaignBrief@@QAAXXZ
1,0x639dc,??9std@@YA_NABU_Rb_tree_base_iterator@0@0@Z
1,0x70a10,??8std@@YA_NABU_Rb_tree_base_iterator@0@0@Z
1,0xfc440,?__copy_backward@std@@YAPAVCObject@@PAV2@00Urandom_access_iterator_tag@1@PAH@Z
1,0x161824,?InitializeCastleText@@YA_NXZ
3,0x1e5d4,??_C@_08CPOF@TBDnext5?$AA@
1,0xe7868,?capacity@?$vector@Utype_point@@V?$allocator@Utype_point@@@std@@@std@@QBAIXZ
3,0x1dfa4,??_C@_08NGLN@TBTwext5?$AA@
3,0xad2c,??_C@_09KMGJ@hs_walk_e?$AA@
1,0xd46f8,?GetEstatesBonus@hero@@QBAHXZ
1,0x549ec,?SetPlayerPaletteColors@bitmapBorder@@QAAXH@Z
3,0x69f0,??_C@_0M@BNPM@ObBDT01?4def?$AA@
3,0x6b9c,??_C@_0M@CNDH@ObRgS01?4def?$AA@
3,0x6b4c,??_C@_0M@GNJG@ObSwS01?4def?$AA@
3,0x1dcbc,??_C@_08BLBD@TBRmhal2?$AA@
1,0x2ab3c,?has_creature@type_AI_combat_data@@IBA_NW4TCreatureType@@@Z
3,0x6bd8,??_C@_0M@PNML@ObSuS01?4def?$AA@
1,0x89898,?SetupChannels@ds_engine@@QAA_NK@Z
1,0x1287fc,?size@?$vector@Utype_artifact_offering@@V?$allocator@Utype_artifact_offering@@@std@@@std@@QBAIXZ
1,0x158450,??0?$_Rb_tree_iterator@W4SpellID@@U?$_Nonconst_traits@W4SpellID@@@std@@@std@@QAA@ABU01@@Z
1,0xf8598,?_M_insert_overflow@?$vector@VMonsterData@@V?$allocator@VMonsterData@@@std@@@std@@IAAXPAVMonsterData@@ABV3@I@Z
1,0x14b6ec,?WaitEndSample@@YAXUSAMPLE2@@H@Z
3,0x1eabc,??_C@_09FKGH@TowerTown?$AA@
2,0xf70,?wallCell@combatManager@@2QBEB
1,0x90d34,?DoCustomArtifact@advManager@@AAAXPAVhero@@PAVNewmapCell@@Utype_point@@_N@Z
1,0xf5e00,?clear@?$vector@Vgarrison@@V?$allocator@Vgarrison@@@std@@@std@@QAAXXZ
1,0xf5c50,?clear@?$vector@USign@@V?$allocator@USign@@@std@@@std@@QAAXXZ
3,0x33fbc,?TownText@@3PBVTTextResource@@B
1,0x169ccc,?reserve@?$vector@HV?$allocator@H@std@@@std@@QAAXI@Z
1,0x1ffac,?GetGarrison@game@@QAAPAVgarrison@@H@Z
1,0x6351c,?IsInMoat@combatManager@@QAA_NHPAH@Z
3,0x11f8c,??_C@_0M@FNG@aphlf1r?4def?$AA@
3,0x144cc,??_C@_06HJOA@Player?$AA@
1,0x43e80,?LoadResources@army@@QAAXXZ
2,0x81a0,_IID_IDirectInput2W
2,0x8190,_IID_IDirectInputW
1,0xc311c,?get_allocator@?$vector@W4TArtifact@@V?$allocator@W4TArtifact@@@std@@@std@@QBA?AV?$allocator@W4TArtifact@@@2@XZ
1,0xd7c3c,?AddScoreToHighScore@highScoreManager@@QAAHHHHHPBD@Z
2,0x2758,??_7?$CAutoArray@VCDPlayAddressElement@@@@6B@
1,0xbcf6c,?Save@SavedGameHeader@@QAAHPAX@Z
1,0xbdcdc,?size@?$vector@UTownExtra@@V?$allocator@UTownExtra@@@std@@@std@@QBAIXZ
1,0x14b1ec,??0soundManager@@QAA@XZ
1,0x18a550,?Update@TSellCreatureWindow@@QAAX_N@Z
1,0x204f0,??A?$vector@PAVCSprite@@V?$allocator@PAVCSprite@@@std@@@std@@QAAAAPAVCSprite@@I@Z
1,0xc731c,?copy_backward@std@@YAPAVgenerator@@PAV2@00@Z
1,0xbc384,?mark_campaign_map_won@game@@QAAXXZ
3,0xdd8c,??_C@_02HNAB@?91?$AA@
1,0x18169c,??_ETBlacksmithWindow@@UAAPAXI@Z
1,0x18169c,??_GTBlacksmithWindow@@UAAPAXI@Z
3,0x2006c,?suffix@@3PADA
1,0x8c0c0,?Destroy@?$CAutoArray@VCDPlaySession@@@@QAAX_N@Z
1,0xc3364,?resize@?$vector@Utype_point@@V?$allocator@Utype_point@@@std@@@std@@QAAXIABUtype_point@@@Z
1,0x111808,?AI_ChooseMagicSkill@@YA?AW4TPrimarySkill@@PAVhero@@@Z
1,0x164a58,?__uninitialized_copy@std@@YAPAPADPAPAD000@Z
3,0x3200,??_C@_0N@GHMD@camp?$CF02d?4tmp?$AA@
1,0xc8e60,?__destroy_aux@std@@YAXPAVCObject@@U__false_type@@@Z
1,0xccc8c,?GetLevel@hero@@SAHH@Z
3,0x115e0,??_C@_0N@BHEL@HPS055Hr?4PCX?$AA@
3,0x11260,??_C@_0N@EJCI@HPS027Dr?4PCX?$AA@
3,0x11250,??_C@_0N@EKME@HPL026Dr?4PCX?$AA@
1,0x12315c,?insert_unique@?$_Rb_tree@VTCacheMapKey@ResourceManager@@U?$pair@$$CBVTCacheMapKey@ResourceManager@@PAVresource@@@std@@U?$_Select1st@U?$pair@$$CBVTCacheMapKey@ResourceManager@@PAVresource@@@std@@@4@U?$less@VTCacheMapKey@ResourceManager@@@4@V?$allo1b365d32
1,0x198b1c,?SetPlayerPaletteColors@@YAXAAVTPalette24@@H@Z
1,0x63abc,??1?$_Bvector_base@V?$allocator@_N@std@@@std@@QAA@XZ
1,0x4fc98,?GetNativeTerrain@armyGroup@@QBA?AW4TTerrainType@@XZ
3,0x6c00,??_C@_0M@FMID@ObLvS01?4def?$AA@
3,0x33d24,?mine_event_text@@3PBVTTextResource@@B
1,0x118c,?SetSleepImage@TAdventureMapWindow@@QAAXH@Z
3,0x6a74,??_C@_0M@FMNM@ObDsM01?4def?$AA@
3,0xca18,??_C@_0N@MHAB@mainmenu?4pcx?$AA@
1,0xd2c80,?UpdateHeroLocator@THeroScreenWindow@@AAAXH@Z
3,0x11980,??_C@_0N@HIML@HPS084Ov?4PCX?$AA@
3,0x11af0,??_C@_0N@IHDP@HPL095Wl?4PCX?$AA@
1,0xfe4c8,??Y?$_Bit_iter@_NPB_N@std@@QAAAAU01@H@Z
3,0x2bd70,?gArtifactEvent@@3PAPBDA
3,0x1f9c4,??_C@_0O@DCPD@DDERR_NOBLTHW?$AA@
1,0x54968,?GetRealHeight@bitmapBorder@@UBAHXZ
1,0xc7a1c,?iterator_category@std@@YA?AUrandom_access_iterator_tag@1@PBUtype_creature_bank@@@Z
3,0x110b0,??_C@_0N@CNLE@HPL013Cl?4PCX?$AA@
3,0x11080,??_C@_0N@COFI@HPS012Cl?4PCX?$AA@
3,0x1dd34,??_C@_08OIID@TBRmext0?$AA@
1,0x1930c,?UpdBottomViewHero@advManager@@AAA_N_N@Z
1,0x43054,?_M_initialize_map@?$_Deque_base@W4SpellID@@V?$allocator@W4SpellID@@@std@@$0A@@std@@IAAXI@Z
1,0x64068,?_M_insert_overflow@?$vector@UTObstacle@combatManager@@V?$allocator@UTObstacle@combatManager@@@std@@@std@@IAAXPAUTObstacle@combatManager@@ABU34@I@Z
3,0x1eab4,??_C@_07IGFI@Rampart?$AA@
1,0x19388,?UpdBottomViewTown@advManager@@AAA_N_N@Z
3,0x11aa0,??_C@_0N@ENDL@HPS093Wl?4PCX?$AA@
3,0x11a90,??_C@_0N@EONH@HPL092Wl?4PCX?$AA@
3,0x11720,??_C@_0N@JHOD@HPS065Dk?4PCX?$AA@
3,0x116f0,??_C@_0N@JNDI@HPL063Dm?4PCX?$AA@
3,0x116c0,??_C@_0N@JONE@HPS062Dm?4PCX?$AA@
3,0x33c08,?CampaignDialog@@3PBVTSpreadsheetResource@@B
3,0x1cff8,??_C@_08BFEK@TOCsCav1?$AA@
1,0x5d60c,?Open@combatManager@@UAAHH@Z
1,0xbf9c4,?end@?$vector@Vtown@@V?$allocator@Vtown@@@std@@@std@@QAAPAVtown@@XZ
3,0x11e20,??_C@_0N@MLMK@HPS121Wh?4PCX?$AA@
1,0x15d150,?handle_artifact_click@swapManager@@AAAXJJ_N@Z
3,0x112f0,??_C@_0N@MLAC@HPL031Dr?4PCX?$AA@
3,0x110e0,??_C@_0N@OHLA@HPS015Cl?4PCX?$AA@
3,0xa69c,??_C@_0L@KPGK@chdrgn?4def?$AA@
1,0xbccb4,?IsCapitol@town@@QBA_NXZ
1,0xc5014,?copy_backward@std@@YAPAUTRumour@game@@PAU23@00@Z
1,0x10baf0,?Cycle@TPalette24@@QAAXHHH@Z
1,0x169d60,?capacity@?$vector@HV?$allocator@H@std@@@std@@QBAIXZ
3,0x1cef0,??_C@_08FJEK@TOCsCas1?$AA@
3,0x702c,??_C@_09MMML@imrls?4def?$AA@
1,0x6f198,?GetControl@combatManager@@QAAXXZ
1,0x9e0b4,?__make_heap@std@@YAXPAW4SpellID@@0Vspell_level_order@@0PAH@Z
1,0x1203fc,?construct@std@@YAXPAPAVCNetMsg@@ABQAV2@@Z
1,0x148130,?Tick@CNewPlayerUpdateProc@@QAAXXZ
3,0x1f8bc,??_C@_0CC@GOKD@DDERR_PRIMARYSURFACEALREADYEXIST@
1,0x4db88,?SplitSliderCallback@@YAXHPAVheroWindow@@@Z
3,0x11b70,??_C@_0N@BDEG@HPL099Br?4PCX?$AA@
3,0x11f20,??_C@_0N@IDEL@HPS129Mk?4PCX?$AA@
3,0x115b0,??_C@_0N@NNEP@HPL053Hr?4PCX?$AA@
3,0x11580,??_C@_0N@NOKD@HPS052Hr?4PCX?$AA@
1,0xbeac,??0type_cell_adjuster@@QAA@XZ
1,0xbec8,??1type_cell_adjuster@@QAA@XZ
1,0xb1f1c,?GetRandomNumTroops@game@@QAAHH@Z
1,0x963d8,?DoEventTreasure@advManager@@AAAXPAVhero@@PAVNewmapCell@@Utype_point@@_N@Z
3,0x11420,??_C@_0N@PLHK@HPS041Wz?4PCX?$AA@
1,0x3d154,?get_attack_time@type_AI_attack_hex_chooser@@IBAJPBUpathCell@@@Z
1,0xbf1d8,??1?$_Vector_base@Vgarrison@@V?$allocator@Vgarrison@@@std@@@std@@QAA@XZ
1,0xc3698,?allocate@?$allocator@Utype_creature_bank@@@std@@QBAPAUtype_creature_bank@@IPBX@Z
1,0xf9c7c,??0BlackBoxData@@QAA@ABV0@@Z
1,0xf7264,??1?$_STL_alloc_proxy@PAVTSeerHut@@V1@V?$allocator@VTSeerHut@@@std@@@std@@QAA@XZ
1,0xfa514,?allocate@?$allocator@USecondarySkillData@@@std@@QBAPAUSecondarySkillData@@IPBX@Z
1,0x163cf8,??_ETTextResource@@UAAPAXI@Z
1,0x163cf8,??_GTTextResource@@UAAPAXI@Z
3,0x1d9dc,??_C@_08BKJE@TOFHyd2A?$AA@
1,0x123a58,?construct@std@@YAXPAU?$pair@$$CBVTCacheMapKey@ResourceManager@@PAVresource@@@1@ABU21@@Z
1,0x153638,?hex_to_point@combatManager@@SA?AUtagPOINT@@J@Z
1,0x5ae80,??_ETCampaignBrief@@UAAPAXI@Z
1,0x5ae80,??_GTCampaignBrief@@UAAPAXI@Z
1,0xa2da0,??0generator@@QAA@XZ
1,0x14ad24,?SetPixelFormat@SmackManager@@YAXKKK@Z
1,0x4d5e4,?__copy_backward@std@@YA?AU?$_Deque_iterator@W4SpellID@@U?$_Nonconst_traits@W4SpellID@@@std@@U?$_Buf_size_traits@W4SpellID@@$0A@@3@@1@U21@00Urandom_access_iterator_tag@1@PAH@Z
1,0xd46a8,?GetDefenseFactor@hero@@QBAMXZ
1,0x18c9b4,??_ETSellCreatureWindow@@UAAPAXI@Z
1,0x18c9b4,??_GTSellCreatureWindow@@UAAPAXI@Z
3,0x2c9f4,?bFreshSave@@3HA
1,0xd4664,?GetOffenseFactor@hero@@QBAMXZ
1,0x122984,?AddToCache@ResourceManager@@YAXPAVresource@@@Z
1,0x192bdc,?create_rollover_widget@TViewArmyWindow@@AAAXXZ
3,0x11280,??_C@_0N@PEGN@HPS028Dr?4PCX?$AA@
3,0x15a60,??_C@_0M@DBMH@muBcanc?4def?$AA@
1,0x122c94,?end@?$map@VTCacheMapKey@ResourceManager@@PAVresource@@U?$less@VTCacheMapKey@ResourceManager@@@std@@V?$allocator@U?$pair@$$CBVTCacheMapKey@ResourceManager@@PAVresource@@@std@@@5@@std@@QAA?AU?$_Rb_tree_iterator@U?$pair@$$CBVTCacheMapKey@ResourceMan83b5356a
3,0x1cfe0,??_C@_08MKIK@TOCsSwd1?$AA@
1,0x3250,?QuestActiveforPlayer@TSeerHut@@QBA_NE@Z
1,0x1927c,?UpdBottomViewKingdom@advManager@@AAA_N_N@Z
1,0x62db8,?enemy_is_adjacent@combatManager@@QBA_NPBVarmy@@H0@Z
1,0xc8b14,?__uninitialized_copy_aux@std@@YAPAW4TArtifact@@PBW42@0PAW42@U__false_type@@@Z
1,0x2d06c,?__uninitialized_fill_n_aux@std@@YAPAUtype_monster_data@@PAU2@IABU2@U__false_type@@@Z
1,0xbc300,?IsMultiplayer@game@@QBA_NXZ
1,0x15c648,?DrawSwapWin@swapManager@@QAAHXZ
1,0x8bdcc,?AllocSize@CDPlayMsg@@QAA_NK@Z
1,0x11ede8,?DrawCurrentFrame@CGameTransferSmack@@IAAXXZ
3,0x1cf44,??_C@_08KEJK@TOCsMrk1?$AA@
1,0x7152c,??0type_creature_bank_level@@QAA@XZ
1,0x4a0c,?__uninitialized_copy_aux@std@@YAPADPAD00U__true_type@@@Z
1,0x1f480,?DrawAdvObjShadow@CSprite@@QBAXHHHHHPAVBitmap16Bit@@HH_N@Z
3,0xddf8,??_C@_09GOLL@imrlb?4def?$AA@
3,0xddbc,??_C@_0N@NOC@twcrport?4def?$AA@
1,0x14df98,?__make_heap@std@@YAXPAVTSpellbookEntry@TSpellbookWindow@@00PAH@Z
1,0x2cc5c,?value_type@std@@YAPAUtype_monster_data@@PBU2@@Z
1,0x3901c,??1?$_Vector_base@UpathCell@@V?$allocator@UpathCell@@@std@@@std@@QAA@XZ
1,0x7c3c8,?OnBuildBoat@advManager@@QAAXPAVCMapChange@@@Z
1,0x8bf40,?SysMsgStartSession@CDPlay@@MAA_NPAUDPMSG_STARTSESSION@@K@Z
1,0xfb490,?distance_type@std@@YAPAHPBVCObject@@@Z
1,0xf5388,?push_back@?$vector@VTreasureData@@V?$allocator@VTreasureData@@@std@@@std@@QAAXABVTreasureData@@@Z
1,0x142534,?CheckFaces@TSingleSelectionWindow@@QAAXXZ
1,0x1588e4,??1strip@@QAA@XZ
1,0x1793b4,?BuyBuild@townManager@@QAAHHHH@Z
1,0x57cc,?InitializeExtraInfoText@@YA_NXZ
3,0x5aac,??_C@_08IEHJ@CH02?4DEF?$AA@
1,0xc342c,?allocate@?$allocator@UTBlackMarket@@@std@@QBAPAUTBlackMarket@@IPBX@Z
2,0x3384,??_7THeroScreenWindow@@6B@
3,0x136cc,??_C@_09DHJJ@VRBar?4def?$AA@
1,0xfb1e4,?__copy_backward@std@@YAPAUTObjectCell@NewmapCell@@PAU23@00Urandom_access_iterator_tag@1@PAH@Z
1,0x21588,?__destroy_aux@std@@YAXPAPAUpathCell@@0U__false_type@@@Z
1,0x3e4a0,?get_blood_lust_value@type_AI_spellcaster@@IBAJPBVarmy@@Utype_enchant_data@@@Z
3,0x6f2c,??_C@_0L@CNNB@?$CFsshot?482m?$AA@
1,0x93db0,?DoEventMagicSchool@advManager@@AAAXPAVhero@@PAVNewmapCell@@Utype_point@@_N@Z
3,0x13d80,??_C@_0BM@FNLL@LOD?5File?3?5chapter?5not?5found?$AA@
3,0x1428c,??_C@_1CG@LMOJ@?$AAC?$AAo?$AAm?$AAb?$AAa?$AAt?$AA?5?$AAS?$AAh?$AAa?$AAd?$AAe?$AA?5?$AAL?$AAe?$AAv?$AAe?$AAl?$AA?$AA@
1,0x1617d8,?InitializeHeroBioText@@YA_NXZ
1,0x4aacc,?attack_wall@army@@AAAXW4TWallTargetId@@J@Z
1,0xd7a08,?ResetHighScores@highScoreManager@@QAAXXZ
1,0xfeab4,?Close@mouseManager@@UAAXXZ
1,0x15cdbc,?update_all_slots@swapManager@@AAAXXZ
3,0x2b0cc,?g_rgiButtons@@3PAEA
1,0x9d244,??1?$vector@V?$basic_string@DU?$char_traits@D@std@@V?$allocator@D@2@@std@@V?$allocator@V?$basic_string@DU?$char_traits@D@std@@V?$allocator@D@2@@std@@@2@@std@@QAA@XZ
3,0x1eb3c,??_C@_04EIH@fort?$AA@
3,0x33bbc,?AGRText@@3PAPBDA
1,0x2c878,?get_allocator@?$vector@Utype_monster_data@@V?$allocator@Utype_monster_data@@@std@@@std@@QBA?AV?$allocator@Utype_monster_data@@@2@XZ
1,0xbe6a4,??1?$vector@PAVtype_event_record@@V?$allocator@PAVtype_event_record@@@std@@@std@@QAA@XZ
1,0xec114,?get_map_extraInfo@NewmapCell@@QBAKXZ
1,0x12f2b8,??_ECHotspotWidget@@UAAPAXI@Z
1,0x12f2b8,??_GCHotspotWidget@@UAAPAXI@Z
1,0x9c9f0,?set_windmill@ExtraInfoUnion@@QAAXW4EGameResource@@F@Z
1,0x160ffc,?InitializeGeneralText@@YA_NXZ
1,0x196fc8,?Dim@widget@@UBAXXZ
1,0x27d04,?get_AI_target_value@army@@QBAJXZ
1,0x3c8dc,?simulate_attack@type_AI_combat_parameters@@QBAXABVarmy@@AAJ01_NJ@Z
1,0xbffa4,?deallocate@?$_STL_alloc_proxy@PAVhero@@V1@V?$allocator@Vhero@@@std@@@std@@QAAXPAVhero@@I@Z
1,0x13017c,?numberCompare@@YAHPBX0@Z
1,0x65cf8,?UnShow@TCombatHeroSubWindow@@QAAXXZ
1,0xc9cf8,_gzopen@8
1,0x14d4e8,??0?$_Vector_base@VTSpellbookEntry@TSpellbookWindow@@V?$allocator@VTSpellbookEntry@TSpellbookWindow@@@std@@@std@@QAA@ABV?$allocator@VTSpellbookEntry@TSpellbookWindow@@@1@@Z
3,0x1d3e0,??_C@_08NHPE@TOihnd1h?$AA@
3,0x200,COREDLL_NULL_THUNK_DATA
1,0x45164,?set_inside_area_effect@army@@QAA_N_N@Z
1,0x639e8,??0SLimitData@@QAA@XZ
1,0x62560,?PowEffect@combatManager@@QAAXW4TSpellEffectID@@H@Z
1,0x8b3bc,?SetPlayerData@CDPlay@@UAA_NKPAXKK@Z
1,0xfd0a0,?__uninitialized_fill_n_aux@std@@YAPAVTTimedEvent@@PAV2@IABV2@U__false_type@@@Z
1,0x188ecc,?SetWidgetOff@TSellArtifactWindow@@AAAXF@Z
1,0x1409d4,?IsVersionCompatible@TSingleSelectionWindow@@QAA_NPBD@Z
3,0x33144,?ResourceNames@@3PBVTTextResource@@B
1,0x20424,??0?$vector@PAVresource@@V?$allocator@PAVresource@@@std@@@std@@QAA@ABV?$allocator@PAVresource@@@1@@Z
1,0x63b74,?end@?$set@W4SpellID@@U?$less@W4SpellID@@@std@@V?$allocator@W4SpellID@@@3@@std@@QBA?AU?$_Rb_tree_iterator@W4SpellID@@U?$_Const_traits@W4SpellID@@@std@@@2@XZ
3,0x137fc,?townBuildingSpriteNames@@3PAPBDA
1,0x15cd2c,?UpdateSlot@swapManager@@AAAXHW4TArtifactSlot@@@Z
1,0x51154,?reference@Bitmap16Bit@@QAAXHHHPAG@Z
1,0x54ba4,?zBufferDraw@bitmapBorder16@@UBAXPAGH@Z
1,0xfaa10,?uninitialized_copy@std@@YAPAVTreasureData@@PAV2@00@Z
3,0x1f010,??_C@_0L@IKCC@ilck42?4def?$AA@
3,0x1fb28,??_C@_0BJ@CODF@DDERR_INVALIDSURFACETYPE?$AA@
1,0x1febc,?OnSameTeam@game@@QBA_NHH@Z
1,0xc6034,?allocate@?$_STL_alloc_proxy@PAVmine@@V1@V?$allocator@Vmine@@@std@@@std@@QAAPAVmine@@I@Z
1,0x28068,??1army@@QAA@XZ
1,0x436b8,??0army@@QAA@XZ
1,0x89238,?CountChannels@ds_engine@@QAAKXZ
1,0x201e8,?IsInPopup@CNetMsgHandler@@QAA_NXZ
1,0x8ffec,?destroy@std@@YAXPAUtype_shroud_change@type_record_shroud@@@Z
1,0xaa0d0,?LoadGame@game@@QAAHPBDHH@Z
3,0xcc24,?gCombatMenu@@3PAXA
1,0x1451e8,?HandleNetMsg@CSingleSelectionNetMsgHandler@@UAAPAVCNetMsg@@PAV2@@Z
1,0x20260,?GetQuestArtifactName@TSeerHut@@QBAPBDXZ
1,0x12f010,?zBufferDraw@CHotspotWidget@@UBAXPAGH@Z
1,0x54590,?handle_click@border@@UAA_N_N0@Z
1,0x64244,?destroy@std@@YAXPAUTObstacle@combatManager@@0@Z
1,0x8b610,?Init@CDPlayLobby@@UAA_NXZ
1,0x2cba4,?construct@std@@YAXPAUtype_monster_data@@ABU2@@Z
1,0x64580,?__destroy@std@@YAXPAUTObstacle@combatManager@@00@Z
1,0x29638,?iterator_category@std@@YA?AUrandom_access_iterator_tag@1@PBQAVarmy@@@Z
1,0xc5a64,?distance_type@std@@YAPAHPBUSign@@@Z
1,0x1f7f0,?DrawHero@CSprite@@QBAXHHHHHHPAVBitmap16Bit@@HH_N@Z
1,0x18ab9c,?get_trade_ratio@@YANW4EGameResource@@0N@Z
1,0x3b958,?__destroy_aux@std@@YAXPAUtype_creature_source@@U__false_type@@@Z
1,0x89ea0,?RemoveData@?$tree@Vds_memsample@@@@QAA_NPAVds_memsample@@_N@Z
1,0xc333c,?deallocate@?$allocator@PAVCSprite@@@std@@SAXPAPAVCSprite@@I@Z
3,0x1218,??_C@_0M@OIIP@AdvOpts?4pcx?$AA@
1,0x8e830,?play_recorded_events@game@@QAAXXZ
1,0xf5040,?resize@?$vector@UTObjectCell@NewmapCell@@V?$allocator@UTObjectCell@NewmapCell@@@std@@@std@@QAAXI@Z
1,0x11f7ac,?GetId@CDPlayPlayer@@QAAKXZ
1,0x284d0,??1?$allocator@Utype_creature_value@@@std@@QAA@XZ
1,0x38970,??0?$allocator@Utype_creature_value@@@std@@QAA@XZ
1,0x3857c,??1type_antimagic_artifact@@UAA@XZ
1,0xa1144,?IsVisible@TObstacle@combatManager@@QBA_NH@Z
1,0x3bbf0,?__adjust_heap@std@@YAXPAUtype_creature_value@@HHU2@@Z
3,0x2e20,??_C@_0L@PHOC@ilck22?4def?$AA@
3,0x71c4,??_C@_0L@OMAI@losecombat?$AA@
3,0xb918,?saveBuffer@@3PAVBuffer@@A
1,0x11cdf8,?IgnoreKey@CChatEdit@@UAA_NAAUmessage@@@Z
3,0x31a54,?SCREEN_WIDTH@@3FA
3,0x6abc,??_C@_0M@CIKA@ObGrS01?4def?$AA@
3,0xbb88,?gTownSpriteNames@@3PAPBDA
1,0xf781c,?_S_whichbit@?$_Base_bitset@$0EG@K@std@@SAII@Z
1,0x14ab7c,?SetResolution@slider@@UAAXH@Z
1,0x19cef8,_LocalReAlloc
1,0x39fa8,?__stl_alloc_rebind@std@@YAAAV?$allocator@Utype_creature_source@@@1@AAV21@PBUtype_creature_source@@@Z
1,0x9eee8,?Close@searchArray@@QAAXXZ
1,0xfcc88,?__uninitialized_copy_aux@std@@YAPAUSecondarySkillData@@PAU2@00U__false_type@@@Z
1,0xf0788,?loadMonsterList@NewfullMap@@QAAHPAX@Z
1,0xf06e8,?saveMonsterList@NewfullMap@@QAAHPAX@Z
1,0x1ebb8,?GetRouteArrayPtr@advManager@@QAAPAGHHH@Z
1,0x70c50,??0?$_STL_alloc_proxy@PAUtype_artifact@@U1@V?$allocator@Utype_artifact@@@std@@@std@@QAA@ABV?$allocator@Utype_artifact@@@1@ABQAUtype_artifact@@@Z
1,0xa3c68,?LoadSignPool@game@@AAAHPAX@Z
1,0xb9c04,?SetMarketArtifacts@game@@QAAXXZ
3,0x1595c,??_C@_0M@IEOE@crdeflt?4DEF?$AA@
1,0x10fc6c,?fill_creature_value_list@type_spellvalue@@IAAXXZ
2,0x589c,??_7CHostWaitDlg@@6B@
3,0x1ea54,??_C@_08BJOJ@TBFrup_0?$AA@
1,0x21264,?__copy@std@@YAPAPAUpathCell@@PAPAU2@00Urandom_access_iterator_tag@1@PAH@Z
1,0x1689ec,?is_legal_building@town@@QBA_NW4type_building_id@@@Z
3,0x1db84,??_C@_08OEEK@TBCsext5?$AA@
3,0x1ec0c,??_C@_0N@JFAD@halltowr?4def?$AA@
3,0x3234,??_C@_0M@NMPC@gspbutt?4def?$AA@
3,0xa3cc,??_C@_0L@EOMB@cigole?4def?$AA@
1,0xc8668,?construct@std@@YAXPAVgenerator@@ABV2@@Z
1,0x14d418,?end@?$vector@VTSpellbookEntry@TSpellbookWindow@@V?$allocator@VTSpellbookEntry@TSpellbookWindow@@@std@@@std@@QAAPAVTSpellbookEntry@TSpellbookWindow@@XZ
1,0x192f4c,?VWDrawSprite@@YAXPAVCSprite@@PAVNewmapCell@@HHHH@Z
1,0x19cab8,_CreateFileMappingW
3,0xab24,??_C@_07DGGG@pointer?$AA@
1,0x11e0f4,?HandleNewHost@@YAXXZ
3,0x1d9d4,??_C@_07BDE@TOFWyv2?$AA@
1,0x196b4c,??0widget@@QAA@FFFFFF@Z
3,0x68b8,??_C@_0M@KOEP@ObSnL01?4pcx?$AA@
1,0xc55a4,?__destroy@std@@YAXPAUTownExtra@@00@Z
1,0xcc300,?UseSpell@hero@@QAAXH@Z
1,0xbc5b4,??4_Bit_reference@std@@QAAAAU01@_N@Z
1,0xbfe24,?deallocate@?$_STL_alloc_proxy@PAUtype_university@@U1@V?$allocator@Utype_university@@@std@@@std@@QAAXPAUtype_university@@I@Z
1,0xf5998,?push_back@?$vector@VTTownEvent@@V?$allocator@VTTownEvent@@@std@@@std@@QAAXABVTTownEvent@@@Z
1,0x19cb6c,_LoadLibraryW
1,0xd5ab4,?InitializeHeroClassTraitsTable@@YA_NXZ
1,0x128958,?size@?$vector@PAViconWidget@@V?$allocator@PAViconWidget@@@std@@@std@@QBAIXZ
1,0x1645d8,?copy@std@@YAPAPADPAPAD00@Z
3,0xa2f0,??_C@_09CLIC@ctree?4def?$AA@
3,0xab98,??_C@_0M@ELEH@SpriteFrame?$AA@
1,0x80188,_SmackWait
1,0xef5dc,?readEventData@NewfullMap@@QAAHPAXPAVCObject@@@Z
1,0x130008,?InitializeTurnDurationText@@YA_NXZ
1,0x20bec,?deallocate@?$allocator@Utype_dialog_resource@@@std@@SAXPAUtype_dialog_resource@@I@Z
1,0xa3e5c,?LoadMinePool@game@@AAAHPAX@Z
1,0x280bc,??1?$vector@Utype_creature_value@@V?$allocator@Utype_creature_value@@@std@@@std@@QAA@XZ
1,0x8b954,?CreateIPXConnection@CDPlayLobby@@QAAPAVCDPlayConnection@@PADPAV2@@Z
1,0x388ac,??0?$vector@Utype_creature_value@@V?$allocator@Utype_creature_value@@@std@@@std@@QAA@I@Z
1,0x975a0,?DoEventWanderingMonster@advManager@@AAAXPAVNewmapCell@@PAVhero@@Utype_point@@_N@Z
3,0xcc60,?gfSSAIArcheryMod@@3PAMA
1,0x130604,?GetPlayerInPos@CNetPlayerHandler@@QAAPAVCNetPlayerHandlerPlayer@@H@Z
2,0x7720,??_7TViewArmyWindow@@6B@
3,0x1274,?CachedResourceFilenames@@3PAPBDA
1,0x11f7d0,??0CChatStr@CChatManager@@QAA@XZ
3,0x1cf38,??_C@_08DDPK@TOCsH401?$AA@
1,0x415c,?deallocate@?$_STL_alloc_proxy@PAPAVwidget@@PAV1@V?$allocator@PAVwidget@@@std@@@std@@QAAXPAPAVwidget@@I@Z
1,0x284e0,?deallocate@?$_STL_alloc_proxy@PAPAVarmy@@PAV1@V?$allocator@PAVarmy@@@std@@@std@@QAAXPAPAVarmy@@I@Z
1,0x60fa8,?LowerDoor@combatManager@@QAAXXZ
3,0xa8bc,??_C@_0L@HNNB@cybehe?4def?$AA@
1,0xc7e40,?__copy_backward@std@@YAPAUtype_point@@PAU2@00Urandom_access_iterator_tag@1@PAH@Z
3,0x1b318,??_C@_0N@KPEA@HeroBios?4txt?$AA@
2,0x5488,??_7type_doll_slot_widget@@6B@
3,0x3758,?aNeutral1RegionTraits@?%E:\gamedcs\campaignmap.cpp64671830@@3PAUTRegionTraits@TCampaignMapTraits@@A
1,0xc3084,?allocate@?$_STL_alloc_proxy@PAUtype_creature_bank@@U1@V?$allocator@Utype_creature_bank@@@std@@@std@@QAAPAUtype_creature_bank@@I@Z
1,0x100498,?GoSessionList@TMultiPlayerWindow@@QAAXXZ
1,0x129468,?allocate@?$allocator@PAVtextWidget@@@std@@QBAPAPAVtextWidget@@IPBX@Z
1,0x164ba0,?__uninitialized_copy_aux@std@@YAPAPAV?$vector@PADV?$allocator@PAD@std@@@1@PAPAV21@00U__false_type@@@Z
1,0x387c8,?push_back@?$vector@Utype_creature_source@@V?$allocator@Utype_creature_source@@@std@@@std@@QAAXABUtype_creature_source@@@Z
3,0x6e98,??_C@_0N@EMH@CmBkGrMt?4pcx?$AA@
3,0x3579c,?cOverviewText@@3PAPBDA
1,0x19c860,_SendMessageW
3,0x7110,??_C@_0N@BEAN@Box64x30?4pcx?$AA@
1,0x9f154,?MinimumTerrainCost@@YAHPBVNewmapCell@@HW4TSkillMastery@@11@Z
1,0xc7570,?__destroy_aux@std@@YAXPAUTBlackMarket@@0U__false_type@@@Z
3,0x1d24c,??_C@_08HNHK@TOTGar1H?$AA@
3,0x6ad4,??_C@_0M@OGCF@ObSnS01?4def?$AA@
1,0x8fc4c,?uninitialized_fill_n@std@@YAPAUtype_shroud_change@type_record_shroud@@PAU23@IABU23@@Z
1,0xd7e3c,??0THighScoreWindow@@QAA@XZ
1,0x1810b0,?GetCategoryStats@@YAXHQAJQAC@Z
2,0x8780,_CLSID_DirectMusicChordTrack
1,0x5489c,?zBufferDraw@bitmapBorder@@UBAXPAGH@Z
1,0x14b42c,?AdjustSoundVolumes@soundManager@@QAAXXZ
1,0x37e08,??0type_creature_source@@QAA@W4TCreatureType@@PAF_N@Z
1,0x8bf2c,?SysMsgSecureMessage@CDPlay@@MAA_NPAUDPMSG_SECUREMESSAGE@@K@Z
1,0x14ac30,?VideoSoundOnOff@@YAXH@Z
3,0x159cc,??_C@_0M@HIMC@mubcanc?4def?$AA@
3,0x16724,??_C@_0N@FEEH@Box64x32?4pcx?$AA@
3,0x1d858,??_C@_07ILOO@TOSGob2?$AA@
1,0x117b8c,?QuickWindowWait@TQuickCreatureWindow@@QAAXXZ
1,0x4e428,?WindowHandler@TSplitWindow@@EAAHAAUmessage@@@Z
1,0x52aa8,?AdjustHSV@Bitmap24Bit@@QAAXHHHHMMMM@Z
3,0x2eac,??_C@_03IMDO@?$CFs?3?$AA@
1,0xd5a04,??4reference@?$bitset@$0DA@K@std@@QAAAAU012@_N@Z
1,0x28140,?end@?$vector@PAVarmy@@V?$allocator@PAVarmy@@@std@@@std@@QAAPAPAVarmy@@XZ
1,0x38184,??_Etype_artifact_effect@@UAAPAXI@Z
1,0x38184,??_Gtype_artifact_effect@@UAAPAXI@Z
1,0x7fe2c,?IsIconic@@YAHPAX@Z
1,0xc43b0,?copy_backward@std@@YAPAUSign@@PAU2@00@Z
3,0x135d0,??_C@_0BP@KPP@incomplete?5literal?1length?5tree?$AA@
3,0x1e46c,??_C@_08OJOK@TBNcup_6?$AA@
1,0x16e2f4,?SetRolloverText@TThievesGuildWindow@@AAAXH@Z
1,0x192c54,??_ETViewArmyWindow@@UAAPAXI@Z
1,0x192c54,??_GTViewArmyWindow@@UAAPAXI@Z
1,0x36558,??0type_spellcaster_artifact@@QAA@J@Z
1,0x50948,??4reference@?$bitset@$0BC@K@std@@QAAAAU012@_N@Z
1,0xe993c,?begin@?$vector@ULODEntry@@V?$allocator@ULODEntry@@@std@@@std@@QAAPAULODEntry@@XZ
1,0x19ac14,?RemoveWindow@heroWindowManager@@QAAXPAVheroWindow@@@Z
2,0xb50,??_7type_necromancy_artifact@@6B@
3,0xa14c,??_C@_0L@DPDE@chalbd?4def?$AA@
1,0x96b14,?monsters_fight@advManager@@AAAXPAVhero@@PAVNewmapCell@@Utype_point@@_N@Z
1,0xc40a0,?copy_backward@std@@YAPAVtown@@PAV2@00@Z
3,0xca40,??_C@_0M@KHBE@gttutor?4def?$AA@
3,0xaa88,??_C@_09JKGG@smbal?4def?$AA@
1,0xdb174,?inflate_codes_free@@YAXPAUinflate_codes_state@@PAUz_stream_s@@@Z
1,0xe7414,??1type_normal_dialog_frame@@UAA@XZ
1,0x100ed0,?OnModemHost@TMultiPlayerWindow@@QAA_NXZ
1,0x160d90,??_ETSystemOptionsWindow@@UAAPAXI@Z
1,0x160d90,??_GTSystemOptionsWindow@@UAAPAXI@Z
1,0xf71bc,??1?$_STL_alloc_proxy@PAVCObjectType@@V1@V?$allocator@VCObjectType@@@std@@@std@@QAA@XZ
2,0x8790,_CLSID_DirectMusicCommandTrack
3,0x6f00,??_C@_0N@GHFI@GoodMrle?4wav?$AA@
1,0xc4254,?_M_insert_overflow@?$vector@USign@@V?$allocator@USign@@@std@@@std@@IAAXPAUSign@@ABU3@I@Z
1,0xf5ad0,??4reference@?$bitset@$0EG@K@std@@QAAAAU012@_N@Z
1,0x1011b8,?OnModemJoin@TMultiPlayerWindow@@QAA_NXZ
1,0x1205a8,?_M_create_nodes@?$_Deque_base@PAVCNetMsg@@V?$allocator@PAVCNetMsg@@@std@@$0A@@std@@IAAXPAPAPAVCNetMsg@@0@Z
1,0x38760,??A?$vector@Utype_creature_source@@V?$allocator@Utype_creature_source@@@std@@@std@@QAAAAUtype_creature_source@@I@Z
3,0x68a0,??_C@_0M@GAMK@ObGrL01?4pcx?$AA@
1,0xefe28,?readShipyardData@NewfullMap@@QAAHPAXPAVCObject@@@Z
3,0x1d164,??_C@_07IKIL@TOrtre1?$AA@
1,0x4018,?_S_refill@?$__node_alloc@$0A@$0A@@std@@CAPAXI@Z
3,0x15ae8,??_C@_0L@EECC@ILCK30?4def?$AA@
3,0x1d09c,??_C@_07BAKK@TOrcas2?$AA@
1,0x19a454,?SetFullScreenStatus@@YA_NH@Z
1,0x7fefc,?strnicmp@@YAHPBD0I@Z
3,0x1bf30,?hordeDwelling2@@3PAY01EA
1,0x11bad8,?SysMsgHost@CDPlayHeroes@@UAA_NPAUDPMSG_GENERIC@@K@Z
3,0x1e220,??_C@_08HFPF@TBInup_1?$AA@
1,0x1983d8,??8std@@YA_NABV?$reverse_iterator@PBQAVwidget@@PAV1@ABQAV1@PBQAV1@H@0@0@Z
1,0x19836c,??9std@@YA_NABV?$reverse_iterator@PBQAVwidget@@PAV1@ABQAV1@PBQAV1@H@0@0@Z
1,0x45e70,?range_attack@army@@QAAXXZ
1,0x2c724,?end@?$vector@Utype_monster_data@@V?$allocator@Utype_monster_data@@@std@@@std@@QAAPAUtype_monster_data@@XZ
1,0x383b4,??1type_movement_artifact@@UAA@XZ
1,0x5c228,?CanBuy@@YAHPBVtown@@H@Z
3,0x14058,??_C@_1BK@ECEM@?$AAS?$AAo?$AAu?$AAn?$AAd?$AA?5?$AAV?$AAo?$AAl?$AAu?$AAm?$AAe?$AA?$AA@
1,0xfd6c,?Reseed@advManager@@QAAXHH@Z
3,0x66dc,??_C@_0N@JFM@SgFrDrw1?4pcx?$AA@
3,0xd2e0,?giMapSizes@@3PAEA
1,0xe296c,?SendPlayerLost@@YAXXZ
1,0x11f090,?IsExpired@CTurnDuration@@QAA_NXZ
3,0x1ab4c,??_C@_0N@HID@Paralyze?4wav?$AA@
1,0x167544,?get_horde_bonus@town@@QBAJJ@Z
1,0x101ee8,??_ECMultiPlayerWindowEdit@@UAAPAXI@Z
1,0x101ee8,??_GCMultiPlayerWindowEdit@@UAAPAXI@Z
1,0x9f2a4,?PushPoint@searchArray@@AAAXABUpathCell@@AAU2@HHHJUtype_point@@H@Z
1,0xf5304,?size@?$vector@VTreasureData@@V?$allocator@VTreasureData@@@std@@@std@@QBAIXZ
1,0x9d9b0,?uninitialized_fill_n@std@@YAPAV?$basic_string@DU?$char_traits@D@std@@V?$allocator@D@2@@1@PAV21@IABV21@@Z
2,0x87f0,_CLSID_DirectMusicLoader
1,0x72bd8,?DrawTileShadow@CSprite@@QBAXHHHHHPAGHHHHH_N1@Z
1,0xa1c04,??0font@@QAA@PBDABUTFontSpec@0@HPAE@Z
1,0x3db84,?get_area_effect_value@type_AI_spellcaster@@IBAJW4SpellID@@JW4TSkillMastery@@J@Z
1,0x82b84,?ExitDialog@TDimensionDoorWindow@@UAAHAAUmessage@@@Z
1,0x128d48,??0?$_STL_alloc_proxy@PAPAVsample@@PAV1@V?$allocator@PAVsample@@@std@@@std@@QAA@ABV?$allocator@PAVsample@@@1@ABQAPAVsample@@@Z
1,0x3728,?size@?$vector@VTSeerHut@@V?$allocator@VTSeerHut@@@std@@@std@@QBAIXZ
1,0x423f4,?get_ogre_mage_value@type_AI_spellcaster@@QBAJPBVarmy@@@Z
1,0xfa6ac,?copy_backward@std@@YAPAUSecondarySkillData@@PAU2@00@Z
1,0x104458,?SetupDynamicStuff@game@@QAAXHH@Z
1,0x14d810,?capacity@?$vector@VTSpellbookEntry@TSpellbookWindow@@V?$allocator@VTSpellbookEntry@TSpellbookWindow@@@std@@@std@@QBAIXZ
1,0x1652fc,??_EtextWidget@@UAAPAXI@Z
1,0x1652fc,??_GtextWidget@@UAAPAXI@Z
1,0xc2160,?copy@std@@YAPAUtype_point@@PAU2@00@Z
1,0x16158c,?InitializeSpecialBuildingText@@YA_NXZ
3,0x1d244,??_C@_07CCKE@TOTMrkA?$AA@
1,0x63f18,??0?$_Rb_tree_iterator@W4SpellID@@U?$_Const_traits@W4SpellID@@@std@@@std@@QAA@PAU?$_Rb_tree_node@W4SpellID@@@1@@Z
3,0x3425c,?NeutralBuildingText@@3PBVTSpreadsheetResource@@B
1,0xe941c,?open@LODFile@@QAAHPBDH@Z
1,0x1170bc,??0TQuickHeroWindow@@QAA@PAVhero@@W4TViewLevel@0@@Z
2,0x6880,??_7TBuyBuildWindow@@6B@
2,0xe1c,??_7TBottomViewKingdom@@6B@
1,0x66c48,??0TCombatOptionsWindow@@QAA@XZ
1,0x679ac,??1TCombatOptionsWindow@@UAA@XZ
3,0x123d0,??_C@_0BG@EGK@invalid?5distance?5code?$AA@
3,0x69fc,??_C@_0M@CEOJ@ObDRk01?4def?$AA@
1,0x89fa8,??_Gds_genericsample@@QAAPAXI@Z
1,0x55114,??1type_bottom_view_window@@UAA@XZ
1,0xdf2a4,?UnloadProgressBar@@YAXXZ
1,0xf96f0,?copy@std@@YAPAUSecondarySkillData@@PAU2@00@Z
3,0x1ef70,??_C@_0N@FNML@univers1?4pcx?$AA@
1,0x14b90,?GetCell@advManager@@QAAPAVNewmapCell@@Utype_point@@@Z
3,0x1a818,??_C@_0N@GCMF@Disguise?4wav?$AA@
3,0x2200c,?BinkSummary@@3UBINKSUMMARY@@A
1,0x8b8a8,?ReceiveLobbyMsg@CDPlayLobby@@QAA_NKPAVCDPlayMsg@@@Z
1,0xf9508,?destroy@std@@YAXPAVTTimedEvent@@0@Z
1,0xfa8f0,?copy_backward@std@@YAPAVCObject@@PAV2@00@Z
1,0x1987d4,?GetFilename@CFindFile@@QAAPADXZ
1,0x3687c,?get_value@type_school_artifact@@UBAJPBVhero@@_N1@Z
3,0x15abc,??_C@_0L@PAC@OVSlot?4def?$AA@
1,0x41278,?consider_sacrifice@type_AI_spellcaster@@IBAXAAUtype_spell_choice@@PBVarmy@@J@Z
3,0xa368,??_C@_0L@HPO@cgrema?4def?$AA@
1,0x8a558,?EnumSessions@CDPlay@@UAA_NPAV?$CAutoArray@VCDPlaySession@@@@KK@Z
3,0xa174,??_C@_0L@LAKC@chcbow?4def?$AA@
1,0xbe9e4,?begin@?$vector@VTTimedEvent@@V?$allocator@VTTimedEvent@@@std@@@std@@QAAPAVTTimedEvent@@XZ
3,0x1d664,??_C@_07MHMD@TODmark?$AA@
3,0x1efc0,??_C@_0N@LNKE@univers2?4pcx?$AA@
2,0x8820,_CLSID_DirectMusicChordMapTrack
3,0x1eda0,??_C@_0N@KHEA@TPCastl7?4pcx?$AA@
2,0x7ce0,_CLSID_CDirect3DRMLight
1,0x3b364,?__unguarded_insertion_sort_aux@std@@YAXPAUtype_creature_value@@00@Z
1,0x3c854,?simulate_single_attack@type_AI_combat_parameters@@QBAXABVarmy@@AAJ01_NJ@Z
1,0x101f1c,??1CMultiPlayerWindowEdit@@UAA@XZ
1,0x3b564,?destroy@std@@YAXPAUtype_creature_source@@@Z
1,0x10a998,?ConvertRGBAto16@TPalette16@@AAAXPBUTRGBA@@HHHHHH@Z
3,0x1e910,??_C@_08NDGO@TBFrhall?$AA@
1,0x27fdc,?get_attack_time@type_AI_attack_hex_chooser@@QBAJXZ
3,0x1cfb0,??_C@_08CPDO@TOCsHoly?$AA@
1,0x18b48c,?increment_backpack_start@TSellArtifactWindow@@AAAXXZ
1,0xc611c,?allocate@?$allocator@USign@@@std@@QBAPAUSign@@IPBX@Z
1,0xc60dc,?allocate@?$allocator@Vtown@@@std@@QBAPAVtown@@IPBX@Z
3,0x33db0,?SpecialBuildingText@@3PBVTSpreadsheetResource@@B
1,0x31864,?get_swap_value@type_AI_creature_swapper@@QAAJPBVhero@@PBVarmyGroup@@0@Z
3,0xaca0,??_C@_0N@KPN@cs_special_r?$AA@
1,0x114adc,?AI_join_decision@@YAXPAVhero@@W4TCreatureType@@F@Z
1,0x42610,?spells_not_required@type_AI_spellcaster@@IBA_NXZ
1,0xf7160,?_S_maskbit@?$_Base_bitset@$0EG@K@std@@SAKI@Z
1,0x18b7c4,?SetRolloverText@TTradeResourceWindow@@AAAXH@Z
2,0x83e0,_DPLPROPERTY_LobbyGuid
1,0x89b04,??_Gds_memsample@@QAAPAXI@Z
1,0x140ee4,?SendSetupInfo@TSingleSelectionWindow@@QAA_NK@Z
1,0x14d47c,??1?$vector@VTSpellbookEntry@TSpellbookWindow@@V?$allocator@VTSpellbookEntry@TSpellbookWindow@@@std@@@std@@QAA@XZ
2,0xe44,??_7textButton@@6B@
1,0xbe458,??0?$allocator@Utype_university@@@std@@QAA@XZ
1,0xbe460,??1?$allocator@Utype_university@@@std@@QAA@XZ
1,0x11e598,?HandleNormalWinMsg@@YAXPAVCNetMsg@@@Z
3,0x1ce44,??_C@_0N@IIJD@TPMageNc?4pcx?$AA@
1,0x50a04,?_S_maskbit@?$_Base_bitset@$0BC@K@std@@SAKI@Z
1,0x129800,?__uninitialized_fill_n@std@@YAPAPAVsample@@PAPAV2@IABQAV2@0@Z
1,0x19721c,?Open@heroWindow@@UAAHH_N@Z
1,0x64450,?deallocate@?$allocator@Utype_artifact@@@std@@SAXPAUtype_artifact@@I@Z
1,0xf8f08,?_M_fill_insert@?$vector@VTTownEvent@@V?$allocator@VTTownEvent@@@std@@@std@@QAAXPAVTTownEvent@@IABV3@@Z
3,0x1ce14,??_C@_0N@OIOF@TPMageRm?4pcx?$AA@
1,0x20af4,?_S_maskbit@?$_Base_bitset@$0DA@K@std@@SAKI@Z
1,0x46658,?do_post_attack@army@@AAAXPAV1@HHH@Z
1,0x881bc,?SetName@ds_genericsample@@QAAXPBD@Z
1,0x197cd4,?AddWidgetsToMessageStream@heroWindow@@MAAXXZ
1,0x20794,?append@?$basic_string@DU?$char_traits@D@std@@V?$allocator@D@2@@std@@QAAAAV12@ABV12@@Z
1,0xc2e98,?deallocate@?$_STL_alloc_proxy@PAPAVCSprite@@PAV1@V?$allocator@PAVCSprite@@@std@@@std@@QAAXPAPAVCSprite@@I@Z
1,0x74664,??0CSpriteFrame@@QAA@PBDHHPAEHW4TEncodingMethod@@@Z
3,0xb69c,??_C@_0O@MAPL@Graveyard?4wav?$AA@
1,0xc50e0,?_M_fill_insert@?$vector@W4TArtifact@@V?$allocator@W4TArtifact@@@std@@@std@@QAAXPAW4TArtifact@@IABW43@@Z
3,0x5f14,??_C@_0N@PMCM@SgTwWa62?4pcx?$AA@
3,0x64a4,??_C@_0N@PMIM@SgDnWa11?4pcx?$AA@
3,0x13ad4,??_C@_0L@HBKD@ilck82?4def?$AA@
1,0xfc738,?__uninitialized_copy@std@@YAPAVTSeerHut@@PAV2@000@Z
1,0x14dab8,?__median@std@@YAABVTSpellbookEntry@TSpellbookWindow@@ABV23@00@Z
3,0x6aa4,??_C@_0M@GCDB@ObGRk01?4def?$AA@
1,0x14e278,?SpellTargetsASingleArmy@@YA_NHH@Z
1,0x101780,?GetIPAddress@@YA_NPAD@Z
3,0xaacc,?inManager@@3DA
3,0xb448,??_C@_0BB@MKGD@Buffer?5too?5large?$AA@
3,0x16d6c,??_C@_0N@NGBA@scnrloss?4def?$AA@
1,0x18f52c,?skill_click@type_university_window@@QAAXW4TSecondarySkill@@@Z
3,0xaabc,??_C@_0N@LPEN@crtraits?4txt?$AA@
1,0xc2208,?destroy@std@@YAXPAUTBlackMarket@@0@Z
3,0x1a92c,??_C@_0L@NEFP@Shield?4wav?$AA@
1,0x3a7f8,?distance_type@std@@YAPAHPBUpathCell@@@Z
3,0x6e6c,??_C@_0N@HOMI@CmBkDrTr?4pcx?$AA@
1,0x81e00,??0CTextDialog@@QAA@I@Z
1,0xc5b6c,?__copy@std@@YAPAVgarrison@@PAV2@00Urandom_access_iterator_tag@1@PAH@Z
1,0x39f0,?_M_hiword@?$_Base_bitset@$00K@std@@QAAAAKXZ
1,0x8b9f8,?EnumGroupPlayersRemote@CDPlayLobby@@UAA_NPAV?$CAutoArray@VCDPlayPlayer@@@@KPAU_GUID@@K@Z
1,0xa1360,?find_flyer_attack_cell@army@@ABA_NHH@Z
1,0xbf880,?_M_hiword@?$_Base_bitset@$01K@std@@QAAAAKXZ
1,0x123108,?_M_erase@?$_Rb_tree@VTCacheMapKey@ResourceManager@@U?$pair@$$CBVTCacheMapKey@ResourceManager@@PAVresource@@@std@@U?$_Select1st@U?$pair@$$CBVTCacheMapKey@ResourceManager@@PAVresource@@@std@@@4@U?$less@VTCacheMapKey@ResourceManager@@@4@V?$allocatore86124d9
2,0x78b0,_IID_IDirectDraw4
3,0x6d50,??_C@_0N@ENAH@ccellshd?4pcx?$AA@
3,0x5dd8,??_C@_0N@HNFC@SgRmArch?4pcx?$AA@
1,0xc6c28,?__copy_backward@std@@YAPAVgarrison@@PAV2@00Urandom_access_iterator_tag@1@PAH@Z
1,0xf7934,?deallocate@?$allocator@VTTimedEvent@@@std@@SAXPAVTTimedEvent@@I@Z
3,0x2c50,??_C@_0M@EDMM@StatBar?4pcx?$AA@
3,0x2e2c,??_C@_0N@EHLL@cprsmall?4def?$AA@
3,0x138c0,??_C@_08OJCH@game?4pal?$AA@
3,0x10f4,??_C@_0N@MEEI@smalfont?4fnt?$AA@
1,0xbe1b0,?size@?$vector@Vgarrison@@V?$allocator@Vgarrison@@@std@@@std@@QBAIXZ
1,0x14bc58,?Reset@TSpellbookWindow@@SAXXZ
1,0x3790,?_M_terminate_string@?$basic_string@DU?$char_traits@D@std@@V?$allocator@D@2@@std@@AAAXXZ
3,0x130c,?TerrainFilenames@@3PAPBDA
1,0x87690,?PlaySample@@YAKPAX@Z
1,0x499e8,?SetSpellInfluence@army@@QAAXHHW4TSkillMastery@@PBVhero@@@Z
3,0x5f24,??_C@_0N@BMED@SgTwWa61?4pcx?$AA@
3,0x6494,??_C@_0N@BMOD@SgDnWa12?4pcx?$AA@
1,0x87c48,??0wavfile@@QAA@XZ
3,0x12418,??_C@_0BH@NLIB@incorrect?5header?5check?$AA@
1,0xfd45c,?__destroy_aux@std@@YAXPAVTSeerHut@@U__false_type@@@Z
1,0xffac0,?OnKeyPress@CMPInputEdit@@UAAHAAUmessage@@@Z
1,0x163858,??0TTextResource@@QAA@PBDH0@Z
3,0x68f4,??_C@_0M@BEOJ@ObLvL01?4pcx?$AA@
1,0x87c60,??1wavfile@@QAA@XZ
1,0xfaae0,?fill@std@@YAXPAVTreasureData@@0ABV2@@Z
1,0x12d2e8,?DoAlreadyHaveProposalDialog@TSeerHut@@AAAXPAVhero@@_N@Z
3,0x64c4,??_C@_0N@CKNI@SgDnTw11?4pcx?$AA@
3,0xde10,??_C@_0M@IAEC@hsbtns4?4def?$AA@
1,0x11e494,?HandlePlayerWon@@YAXPAVCNetMsg@@@Z
3,0x1d994,??_C@_07POIN@TOFWyv1?$AA@
2,0x89f0,_GUID_SeedVariations
1,0x2c834,?push_back@?$vector@Utype_monster_data@@V?$allocator@Utype_monster_data@@@std@@@std@@QAAXABUtype_monster_data@@@Z
1,0x66b08,??_ETCombatCreatureSubWindow@@UAAPAXI@Z
1,0x66b08,??_GTCombatCreatureSubWindow@@UAAPAXI@Z
3,0x1f0ac,?gWinSetup@@3PAUSWinSetup@@A
3,0x1074,??_C@_0BE@EMKG@ajptrarenyqverpgvba?$AA@
1,0x50904,??0?$bitset@$0BC@K@std@@QAA@XZ
3,0x66ac,??_C@_0N@DKOB@SgStTw2C?4pcx?$AA@
3,0x143ec,??_C@_1CI@DLBB@?$AAM?$AAa?$AAi?$AAn?$AA?5?$AAG?$AAa?$AAm?$AAe?$AA?5?$AAS?$AAh?$AAo?$AAw?$AA?5?$AAM?$AAe?$AAn?$AAu?$AA?$AA@
1,0x10f810,?get_enchantment_value@type_spellvalue@@IBAJW4SpellID@@W4TSkillMastery@@J@Z
1,0x16b084,?bonus_right_click@TTownScreenWindow@@QAAXJ@Z
3,0x67d4,??_C@_0N@DMIE@SgFrWa12?4pcx?$AA@
1,0x1480cc,?Go@CNewPlayerUpdateProc@@QAAXXZ
1,0x14ddc0,?__unguarded_insertion_sort_aux@std@@YAXPAVTSpellbookEntry@TSpellbookWindow@@00@Z
2,0x8830,_CLSID_DirectMusicMuteTrack
3,0x6264,??_C@_0N@EMDM@SgNcWa62?4pcx?$AA@
3,0x60ac,??_C@_0N@FKOB@SgInTw21?4pcx?$AA@
1,0x5e09c,?LoadArmies@combatManager@@AAAX_N@Z
3,0x1d8c4,??_C@_07LNOM@TOFDck2?$AA@
1,0xbe5ac,??0?$vector@UTRumour@game@@V?$allocator@UTRumour@game@@@std@@@std@@QAA@ABV?$allocator@UTRumour@game@@@1@@Z
1,0xc8b70,?destroy@std@@YAXPAVCObjectType@@@Z
3,0x1d52c,??_C@_08ONC@TONshpBa?$AA@
2,0x8760,_CLSID_DirectMusicTimeSigTrack
3,0x6274,??_C@_0N@KMFD@SgNcWa61?4pcx?$AA@
1,0xfb1b8,?value_type@std@@YAPAUTObjectCell@NewmapCell@@PBU23@@Z
3,0x29868,?LeftHeroLimits@combatManager@@2USLimitData@@B
3,0x1e9d0,??_C@_08GBH@TBFrholy?$AA@
1,0x29bc,?SetElevationToggleImage@TAdvMenu@@QAA_NH@Z
3,0x64b4,??_C@_0N@MKLH@SgDnTw12?4pcx?$AA@
3,0x67e4,??_C@_0N@NMOL@SgFrWa11?4pcx?$AA@
1,0xbe148,??0?$vector@Vgenerator@@V?$allocator@Vgenerator@@@std@@@std@@QAA@ABV?$allocator@Vgenerator@@@1@@Z
3,0x16db8,??_C@_0M@NFKG@gspbut4?4def?$AA@
1,0x15ef1c,?OnReceiveFromAlly@swapManager@@QAAXXZ
1,0x291b4,?__uninitialized_copy_aux@std@@YAPAJPAJ00U__true_type@@@Z
3,0x609c,??_C@_0N@LKIO@SgInTw22?4pcx?$AA@
3,0x29830,?GridAreaLimits@combatManager@@2USLimitData@@B
3,0xa6d8,??_C@_0L@BHDD@charpy?4def?$AA@
3,0x1b620,??_C@_0M@MFOP@cDifficulty?$AA@
1,0x188f54,?SetWidgetOff@TSellCreatureWindow@@AAAXF@Z
3,0x67f4,??_C@_0N@OKNA@SgFrTw12?4pcx?$AA@
1,0xc05b4,?_M_insert_overflow@?$vector@Utype_point@@V?$allocator@Utype_point@@@std@@@std@@IAAXPAUtype_point@@ABU3@I@Z
1,0x29268,?iter_swap@std@@YAXPAPAVarmy@@0@Z
2,0x5eb0,??_7swapManager@@6B@
1,0x1612c8,?InitializeResourceNames@@YA_NXZ
3,0x690c,??_C@_0M@GFFN@ObRgL01?4pcx?$AA@
1,0x135f04,?SetupScenarioOptions@TSingleSelectionWindow@@QAAXXZ
1,0xd9d90,?NextRandomFrame@iconWidget@@QAAXXZ
1,0x2b32c,?cast_spells@type_AI_combat_data@@IAAXAAV1@W4type_speed_catagory@@@Z
1,0x425a8,?check_simulation@type_AI_spellcaster@@IAAXXZ
2,0x6ab8,??_7TTownScreenWindow@@6B@
1,0x197c74,?HeroWindowHandler@heroWindow@@KAHAAUmessage@@@Z
1,0x9c9a4,?get_tomb_artifact@ExtraInfoUnion@@QBA?AW4TArtifact@@XZ
3,0x11fbc,??_C@_0N@GIJK@APhlftBk?4pcx?$AA@
1,0x114bd8,?get_army_increase@type_AI_creature_swapper@@QBAJXZ
1,0x125c60,?set_artifact_mode@type_sacrifice_window@@AAAXXZ
3,0x35130,?CastleText@@3PBVTTextResource@@B
3,0xaccc,??_C@_0M@LLNO@cs_postwalk?$AA@
1,0x102014,??0CMPEdit@@QAA@HHHHHPAD0HW4EJustify@font@@0HHHHHH@Z
1,0x63e64,?_M_leftmost@?$_Rb_tree@W4SpellID@@W41@U?$_Identity@W4SpellID@@@std@@U?$less@W4SpellID@@@3@V?$allocator@W4SpellID@@@3@@std@@IBAAAPAU?$_Rb_tree_node@W4SpellID@@@2@XZ
1,0x9c8b0,?GetScholarSecondarySkill@ExtraInfoUnion@@QBA?AW4TSecondarySkill@@XZ
1,0x12efdc,??_ECSingleSelPopup@@UAAPAXI@Z
1,0x12efdc,??_GCSingleSelPopup@@UAAPAXI@Z
1,0x19bbd4,?NextFlashFrame@heroWindowManager@@QAAXHHHHH@Z
1,0x841d4,?ScrollTo@combatManager@@QAA_NHH_N00@Z
1,0xa6180,?GetName@playerData@@QAAPADXZ
1,0x18b414,?UpdateMarketBackpack@TSellArtifactWindow@@AAAXXZ
3,0x1f4d0,??_C@_0BB@NHFC@DDERR_NOCOLORKEY?$AA@
1,0x8df60,?undo@type_record_shroud@@UAAXXZ
2,0x8aa0,_IID_IDirectMusicTrack
1,0x2d28,?uninitialized_copy@std@@YAPADPBD0PAD@Z
1,0xa168,?ProcessRadarSelect@advManager@@QAAXABUmessage@@@Z
1,0xc37d8,?erase@?$vector@W4TArtifact@@V?$allocator@W4TArtifact@@@std@@@std@@QAAPAW4TArtifact@@PAW43@0@Z
3,0x1fad0,??_C@_0BI@CFBP@DDERR_IMPLICITLYCREATED?$AA@
1,0x39380,?allocate@?$_STL_alloc_proxy@PAUHeroDestination@@U1@V?$allocator@UHeroDestination@@@std@@@std@@QAAPAUHeroDestination@@I@Z
1,0x9d784,?__stl_alloc_rebind@std@@YAAAV?$allocator@V?$basic_string@DU?$char_traits@D@std@@V?$allocator@D@2@@std@@@1@AAV21@PBV?$basic_string@DU?$char_traits@D@std@@V?$allocator@D@2@@1@@Z
3,0x139bc,??_C@_03LCJI@?5?$CG?5?$AA@
3,0x2c04,??_C@_0M@OPOD@Regener?4wav?$AA@
1,0x90008,?destroy@std@@YAXPAPAVtype_event_record@@@Z
2,0x51a0,??_7resource@@6B@
3,0x1bd34,?bEnteringTown@@3HA
1,0x8ef38,??0type_record_show_boat@@IAA@XZ
1,0x8efd8,??1type_record_show_boat@@UAA@XZ
1,0x8fde4,?__copy@std@@YAPAUtype_shroud_change@type_record_shroud@@PAU23@00Urandom_access_iterator_tag@1@PAH@Z
1,0xbf21c,?resize@?$vector@Vboat@@V?$allocator@Vboat@@@std@@@std@@QAAXIABVboat@@@Z
1,0x122e2c,??0?$_Rb_tree@VTCacheMapKey@ResourceManager@@U?$pair@$$CBVTCacheMapKey@ResourceManager@@PAVresource@@@std@@U?$_Select1st@U?$pair@$$CBVTCacheMapKey@ResourceManager@@PAVresource@@@std@@@4@U?$less@VTCacheMapKey@ResourceManager@@@4@V?$allocator@U?$pai45d428f2
1,0x122fdc,?_M_empty_initialize@?$_Rb_tree@VTCacheMapKey@ResourceManager@@U?$pair@$$CBVTCacheMapKey@ResourceManager@@PAVresource@@@std@@U?$_Select1st@U?$pair@$$CBVTCacheMapKey@ResourceManager@@PAVresource@@@std@@@4@U?$less@VTCacheMapKey@ResourceManager@@@4@Vbbdabad2
3,0x1e3d0,??_C@_08NIIK@TBNcdw_0?$AA@
1,0x71698,?destroy@std@@YAXPAW4TArtifact@@0@Z
1,0x718bc,?destroy@std@@YAXPAW4TArtifact@@@Z
1,0x146324,?GetDeviceDesc@TSingleSelectionWindow@@QAA_N_N@Z
3,0x1eff0,??_C@_0M@LFNA@CrStkPU?4pcx?$AA@
1,0x4718,?__destroy_aux@std@@YAXPAH0U__true_type@@@Z
1,0x290d8,?__destroy_aux@std@@YAXPAJ0U__true_type@@@Z
1,0x4f2e8,?GetArmyLuck@armyGroup@@QBAHHPBVhero@@PBVtown@@_N2@Z
3,0x2e90,??_C@_0N@JIMH@AdStatin?4pcx?$AA@
1,0x8bf20,?SysMsgChat@CDPlay@@MAA_NPAUDPMSG_CHAT@@K@Z
1,0x19877c,?FindNext@CFindFile@@QAA_NXZ
3,0xaad0,??_C@_19FEDI@?$AAt?$AAe?$AAs?$AAt?$AA?$AA@
1,0x57b98,?Draw@textButton@@UBAXXZ
1,0x123e8c,?set@type_artifact_offering@@QAAXABUtype_artifact@@W4TArtifactSlot@@PBVhero@@@Z
3,0x13750,??_C@_05JCH@SPACE?$AA@
1,0x112208,?AI_RecruitRefugees@@YAXPAVhero@@W4TCreatureType@@AAF@Z
2,0x5ea4,??_7CSwapMgrNetMsgHandler@@6B@
1,0x19c7dc,__negd
1,0x9cfe0,?end@?$vector@W4SpellID@@V?$allocator@W4SpellID@@@std@@@std@@QAAPAW4SpellID@@XZ
1,0x1e448,?DoAdventureOptions@advManager@@QAAXXZ
1,0xc2d50,?resize@?$vector@W4TArtifact@@V?$allocator@W4TArtifact@@@std@@@std@@QAAXI@Z
1,0xc038,?restore_cell@type_cell_adjuster@@QAAXXZ
3,0x5d7c,??_C@_0N@OEJ@SgRmTw21?4pcx?$AA@
1,0x6465c,?__uninitialized_fill_n@std@@YAPAUtype_artifact@@PAU2@IABU2@0@Z
1,0x8b960,?HandleSystemLobbyMsg@CDPlayLobby@@MAA_NKPAVCDPlayMsg@@@Z
1,0xbe950,??0?$_Vector_base@W4TArtifact@@V?$allocator@W4TArtifact@@@std@@@std@@QAA@ABV?$allocator@W4TArtifact@@@1@@Z
3,0x1d204,??_C@_07NEAK@TOTCas3?$AA@
2,0xe0c,??_7type_bottom_view_window@@6B@
1,0xbe680,??0?$vector@PAVtype_event_record@@V?$allocator@PAVtype_event_record@@@std@@@std@@QAA@ABV?$allocator@PAVtype_event_record@@@1@@Z
1,0xd59d0,??_ETHeroScreenWindow@@UAAPAXI@Z
1,0xd59d0,??_GTHeroScreenWindow@@UAAPAXI@Z
1,0x3af10,?__destroy_aux@std@@YAXPAPAVtype_artifact_effect@@0U__false_type@@@Z
1,0x79418,?max@?$_Integer_limits@E$0A@$0PP@$0?0@std@@SAEXZ
1,0xfb2fc,?__destroy@std@@YAXPAVTTimedEvent@@00@Z
1,0x20958,?begin@?$vector@Vmine@@V?$allocator@Vmine@@@std@@@std@@QAAPAVmine@@XZ
1,0xf9b40,?__stl_alloc_rebind@std@@YAAAV?$allocator@VBlackBoxData@@@1@AAV21@PBVBlackBoxData@@@Z
3,0xa6c4,??_C@_0L@ODMF@citrog?4def?$AA@
1,0x188dd8,?SetWidgetOn@TBuyArtifactWindow@@AAAXF@Z
1,0x48f8,?__uninitialized_copy_aux@std@@YAPAHPAH00U__true_type@@@Z
1,0x46c0,?__uninitialized_fill_n@std@@YAPAHPAHIABH0@Z
1,0x205c8,??A?$vector@Utype_university@@V?$allocator@Utype_university@@@std@@@std@@QAAAAUtype_university@@I@Z
1,0xc2fdc,?resize@?$vector@Utype_university@@V?$allocator@Utype_university@@@std@@@std@@QAAXI@Z
3,0x1d2c0,??_C@_07NPFL@TOTTit1?$AA@
1,0x8eeb0,??0type_record_hide_boat@@IAA@XZ
1,0x8ef20,??1type_record_hide_boat@@UAA@XZ
3,0x16ca4,??_C@_0N@ILDE@AltarArt?4pcx?$AA@
3,0xcc,__imp___wcsicmp
3,0x3054,??_C@_09OIPB@Good2?4h3c?$AA@
3,0x2b114,?MemBuffer@@3U_MEMORYSTATUS@@A
1,0x85a48,?DrawCreature@combatManager@@QAAHPBVCSprite@@HHHHPAUSLimitData@@H_NH@Z
1,0xcc348,?AddSpell@hero@@QAAXH@Z
3,0x3283c,?MP3stream@@3PAVds_streamsample@@A
2,0x4778,??_7TLevelUpWindow@@6B@
3,0x3187c,?BitmapResourceFile@@3VLODFile@@A
1,0x158618,?_S_parent@?$_Rb_tree@W4SpellID@@W41@U?$_Identity@W4SpellID@@@std@@U?$less@W4SpellID@@@3@V?$allocator@W4SpellID@@@3@@std@@KAAAPAU?$_Rb_tree_node@W4SpellID@@@2@PAU32@@Z
1,0x15f198,??1CSwapManagerChatEdit@@UAA@XZ
3,0x3120,??_C@_03EHAE@e2c?$AA@
1,0xfe9d4,??0mouseManager@@QAA@XZ
1,0x1987ec,?IsSystem@CFindFile@@QAA_NXZ
1,0x208a4,??0reference@?$bitset@$0DA@K@std@@QAA@AAV12@I@Z
1,0x509cc,??0reference@?$bitset@$0BC@K@std@@QAA@AAV12@I@Z
1,0x53c5c,?import@Bitmap816@@QAAXHHPAEAAVTPalette16@@H@Z
3,0x3104,??_C@_03FPBE@g3b?$AA@
3,0xb2e8,??_C@_0BF@KLDA@Invalid?5parameter?$CIs?$CJ?$AA@
1,0xf7078,??0reference@?$bitset@$0EG@K@std@@QAA@AAV12@I@Z
1,0x1532f8,?find_demonic_resurrection_target@combatManager@@QAAPAVarmy@@HH@Z
1,0x71548,?push_back@?$vector@W4TArtifact@@V?$allocator@W4TArtifact@@@std@@@std@@QAAXABW4TArtifact@@@Z
1,0x82ed0,?ExitDialog@TSkuttleBoatWindow@@UAAHAAUmessage@@@Z
3,0x13610,??_C@_0BJ@NKOC@incomplete?5distance?5tree?$AA@
1,0x182dc0,??1TTradeResourceWindow@@UAA@XZ
1,0x57e7c,??1type_func_button@@UAA@XZ
3,0x31110,?msr1@@3UtagRECT@@A
2,0x784c,??_7heroWindowManager@@6B@
1,0xbfdb4,??0?$_STL_alloc_proxy@PAVboat@@V1@V?$allocator@Vboat@@@std@@@std@@QAA@ABV?$allocator@Vboat@@@1@ABQAVboat@@@Z
1,0x1964dc,?WindowHandler@TViewWorldWindow@@UAAHAAUmessage@@@Z
1,0x198548,?GetAttribute@File@@QAA?AW4FileAttribute@@PAD@Z
1,0x228e8,?Identify@advManager@@QAAXW4TSkillMastery@@@Z
1,0x3b048,?__uninitialized_fill_n_aux@std@@YAPAUpathCell@@PAU2@IABU2@U__false_type@@@Z
1,0xd544c,?get_primary_skill_total@hero@@QBAFXZ
1,0xd6bd4,?CanAfford@@YA_NQBJ0@Z
1,0xf5808,?clear@?$vector@VTSeerHut@@V?$allocator@VTSeerHut@@@std@@@std@@QAAXXZ
1,0x1069fc,?SetupNewOverviewType@game@@QAAXH_N@Z
1,0x1a520,?DemobilizeCurrHero@advManager@@QAAX_N0@Z
3,0x6fec,??_C@_0L@NBGD@CHrPop?4pcx?$AA@
1,0x8c390,??_GCDPlayAddressElement@@QAAPAXI@Z
1,0x168e24,?SetTown@townManager@@QAAXPAVtown@@@Z
1,0x16842c,?initialize@town@@QAAXPBUTownExtra@@@Z
2,0x81e0,_GUID_XAxis
2,0x81f0,_GUID_YAxis
2,0x8200,_GUID_ZAxis
3,0x2e614,?ddsurf@@3PAUIDirectDrawSurface4@@A
3,0x15aa4,?bitmapBorderDynamic@@3PAPAVbitmapBorder@@A
1,0x18ad48,?ComputeTradeRatios@TTradeResourceWindow@@AAAXHHPAH00@Z
1,0x63704,?LootDeadHero@combatManager@@QAAXHAAV?$vector@Utype_artifact@@V?$allocator@Utype_artifact@@@std@@@std@@@Z
1,0x128a18,??A?$vector@PAVsample@@V?$allocator@PAVsample@@@std@@@std@@QAAAAPAVsample@@I@Z
1,0x3a00c,?allocate@?$_STL_alloc_proxy@PAPAUpathCell@@PAU1@V?$allocator@PAUpathCell@@@std@@@std@@QAAPAPAUpathCell@@I@Z
1,0xfa2c4,??0?$_Vector_base@W4SpellID@@V?$allocator@W4SpellID@@@std@@@std@@QAA@IABV?$allocator@W4SpellID@@@1@@Z
1,0x135da8,?ShowWidget@TSingleSelectionWindow@@QAAXH@Z
3,0x1dcc8,??_C@_08LBIE@TBRmhal3?$AA@
1,0x8f59c,?clear@?$vector@PAVtype_event_record@@V?$allocator@PAVtype_event_record@@@std@@@std@@QAAXXZ
1,0x8d8b4,?replay@type_record_show_hero@@UAAX_N@Z
3,0x3278,?aFullRegionTraits@?%E:\gamedcs\campaignmap.cpp64671830@@3PAUTRegionTraits@TCampaignMapTraits@@A
3,0x3108,??_C@_03PFID@g3c?$AA@
1,0x80174,_SmackUseMMX
1,0xfea50,??1mouseManager@@UAA@XZ
3,0x310e0,?mdr1@@3UtagRECT@@A
3,0x16554,??_C@_03IAND@nec?$AA@
1,0x19ad18,?DoDialog@heroWindowManager@@QAAHPAVheroWindow@@P6AHAAUmessage@@@ZH@Z
3,0x311c,??_C@_03ONJD@e2b?$AA@
1,0xf6468,??0?$_Vector_base@VCObjectType@@V?$allocator@VCObjectType@@@std@@@std@@QAA@ABV?$allocator@VCObjectType@@@1@@Z
1,0xfa81c,?fill@std@@YAXPAUTObjectCell@NewmapCell@@0ABU23@@Z
3,0x1655c,??_C@_03FEKE@str?$AA@
1,0xe8098,?Delay@GameTime@@YAXH@Z
3,0x16c5c,??_C@_03EFID@fed?$AA@
1,0x198830,?IsHidden@CFindFile@@QAA_NXZ
1,0x63d78,?end@?$_Rb_tree@W4SpellID@@W41@U?$_Identity@W4SpellID@@@std@@U?$less@W4SpellID@@@3@V?$allocator@W4SpellID@@@3@@std@@QBA?AU?$_Rb_tree_iterator@W4SpellID@@U?$_Const_traits@W4SpellID@@@std@@@2@XZ
1,0xbfbd8,??0?$_STL_alloc_proxy@PAVmine@@V1@V?$allocator@Vmine@@@std@@@std@@QAA@ABV?$allocator@Vmine@@@1@ABQAVmine@@@Z
1,0xbfb2c,?deallocate@?$_STL_alloc_proxy@PAUSign@@U1@V?$allocator@USign@@@std@@@std@@QAAXPAUSign@@I@Z
3,0x1e7a8,??_C@_08OFHL@TBSthrd3?$AA@
2,0x7ab0,_GUID_DDMoreSurfaceCaps
1,0x3990c,?sort@std@@YAXPAUtype_creature_value@@0U?$greater@Utype_creature_value@@@1@@Z
1,0x164570,?uninitialized_fill_n@std@@YAPAPAV?$vector@PADV?$allocator@PAD@std@@@1@PAPAV21@IABQAV21@@Z
1,0x390b4,??0?$_Vector_base@UHeroDestination@@V?$allocator@UHeroDestination@@@std@@@std@@QAA@ABV?$allocator@UHeroDestination@@@1@@Z
1,0x5b2bc,??C?$TResourcePtr@VTTextResource@@@@QBAPAVTTextResource@@XZ
1,0x6a488,?SendChat@CCombatChatEdit@@UAAXPBDH@Z
1,0xc8e08,??_GTRumour@game@@QAAPAXI@Z
1,0xc7100,?__uninitialized_fill_n@std@@YAPAUTRumour@game@@PAU23@IABU23@0@Z
1,0x10d510,?ShowStatus@@YAXXZ
1,0x89934,?GetChannelIndex@ds_engine@@QAAJXZ
3,0x1cf8c,??_C@_08HDMN@TOCsDkNS?$AA@
1,0x115f64,?AI_attempt_puzzle_guess@@YA?AUtype_point@@J@Z
1,0x162988,?begin@?$vector@PADV?$allocator@PAD@std@@@std@@QAAPAPADXZ
1,0x37acc,?AI_swap_artifacts@@YAXPAVhero@@0@Z
1,0x6a2c0,?DrawChatEdit@TCombatWindow@@QAAX_N@Z
1,0xa7414,?loadString@game@@SAHPAXAAV?$basic_string@DU?$char_traits@D@std@@V?$allocator@D@2@@std@@@Z
3,0x14444,??_C@_1CM@LFFI@?$AAM?$AAa?$AAi?$AAn?$AA?5?$AAG?$AAa?$AAm?$AAe?$AA?5?$AAF?$AAu?$AAl?$AAl?$AA?5?$AAS?$AAc?$AAr?$AAe?$AAe@
1,0x129534,?uninitialized_fill_n@std@@YAPAUtype_artifact_offering@@PAU2@IABU2@@Z
1,0x15de40,?swap_side@swapManager@@QAAXXZ
1,0xbff84,??0?$_STL_alloc_proxy@PAVhero@@V1@V?$allocator@Vhero@@@std@@@std@@QAA@ABV?$allocator@Vhero@@@1@ABQAVhero@@@Z
3,0x2e544,?insideProcessMessage@@3_NA
1,0x2deac,?mark_towns@type_town_threat_checker@@IAAXPAVhero@@PAVsearchArray@@@Z
1,0x6a3e8,?get_help_text@widget@@QBAPBDXZ
1,0x6e898,?get_surrender_cost@combatManager@@AAAJXZ
1,0xbfa40,??0?$_STL_alloc_proxy@PAVtown@@V1@V?$allocator@Vtown@@@std@@@std@@QAA@ABV?$allocator@Vtown@@@1@ABQAVtown@@@Z
3,0x190,__imp__RegOpenKeyExW
3,0x31e0,??_C@_02JNEJ@e2?$AA@
3,0xd318,??_C@_02HFBK@?3?5?$AA@
3,0x13c0c,?gbNoDialogMenusOn@@3HA
1,0x153904,?mark_area_effect@combatManager@@QAAXJJ_NAAV?$vector@PAVarmy@@V?$allocator@PAVarmy@@@std@@@std@@@Z
3,0x1ed0c,??_C@_02JJJH@?6?6?$AA@
3,0x3070,??_C@_09EINE@Good3?4h3c?$AA@
1,0xc7c94,?__destroy_aux@std@@YAXPAVCObjectType@@0U__false_type@@@Z
3,0x1ed94,??_C@_0M@GOID@TPTav02?4def?$AA@
1,0x38938,?clear@?$vector@Utype_creature_value@@V?$allocator@Utype_creature_value@@@std@@@std@@QAAXXZ
1,0x5b2d4,?release@?$TAutoArrayPtr@D@@QBAPADXZ
3,0x11dc0,??_C@_0N@DDLD@HPS118Bs?4PCX?$AA@
1,0x120934,??0resource@@QAA@PBDW4EResourceType@@@Z
1,0x15ee50,?GetOtherHero@swapManager@@QAAPAVhero@@XZ
3,0x2db38,?gbNoDismiss@@3HA
3,0x3130,??_C@_03LBOG@s1c?$AA@
3,0x30dc,??_C@_03NING@g1c?$AA@
3,0x11920,??_C@_0N@OMAI@HPS081Ov?4PCX?$AA@
3,0x1db9c,??_C@_08BOGJ@TBCsdw_1?$AA@
3,0x11c20,??_C@_0N@FIFD@HPS105Bm?4PCX?$AA@
3,0x1f004,??_C@_0L@ELEF@imrl42?4def?$AA@
1,0x2e094,?get_resource_value@type_AI_player@@QBAJQAH@Z
1,0x44d50,?ComputeKarma@army@@ABANXZ
3,0x11860,??_C@_0N@FIKG@HPS075Nc?4PCX?$AA@
2,0x2fc8,??_7font@@6B@
3,0x11210,??_C@_0N@BHOP@HPL024Dr?4PCX?$AA@
1,0xfabe8,?fill@std@@YAXPAVMonsterData@@0ABV2@@Z
1,0x9d3f0,??0?$_STL_alloc_proxy@PAW4SpellID@@W41@V?$allocator@W4SpellID@@@std@@@std@@QAA@ABV?$allocator@W4SpellID@@@1@ABQAW4SpellID@@@Z
1,0xb62f8,?CancelComputerScreen@game@@QAAXXZ
3,0x1382c,??_C@_0N@CJAH@loadprog?4def?$AA@
1,0x4c3ac,?cast_caliph_spell@army@@QAAXJ@Z
1,0x7c648,?OnClaimGarrison@advManager@@QAAXPAVCMapChange@@@Z
1,0x8f2c8,??0CMCClaimMine@@QAA@CH@Z
1,0xbc974,?FillGarden@ExtraInfoUnion@@QAAXW4EGameResource@@@Z
3,0x117c0,??_C@_0N@ELAO@HPS070Dk?4PCX?$AA@
1,0x114bec,??A?$vector@Utype_creature_value@@V?$allocator@Utype_creature_value@@@std@@@std@@QBAABUtype_creature_value@@I@Z
1,0x120390,??8std@@YA_NABU?$_Deque_iterator_base@PAVCNetMsg@@U?$_Buf_size_traits@PAVCNetMsg@@$0A@@std@@@0@0@Z
1,0x120928,??9std@@YA_NABU?$_Deque_iterator_base@PAVCNetMsg@@U?$_Buf_size_traits@PAVCNetMsg@@$0A@@std@@@0@0@Z
1,0x3948c,?allocate@?$allocator@UHeroDestination@@@std@@QBAPAUHeroDestination@@IPBX@Z
1,0x57234,?SetPalette@button@@QAAXPBD@Z
3,0x33b2c,?GameText@@3PBVTTextResource@@B
1,0x1f8a4,?DrawHeroShadow@CSprite@@QBAXHHHHHHPAVBitmap16Bit@@HH_N@Z
1,0x3d56c,?get_mastery_value@type_enchant_data@@QBAJXZ
1,0x4cf68,?erase@?$vector@PAVarmy@@V?$allocator@PAVarmy@@@std@@@std@@QAAPAPAVarmy@@PAPAV3@0@Z
1,0x4ce3c,?erase@?$vector@PAVarmy@@V?$allocator@PAVarmy@@@std@@@std@@QAAPAPAVarmy@@PAPAV3@@Z
1,0x18fc4,?UpdBottomViewNewTurn@advManager@@AAA_N_N@Z
1,0x3886c,??A?$vector@Utype_creature_value@@V?$allocator@Utype_creature_value@@@std@@@std@@QAAAAUtype_creature_value@@I@Z
1,0x38380,??_Etype_movement_artifact@@UAAPAXI@Z
1,0x38380,??_Gtype_movement_artifact@@UAAPAXI@Z
1,0xc8a14,?destroy@std@@YAXPAVmine@@@Z
3,0x117b0,??_C@_0N@HEGB@HPL069Dk?4PCX?$AA@
1,0x2d310,?destroy@std@@YAXPAUtype_monster_data@@@Z
1,0x8db94,?replay@type_record_player_death@@UAAX_N@Z
3,0x16548,??_C@_03IIDG@ram?$AA@
3,0xa6ec,??_C@_0L@LFED@charph?4def?$AA@
1,0xa1430,?ValidFlight@army@@QBA_NH_N@Z
1,0xbc6b8,?begin@?$vector@_NV?$allocator@_N@std@@@std@@QBA?AU?$_Bit_iter@_NPB_N@2@XZ
3,0x1370c,??_C@_03LFBG@del?$AA@
1,0x58a28,?SetupCurrentTerritory@TCampaignBrief@@QAAXXZ
1,0xd3cfc,?add_to_backpack@hero@@QAA_NABUtype_artifact@@J@Z
3,0x11bb0,??_C@_0N@KMPJ@HPL101Br?4PCX?$AA@
3,0x11750,??_C@_0N@MJCE@HPL066Dk?4PCX?$AA@
3,0x11760,??_C@_0N@MKMI@HPS067Dk?4PCX?$AA@
1,0x11ecbc,?Setup@CGameTransferSmack@@QAAXHH_N0@Z
1,0x293e8,?__pop_heap@std@@YAXPAPAVarmy@@00PAV2@Vfunc_moves_before@@PAH@Z
1,0x38e08,??0?$allocator@PAVtype_artifact_effect@@@std@@QAA@XZ
1,0x39248,??1?$_STL_alloc_proxy@PAUHeroDestination@@U1@V?$allocator@UHeroDestination@@@std@@@std@@QAA@XZ
1,0x54744,?Main@coloredBorderFrame@@UAAHAAUmessage@@@Z
3,0x310c,??_C@_03CJNF@e1a?$AA@
3,0xcc10,?gbInSmackMgr@@3HA
1,0xc71b0,?_M_insert_overflow@?$vector@Vgenerator@@V?$allocator@Vgenerator@@@std@@@std@@IAAXPAVgenerator@@ABV3@I@Z
1,0x128ce4,?deallocate@?$_STL_alloc_proxy@PAPAVtextWidget@@PAV1@V?$allocator@PAVtextWidget@@@std@@@std@@QAAXPAPAVtextWidget@@I@Z
1,0x10fa84,?get_raw_spell_value@type_spellvalue@@QBAJW4SpellID@@@Z
1,0x195ffc,?draw_window@TViewWorldWindow@@QAAXXZ
1,0x26600,?mark_firewalls@combatManager@@AAAXPBVarmy@@PAJAAVtype_AI_combat_parameters@@@Z
1,0x42f84,??0?$_Vector_base@PAVarmy@@V?$allocator@PAVarmy@@@std@@@std@@QAA@IABV?$allocator@PAVarmy@@@1@@Z
1,0x4a7ac,?attack_hex@army@@QAA_NH_N@Z
1,0x654a0,??0TCombatHeroSubWindow@@QAA@HHHHPAVheroWindow@@@Z
3,0x1679c,??_C@_08HJAI@game?4log?$AA@
3,0x1a9c4,??_C@_08JGKH@Cure?4wav?$AA@
1,0x63c58,?clear@?$vector@UTObstacle@combatManager@@V?$allocator@UTObstacle@combatManager@@@std@@@std@@QAAXXZ
1,0xd2d58,?UpdateStats@hero@@QAAXXZ
3,0x15b74,??_C@_0M@CBLK@OvButn1?4def?$AA@
2,0x7820,??_7File@@6B@
1,0x1984a8,?Close@File@@UAA_NXZ
3,0x10f10,??_C@_0N@PLGP@HPL000Kn?4PCX?$AA@
1,0x122b2c,?AdjustHSV@Bitmap24Bit@@QAAXMMMM@Z
3,0x1cfec,??_C@_08EDAJ@TOCsMon1?$AA@
2,0x7288,?_dist_code@@3QBEB
1,0x9512c,?DoEventResource@advManager@@AAAXPAVNewmapCell@@PAVhero@@Utype_point@@_N@Z
1,0x1651d8,??0bitmapBackedTextWidget@@QAA@HHHHPBD00W4TColor@font@@HIH@Z
1,0x64778,?__uninitialized_fill_n_aux@std@@YAPAUtype_artifact@@PAU2@IABU2@U__false_type@@@Z
1,0xd53a0,?modify_spell_damage@hero@@QBAJW4SpellID@@HPBVarmy@@@Z
1,0x11fd08,??_ECLevelPickWaitDlg@@UAAPAXI@Z
1,0x11fd08,??_GCLevelPickWaitDlg@@UAAPAXI@Z
1,0x122d38,?find@?$map@VTCacheMapKey@ResourceManager@@PAVresource@@U?$less@VTCacheMapKey@ResourceManager@@@std@@V?$allocator@U?$pair@$$CBVTCacheMapKey@ResourceManager@@PAVresource@@@std@@@5@@std@@QAA?AU?$_Rb_tree_iterator@U?$pair@$$CBVTCacheMapKey@ResourceMa3d413cbd
1,0x1293c8,?allocate@?$_STL_alloc_proxy@PAPAVtextWidget@@PAV1@V?$allocator@PAVtextWidget@@@std@@@std@@QAAPAPAVtextWidget@@I@Z
1,0x126944,?empty_backpack@type_sacrifice_window@@CAHAAUmessage@@@Z
1,0x141450,?OnChatWindowSlider@TSingleSelectionWindow@@QAAXH@Z
3,0xf68,?_S_free_list@?$__node_alloc@$0A@$0A@@std@@0PAPAV_Node_alloc_obj@2@A
1,0xc329c,?allocate@?$allocator@VCObject@@@std@@QBAPAVCObject@@IPBX@Z
1,0x3a73c,?iterator_category@std@@YA?AUrandom_access_iterator_tag@1@PBUtype_creature_source@@@Z
1,0x8ffb0,?__uninitialized_fill_n_aux@std@@YAPAPAVtype_event_record@@PAPAV2@IABQAV2@U__false_type@@@Z
1,0x181498,??_ETTownScreenWindow@@UAAPAXI@Z
1,0x181498,??_GTTownScreenWindow@@UAAPAXI@Z
3,0xb6e4,??_C@_09CL@Chest?4wav?$AA@
1,0xf0824,?saveMonsterData@NewfullMap@@QAAHPAXAAVMonsterData@@@Z
3,0x1d9b8,??_C@_08MHCJ@TOFFly2a?$AA@
3,0xb3c4,??_C@_0N@DFEG@No?5interface?$AA@
1,0xbfff8,?deallocate@?$allocator@Utype_point@@@std@@SAXPAUtype_point@@I@Z
3,0x1dd40,??_C@_08ECBE@TBRmext1?$AA@
1,0x1c7e4,?ScreenScroll@advManager@@QAAXHH@Z
1,0xbf2f4,??1?$_Vector_base@Vboat@@V?$allocator@Vboat@@@std@@@std@@QAA@XZ
1,0xfe150,??0TPickANumber@@QAA@HH@Z
1,0x38e0c,??1?$allocator@PAVtype_artifact_effect@@@std@@QAA@XZ
1,0x74060,?get_Name@resource@@QBAPBDXZ
1,0xf4790,??0TreasureData@@QAA@XZ
1,0x10d514,??0philAI@@QAA@XZ
1,0x1021f8,??1CMPEdit@@UAA@XZ
1,0x17aa28,?WindowHandler@TTavernWindow@@UAAHAAUmessage@@@Z
3,0x1430,?gbLastCheaterState@@3HA
1,0x2bad8,?choose_melee@type_AI_combat_data@@IBA_NABV1@W4type_speed_catagory@@@Z
1,0xdda30,?Close@inputManager@@UAAXXZ
1,0x39e10,?destroy@std@@YAXPAPAVtype_artifact_effect@@0@Z
1,0x3b5b8,?destroy@std@@YAXPAPAVtype_artifact_effect@@@Z
1,0xd7774,??_ETHillFortWindow@@UAAPAXI@Z
1,0xd7774,??_GTHillFortWindow@@UAAPAXI@Z
3,0xb7b4,??_C@_0N@FEPM@killfade?482M?$AA@
1,0xc5adc,?__copy@std@@YAPAVmine@@PAV2@00Urandom_access_iterator_tag@1@PAH@Z
3,0x1e9ac,??_C@_08NCKK@TBFrext2?$AA@
1,0xa4c08,?LoadObeliskPool@game@@AAAHPAX@Z
1,0xbe268,?end@?$vector@Vboat@@V?$allocator@Vboat@@@std@@@std@@QAAPAVboat@@XZ
1,0x64428,?allocate@?$allocator@Utype_artifact@@@std@@QBAPAUtype_artifact@@IPBX@Z
1,0xdda54,?Flush@inputManager@@QAAXXZ
3,0x1e8f8,??_C@_08IPNK@TBFrcas2?$AA@
3,0x1e4,__imp__sin
1,0x9dc7c,?__uninitialized_fill_n@std@@YAPAV?$basic_string@DU?$char_traits@D@std@@V?$allocator@D@2@@1@PAV21@IABV21@0@Z
3,0xac,__imp__div
1,0xbd3a0,??0CMCHideHero@@QAA@H@Z
3,0x137e4,?bEarlySetupDone@@3HA
3,0x1f304,??_C@_0BJ@CBME@DDERR_ALREADYINITIALIZED?$AA@
1,0xc148c,?_M_insert_overflow@?$vector@Utype_university@@V?$allocator@Utype_university@@@std@@@std@@IAAXPAUtype_university@@ABU3@I@Z
1,0xdff5c,?ShowCredits@@YAXXZ
1,0xfc168,?__uninitialized_copy@std@@YAPAUSecondarySkillData@@PAU2@000@Z
1,0x642dc,?__stl_alloc_rebind@std@@YAAAV?$allocator@I@1@AAV?$allocator@_N@1@PBI@Z
1,0x69244,?Close@TCombatResultsWindow@@UAAX_N@Z
3,0x2e4e0,?gpGame@@3PAVgame@@A
1,0xf4908,??0TTimedEvent@@QAA@XZ
1,0x142fac,?TurnChatOff@TSingleSelectionWindow@@QAAX_N@Z
1,0x5af64,?InitializeCampaignMapTraitsTable@@YA_NXZ
2,0x4954,??_7CMPEdit@@6B@
1,0x3915c,?begin@?$vector@PAVtype_artifact_effect@@V?$allocator@PAVtype_artifact_effect@@@std@@@std@@QAAPAPAVtype_artifact_effect@@XZ
1,0x39160,?begin@?$vector@PAVtype_artifact_effect@@V?$allocator@PAVtype_artifact_effect@@@std@@@std@@QBAPBQAVtype_artifact_effect@@XZ
1,0x8f090,??0type_record_hide_hero@@IAA@XZ
1,0x8ec60,??0type_record_move_hero@@IAA@XZ
1,0x8f100,??1type_record_hide_hero@@UAA@XZ
1,0x8ed00,??1type_record_move_hero@@UAA@XZ
1,0x11f848,??_ECChatEdit@@UAAPAXI@Z
1,0x11f848,??_GCChatEdit@@UAAPAXI@Z
3,0x1704c,?g_wasHuman@@3PAHA
1,0x36fec,??0type_creature_growth_artifact@@QAA@JJ@Z
1,0x394b4,?deallocate@?$allocator@UHeroDestination@@@std@@SAXPAUHeroDestination@@I@Z
1,0xc707c,?__uninitialized_copy@std@@YAPAUTRumour@game@@PAU23@000@Z
1,0xc79a8,?distance_type@std@@YAPAHPBUtype_university@@@Z
1,0xf48bc,??1TreasureData@@QAA@XZ
1,0x12d758,?GetRewardType@TSeerHut@@AAAHXZ
1,0x140450,?OnPingResponseMsg@TSingleSelectionWindow@@QAAXPAVCNetMsg@@_N@Z
1,0x19c8e4,_CloseHandle
1,0x2d58,??0message@@QAA@XZ
1,0x386f8,??1type_creature_growth_artifact@@UAA@XZ
1,0xf5a70,??0?$allocator@VTTownEvent@@@std@@QAA@XZ
1,0xf5a78,??1?$allocator@VTTownEvent@@@std@@QAA@XZ
3,0x316e4,?SpriteResourceFile@@3VLODFile@@A
2,0x8c84,__IMPORT_DESCRIPTOR_PLATUTIL
2,0x8580,_IID_IDirectMusicCollection
1,0x2b408,?inflict_melee_damage@type_AI_combat_data@@IAAJJJJ@Z
1,0x5fd10,?DamageWall@combatManager@@QAAXW4TWallTargetId@@H@Z
1,0xf59ec,?resize@?$vector@VTTownEvent@@V?$allocator@VTTownEvent@@@std@@@std@@QAAXI@Z
1,0x19ca4c,_PostMessageW
3,0x16560,??_C@_03ILIA@for?$AA@
3,0x16544,??_C@_03PJPA@cas?$AA@
3,0x159e8,??_C@_03PFPA@RMT?$AA@
1,0x20748,?clear@?$vector@Utype_dialog_resource@@V?$allocator@Utype_dialog_resource@@@std@@@std@@QAAXXZ
3,0x1d4cc,??_C@_07DJNP@TONHal1?$AA@
3,0x2c9d8,?gcTCPAddress@@3PADA
1,0xd72f4,?HandleClick@THillFortWindow@@AAAXAAUmessage@@@Z
1,0x28be0,?__lg@std@@YAHH@Z
3,0xd234,?fCreatureEfficency@@3PAMA
3,0x1d6ac,??_C@_08KMIL@TODportA?$AA@
1,0x8a1f8,?CreatePlayer@CDPlay@@UAAKPADPAXK1@Z
3,0x1b24c,??_C@_0M@CIMG@regions?4txt?$AA@
3,0x1e5ec,??_C@_08NFMG@TBDndw_1?$AA@
3,0x1706c,?saveHeader@@3PAVgame@@A
1,0x14b270,?Close@soundManager@@UAAXXZ
1,0x156ec4,?Earthquake@combatManager@@QAAXH@Z
1,0xc57c0,?distance_type@std@@YAPAHPBUTBlackMarket@@@Z
1,0xf9a08,?copy@std@@YAPAVTTimedEvent@@PAV2@00@Z
1,0x391d0,??1?$_Vector_base@PAVtype_artifact_effect@@V?$allocator@PAVtype_artifact_effect@@@std@@@std@@QAA@XZ
1,0xc5a6c,?__copy@std@@YAPAUSign@@PAU2@00Urandom_access_iterator_tag@1@PAH@Z
1,0xbb41c,?get_random_lith@game@@QBA_NJJAAUtype_point@@@Z
1,0x18a02c,?Update@TSellArtifactWindow@@QAAX_N@Z
3,0xa4d0,??_C@_0L@LGNC@chhoun?4def?$AA@
1,0x8f118,??0type_record_show_hero@@IAA@XZ
1,0x8f1b8,??1type_record_show_hero@@UAA@XZ
1,0xc3adc,?destroy@std@@YAXPAVCObject@@0@Z
1,0xf4928,??1TTimedEvent@@QAA@XZ
1,0x1648f0,?copy_backward@std@@YAPAPAV?$vector@PADV?$allocator@PAD@std@@@1@PAPAV21@00@Z
3,0x40,__imp___modls
1,0x20988,?begin@?$vector@Utype_university@@V?$allocator@Utype_university@@@std@@@std@@QAAPAUtype_university@@XZ
3,0x16c60,??_C@_15DADC@?$AA?5?$AA?6?$AA?$AA@
3,0x1dfbc,??_C@_08CMJO@TBTwdw_1?$AA@
1,0x18f428,?set_selection_mode@type_university_window@@IAAXXZ
1,0x44f0c,?add_aura@army@@QAAXXZ
1,0x9da00,?__copy@std@@YAPAUTObjectCell@NewmapCell@@PAU23@00Urandom_access_iterator_tag@1@PAH@Z
3,0x1f034,??_C@_0N@PKMI@iViewCr2?4def?$AA@
2,0x8800,_CLSID_DirectMusicBandTrack
3,0x30f4,??_C@_03LAOC@n1b?$AA@
1,0xbead8,?begin@?$vector@UTownExtra@@V?$allocator@UTownExtra@@@std@@@std@@QAAPAUTownExtra@@XZ
1,0xfaed4,?uninitialized_copy@std@@YAPAVTTimedEvent@@PAV2@00@Z
1,0x15f164,??_ECSwapManagerChatEdit@@UAAPAXI@Z
1,0x15f164,??_GCSwapManagerChatEdit@@UAAPAXI@Z
1,0xf5c8c,?push_back@?$vector@Vmine@@V?$allocator@Vmine@@@std@@@std@@QAAXABVmine@@@Z
1,0x91104,?DoEventArtifact@advManager@@AAAXPAVhero@@PAVNewmapCell@@Utype_point@@_N@Z
1,0xff328,?RestoreUnderlying@mouseManager@@AAAXPAUIDirectDrawSurface4@@ABUtagRECT@@@Z
1,0x121880,?Close@ResourceManager@@YAXXZ
3,0x16550,??_C@_03LANC@inf?$AA@
1,0x14c8f0,?Close@TSpellbookWindow@@UAAX_N@Z
1,0xfe2dc,?_M_initialize@?$vector@_NV?$allocator@_N@std@@@std@@IAAXI@Z
1,0x141a74,?OnRequestHeroFaceReplyMsg@TSingleSelectionWindow@@QAAXPAVCNetMsg@@_N@Z
1,0x8b808,?SendStandardLobbyMsg@CDPlayLobby@@QAA_NKPAXK@Z
3,0x13ca8,??_C@_1DM@EKE@?$AAH?$AAe?$AAr?$AAo?$AAe?$AAs?$AA?5?$AAo?$AAf?$AA?5?$AAM?$AAi?$AAg?$AAh?$AAt?$AA?5?$AAa?$AAn?$AAd?$AA?5@
1,0x27d74,?get_spell_time@army@@QBAJW4SpellID@@@Z
1,0x4cc24,?GetCroppedWidth@CSprite@@QBAHHH@Z
1,0xa1a7c,?Teleport@army@@QAAHH@Z
1,0xfd294,?destroy@std@@YAXPAVTTimedEvent@@@Z
1,0x122e24,??1?$pair@VTCacheMapKey@ResourceManager@@PAVresource@@@std@@QAA@XZ
1,0x842a8,?SetupGridForArmy@combatManager@@QAAXPBVarmy@@@Z
3,0x122cc,??_C@_0N@PMAD@HighName?4pcx?$AA@
3,0x1e724,??_C@_08NCJL@TBSthal4?$AA@
1,0x38dd0,?clear@?$vector@PAVtype_artifact_effect@@V?$allocator@PAVtype_artifact_effect@@@std@@@std@@QAAXXZ
1,0x9da38,?value_type@std@@YAPAV?$basic_string@DU?$char_traits@D@std@@V?$allocator@D@2@@1@PBV21@@Z
1,0x153884,?mark_wall_area_effect@combatManager@@QAAXJW4TSkillMastery@@AAV?$vector@JV?$allocator@J@std@@@std@@@Z
1,0x19a95c,?Close@heroWindowManager@@UAAXXZ
3,0x31d0,??_C@_02LABM@g2?$AA@
1,0x1177b4,??1TQuickHeroWindow@@UAA@XZ
3,0x1b5a4,??_C@_09BNEM@gStatDesc?$AA@
3,0x1be98,?townCheat@@3_NA
1,0x4ba88,?new_turn@army@@QAAXXZ
1,0x58a9c,?UpdateAllyEnemyFlags@TCampaignBrief@@QAAXXZ
3,0xb408,??_C@_0O@IFDC@Uninitialized?$AA@
1,0xbfdd4,?deallocate@?$_STL_alloc_proxy@PAVboat@@V1@V?$allocator@Vboat@@@std@@@std@@QAAXPAVboat@@I@Z
1,0x14f51c,?check_landmine@combatManager@@QAA_NJPAVarmy@@_N@Z
1,0x3b8c0,?__pop_heap@std@@YAXPAJ00JPAH@Z
1,0x54ba8,?Draw@bitmapBorder16@@UBAXXZ
1,0x56f54,??_ETBottomViewHero@@UAAPAXI@Z
1,0x56f54,??_GTBottomViewHero@@UAAPAXI@Z
1,0xc5c60,?distance_type@std@@YAPAHPBVboat@@@Z
1,0x158e60,?initialize@TSubWindow@@QAAXHHHHPAVheroWindow@@@Z
1,0x19caf4,_RegCloseKey
1,0xf662c,??1?$_Vector_base@VCObject@@V?$allocator@VCObject@@@std@@@std@@QAA@XZ
3,0x1f658,??_C@_0BC@PPLJ@DDERR_OUTOFMEMORY?$AA@
2,0x80e0,_IID_IDirectSound3DListener
3,0x312c,??_C@_03BLHB@s1b?$AA@
3,0x30d8,??_C@_03HCEB@g1b?$AA@
3,0x13a38,??_C@_0N@OFBA@HALLINFR?4def?$AA@
1,0xe9a28,??1?$_Vector_base@ULODEntry@@V?$allocator@ULODEntry@@@std@@@std@@QAA@XZ
3,0x15a98,?overWin@@3PAVTOverviewWindow@@A
1,0x9dc5c,?__uninitialized_copy@std@@YAPAV?$basic_string@DU?$char_traits@D@std@@V?$allocator@D@2@@1@PAV21@000@Z
1,0x28b34,?uninitialized_fill_n@std@@YAPAPAVarmy@@PAPAV2@IABQAV2@@Z
3,0x3124,??_C@_03BCOB@e2d?$AA@
1,0x394d0,?deallocate@?$allocator@PAVtype_artifact_effect@@@std@@SAXPAPAVtype_artifact_effect@@I@Z
1,0xfdb78,?SetDefaultSystemOptions@@YAXXZ
1,0x14e7ac,?set@TAutoStrPtr@?%E:\gamedcs\spelldefs.cpp1007929134@@QAAXPAD@Z
1,0x18c980,??_ETSellArtifactWindow@@UAAPAXI@Z
1,0x18c980,??_GTSellArtifactWindow@@UAAPAXI@Z
2,0x7930,_IID_IDirectDrawGammaControl
3,0x1a4,__imp__UnionRect
1,0x4950,?max_size@?$basic_string@DU?$char_traits@D@std@@V?$allocator@D@2@@std@@QBAIXZ
3,0xcbc8,?gbArrow@@3PAY07CA
2,0x76b4,??_7type_university_skill_button@@6B@
3,0xb75c,??_C@_0BC@ECBI@GetProtection?4wav?$AA@
1,0x128d80,?deallocate@?$allocator@Utype_artifact_offering@@@std@@SAXPAUtype_artifact_offering@@I@Z
1,0x169ae0,?WindowHandler@TTownGateWindow@@UAAHAAUmessage@@@Z
3,0x1dd64,??_C@_08IGGE@TBRmhrd4?$AA@
3,0xa818,??_C@_08LHPN@corc?4def?$AA@
1,0xe7024,??0CMCDeadPlayer@@QAA@H@Z
2,0x87c0,_CLSID_DirectMusicChordMap
3,0x200f4,?gCreatureGenerator4Names@@3PAPBDA
1,0xab8d0,?SetupFirstPlayer@@YAXXZ
1,0xc70ac,?__copy_backward@std@@YAPAUTRumour@game@@PAU23@00Urandom_access_iterator_tag@1@PAH@Z
1,0xd3830,?CreatureTypeCount@hero@@QAAHH@Z
1,0xfa224,?get_allocator@?$vector@USecondarySkillData@@V?$allocator@USecondarySkillData@@@std@@@std@@QBA?AV?$allocator@USecondarySkillData@@@2@XZ
3,0x1f29c,?PixelFormat@@3U_DDPIXELFORMAT@@A
1,0x87394,?DrawCreature@CSprite@@QBAXHHHHHHPAVBitmap16Bit@@HH_NG@Z
1,0x1226d4,?del_Spr_from_Cache@ResourceManager@@YAXXZ
1,0xbfa90,?end@?$vector@USign@@V?$allocator@USign@@@std@@@std@@QAAPAUSign@@XZ
1,0x2c6a8,?get_army@type_AI_combat_data@@IBAPAVarmyGroup@@XZ
3,0x31d8,??_C@_02BKIL@g3?$AA@
3,0x31d4,??_C@_02OMFL@n1?$AA@
3,0x7210,??_C@_02GIEM@?0?5?$AA@
3,0x16558,??_C@_03IKJB@dun?$AA@
1,0x19b3c4,?BlitToScreenWithPointer@heroWindowManager@@AAAXHHHH@Z
1,0xb1a50,?ClaimShipyard@game@@QAAXUtype_point@@H@Z
1,0xbd8cc,?reset@?$bitset@$0DA@K@std@@QAAAAV12@XZ
1,0xb9d58,?SetCannedRumour@game@@AAAXXZ
1,0x6544c,??1TCombatPlacementSubWindow@@UAA@XZ
3,0x3110,??_C@_03NGGM@e1b?$AA@
1,0x71934,?IsSiegeWeapon@@YA_NW4TCreatureType@@@Z
1,0xffb70,??0TMultiPlayerWindow@@QAA@XZ
1,0x4c374,?get_valid_caliph_spells@army@@QBAJPBV1@@Z
1,0xd8424,??1THighScoreWindow@@UAA@XZ
3,0x1f278,?PalMode@@3_NA
3,0x30ec,??_C@_03LGMM@g2d?$AA@
1,0xc5ffc,?allocate@?$_STL_alloc_proxy@PAUSign@@U1@V?$allocator@USign@@@std@@@std@@QAAPAUSign@@I@Z
3,0x1d824,??_C@_07ODNN@TOSWol1?$AA@
1,0x198650,?SeekCur@File@@UAAKH@Z
1,0x64514,?uninitialized_fill_n@std@@YAPAUtype_artifact@@PAU2@IABU2@@Z
1,0xa410c,?SaveMinePool@game@@AAAHPAX@Z
1,0xbfbf8,?deallocate@?$_STL_alloc_proxy@PAVmine@@V1@V?$allocator@Vmine@@@std@@@std@@QAAXPAVmine@@I@Z
1,0x20c18,?reserve@?$basic_string@DU?$char_traits@D@std@@V?$allocator@D@2@@std@@QAAXI@Z
1,0x9ccd4,??0CResetVisibilityMsg@@QAA@Utype_point@@HH@Z
3,0xca88,?gInitResourcesHuman@@3PAY06HA
1,0x100430,??1TMultiPlayerWindow@@UAA@XZ
1,0x2ae60,?cast_enchantment@type_AI_combat_data@@IAAXAAUtype_spell_choice@@PBVhero@@_N@Z
1,0xa11c4,?insert@?$vector@UpathCell@@V?$allocator@UpathCell@@@std@@@std@@QAAPAUpathCell@@PAU3@ABU3@@Z
1,0x14da48,?__uninitialized_copy@std@@YAPAVTSpellbookEntry@TSpellbookWindow@@PAV23@000@Z
1,0x165254,?zBufferDraw@bitmapBackedTextWidget@@UBAXPAGH@Z
1,0x198bcc,?DDInitGraphics@@YAXH_N@Z
1,0x212a4,?value_type@std@@YAPAPAUpathCell@@PBQAU2@@Z
3,0xab6c,??_C@_06LKC@AdvObj?$AA@
3,0xae54,?in_DITHREAD@@3_NA
1,0xd3b74,?remove_backpack_artifact@hero@@QAAXF@Z
1,0xe773c,?deallocate@?$allocator@PAVresource@@@std@@SAXPAPAVresource@@I@Z
1,0x37e4c,?get_visited_count@searchArray@@QBAJXZ
3,0x137a0,?gAdvDisposeLevel@@3HA
1,0x102210,??0CMPInputEdit@@QAA@HHHHHPAD0HW4EJustify@font@@0HHHHHH@Z
1,0x18fdc4,?applies_to_player@VictoryConditionStruct@@QBA_NJ@Z
3,0x130,__imp__malloc
1,0x74af4,?importCroppedPCXFile@CSpriteFrame@@AAAHPBD@Z
1,0x1fba0,?obscure_cell@boat@@QAAXXZ
1,0x161230,?InitializeTerrainNames@@YA_NXZ
1,0xe7834,?destroy@std@@YAXPAPAVresource@@0@Z
1,0xe7a10,?destroy@std@@YAXPAPAVresource@@@Z
3,0x1b550,??_C@_0EE@HCDO@Insert?5all?5data?5before?5this?5line@
1,0x3940c,?deallocate@?$allocator@Utype_creature_source@@@std@@SAXPAUtype_creature_source@@I@Z
3,0x30f0,??_C@_03EPFL@n1a?$AA@
3,0x1cfd4,??_C@_08MDKO@TOCsGr1N?$AA@
1,0xd3de4,?GiveArtifact@hero@@QAAXABUtype_artifact@@H_N@Z
1,0x12396c,?_S_parent@?$_Rb_tree@VTCacheMapKey@ResourceManager@@U?$pair@$$CBVTCacheMapKey@ResourceManager@@PAVresource@@@std@@U?$_Select1st@U?$pair@$$CBVTCacheMapKey@ResourceManager@@PAVresource@@@std@@@4@U?$less@VTCacheMapKey@ResourceManager@@@4@V?$allocato8545cd30
1,0x166b64,?set_spells_available@town@@QAAXXZ
1,0x3a878,?__uninitialized_copy@std@@YAPAUtype_creature_source@@PAU2@000@Z
1,0xf7960,?deallocate@?$allocator@VTTownEvent@@@std@@SAXPAVTTownEvent@@I@Z
1,0xfafa0,?uninitialized_fill_n@std@@YAPAVTTimedEvent@@PAV2@IABV2@@Z
1,0x101dc4,?Clear@CHotSeatMan@@QAAXXZ
1,0x10fef4,?AI_set_hero_bonuses@@YAXPAVhero@@@Z
3,0x2e14,??_C@_0L@DGIF@imrl22?4def?$AA@
3,0x3114,??_C@_03HMPL@e1c?$AA@
1,0xd6138,?get_army@hexcell@@QBAPAVarmy@@XZ
3,0xb18c,?bGridWasShowing@@3HA
1,0x90024,?__destroy_aux@std@@YAXPAUtype_shroud_change@type_record_shroud@@U__false_type@@@Z
1,0xcab3c,?initialize@type_obscuring_object@@QAAXXZ
1,0x123774,?_M_insert@?$_Rb_tree@VTCacheMapKey@ResourceManager@@U?$pair@$$CBVTCacheMapKey@ResourceManager@@PAVresource@@@std@@U?$_Select1st@U?$pair@$$CBVTCacheMapKey@ResourceManager@@PAVresource@@@std@@@4@U?$less@VTCacheMapKey@ResourceManager@@@4@V?$allocato75972e58
1,0x4a6a4,?simple_move@army@@AAA_NH_N@Z
1,0x7fe30,?stricmp@@YAHPBD0@Z
1,0x8bd90,??1CDPlayConnection@@QAA@XZ
1,0xa6350,?SetupPuzzlePieces@game@@QAAHHH@Z
1,0xfe3b4,??0?$_Bvector_base@V?$allocator@_N@std@@@std@@QAA@ABV?$allocator@_N@1@@Z
3,0x1b53c,??_C@_0BC@NCPB@University?5Window?$AA@
3,0x1d0cc,??_C@_07BCMD@TOrmrk1?$AA@
1,0x12054c,?deallocate@?$allocator@PAVCNetMsg@@@std@@SAXPAPAVCNetMsg@@I@Z
1,0x148b98,??_ECChatSlider@@UAAPAXI@Z
1,0x148b98,??_GCChatSlider@@UAAPAXI@Z
1,0xbe258,??0?$allocator@Vgarrison@@@std@@QAA@XZ
1,0xbe260,??1?$allocator@Vgarrison@@@std@@QAA@XZ
1,0xa3d50,?SaveSignPool@game@@AAAHPAX@Z
1,0x82068,??1CTextDialog@@UAA@XZ
3,0x16868,??_C@_0L@BCLN@sysmsg?4wav?$AA@
3,0x1d1b0,??_C@_07EGBL@TOruni2?$AA@
1,0x93368,?DoEventGarden@advManager@@AAAXPAVhero@@PAVNewmapCell@@_N@Z
1,0x95e14,?DoEventSpellScroll@advManager@@AAAXPAVhero@@PAVNewmapCell@@Utype_point@@_N@Z
1,0xc6f48,?copy_backward@std@@YAPAUtype_creature_bank@@PAU2@00@Z
1,0xf93a4,?construct@std@@YAXPAVMonsterData@@ABV2@@Z
1,0x9b448,?DoWhirlpool@advManager@@QAAXPAVhero@@@Z
1,0x5a2b4,?convertID2HelpID@TCampaignBrief@@ABAHH@Z
3,0x1ecf8,??_C@_02FCMB@10?$AA@
3,0x1ed34,??_C@_02IHLC@?5?5?$AA@
1,0x80178,_SmackVolumePan
3,0x31af4,?SeerProgressText@@3PAPBDA
1,0xa8144,?setup_shipyards@game@@AAAXXZ
1,0xbc708,?size@?$vector@_NV?$allocator@_N@std@@@std@@QBAIXZ
1,0x1209c0,??_Eresource@@UAAPAXI@Z
1,0x1209c0,??_Gresource@@UAAPAXI@Z
1,0x122e28,??1?$pair@U?$_Rb_tree_iterator@U?$pair@$$CBVTCacheMapKey@ResourceManager@@PAVresource@@@std@@U?$_Nonconst_traits@U?$pair@$$CBVTCacheMapKey@ResourceManager@@PAVresource@@@std@@@2@@std@@_N@std@@QAA@XZ
3,0x1e19c,??_C@_08LOLG@TBInext3?$AA@
3,0x30e4,??_C@_03EJLO@g2b?$AA@
1,0xbd0b4,??0CGameTransmitInitMsg@@QAA@KKK_N0@Z
1,0xf9490,?construct@std@@YAXPAVTSeerHut@@ABV2@@Z
1,0x1031fc,?GetCount@?$CAutoArray@VCDPlaySession@@@@UAAKXZ
3,0x15af4,??_C@_0L@IFEF@IMRL30?4def?$AA@
1,0x287a0,?sort@std@@YAXPAPAVarmy@@0Vfunc_moves_before@@@Z
3,0x6b40,??_C@_0M@NDKA@ObSnS10?4def?$AA@
1,0xdcc4c,?FocusTheWidget@inputManager@@QAAXH@Z
3,0x1dd70,??_C@_08GJBA@TBRmholy?$AA@
3,0x1e0c4,??_C@_08ODMG@TBIncas3?$AA@
1,0x288d0,?construct@std@@YAXPAPAVarmy@@ABQAV2@@Z
3,0x1e3b8,??_C@_08CCKJ@TBNcext4?$AA@
1,0x15ef60,?OnGiveMeStuffMsg@swapManager@@QAAXXZ
1,0x19b66c,?FizzleForward@heroWindowManager@@QAAXHHHHH@Z
2,0xe04,??_7TBottomViewTown@@6B@
2,0xf7c,?leftCell@combatManager@@2QBEB
1,0x93298,?DoEventFountainOfYouth@advManager@@AAAXPAVhero@@PAVNewmapCell@@_N@Z
1,0xbccfc,??0LossConditionStruct@@QAA@XZ
1,0xac048,?randomize_university@game@@AAAXPAVNewmapCell@@@Z
1,0xfe478,??0?$_Bit_iter@U_Bit_reference@std@@PAU12@@std@@QAA@XZ
1,0x3b6c8,?copy_backward@std@@YAPAUtype_creature_value@@PAU2@00@Z
1,0x6b318,?Main@combatManager@@UAAHAAUmessage@@@Z
1,0xc61d0,?allocate@?$allocator@UTRumour@game@@@std@@QBAPAUTRumour@game@@IPBX@Z
1,0x12de28,??0CHotspotWidget@@QAA@HHHHH_N@Z
3,0x1a848,??_C@_0N@HEMM@Telptout?4wav?$AA@
3,0x1b448,??_C@_0P@ILJA@Combat?5Options?$AA@
3,0x1effc,??_C@_07HOGD@?$CFd?5?9?5?$CFd?$AA@
1,0x147ea4,??0CUpdatePlayerPosMsg@@QAA@PAVCNetPlayerHandlerPlayer@@0@Z
1,0xc56d0,?value_type@std@@YAPAVboat@@PBV2@@Z
3,0x16cb4,??_C@_0M@EGNM@AltEmBk?4def?$AA@
3,0x7038,??_C@_09KLEK@ilcks?4def?$AA@
1,0x43410,??D?$_Deque_iterator@W4SpellID@@U?$_Const_traits@W4SpellID@@@std@@U?$_Buf_size_traits@W4SpellID@@$0A@@3@@std@@QBAABW4SpellID@@XZ
2,0x5554,??_7type_army_slot_widget@@6B@
1,0x16ceb4,?SetCommandAndText2@townManager@@QAAXAAUmessage@@@Z
3,0x31dc,??_C@_02GCPA@e1?$AA@
1,0x63a44,?GetHexIndex@combatManager@@SAHHH@Z
1,0x72814,?DrawAdvObj@CSprite@@QBAXHHHHHPAGHHHHH_N@Z
1,0x1982dc,??D?$reverse_iterator@PBQAVwidget@@PAV1@ABQAV1@PBQAV1@H@std@@QBAABQAVwidget@@XZ
3,0x3100,??_C@_03KAKN@g3a?$AA@
1,0xf7248,??1?$_STL_alloc_proxy@PAVBlackBoxData@@V1@V?$allocator@VBlackBoxData@@@std@@@std@@QAA@XZ
3,0x1ee5c,??_C@_0N@NKON@TPMrkBu2?4def?$AA@
3,0x1fd0c,??_C@_0N@EHHN@buffer?5error?$AA@
1,0x84e2c,?DrawFrame@combatManager@@QAAX_N00H00@Z
1,0xc2a40,?__stl_alloc_rebind@std@@YAAAV?$allocator@Utype_creature_bank@@@1@AAV21@PBUtype_creature_bank@@@Z
1,0xf9b10,?__stl_alloc_rebind@std@@YAAAV?$allocator@USecondarySkillData@@@1@AAV21@PBUSecondarySkillData@@@Z
3,0x1eeac,??_C@_0N@LKBH@TPMrkBu5?4def?$AA@
1,0x6a730,??A?$vector@PAV?$basic_string@DU?$char_traits@D@std@@V?$allocator@D@2@@std@@V?$allocator@PAV?$basic_string@DU?$char_traits@D@std@@V?$allocator@D@2@@std@@@2@@std@@QAAAAPAV?$basic_string@DU?$char_traits@D@std@@V?$allocator@D@2@@1@I@Z
1,0xc8d50,?__destroy_aux@std@@YAXPAUtype_creature_bank@@U__false_type@@@Z
1,0xc3764,?allocate@?$allocator@Vhero@@@std@@QBAPAVhero@@IPBX@Z
3,0x123b4,??_C@_0BM@CHJP@invalid?5literal?1length?5code?$AA@
3,0x13d54,??_C@_0CK@ENDD@LOD?5File?3?5chapter?5or?5entry?5alrea@
1,0x10ec,?UpdateHeroLocator@TAdventureMapWindow@@QAAXH_N0@Z
1,0xb2b8,?set_pyramid_help@@YAXPADPBVNewmapCell@@PBVhero@@PBD@Z
1,0xa6690,?CreateBoat@game@@QAAHHHHH_NC@Z
3,0x2ca08,?gbThisNetGotAdventureControl@@3HA
3,0x13df8,??_C@_03CMHN@LOD?$AA@
3,0x1ef0c,??_C@_0N@KNLG@TPMrkCrS?4pcx?$AA@
1,0x3ef24,?get_precision_value@type_AI_spellcaster@@IBAJPBVarmy@@Utype_enchant_data@@@Z
1,0x63be0,?size@?$vector@UTObstacle@combatManager@@V?$allocator@UTObstacle@combatManager@@@std@@@std@@QBAIXZ
3,0xb568,??_C@_0BJ@DEOE@Encryption?5not?5supported?$AA@
1,0x128b24,??0?$_Vector_base@PAVtextWidget@@V?$allocator@PAVtextWidget@@@std@@@std@@QAA@ABV?$allocator@PAVtextWidget@@@1@@Z
3,0x1eedc,??_C@_0N@HKMI@TPMrkBu3?4def?$AA@
2,0xf58,?moatCell@combatManager@@2QBEB
3,0x6c3c,??_C@_0M@JPM@ObLvS17?4def?$AA@
3,0x1ee7c,??_C@_0N@FKHI@TPMrkBu6?4def?$AA@
1,0x18f8b0,?cancel_click@type_university_window@@KAHAAUmessage@@@Z
1,0x1fb8c,?GetHflip@boat@@QAA_NXZ
1,0x2d8e4,?__pop_heap_aux@std@@YAXPAUtype_monster_data@@00@Z
1,0xc7f6c,?__uninitialized_fill_n_aux@std@@YAPAUTBlackMarket@@PAU2@IABU2@U__false_type@@@Z
1,0xf549c,??0?$vector@VMonsterData@@V?$allocator@VMonsterData@@@std@@@std@@QAA@ABV?$allocator@VMonsterData@@@1@@Z
2,0x57f0,??_7CChatWidget@@6B@
1,0x38974,?size@?$vector@UpathCell@@V?$allocator@UpathCell@@@std@@@std@@QBAIXZ
3,0xabc8,??_C@_09OABK@cs_fidget?$AA@
1,0xc8310,?__uninitialized_fill_n_aux@std@@YAPAUtype_university@@PAU2@IABU2@U__false_type@@@Z
3,0x1ee4c,??_C@_0N@DKIC@TPMrkBu1?4def?$AA@
1,0x1037f4,?SetupNetPlayerNames@game@@QAAXXZ
3,0x1ce74,??_C@_0N@IHOC@TPMageFr?4pcx?$AA@
3,0x1ee6c,??_C@_0N@BKDC@TPMrkBu4?4def?$AA@
2,0x8050,_IID_IDirect3DRM
2,0x80c0,_IID_IDirectSound
1,0x9d038,??1?$vector@W4SpellID@@V?$allocator@W4SpellID@@@std@@@std@@QAA@XZ
1,0xbfc28,??0?$_STL_alloc_proxy@PAVgenerator@@V1@V?$allocator@Vgenerator@@@std@@@std@@QAA@ABV?$allocator@Vgenerator@@@1@ABQAVgenerator@@@Z
1,0x18d950,?_tr_align@@YAXPAUinternal_state@@@Z
3,0x2a34,?giWalkingFrom2@@3HA
3,0x1ecfc,??_C@_0N@CMGE@tpshipbk?4pcx?$AA@
3,0x3128,??_C@_03OEMI@s1a?$AA@
3,0x6fc4,??_C@_0N@DOMA@CoPlacbr?4pcx?$AA@
1,0xc7800,?__copy@std@@YAPAW4TArtifact@@PAW42@00Urandom_access_iterator_tag@1@PAH@Z
1,0x38fac,?begin@?$vector@UpathCell@@V?$allocator@UpathCell@@@std@@@std@@QAAPAUpathCell@@XZ
3,0x30d4,??_C@_03INPI@g1a?$AA@
1,0xbc694,?begin@?$vector@_NV?$allocator@_N@std@@@std@@QAA?AU?$_Bit_iter@U_Bit_reference@std@@PAU12@@2@XZ
3,0x114,__imp__strstr
1,0x827f8,??0TDimensionDoorWindow@@QAA@XZ
1,0x82938,??1TDimensionDoorWindow@@UAA@XZ
1,0xc118c,?_M_insert_overflow@?$vector@Vboat@@V?$allocator@Vboat@@@std@@@std@@IAAXPAVboat@@ABV3@I@Z
3,0x1dc,__imp__strchr
1,0xbd05c,?get_current_turn@game@@QBAFXZ
1,0x15e308,?SetRolloverText@swapManager@@AAAXH@Z
1,0x45000,?remove_aura@army@@QAAXXZ
3,0x2b100,?hThread@@3PAXA
3,0x1e3a0,??_C@_08JGG@TBNcholy?$AA@
3,0x1ec74,??_C@_0N@MJNN@spellscr?4def?$AA@
1,0x12e1cc,?CreateWin@CBonusDlg@@QAA_NPBDPAVBitmap816@@00@Z
1,0x163e08,??1?$vector@PADV?$allocator@PAD@std@@@std@@QAA@XZ
3,0x174,__imp__DispatchMessageW
3,0x5ed4,??_C@_0N@GOHF@SgTwDrwC?4pcx?$AA@
3,0x1d364,??_C@_08KKOO@TOicas3a?$AA@
1,0x8ba68,?EnumAddress@CDPlayLobby@@UAA_NPAXKPAV?$CAutoArray@VCDPlayAddressElement@@@@@Z
1,0x9cdc0,??Rspell_level_order@@QBA_NW4SpellID@@0@Z
1,0xccb80,?GetExperience@hero@@SAHH@Z
1,0x101c4c,?OnModem@TMultiPlayerWindow@@QAA_NXZ
1,0x4604,?__stl_alloc_rebind@std@@YAAAV?$allocator@PAVwidget@@@1@AAV21@PBQAVwidget@@@Z
1,0xbfb5c,?end@?$vector@Vmine@@V?$allocator@Vmine@@@std@@@std@@QAAPAVmine@@XZ
3,0x15978,??_C@_0N@FCG@crcombat?4DEF?$AA@
1,0x122530,?Dispose@ResourceManager@@YAXPAVresource@@@Z
1,0x1293bc,?size@?$vector@PAVtextWidget@@V?$allocator@PAVtextWidget@@@std@@@std@@QBAIXZ
1,0x14ac40,?VideoClose@@YAXXZ
1,0x14d7ac,?destroy@std@@YAXPAVTSpellbookEntry@TSpellbookWindow@@0@Z
1,0x15f1e4,??0CSwapMgrNetMsgHandler@@QAA@XZ
3,0x1cee4,??_C@_08IOMO@TOCsDkNN?$AA@
1,0x2d8c,??ATTextResource@@QBAPBDH@Z
1,0x201f8,?GetAbortPopupMsg@CNetMsgHandler@@UAAPAVCNetMsg@@XZ
1,0x309d4,?build_markets@type_AI_player@@IAA_NQAH@Z
1,0x71948,?UpgradedCreatureType@@YA?AW4TCreatureType@@W41@@Z
1,0x14e14c,?__copy_backward@std@@YAPAVTSpellbookEntry@TSpellbookWindow@@PAV23@00Urandom_access_iterator_tag@1@PAH@Z
1,0x1f084,?GetMapExtra@@YAHUtype_point@@@Z
3,0x11fb0,??_C@_0M@MGPG@aphlf4r?4def?$AA@
1,0x5ddc0,?LoadIcons@combatManager@@AAAXXZ
3,0x1a7ec,??_C@_0N@JEJC@SummBoat?4wav?$AA@
3,0x31e4,??_C@_02HPKG@s1?$AA@
3,0x6db8,??_C@_0N@ILAC@SgInBack?4pcx?$AA@
3,0x2c,__imp___divls
3,0x6204,??_C@_0N@NOGF@SgNcDrwC?4pcx?$AA@
1,0x19c3b8,?FadeFromBlack@heroWindowManager@@QAAXH@Z
1,0x4eb2c,?Initialize@armyGroup@@QAAXXZ
3,0x30e0,??_C@_03LGAH@g2a?$AA@
1,0x97a9c,?do_event_water_wheel@advManager@@AAAXPAVhero@@PAVNewmapCell@@_N@Z
3,0x687c,??_C@_0M@KDHA@ObDtL10?4pcx?$AA@
1,0x127484,?WindowHandler@type_sacrifice_window@@UAAHAAUmessage@@@Z
1,0x165034,?Dim@textWidget@@UBAXXZ
3,0xde40,??_C@_0M@CAGH@hsbtns5?4def?$AA@
1,0x11c7b0,?KillOldChat@CChatManager@@IAAXXZ
1,0x393d4,??0?$_STL_alloc_proxy@PAPAVtype_artifact_effect@@PAV1@V?$allocator@PAVtype_artifact_effect@@@std@@@std@@QAA@ABV?$allocator@PAVtype_artifact_effect@@@1@ABQAPAVtype_artifact_effect@@@Z
1,0x80184,_SmackNextFrame
3,0x1eb44,??_C@_06HDFO@?$CFs?4def?$AA@
1,0x20ab0,??1?$_Vector_base@Utype_dialog_resource@@V?$allocator@Utype_dialog_resource@@@std@@@std@@QAA@XZ
3,0x2f04,?campaignMapNames@@3PAPADA
1,0x6a8dc,?_M_throw_out_of_range@?$_String_base@DV?$allocator@D@std@@@std@@QBAXXZ
1,0x1489f0,??_GCNewPlayerUpdateProc@@QAAPAXI@Z
1,0x9d200,??A?$vector@V?$basic_string@DU?$char_traits@D@std@@V?$allocator@D@2@@std@@V?$allocator@V?$basic_string@DU?$char_traits@D@std@@V?$allocator@D@2@@std@@@2@@std@@QAAAAV?$basic_string@DU?$char_traits@D@std@@V?$allocator@D@2@@1@I@Z
2,0x86b0,_GUID_DMUS_PROP_WavesReverb
1,0x20e84,?assign@?$basic_string@DU?$char_traits@D@std@@V?$allocator@D@2@@std@@QAAAAV12@PAD0@Z
3,0x5cec,??_C@_0N@IJDN@SgCsTw2C?4pcx?$AA@
1,0x7d374,?get_score@SCampaign@@QBAHXZ
1,0x90ad8,?PayForArtifact@advManager@@AAAXPAVhero@@PAVNewmapCell@@Utype_point@@PBDFF_N@Z
1,0xfd234,?destroy@std@@YAXPAVMonsterData@@@Z
3,0x1e73c,??_C@_08PFNI@TBStsilo?$AA@
3,0x70b0,??_C@_09FACO@syslb?4def?$AA@
3,0x33c54,?HallText@@3PBVTTextResource@@B
3,0x351ec,?HeroText@@3PBVTTextResource@@B
3,0x1d5d0,??_C@_08CFKE@TONLich2?$AA@
1,0x9cd30,??0CTradeRequestMsg@@QAA@PAVhero@@0@Z
1,0xa2e48,?load@generator@@QAA_NPAX@Z
3,0x313bc,?giCurPlayer@@3HA
1,0x197f48,?OnWidgetDeselect@CHeroWindowEx@@MAAHHAA_N@Z
1,0x3ae4,?assign@?$basic_string@DU?$char_traits@D@std@@V?$allocator@D@2@@std@@QAAAAV12@PBD0@Z
3,0x7084,??_C@_0N@NNFF@comopbck?4pcx?$AA@
1,0x70a1c,?SetPrimarySkill@hero@@QAAXHH@Z
1,0x71700,?allocate@?$_STL_alloc_proxy@PAW4TArtifact@@W41@V?$allocator@W4TArtifact@@@std@@@std@@QAAPAW4TArtifact@@I@Z
1,0xf08b8,?loadMonsterData@NewfullMap@@QAAHPAXAAVMonsterData@@@Z
1,0x908dc,?FightForArtifact@advManager@@AAAXPAVhero@@PAVNewmapCell@@Utype_point@@_N@Z
1,0x9e058,?__unguarded_linear_insert@std@@YAXPAW4SpellID@@W42@Vspell_level_order@@@Z
1,0xf7134,??0?$reverse_iterator@PAUTObjectCell@NewmapCell@@U12@AAU12@PAU12@H@std@@QAA@PAUTObjectCell@NewmapCell@@@Z
1,0x11f41c,?Resume@CTurnDuration@@QAAXXZ
3,0x16dc4,??_C@_0M@HFID@gspbut5?4def?$AA@
3,0x32660,?LossText@@3PAPBDA
3,0x1d984,??_C@_07OGGJ@TOFBas1?$AA@
1,0x130904,?GetUnassignedPlayerPos@CNetPlayerHandler@@QAAHXZ
1,0x14d41c,?size@?$vector@VTSpellbookEntry@TSpellbookWindow@@V?$allocator@VTSpellbookEntry@TSpellbookWindow@@@std@@@std@@QBAIXZ
3,0x31cc,??_C@_02EPKF@g1?$AA@
3,0x6900,??_C@_0M@MMP@OBLvL02?4pcx?$AA@
1,0x146090,?FindCurrentVM@TSingleSelectionWindow@@QAA_NXZ
1,0x1664b0,?initialize_hordes@town@@SAXXZ
3,0x6eb8,??_C@_0N@IBDF@CmBkSnMt?4pcx?$AA@
1,0x16c0e4,?NewStrips@townManager@@QAAXXZ
3,0x3118,??_C@_03BCCK@e2a?$AA@
1,0x153158,?find_resurrection_target@combatManager@@QAAPAVarmy@@HH_N@Z
3,0x1e340,??_C@_08OGNJ@TBNchrd1?$AA@
1,0x42d0,?append@?$basic_string@DU?$char_traits@D@std@@V?$allocator@D@2@@std@@QAAAAV12@PBD0@Z
1,0x97fa4,?do_event_lith_one_way@advManager@@AAAXPAVhero@@PAVNewmapCell@@_N@Z
1,0x980e8,?do_event_lith_two_way@advManager@@AAAXPAVhero@@PAVNewmapCell@@_N@Z
1,0x20f2c,?append@?$basic_string@DU?$char_traits@D@std@@V?$allocator@D@2@@std@@QAAAAV12@PAD0@Z
1,0x1288b0,??A?$vector@PAVtextWidget@@V?$allocator@PAVtextWidget@@@std@@@std@@QAAAAPAVtextWidget@@I@Z
1,0x10e8,?UpdateTownLocators@TAdventureMapWindow@@QAAXH_N0@Z
1,0x11f78c,??0CSessionLostMsg@@QAA@XZ
1,0x158ed0,?Draw@TSubWindow@@QAAX_NHH@Z
1,0x19b5c0,?SaveFizzleSourceX@heroWindowManager@@QAAXHHHH@Z
1,0x166864,?SwapHeroes@town@@QAAXXZ
1,0x2d0c,?__stl_delete@std@@YAXPAX@Z
1,0x17f818,?WindowHandler@TCastleWindow@@UAAHAAUmessage@@@Z
1,0x1975d8,?DrawWindow@heroWindow@@UAAX_NHH@Z
1,0x5fb14,?CombatIsOver@combatManager@@QBA_NXZ
1,0x9d3c0,??1?$_STL_alloc_proxy@PAW4SpellID@@W41@V?$allocator@W4SpellID@@@std@@@std@@QAA@XZ
2,0x7a30,_GUID_D3DCallbacks2
2,0x7a50,_GUID_D3DCallbacks3
1,0x1fabc,?get_wheel_gold@ExtraInfoUnion@@QBAFXZ
1,0x2af04,?cast_enchantment@type_AI_combat_data@@IAAXAAUtype_spell_choice@@AAV1@@Z
1,0x385e0,??_Etype_antiluck_artifact@@UAAPAXI@Z
1,0x385e0,??_Gtype_antiluck_artifact@@UAAPAXI@Z
1,0xbc038,?GetLocalPlayerGamePos@game@@QBAHXZ
3,0x1d568,??_C@_08CHBC@TONzomb1?$AA@
3,0x13b8,?boatflagFilenames@@3PAY07PBDA
1,0x11bfec,?TransmitRemoteDataDPID@CDPlayHeroes@@QAA_NPAVCNetMsg@@K_N1@Z
3,0x1d6d4,??_C@_07HKPP@TODhar1?$AA@
2,0x6c08,??_7TBuyArtifactWindow@@6B@
3,0x10e4,??_C@_0N@EPIA@AdRollvr?4pcx?$AA@
1,0x3b95c,?__destroy_aux@std@@YAXPAUpathCell@@U__false_type@@@Z
1,0x41890,?get_forgetfulness_value@type_AI_spellcaster@@IBAJPBVarmy@@Utype_enchant_data@@@Z
1,0x56fd4,??1TBottomViewTown@@UAA@XZ
3,0xa9d4,??_C@_0L@PCLG@chydra?4def?$AA@
1,0x2cc60,?__introsort_loop@std@@YAXPAUtype_monster_data@@00H@Z
3,0xa7dc,??_C@_0L@PNEH@chgobl?4def?$AA@
3,0x4,__imp___fltused
1,0x14b37c,?ModifySample@soundManager@@QAAXPAVds_memsample@@FJ@Z
1,0x164628,?__stl_alloc_rebind@std@@YAAAV?$allocator@PAD@1@AAV21@PBQAD@Z
1,0x178ab8,??0TBuyBuildWindow@@QAA@HHH@Z
1,0x40ec0,?consider_teleport@type_AI_spellcaster@@IBAXAAUtype_spell_choice@@@Z
1,0x5d538,?LoadWallTraitsTable@combatManager@@SA_NXZ
1,0xda018,??_EiconWidget@@UAAPAXI@Z
1,0xda018,??_GiconWidget@@UAAPAXI@Z
3,0x13954,??_C@_1CG@HHC@?$AA?2?$AAC?$AAD?$AA?9?$AAR?$AAO?$AAM?$AA?2?$AAh?$AA3?$AA_?$AAi?$AAn?$AAt?$AA?4?$AAs?$AAf?$AAd?$AA?$AA@
1,0x29a30,?cast_enchantment@type_monster_data@@QAAXJ_N@Z
1,0x411c,?size@?$vector@PAVwidget@@V?$allocator@PAVwidget@@@std@@@std@@QBAIXZ
3,0x1d624,??_C@_07NGIK@TODcas2?$AA@
3,0x1cd68,??_C@_0L@PEN@PRRose?4pcx?$AA@
3,0x37e88,?castleOpen@@3HA
1,0x3afd0,?__uninitialized_copy_aux@std@@YAPAUtype_creature_value@@PAU2@00U__false_type@@@Z
3,0x30e8,??_C@_03ODCJ@g2c?$AA@
1,0x8d290,?create@type_record_erase@@SAPAVtype_event_record@@XZ
3,0x351f0,?gTransformerWindowHelp@@3PAUTHelpText@@A
3,0x1d574,??_C@_08HFPN@TONwigh1?$AA@
1,0x19c600,_zlibVersion@0
1,0x4cd34,?erase@?$deque@W4SpellID@@V?$allocator@W4SpellID@@@std@@$0A@@std@@QAA?AU?$_Deque_iterator@W4SpellID@@U?$_Nonconst_traits@W4SpellID@@@std@@U?$_Buf_size_traits@W4SpellID@@$0A@@3@@2@U32@@Z
1,0xbef40,?resize@?$vector@Vmine@@V?$allocator@Vmine@@@std@@@std@@QAAXIABVmine@@@Z
3,0x13ac8,??_C@_0L@LAME@imrl82?4def?$AA@
1,0x1213a0,?RemapGraphics@ResourceManager@@YAXXZ
1,0x19c6d4,__divls
1,0x19c6ec,__divlu
1,0x19c770,__divd
1,0x19ca04,_atof
3,0x1fc,__imp__LocalSize
1,0x1fc74,?CanWalkOnWater@hero@@QBA_N_N@Z
1,0x21248,?iterator_category@std@@YA?AUrandom_access_iterator_tag@1@PBQAUpathCell@@@Z
1,0x409c,?copy@?$__char_traits_base@DH@std@@SAPADPADPBDI@Z
1,0x28300,??0?$allocator@J@std@@QAA@XZ
1,0x28304,??1?$allocator@J@std@@QAA@XZ
1,0x5abe4,?get_rclick_text@widget@@QBAPBDXZ
3,0x6a2c,??_C@_0M@BPHJ@ObDSh01?4def?$AA@
3,0x6a98,??_C@_0M@NPLA@ObGLg01?4def?$AA@
2,0x2304,??_7TCombatWindow@@6B@
1,0x28388,??1?$_Vector_base@PAVarmy@@V?$allocator@PAVarmy@@@std@@@std@@QAA@XZ
3,0x29814,?MainBuildingLimits@combatManager@@2USLimitData@@B
1,0x8b51c,?GetCaps@CDPlay@@UAA_NPAUDPCAPS@@_N@Z
1,0xc244c,?construct@std@@YAXPAVboat@@ABV2@@Z
3,0x48,__imp__SetForegroundWindow
3,0x1b06c,??_C@_0M@DHEH@c20spx4?4def?$AA@
1,0x22510,?TownGate@advManager@@QAAXW4TSkillMastery@@@Z
1,0x4cec0,?pop_back@?$deque@W4SpellID@@V?$allocator@W4SpellID@@@std@@$0A@@std@@QAAXXZ
1,0x96d54,?monsters_join@advManager@@AAA_NPAVhero@@PAVNewmapCell@@Utype_point@@_N3@Z
3,0x31500,?logFile@@3VCLogFile@@A
1,0x29508,?__destroy_aux@std@@YAXPAPAVarmy@@U__false_type@@@Z
1,0x872f4,?is_in_area_highlight@army@@QBA_NXZ
1,0xbedd4,??1?$_Vector_base@Vtown@@V?$allocator@Vtown@@@std@@@std@@QAA@XZ
1,0xfb120,?uninitialized_fill_n@std@@YAPAUTownExtra@@PAU2@IABU2@@Z
3,0x1cf98,??_C@_08LFPO@TOCsCavM?$AA@
1,0x3fc80,?get_speed_value@type_AI_spellcaster@@IBAJPBVarmy@@JJ@Z
1,0x57038,??_ETBottomViewEnemyTurn@@UAAPAXI@Z
1,0x57038,??_GTBottomViewEnemyTurn@@UAAPAXI@Z
3,0xb470,??_C@_0BA@OONI@App?5not?5started?$AA@
1,0xc5730,?__destroy@std@@YAXPAUtype_creature_bank@@00@Z
3,0x3258,??_C@_02OOND@?4?4?$AA@
1,0x16495c,?__uninitialized_fill_n@std@@YAPAPADPAPADIABQAD0@Z
1,0x85b50,?DrawCreatureAlpha@combatManager@@QAAHPBVCSprite@@HHHHPAUSLimitData@@_NH@Z
1,0xf7384,?insert@?$vector@UTObjectCell@NewmapCell@@V?$allocator@UTObjectCell@NewmapCell@@@std@@@std@@QAAXPAUTObjectCell@NewmapCell@@IABU34@@Z
1,0x3bdf0,?__push_heap@std@@YAXPAUtype_creature_value@@HHU2@U?$greater@Utype_creature_value@@@1@@Z
1,0x87300,?limits@hexcell@@QBA?AUSLimitData@@XZ
3,0x1e034,??_C@_08OCEH@TBTwup_4?$AA@
2,0x8340,_GUID_Damper
1,0x8fb4c,?capacity@?$vector@PAVtype_event_record@@V?$allocator@PAVtype_event_record@@@std@@@std@@QBAIXZ
1,0xfa10c,?allocate@?$_STL_alloc_proxy@PAVMonsterData@@V1@V?$allocator@VMonsterData@@@std@@@std@@QAAPAVMonsterData@@I@Z
1,0x120114,??0?$_Deque_base@PAVCNetMsg@@V?$allocator@PAVCNetMsg@@@std@@$0A@@std@@QAA@ABV?$allocator@PAVCNetMsg@@@1@I@Z
1,0x6a7d8,??0?$basic_string@DU?$char_traits@D@std@@V?$allocator@D@2@@std@@QAA@PBD0ABV?$allocator@D@1@@Z
3,0x17dfc,??_C@_01KMMP@?$CJ?$AA@
1,0x181568,??_ETHallWindow@@UAAPAXI@Z
1,0x181568,??_GTHallWindow@@UAAPAXI@Z
1,0x296d8,?__pop_heap_aux@std@@YAXPAPAVarmy@@00Vfunc_moves_before@@@Z
1,0x12ab00,?OnWidgetDeselect@CScenarioInfoDlg@@UAAHHAA_N@Z
1,0x147350,?EnumVMs@@YAXXZ
2,0xba8,??_7type_tome_artifact@@6B@
3,0x316c,??_C@_0P@BNAC@CampainMusic09?$AA@
1,0x7fec8,?_endthreadex@@YAXI@Z
1,0x168a50,?is_disabled@town@@QBA_NW4type_building_id@@@Z
3,0x1ceb4,??_C@_08GDIM@TOCsMag2?$AA@
3,0x218,DSOUND_NULL_THUNK_DATA
1,0xa59ec,?SavePlayerData@game@@AAAHPAX@Z
3,0x35678,?TavernText@@3PBVTTextResource@@B
1,0xbd534,??0type_creature_bank@@QAA@XZ
1,0xbd58c,??1type_creature_bank@@QAA@XZ
1,0xfc5b0,?__uninitialized_copy@std@@YAPAVMonsterData@@PAV2@000@Z
1,0x120470,?_M_set_node@?$_Deque_iterator_base@PAVCNetMsg@@U?$_Buf_size_traits@PAVCNetMsg@@$0A@@std@@@std@@QAAXPAPAPAVCNetMsg@@@Z
3,0x1d010,??_C@_08NDGM@TOCsPik2?$AA@
1,0x8d708,??0type_record_show_hero@@QAA@PAVhero@@DUtype_point@@_N@Z
3,0x1e664,??_C@_08BLBP@TBDnup_4?$AA@
3,0x1dd58,??_C@_08NDIB@TBRmhrd3?$AA@
1,0x19831c,?begin@?$vector@PAVwidget@@V?$allocator@PAVwidget@@@std@@@std@@QBAPBQAVwidget@@XZ
1,0x1ef94,?GetArmyName@@YAPBDHH@Z
3,0x70bc,??_C@_0M@ELFA@sysopb9?4def?$AA@
3,0xabd4,??_C@_07LKGI@cs_wait?$AA@
1,0xe6ef8,?CampaignComplete@SCampaign@@QAA_NXZ
3,0x16a98,??_C@_0CD@MJGG@Error?5connecting?5to?5lobby?5sessio@
3,0x1ada0,??_C@_0M@IIJB@C07spF0?4def?$AA@
3,0x1ac80,??_C@_0M@KJIA@C09spE0?4def?$AA@
3,0x1abb4,??_C@_0M@ONEB@C01spA0?4def?$AA@
1,0x70a2c,?InCombatArea@combatManager@@SA_NHH@Z
3,0xd2e8,?gbDontTryMIDI@@3HA
1,0x961dc,?DoEventTrainingGrounds@advManager@@AAAXPAVhero@@PAVNewmapCell@@_N@Z
1,0xc2abc,??0Sign@@QAA@ABU0@@Z
1,0x149674,??0?$CAutoArray@H@@QAA@XZ
1,0x158880,??0strip@@QAA@HHHHHJPAVhero@@PAVarmyGroup@@H_NPAVheroWindow@@@Z
3,0xa82c,??_C@_0L@IDAM@corcch?4def?$AA@
1,0xb52fc,?InsertObject@game@@QAAXHHHHHH@Z
1,0xb3858,?PerDay@game@@QAAXXZ
3,0x1b18c,??_C@_0L@GIFG@soload?4def?$AA@
3,0x1f320,??_C@_0BK@DPHE@DDERR_CANNOTATTACHSURFACE?$AA@
1,0x1feac,?get_owner@generator@@QBAJXZ
3,0xa3a4,??_C@_0L@JKCI@cogarg?4def?$AA@
1,0xbb45c,?get_random_whirlpool@game@@QBA_NJAAUtype_point@@@Z
3,0x35974,?NewLoadSaveText@@3PAPBDA
1,0xc7bd0,?allocate@?$allocator@Vgenerator@@@std@@QBAPAVgenerator@@IPBX@Z
1,0xf4af0,??0TownExtra@@QAA@XZ
1,0xbd5f4,??0HeroExtra@@QAA@XZ
1,0x122bd0,??0TCacheMapKey@ResourceManager@@QAA@PBD@Z
3,0x1ea9c,??_C@_08OGJL@TBFrup_6?$AA@
1,0x7fff0,?getcwd@@YAPADPADH@Z
1,0x8f9e0,?construct@std@@YAXPAUtype_shroud_change@type_record_shroud@@ABU23@@Z
1,0x27c9c,?OffsetToFront@army@@QBAHH@Z
1,0xfb818,?iterator_category@std@@YA?AUrandom_access_iterator_tag@1@PBVTTownEvent@@@Z
3,0x1e85c,??_C@_08BFDK@TBStup_2?$AA@
1,0x20eb0,?destroy@std@@YAXPAUtype_dialog_resource@@0@Z
1,0x643a0,?size@?$vector@Utype_artifact@@V?$allocator@Utype_artifact@@@std@@@std@@QBAIXZ
1,0xfe060,?IsCDDrive@@YAHH@Z
1,0x12e3a0,??0CHeroDlg@@QAA@_N@Z
3,0x6b8c,??_C@_0N@ENDG@ObSwS13a?4def?$AA@
3,0xad44,??_C@_09PKGL@hs_walk_s?$AA@
1,0x19b8fc,?FizzleForwardX@heroWindowManager@@QAAXHHHHH@Z
1,0x56ebc,??_ETBottomViewResourceMessage@@UAAPAXI@Z
1,0x18c918,??_ETGiveResourceWindow@@UAAPAXI@Z
1,0x18c918,??_GTGiveResourceWindow@@UAAPAXI@Z
3,0x3094,??_C@_0M@BMLK@Secret1?4h3c?$AA@
1,0x902fc,?InitializeRandomSignText@@YA_NXZ
1,0x1fd30,?get_target@hero@@QBA?AUtype_point@@XZ
1,0x56ebc,??_GTBottomViewResourceMessage@@UAAPAXI@Z
1,0x6388c,?CalculateGainedExperience@combatManager@@QAAXHPAH@Z
3,0xaaf0,??_C@_17NKBI@?$AA?$CF?$AAl?$AAs?$AA?$AA@
1,0x8bf78,??_ECDPlayLobby@@UAAPAXI@Z
1,0x8bf78,??_GCDPlayLobby@@UAAPAXI@Z
1,0xe3a64,?ShowMoraleInfo@game@@QAAXPAVhero@@H@Z
2,0x5f40,??_7TSpreadsheetResource@@6B@
3,0x1d720,??_C@_08BEOI@TODbeh2a?$AA@
3,0xdde8,??_C@_0N@ELG@artifact?4def?$AA@
3,0x1add0,??_C@_0M@BHGA@C09spF0?4def?$AA@
3,0x1ae3c,??_C@_0M@MIPB@C17spW0?4def?$AA@
1,0x289a0,?__stl_alloc_rebind@std@@YAAAV?$allocator@Utype_creature_value@@@1@AAV21@PBUtype_creature_value@@@Z
1,0x16196c,?InitializeTownText@@YA_NXZ
3,0x1bf20,?hordeDwelling@@3PAY01EA
1,0x11260c,?AI_VisitSirens@@YAHPBVhero@@AAVarmyGroup@@@Z
1,0x8aa14,?AddPlayerEnum@CDPlay@@MAA_NKPBUDPNAME@@K@Z
1,0xd9ca4,?SetIconSequence@iconWidget@@QAAXH@Z
1,0xf66d4,?resize@?$vector@PAVCSprite@@V?$allocator@PAVCSprite@@@std@@@std@@QAAXIABQAVCSprite@@@Z
1,0x11c9fc,?PauseTimeOuts@CChatManager@@QAAXXZ
3,0x1cfa4,??_C@_08EFGM@TOCsTav2?$AA@
1,0xd6bb0,?DoModal@THillFortWindow@@QAAXXZ
1,0x163f94,??0?$_Vector_base@PADV?$allocator@PAD@std@@@std@@QAA@ABV?$allocator@PAD@1@@Z
1,0xe7934,?value_type@std@@YAPAPAVresource@@PBQAV2@@Z
1,0x12e708,?CreateWin@CTownDlg@@QAA_NPAVCSprite@@HW4TTownType@@@Z
1,0x3c64,?reserve@?$vector@PAVwidget@@V?$allocator@PAVwidget@@@std@@@std@@QAAXI@Z
1,0x88be4,?Paused@ds_genericsample@@UAA_NXZ
2,0x8950,_GUID_Unload
1,0x42aa8,??0army@@QAA@ABV0@@Z
3,0x1d288,??_C@_08LGDM@TOTGrm1A?$AA@
1,0x18fe98,?CheckForTotalCreatures@VictoryConditionStruct@@QAA_NXZ
2,0x8c98,__IMPORT_DESCRIPTOR_DSOUND
1,0x3a90,?allocate@?$allocator@D@std@@QBAPADIPBX@Z
3,0xc9fc,??_C@_0M@BGGM@newgame?4pcx?$AA@
3,0x111e0,??_C@_0N@FHFG@HPS023Rn?4PCX?$AA@
1,0x1034b4,?pick_alignment@@YA?AW4TTownType@@E_N@Z
1,0x11cc2c,?OnKeyPress@CChatEdit@@UAAHAAUmessage@@@Z
1,0xbf974,??0?$_STL_alloc_proxy@PAUTBlackMarket@@U1@V?$allocator@UTBlackMarket@@@std@@@std@@QAA@ABV?$allocator@UTBlackMarket@@@1@ABQAUTBlackMarket@@@Z
3,0x11020,??_C@_0N@GBGF@HPS009Cl?4PCX?$AA@
3,0x11010,??_C@_0N@GCIJ@HPL008Cl?4PCX?$AA@
1,0x14b644,?MusicPlaying@soundManager@@QAAHXZ
1,0x129790,?__uninitialized_fill_n@std@@YAPAPAVtextWidget@@PAPAV2@IABQAV2@0@Z
3,0x26c0,?attack_computer_bonus@type_AI_player@@1MA
1,0x3dde8,?consider_chain_lightning@type_AI_spellcaster@@IBAXAAUtype_spell_choice@@@Z
1,0x4ecb0,?CanJoin@armyGroup@@QBAHH@Z
1,0xd8dcc,?OnKeyPress@CHighScoreEdit@@UAAHAAUmessage@@@Z
1,0xe52b8,?set@type_dialog_icon@@QAAXW4EGameResource@@J@Z
1,0x100e18,?InitRemote@TMultiPlayerWindow@@QAA_NW4eNetGameType@@PBDPAU_DPCOMPORTADDRESS@@@Z
3,0x11660,??_C@_0N@EBLE@HPS059Dm?4PCX?$AA@
3,0x11650,??_C@_0N@ECFI@HPL058Dm?4PCX?$AA@
1,0x1412fc,?OnGameHeaderInfoEndMsg@TSingleSelectionWindow@@QAA_NPAVCNetMsg@@@Z
3,0x10fd0,??_C@_0N@BMBC@HPL006Kn?4PCX?$AA@
3,0x15a3c,??_C@_0M@GNJM@muBhost?4def?$AA@
1,0x1476dc,?Wait@CHostWaitDlg@@QAAXK@Z
1,0x1649b4,?__destroy@std@@YAXPAPAV?$vector@PADV?$allocator@PAD@std@@@1@00@Z
1,0x20fb0,?destroy@std@@YAXPAPAUpathCell@@0@Z
1,0x216a0,?destroy@std@@YAXPAPAUpathCell@@@Z
1,0x4b3e8,?is_adjacent@army@@QBA_NABV1@@Z
3,0x11440,??_C@_0N@IIME@HPS042Wz?4PCX?$AA@
3,0x1ac2c,??_C@_0M@EKNJ@C06spF0?4def?$AA@
3,0x1abc0,??_C@_0M@KLJJ@C02spA0?4def?$AA@
3,0x1f47c,??_C@_0BA@EHJG@DDERR_NOALPHAHW?$AA@
3,0xaaf8,??_C@_06GLMF@sprite?$AA@
1,0x1430cc,?OnTownUpdateMsg@TSingleSelectionWindow@@QAAXPAVCNetMsg@@_N@Z
3,0x11310,??_C@_0N@LIDM@HPL032Al?4PCX?$AA@
1,0xf64ac,??1?$_Vector_base@VCObjectType@@V?$allocator@VCObjectType@@@std@@@std@@QAA@XZ
1,0x158234,??0?$_Rb_tree_iterator@W4SpellID@@U?$_Const_traits@W4SpellID@@@std@@@std@@QAA@ABU?$_Rb_tree_iterator@W4SpellID@@U?$_Nonconst_traits@W4SpellID@@@std@@@1@@Z
3,0x11520,??_C@_0N@JBJO@HPS049Hr?4PCX?$AA@
3,0x11510,??_C@_0N@JCHC@HPL048Hr?4PCX?$AA@
3,0x11e40,??_C@_0N@LIHE@HPS122Wh?4PCX?$AA@
3,0x16cc0,??_C@_0M@CAMG@AltFill?4def?$AA@
3,0xb4bc,??_C@_0M@BAJN@Not?5lobbied?$AA@
1,0xa2438,?get_string_width@font@@QBAJPBD@Z
1,0x9c964,?GetWagonArtifact@ExtraInfoUnion@@QBA?AW4TArtifact@@XZ
1,0xd4df0,?get_special_terrain@hero@@QBA?AW4TAdventureObjectType@@XZ
1,0x284a4,?deallocate@?$_STL_alloc_proxy@PAUtype_creature_value@@U1@V?$allocator@Utype_creature_value@@@std@@@std@@QAAXPAUtype_creature_value@@I@Z
1,0xbd8ec,??0?$vector@W4TArtifact@@V?$allocator@W4TArtifact@@@std@@@std@@QAA@ABV?$allocator@W4TArtifact@@@1@@Z
1,0x14df94,?__destroy_aux@std@@YAXPAVTSpellbookEntry@TSpellbookWindow@@U__false_type@@@Z
1,0x18c2c,?ClearBottomView@advManager@@AAAXXZ
1,0xcd9c4,?UpdateHeroScreenStatusBar@THeroScreenWindow@@AAAXAAUmessage@@@Z
1,0x14de18,?make_heap@std@@YAXPAVTSpellbookEntry@TSpellbookWindow@@0@Z
3,0x1d388,??_C@_07PHAG@TOihal4?$AA@
1,0x204c4,??A?$vector@VCObject@@V?$allocator@VCObject@@@std@@@std@@QAAAAVCObject@@I@Z
3,0x11600,??_C@_0N@PMPB@HPS056Dm?4PCX?$AA@
1,0xf78d8,?deallocate@?$allocator@VBlackBoxData@@@std@@SAXPAVBlackBoxData@@I@Z
1,0xfa948,?fill@std@@YAXPAVCObject@@0ABV2@@Z
1,0x148a28,??1CNewPlayerUpdateProc@@QAA@XZ
1,0x164ac0,?__uninitialized_copy@std@@YAPAPAV?$vector@PADV?$allocator@PAD@std@@@1@PAPAV21@000@Z
1,0x39454,?deallocate@?$allocator@UpathCell@@@std@@SAXPAUpathCell@@I@Z
1,0x129700,?__destroy@std@@YAXPAPAViconWidget@@00@Z
1,0x19cb84,_FreeLibrary
1,0x4cfa4,??Y?$_Deque_iterator@W4SpellID@@U?$_Nonconst_traits@W4SpellID@@@std@@U?$_Buf_size_traits@W4SpellID@@$0A@@3@@std@@QAAAAU01@H@Z
1,0xc6408,?fill@std@@YAXPAUtype_point@@0ABU2@@Z
3,0xb988,?gWanderingMonsterSpriteNames@@3PAPBDA
1,0x8fd2c,?_M_allocate_and_copy@?$vector@PAVtype_event_record@@V?$allocator@PAVtype_event_record@@@std@@@std@@IAAPAPAVtype_event_record@@IPAPAV3@0@Z
1,0xfb8b0,?__copy@std@@YAPAUTownExtra@@PAU2@00Urandom_access_iterator_tag@1@PAH@Z
1,0x128964,??A?$vector@PAViconWidget@@V?$allocator@PAViconWidget@@@std@@@std@@QAAAAPAViconWidget@@I@Z
3,0x20560,?AI_player@@3PAVtype_AI_player@@A
3,0x15b80,??_C@_0M@EBEA@OvButn6?4def?$AA@
1,0x2012c,?get_step@searchArray@@QBAEJ@Z
1,0xc004c,?deallocate@?$allocator@UTBlackMarket@@@std@@SAXPAUTBlackMarket@@I@Z
1,0xfb320,?value_type@std@@YAPAVTTownEvent@@PBV2@@Z
1,0x11d394,?CalcDimensions@CAnimatedDlg@@UAAXPBDPAVfont@@AAH222@Z
3,0x1eb68,??_C@_08LNOI@ibgr?4def?$AA@
1,0x881f0,??0ds_genericsample@@QAA@PAVwavfile@@_N1@Z
1,0x953cc,?DoEventSeaChest@advManager@@AAAXPAVhero@@PAVNewmapCell@@Utype_point@@_N@Z
3,0x2d954,?gcRegCDRomPath@@3PADA
1,0x28544,?deallocate@?$allocator@Utype_creature_value@@@std@@SAXPAUtype_creature_value@@I@Z
1,0xc209c,?construct@std@@YAXPAPAVCSprite@@ABQAV2@@Z
1,0x1187f8,?QuickWindowWait@TQuickTownWindow@@QAAXXZ
3,0x1f548,??_C@_0BB@BGEM@DDERR_NOMIRRORHW?$AA@
1,0x2c5e8,?AI_value_of_combat@@YAJPBVhero@@W4TCreatureType@@JPAVNewmapCell@@@Z
1,0x496dc,?adjust_hitpoints@army@@QAAXXZ
1,0x53960,??0Bitmap816@@QAA@PBDHHPAEPAVTPalette16@@H@Z
1,0x65b40,?Update@TCombatHeroSubWindow@@QAAXABVhero@@PBV2@_N@Z
1,0xe9668,?sort@LODFile@@QAAXXZ
1,0x117818,?QuickWindowWait@TQuickHeroWindow@@QAAXXZ
1,0x1204d4,?allocate@?$_STL_alloc_proxy@IPAVCNetMsg@@V?$allocator@PAVCNetMsg@@@std@@@std@@QAAPAPAVCNetMsg@@I@Z
1,0x120568,?allocate@?$allocator@PAPAVCNetMsg@@@std@@QBAPAPAPAVCNetMsg@@IPBX@Z
3,0x1dbe4,??_C@_08HKOM@TBCsup_0?$AA@
1,0x176634,?DoCommand@townManager@@QAAXH_NPAVtype_garrison_base_window@@@Z
1,0x2c884,??0?$_Vector_base@Utype_monster_data@@V?$allocator@Utype_monster_data@@@std@@@std@@QAA@ABV?$allocator@Utype_monster_data@@@1@@Z
1,0x39fb8,?__stl_alloc_rebind@std@@YAAAV?$allocator@PAVtype_artifact_effect@@@1@AAV21@PBQAVtype_artifact_effect@@@Z
1,0x1274bc,?ExitDialog@type_sacrifice_window@@UAAHAAUmessage@@@Z
3,0x17b58,?currentStream@@3PADA
1,0xf9b28,?__stl_alloc_rebind@std@@YAAAV?$allocator@VTreasureData@@@1@AAV21@PBVTreasureData@@@Z
1,0xc0238,?_M_insert_overflow@?$vector@VCObjectType@@V?$allocator@VCObjectType@@@std@@@std@@IAAXPAVCObjectType@@ABV3@I@Z
1,0x3bd3c,?__adjust_heap@std@@YAXPAJHHJ@Z
1,0xc31c0,??0?$_Vector_base@W4TArtifact@@V?$allocator@W4TArtifact@@@std@@@std@@QAA@IABV?$allocator@W4TArtifact@@@1@@Z
1,0xfe064,?SetupCDDrive@@YAHXZ
1,0x123f08,??0type_doll_slot_widget@@QAA@ABUtype_doll_slot_definition@@J@Z
1,0x1895a8,?Update@TGiveResourceWindow@@QAAX_N@Z
1,0x8b564,?GetSendQueueSize@CDPlay@@UAA_NKKAAK0@Z
3,0xb6b8,??_C@_09JMLD@Rogue?4wav?$AA@
1,0xaa7e0,?ValidateVictoryLossConditions@game@@QAAX_N@Z
1,0x181704,??_ETTownMenu@@UAAPAXI@Z
1,0x181704,??_GTTownMenu@@UAAPAXI@Z
3,0xfc,__imp__WaitForMultipleObjects
1,0x3220,??1CChatEdit@@UAA@XZ
1,0xbf1c,?get_trigger_cell@type_cell_adjuster@@QAAPAVNewmapCell@@PAV2@HH@Z
1,0x71f60,??1CSequence@@AAA@XZ
1,0xc28fc,?copy@std@@YAPAVmine@@PAV2@00@Z
1,0x11bf40,?UncompressMsg@CDPlayHeroes@@IAAPAVCNetMsg@@PAV2@@Z
1,0x147478,?GetName@CHotSeatMan@@QAAPADH@Z
1,0x14e114,?swap@std@@YAXAAVTSpellbookEntry@TSpellbookWindow@@0@Z
1,0x99d98,?HeroSwap@advManager@@QAAXPAVhero@@0@Z
3,0x2ab4,??_C@_0L@CPKG@?$CFskill?482M?$AA@
1,0x1297c8,?__uninitialized_fill_n@std@@YAPAPAViconWidget@@PAPAV2@IABQAV2@0@Z
1,0x9e510,??0executive@@QAA@XZ
2,0x8900,_GUID_TempoParam
3,0x30c8,??_C@_0M@MNLB@SecretTheme?$AA@
1,0x72f34,?DrawSpellEffect@CSprite@@QBAXHHHHHHPAGHHHHH_N1@Z
1,0x92220,?DoEventCloverField@advManager@@AAAXPAVhero@@PAVNewmapCell@@_N@Z
3,0x17034,?iFileNumber@@3HA
3,0xabbc,??_C@_01PKMN@?$DP?$AA@
1,0xc5ddc,?__stl_alloc_rebind@std@@YAAAV?$allocator@VCObject@@@1@AAV21@PBVCObject@@@Z
1,0x1005fc,?Update@TMultiPlayerWindow@@QAAXXZ
1,0x11c738,?GetNextMsgNbr@CChatManager@@IAAHH@Z
1,0x478fc,?get_defense_damage_modifier@army@@QBAN_N@Z
1,0xf7d40,?_M_fill_insert@?$vector@UTObjectCell@NewmapCell@@V?$allocator@UTObjectCell@NewmapCell@@@std@@@std@@QAAXPAUTObjectCell@NewmapCell@@IABU34@@Z
3,0xa0,__imp___ned
1,0x1a230,?RedrawAdvScreen@advManager@@QAAX_N0@Z
3,0x6cc0,??_C@_0M@JNAG@C15spE1?4def?$AA@
1,0x8fbf8,?deallocate@?$allocator@PAVtype_event_record@@@std@@SAXPAPAVtype_event_record@@I@Z
3,0x1ad58,??_C@_0M@GJNB@C03spA0?4def?$AA@
3,0x1ae0c,??_C@_0M@GMBO@C12spF1?4def?$AA@
1,0x957fc,?DoEventShrine@advManager@@AAAXPAVhero@@PAVNewmapCell@@PBDW4GlobalInfoFlags@@_N@Z
3,0x1abd8,??_C@_0M@PNBJ@C02spE0?4def?$AA@
3,0x335a0,?HeroBioText@@3PBVTTextResource@@B
1,0x176b88,?SwapHeroes@townManager@@QAAXXZ
1,0x191804,?WindowHandler@TViewArmyWindow@@UAAHAAUmessage@@@Z
3,0x1f250,??_C@_0BN@IPBF@Unable?5to?5get?5file?5attribute?$AA@
2,0x8240,_GUID_Slider
3,0x5ab8,??_C@_08CEFM@CH03?4DEF?$AA@
3,0xa4f8,??_C@_0L@EEFE@cohdem?4def?$AA@
3,0x16b94,??_C@_08KDBF@?6?$CF0?40f?$CF?$CF?$AA@
3,0x1aafc,??_C@_0L@KLHJ@Forget?4wav?$AA@
1,0x51f88,?GrabAndBlur@Bitmap16Bit@@QAAXPBV1@HH@Z
1,0x639ec,?Contains@SLimitData@@QBA_NHH@Z
2,0x1d74,?LandMineInfo@combatManager@@0QBUTObstacleInfo@1@B
1,0xe5960,?CalculateNormalDialogSize@@YAXAAUTNormalDialogInfo@@@Z
1,0x1e598,?DoAdvMenu@advManager@@QAAXXZ
3,0x2e248,?NULL_SAMPLE2@@3USAMPLE2@@A
1,0x116ccc,?DoQuestLog@@YAXH@Z
3,0x16bac,??_C@_0M@GMAH@aresbar?4pcx?$AA@
1,0x165038,??0iconBackedTextWidget@@QAA@XZ
1,0x165364,??1iconBackedTextWidget@@UAA@XZ
1,0x71f14,??0CSequence@@AAA@XZ
1,0x14d830,?allocate@?$_STL_alloc_proxy@PAVTSpellbookEntry@TSpellbookWindow@@V12@V?$allocator@VTSpellbookEntry@TSpellbookWindow@@@std@@@std@@QAAPAVTSpellbookEntry@TSpellbookWindow@@I@Z
1,0xc6a54,?__uninitialized_copy@std@@YAPAVmine@@PAV2@000@Z
1,0x57ab4,??0textButton@@QAA@HHHHHPBD00HH_NHHW4TColor@font@@@Z
1,0x898d8,?Channel@ds_engine@@QAAPAVds_memsample@@K@Z
1,0xd58f8,?HasArmy@hero@@QBA_NW4TCreatureType@@@Z
3,0x154,__imp__PostMessageW
1,0xed7c,?ProcessWaitingHover@advManager@@QAAHHH@Z
1,0x2c9dc,?deallocate@?$allocator@Utype_monster_data@@@std@@SAXPAUtype_monster_data@@I@Z
1,0x3d440,?find_attack_hex@type_AI_attack_hex_chooser@@QAA_NXZ
1,0x8f430,??1?$vector@Utype_shroud_change@type_record_shroud@@V?$allocator@Utype_shroud_change@type_record_shroud@@@std@@@std@@QAA@XZ
1,0x116b6c,??1TQuestLogWindow@@UAA@XZ
1,0x3883c,??0?$allocator@Utype_creature_source@@@std@@QAA@XZ
1,0xbe3ac,??0?$vector@Utype_university@@V?$allocator@Utype_university@@@std@@@std@@QAA@ABV?$allocator@Utype_university@@@1@@Z
3,0x1d4ec,??_C@_07DPMB@TONMrk1?$AA@
1,0x38840,??1?$allocator@Utype_creature_source@@@std@@QAA@XZ
1,0x11f80c,?CheckHandleNet@CNetMsgHandlerPause@@UAAPAVCNetMsg@@_NPA_N@Z
1,0xd9ce0,?SetPlayerPaletteColors@iconWidget@@QAAXH@Z
1,0xe9a94,??0?$_STL_alloc_proxy@PAULODEntry@@U1@V?$allocator@ULODEntry@@@std@@@std@@QAA@ABV?$allocator@ULODEntry@@@1@ABQAULODEntry@@@Z
3,0x1d580,??_C@_07IPCI@TONVam1?$AA@
1,0x60538,?SetupAndLoadObstacles@combatManager@@QAAXXZ
1,0xc3dbc,?uninitialized_fill_n@std@@YAPAUTBlackMarket@@PAU2@IABU2@@Z
1,0xb47b8,?PerMonth@game@@QAAXXZ
1,0x1297ac,?__uninitialized_copy@std@@YAPAPAViconWidget@@PAPAV2@000@Z
3,0x1a9e0,??_C@_0M@NHFG@Sacrif1?4wav?$AA@
3,0x1f610,??_C@_0BA@KCIJ@DDERR_NOVSYNCHW?$AA@
1,0x29604,?pop_heap@std@@YAXPAPAVarmy@@0Vfunc_moves_before@@@Z
2,0x223c,??_7TCombatPlacementSubWindow@@6B@
3,0x1eb94,??_C@_0M@DMHP@townManager?$AA@
3,0x1dbd8,??_C@_08ELIM@TBCsdw_6?$AA@
3,0x20080,?gExtraInfoText@@3PAPBDA
1,0xc2be4,??0type_creature_bank@@QAA@ABU0@@Z
1,0xd9ee8,?NextRandomSiegeEngineFrame@iconWidget@@QAAXXZ
3,0x16d1c,??_C@_0M@MNEM@SkTrnBk?4pcx?$AA@
1,0x53df0,?importPCXFile@Bitmap816@@AAAHPBDHHHHHH@Z
1,0x63b98,?clear@?$set@W4SpellID@@U?$less@W4SpellID@@@std@@V?$allocator@W4SpellID@@@3@@std@@QAAXXZ
1,0x108f74,??1TOverviewWindow@@UAA@XZ
1,0x14b240,?Open@soundManager@@UAAHH@Z
1,0x1641e8,?allocate@?$_STL_alloc_proxy@PAPADPADV?$allocator@PAD@std@@@std@@QAAPAPADI@Z
3,0x1d4d4,??_C@_07MGGG@TONHal2?$AA@
3,0x1b378,??_C@_0N@FLON@HeroScrn?4txt?$AA@
3,0x20a28,?const_artifact_effects@@3PAV?$vector@PAVtype_artifact_effect@@V?$allocator@PAVtype_artifact_effect@@@std@@@std@@A
1,0x4c918,?GetSpeed@army@@QBAHXZ
1,0x8a3a4,?DeleteGroupFromGroup@CDPlay@@UAA_NKK@Z
1,0x9d9ec,?iterator_category@std@@YA?AUrandom_access_iterator_tag@1@PBUTObjectCell@NewmapCell@@@Z
3,0x3284c,?waitingLoop@@3HA
1,0x181500,??_GtownObject@@QAAPAXI@Z
1,0x20bcc,?_S_whichbit@?$_Base_bitset@$0DA@K@std@@SAII@Z
1,0xcc0e4,?get_equipped_artifacts@hero@@QBAJ_N@Z
1,0x128ca0,??0?$_STL_alloc_proxy@PAUtype_artifact_offering@@U1@V?$allocator@Utype_artifact_offering@@@std@@@std@@QAA@ABV?$allocator@Utype_artifact_offering@@@1@ABQAUtype_artifact_offering@@@Z
3,0x1f6c0,??_C@_0BC@LHPH@DDERR_PALETTEBUSY?$AA@
3,0xfd0,??_C@_0BL@KNOM@nopqrstuvwxyzabcdefghijklm?$AA@
1,0x1294d4,?construct@std@@YAXPADABD@Z
3,0x1dfc8,??_C@_08NDCH@TBTwdw_2?$AA@
2,0x7798,??_7widget@@6B@
1,0x50f60,?color0565to8888@@YAKG@Z
1,0xc6f18,?__uninitialized_fill_n@std@@YAPAUtype_university@@PAU2@IABU2@0@Z
1,0xd37c0,?GiveSS@hero@@QAAHHH@Z
1,0xcc26c,?IsWieldingArtifact@hero@@QBAHH@Z
3,0x141fc,??_C@_1BI@FCJL@?$AAT?$AAe?$AAs?$AAt?$AA?5?$AAD?$AAe?$AAc?$AAo?$AAm?$AAp?$AA?$AA@
1,0xf4b64,??_ENewmapCell@@QAAPAXI@Z
3,0x1ac5c,??_C@_0M@GLMI@C08spE0?4def?$AA@
3,0x1abcc,??_C@_0M@LLMB@C01spE0?4def?$AA@
3,0x1ac08,??_C@_0M@MOEJ@C04spF0?4def?$AA@
1,0x40928,?get_traitor_value@type_AI_spellcaster@@IBAJPBVarmy@@0@Z
3,0xab2c,??_C@_09IHFO@interface?$AA@
1,0x8bf04,?GetGuid@CDPlay@@UAAPAU_GUID@@XZ
1,0xbdaf8,?size@?$vector@VTTownEvent@@V?$allocator@VTTownEvent@@@std@@@std@@QBAIXZ
3,0x31c88,?saveCurPlayer@@3HA
1,0x19ce80,_DirectDrawCreate
1,0x895bc,?SetSampleVolume@ds_engine@@QAA_NE@Z
1,0xb5f80,?MakeTerrainVisible@game@@QAAXHG@Z
1,0x13a2f8,?MaxPlayers@TSingleSelectionWindow@@QAAHXZ
1,0x19be28,?FadeBlit@heroWindowManager@@QAAXHHHHPBVBitmap816@@HH_NHH@Z
1,0x212ac,?__destroy@std@@YAXPAPAUpathCell@@00@Z
1,0xd8e58,?SetFocus@CHighScoreEdit@@UAAX_N@Z
1,0x106e90,?Overview@game@@QAAXXZ
1,0x119d64,?SiegeMonsterToSiegeArtifact@@YA?AW4TArtifact@@W4TCreatureType@@@Z
1,0x215bc,?__uninitialized_copy_aux@std@@YAPAUtype_dialog_resource@@PAU2@00U__false_type@@@Z
3,0x1e5f8,??_C@_08CKHP@TBDndw_2?$AA@
3,0x1f514,??_C@_0BG@GHJG@DDERR_NOEXCLUSIVEMODE?$AA@
1,0xe1de4,??0type_normal_dialog_frame@@QAA@JJJJJW4EGameResource@@J@Z
1,0xfcfd4,?__uninitialized_copy_aux@std@@YAPAVTSeerHut@@PAV2@00U__false_type@@@Z
1,0x12dfa8,??0CBonusDlg@@QAA@_N@Z
3,0x1e6ac,??_C@_08OMCK@TBStmag4?$AA@
1,0x28ff0,?__unguarded_insertion_sort@std@@YAXPAPAVarmy@@0Vfunc_moves_before@@@Z
1,0xa5a40,?LoadTownPool@game@@AAAHPAX@Z
3,0x2be0,??_C@_0M@JBPC@WallHit?482m?$AA@
1,0x14d460,??0?$vector@VTSpellbookEntry@TSpellbookWindow@@V?$allocator@VTSpellbookEntry@TSpellbookWindow@@@std@@@std@@QAA@ABV?$allocator@VTSpellbookEntry@TSpellbookWindow@@@1@@Z
3,0x1dcd4,??_C@_08OEGB@TBRmhal4?$AA@
1,0x4250,?allocate@?$allocator@PAVwidget@@@std@@QBAPAPAVwidget@@IPBX@Z
1,0x4935c,?Strength@army@@QAAKXZ
1,0x482f0,?get_loss_combat_value@army@@QBAJJJ_NJ0@Z
1,0x8d7e8,?get_type@type_record_show_hero@@UBA?AW4type_event_record_type@@XZ
1,0x8d044,?create@type_record_show_boat@@SAPAVtype_event_record@@XZ
1,0x9e520,?InitSystem@executive@@QAAHXZ
1,0xc8d90,?__destroy_aux@std@@YAXPAVhero@@U__false_type@@@Z
1,0xf5460,??0?$allocator@VTreasureData@@@std@@QAA@XZ
1,0xf5468,??1?$allocator@VTreasureData@@@std@@QAA@XZ
1,0x1267ac,?scroll_backpack_right@type_sacrifice_window@@CAHAAUmessage@@@Z
1,0x13bc60,?SetCurrentMap@TSingleSelectionWindow@@QAAXH_N@Z
3,0x1e820,??_C@_08CEFK@TBStdw_4?$AA@
1,0x8a15c,?GetCurrSession@CDPlay@@UAAPAUDPSESSIONDESC2@@XZ
1,0xddd60,?AsciiConvert@inputManager@@QAAXAAUmessage@@@Z
1,0x8018c,_SmackClose
3,0x13a48,??_C@_0N@NJOK@HALLNECR?4def?$AA@
3,0x15b00,??_C@_08PNOL@un32?4def?$AA@
3,0x16ba0,??_C@_0M@ONGG@kresbar?4pcx?$AA@
3,0x1ea00,??_C@_08NHPL@TBFrdw_0?$AA@
1,0x8b95c,?CreateSerialConnection@CDPlayLobby@@QAAPAVCDPlayConnection@@PADPAU_DPCOMPORTADDRESS@@@Z
3,0x1aaec,??_C@_0N@LHLK@Hypnotiz?4wav?$AA@
1,0x50f34,?color1555to8888@@YAKG@Z
3,0x37a0,?aSecret1RegionTraits@?%E:\gamedcs\campaignmap.cpp64671830@@3PAUTRegionTraits@TCampaignMapTraits@@A
3,0xadb0,??_C@_0N@LPI@hs_turn_se_s?$AA@
1,0xf70c4,?erase@?$vector@UTownExtra@@V?$allocator@UTownExtra@@@std@@@std@@QAAPAUTownExtra@@PAU3@0@Z
1,0x141824,?GetHeroFace@TSingleSelectionWindow@@QAAXHPAVCNetPlayerHandlerPlayer@@@Z
1,0x15ee74,?GetOurHero@swapManager@@QAAPAVhero@@XZ
3,0x15c,__imp__RegisterClassW
1,0x19cbcc,_FileTimeToSystemTime
1,0x49b4,?destroy@std@@YAXPAPAVwidget@@@Z
1,0x44ec0,?erase_item@@YAXAAV?$vector@PAVarmy@@V?$allocator@PAVarmy@@@std@@@std@@PBVarmy@@@Z
1,0x9da78,?__uninitialized_fill_n@std@@YAPAW4SpellID@@PAW42@IABW42@0@Z
3,0x1f770,??_C@_0BC@FDEM@DDERR_SURFACELOST?$AA@
3,0x7360,??_C@_0M@FOHH@crbanks?4txt?$AA@
1,0xa46e8,?LoadBoatPool@game@@AAAHPAX@Z
1,0xbd698,?assign@?$basic_string@DU?$char_traits@D@std@@V?$allocator@D@2@@std@@QAAAAV12@PBD@Z
3,0x16934,??_C@_0BJ@JDFC@Detected?5MPlayer?5launch?4?$AA@
3,0x1aa68,??_C@_0L@PMCB@Sorrow?4wav?$AA@
1,0x9c9b0,?tomb_is_full@ExtraInfoUnion@@QBA_NXZ
1,0xfb3c0,?__copy@std@@YAPAW4SpellID@@PAW42@00Urandom_access_iterator_tag@1@PAH@Z
3,0x1de54,??_C@_08BLFH@TBTwmag2?$AA@
1,0x70714,?ViewCastleBallista@combatManager@@QAAXH@Z
1,0x8d070,?load@type_record_show_boat@@UAA_NPAX@Z
1,0x8d110,?save@type_record_show_boat@@UAA_NPAX@Z
1,0xd4390,?GetNecromancyFactor@hero@@QBAM_N@Z
1,0xd5644,?IsMobile@hero@@QBA_NXZ
3,0x1e688,??_C@_08EKAN@TBStmage?$AA@
3,0x1e484,??_C@_08OCAP@TBDnmag2?$AA@
1,0x292ec,?__unguarded_insertion_sort_aux@std@@YAXPAPAVarmy@@00Vfunc_moves_before@@@Z
1,0x88b54,?Stop@ds_genericsample@@UAA_NXZ
1,0xe7148,??_GhighScoreManager@@QAAPAXI@Z
1,0xf52b8,?clear@?$vector@PAVCSprite@@V?$allocator@PAVCSprite@@@std@@@std@@QAAXXZ
1,0x1474a0,?GetCount@CChatManager@@QAAHXZ
1,0x14a6ac,?zBufferDraw@slider@@UBAXPAGH@Z
1,0x197570,?WidgetSetStatus@heroWindow@@QAAHHH@Z
1,0x50a8c,?RestartBink@BinkManager@@YAXXZ
1,0xfaa88,?copy_backward@std@@YAPAVTreasureData@@PAV2@00@Z
1,0x12b068,??1CBonusDlg@@UAA@XZ
1,0x1ef5c,?limit@@YAHHHH@Z
1,0x453c8,?animate_missile@army@@AAAXPAV1@@Z
1,0x8052c,_deflateParams@12
1,0xf76a4,?deallocate@?$_STL_alloc_proxy@PAVTSeerHut@@V1@V?$allocator@VTSeerHut@@@std@@@std@@QAAXPAVTSeerHut@@I@Z
1,0x2dcc,?handle_message@CHeroWindowEx@@UAAHAAUmessage@@@Z
1,0x57910,?GetRealWidth@button@@UBAHXZ
1,0x32430,?AI_arrange_army@@YAXAAVarmyGroup@@@Z
1,0x8cf94,?undo@type_record_hide_boat@@UAAXXZ
3,0x6b1c,??_C@_0M@CGPK@ObSnS07?4def?$AA@
1,0xd8e30,?OnPrevEdit@CHighScoreEdit@@UAAXXZ
3,0x2e26c,?iMPExtendedType@@3HA
3,0x194,__imp__RegSetValueExW
3,0xd270,?gbClosingApp@@3HA
3,0x17aa8,??_C@_0N@NBH@SlideBuH?4def?$AA@
1,0xe9df4,?uninitialized_fill_n@std@@YAPAULODEntry@@PAU2@IABU2@@Z
2,0x8660,_GUID_DMUS_PROP_SampleMemorySize
1,0x65274,?set_rollover@TCombatControlSubWindow@@UAAXPBD@Z
1,0x883d4,?IsClone@ds_genericsample@@QAA_NXZ
3,0x321c,??_C@_0M@FNDD@CBBEGIB?4DEF?$AA@
3,0x3228,??_C@_0M@GDLI@CBCANCB?4DEF?$AA@
3,0x1b078,??_C@_0M@PPHG@c08spw0?4def?$AA@
1,0xbefd4,??0?$_Vector_base@Vmine@@V?$allocator@Vmine@@@std@@@std@@QAA@ABV?$allocator@Vmine@@@1@@Z
3,0xac78,??_C@_0L@JBAK@cs_range_r?$AA@
1,0x89b38,??0?$tree@Vds_genericsample@@@@QAA@XZ
1,0x89b44,??1?$tree@Vds_genericsample@@@@QAA@XZ
2,0x8380,_IID_IDirectPlay3
1,0x9d09c,?end@?$vector@UTObjectCell@NewmapCell@@V?$allocator@UTObjectCell@NewmapCell@@@std@@@std@@QAAPAUTObjectCell@NewmapCell@@XZ
1,0xc49ec,?copy_backward@std@@YAPAVboat@@PAV2@00@Z
3,0x1a948,??_C@_0N@JDHG@Fireshld?4wav?$AA@
3,0x1d954,??_C@_07JNGL@TOFCasA?$AA@
1,0xe9690,?pointAt@LODFile@@QAA_NPBD@Z
1,0x118564,?initialize_army_display@TQuickTownWindow@@QAAXABVarmyGroup@@W4TViewLevel@1@@Z
3,0x16c50,??_C@_0M@GPFB@default?4fnt?$AA@
1,0x1298ac,?__destroy_aux@std@@YAXPAPAVsample@@0U__false_type@@@Z
1,0x424c4,?get_caliph_value@type_AI_spellcaster@@QBAJPBVarmy@@@Z
1,0x5b280,?get@?$TAutoArrayPtr@D@@QBAPADXZ
1,0xb5cdc,?CreateTownHeroes@game@@QAAXXZ
3,0x1f66c,??_C@_0BH@GLCM@DDERR_OUTOFVIDEOMEMORY?$AA@
1,0x64370,?_S_right@?$_Rb_tree@W4SpellID@@W41@U?$_Identity@W4SpellID@@@std@@U?$less@W4SpellID@@@3@V?$allocator@W4SpellID@@@3@@std@@KAAAPAU?$_Rb_tree_node@W4SpellID@@@2@PAU32@@Z
2,0x55b4,??_7type_skeleton_window@@6B@
1,0x181534,??_ETThievesGuildWindow@@UAAPAXI@Z
1,0x181534,??_GTThievesGuildWindow@@UAAPAXI@Z
1,0x9d060,?push_back@?$vector@W4SpellID@@V?$allocator@W4SpellID@@@std@@@std@@QAAXABW4SpellID@@@Z
1,0x1565e4,?remove_corpse@combatManager@@QAAXAAVhexcell@@JJ@Z
1,0x37d88,?artifactAllowedInSlot@@YA_NW4TArtifact@@W4TArtifactSlot@@@Z
1,0x709a8,?ShiftXY@combatManager@@QAAXAAUmessage@@@Z
1,0xdab1c,?inflate_codes_new@@YAPAUinflate_codes_state@@IIPAUinflate_huft_s@@0PAUz_stream_s@@@Z
2,0x79a0,_DDVPTYPE_CCIR656
1,0x63d18,??0?$_Rb_tree@W4SpellID@@W41@U?$_Identity@W4SpellID@@@std@@U?$less@W4SpellID@@@3@V?$allocator@W4SpellID@@@3@@std@@QAA@ABU?$less@W4SpellID@@@1@ABV?$allocator@W4SpellID@@@1@@Z
1,0x743dc,?DrawShroudTile@CSpriteFrame@@QBAXHHHHPAGHHHHHAAVTPalette16@@_N2@Z
1,0x1816d0,??_ETShipWindow@@UAAPAXI@Z
1,0x1816d0,??_GTShipWindow@@UAAPAXI@Z
2,0x8b60,_DLSID_XGInHardware
1,0xc3df8,?copy_backward@std@@YAPAUTBlackMarket@@PAU2@00@Z
1,0x122eec,?clear@?$_Rb_tree@VTCacheMapKey@ResourceManager@@U?$pair@$$CBVTCacheMapKey@ResourceManager@@PAVresource@@@std@@U?$_Select1st@U?$pair@$$CBVTCacheMapKey@ResourceManager@@PAVresource@@@std@@@4@U?$less@VTCacheMapKey@ResourceManager@@@4@V?$allocator@U?b1e4ebe7
1,0x4688,?__destroy@std@@YAXPAPAVwidget@@00@Z
1,0xf9300,?destroy@std@@YAXPAVTreasureData@@0@Z
3,0x314b4,?hmnuRecruitSave@@3PAXA
2,0x8400,_DPLPROPERTY_PlayerScore
1,0x8734c,?GetCroppedHeight@CSpriteFrame@@QBAHXZ
1,0xf9250,?construct@std@@YAXPAUTObjectCell@NewmapCell@@ABU23@@Z
1,0x63eec,?deallocate@?$_STL_alloc_proxy@PAU?$_Rb_tree_node@W4SpellID@@@std@@U12@V?$allocator@W4SpellID@@@2@@std@@QAAXPAU?$_Rb_tree_node@W4SpellID@@@2@I@Z
1,0x2544c,?mark_multiheaded_enemy@combatManager@@ABAXPBVarmy@@0PAJJPAVsearchArray@@ABVtype_AI_combat_parameters@@@Z
1,0x70b8c,?end@?$vector@Utype_artifact@@V?$allocator@Utype_artifact@@@std@@@std@@QAAPAUtype_artifact@@XZ
3,0x1abf0,??_C@_0M@CGCJ@C04spA0?4def?$AA@
3,0x1ac14,??_C@_0M@LCOB@C05spE0?4def?$AA@
1,0x3460,??_ETAdventureMapWindow@@UAAPAXI@Z
1,0x3460,??_GTAdventureMapWindow@@UAAPAXI@Z
1,0x71844,?__uninitialized_copy_aux@std@@YAPAW4TArtifact@@PAW42@00U__false_type@@@Z
3,0x17e1c,??_C@_0M@GKBD@schools?4def?$AA@
3,0x1d148,??_C@_07POBJ@TOrdwf1?$AA@
3,0x1dae8,??_C@_08PGBH@TBCsblak?$AA@
1,0xc5df4,?copy@std@@YAPAW4TArtifact@@PAW42@00@Z
1,0x15cf54,?HandleMonster@swapManager@@AAAXHHH_N@Z
3,0xb3a4,??_C@_0M@BFIH@Unsupported?$AA@
3,0x11090,??_C@_0N@DCB@HPL012Cl?4PCX?$AA@
3,0x1e4f0,??_C@_08HLME@TBDnhall?$AA@
1,0x149080,?IgnoreKey@CSingleSelectionChatEdit@@UAA_NAAUmessage@@@Z
1,0x1640b4,??0?$_Vector_base@PAV?$vector@PADV?$allocator@PAD@std@@@std@@V?$allocator@PAV?$vector@PADV?$allocator@PAD@std@@@std@@@2@@std@@QAA@ABV?$allocator@PAV?$vector@PADV?$allocator@PAD@std@@@std@@@1@@Z
3,0x1d074,??_C@_07HPEC@TOrmag3?$AA@
3,0x1dec0,??_C@_08ICJM@TBTwhall?$AA@
1,0x437ac,?set_retaliation_count@army@@QAAXXZ
1,0x14f7dc,?CastSpell@combatManager@@QAAXW4SpellID@@H_NHW4TSkillMastery@@J@Z
1,0x3604,?back@?$vector@PAVwidget@@V?$allocator@PAVwidget@@@std@@@std@@QAAAAPAVwidget@@XZ
3,0x16d34,??_C@_0N@KDBO@GSelPop1?4pcx?$AA@
1,0x14b4d4,?AdjustMusicVolumes@soundManager@@QAAXXZ
3,0x1e6d0,??_C@_08MIGN@TBStdock?$AA@
1,0xbd6d4,?erase@?$basic_string@DU?$char_traits@D@std@@V?$allocator@D@2@@std@@QAAAAV12@II@Z
3,0x1e154,??_C@_08EBAP@TBInext0?$AA@
1,0x18159c,??_ETMageGuildWindow@@UAAPAXI@Z
1,0x18159c,??_GTMageGuildWindow@@UAAPAXI@Z
1,0x2f84,?compare@TCheatCode@@QBA_NPBD@Z
1,0x703c0,?SetCombatGrid@combatManager@@QAAXHHH_N@Z
1,0xcc75c,?ViewArtifact@hero@@QAAXABUtype_artifact@@H@Z
2,0xc0,??_7CAdventurMapChatEdit@@6B@
1,0x13c724,?OnClickMsg@TSingleSelectionWindow@@QAA_NPAVCNetMsg@@@Z
1,0x2c988,?deallocate@?$_STL_alloc_proxy@PAUtype_monster_data@@U1@V?$allocator@Utype_monster_data@@@std@@@std@@QAAXPAUtype_monster_data@@I@Z
3,0x220c8,?CampaignHeader@@3UCampaignHeaderStruct@TCampaignBrief@@A
1,0x1020b4,?SetNextEdit@CMPEdit@@QAAXPAV1@@Z
1,0x27d9c,?IsIncapacitated@army@@QBA_NXZ
1,0x1688a0,?get_build_cost_array@town@@QBAPAHW4type_building_id@@@Z
3,0x6a8c,??_C@_0M@HDCJ@ObDsS17?4def?$AA@
1,0xc2fa4,?allocate@?$_STL_alloc_proxy@PAVboat@@V1@V?$allocator@Vboat@@@std@@@std@@QAAPAVboat@@I@Z
3,0x69c0,??_C@_0M@DJBD@ObDino2?4def?$AA@
1,0x6359c,?RaiseSkeletons@combatManager@@QAAXH@Z
1,0x10a508,??0TPalette16@@QAA@ABVTPalette24@@@Z
1,0x28d9c,?iterator_category@std@@YA?AUrandom_access_iterator_tag@1@PBJ@Z
1,0x38d6c,??1?$vector@PAVtype_artifact_effect@@V?$allocator@PAVtype_artifact_effect@@@std@@@std@@QAA@XZ
3,0x1b62c,??_C@_0M@BPBA@cDirections?$AA@
1,0x36274,??0type_combat_artifact@@QAA@J@Z
1,0xc97f0,??1TGenericResource@@UAA@XZ
3,0x1acec,??_C@_0M@MBNB@C13spW0?4def?$AA@
1,0x8b780,?Connect@CDPlayLobby@@QAA_NXZ
1,0xe8014,?AppCommand@@YAJPAXIIJ@Z
3,0x16ce8,??_C@_0N@LALD@Twcrport?4def?$AA@
3,0x1ad04,??_C@_0M@PPGL@C14spE0?4def?$AA@
1,0x19a20c,?ResizeWindow@@YAXHH@Z
1,0x34f8,??0?$basic_string@DU?$char_traits@D@std@@V?$allocator@D@2@@std@@QAA@XZ
1,0x3578,??1?$basic_string@DU?$char_traits@D@std@@V?$allocator@D@2@@std@@QAA@XZ
3,0x1d6b8,??_C@_07IMDN@TODacad?$AA@
3,0x1c8,__imp__FindClose
1,0xba040,?SetSpecialRumour@game@@AAAXXZ
2,0x5120,??_7CWaitForRemoteBattleDlg@@6B@
3,0xa854,??_C@_0L@LADB@cogmag?4def?$AA@
1,0x153d2c,?Armageddon@combatManager@@QAAXHH@Z
3,0x1e0dc,??_C@_08LCJP@TBInhal2?$AA@
1,0x190fc,?UpdBottomViewResMsg@advManager@@AAA_N_N@Z
1,0x8a50c,?EnumGroupPlayers@CDPlay@@UAA_NPAV?$CAutoArray@VCDPlayPlayer@@@@KPAU_GUID@@K@Z
1,0x11dde8,?GetPlayerPos@@YAHK@Z
1,0x11e848,?OnPlayerDrop@CLevelPickWaitDlg@@IAAHPAVCNetMsg@@AAUmessage@@@Z
2,0x8940,_GUID_Download
2,0x8a90,_IID_IDirectMusicSegmentState
1,0xc55c8,?value_type@std@@YAPAUTBlackMarket@@PBU2@@Z
1,0xf58f4,?clear@?$vector@VTTimedEvent@@V?$allocator@VTTimedEvent@@@std@@@std@@QAAXXZ
2,0x7ca0,_CLSID_CDirect3DRMFrame
2,0x7d00,_CLSID_CDirect3DRMWrap
1,0x15fdc,?QuickInfo@advManager@@QAAXHHH@Z
1,0x390b0,?begin@?$vector@UHeroDestination@@V?$allocator@UHeroDestination@@@std@@@std@@QAAPAUHeroDestination@@XZ
1,0x63cec,?deallocate@?$_STL_alloc_proxy@PAIIV?$allocator@_N@std@@@std@@QAAXPAII@Z
1,0x71968,?InitializeCreatureTypeTraitsTable@@YA_NXZ
1,0x8b2c4,?GetGroupName@CDPlay@@UAA_NKPADH0H@Z
1,0xc2e18,?deallocate@?$_STL_alloc_proxy@PAVCObject@@V1@V?$allocator@VCObject@@@std@@@std@@QAAXPAVCObject@@I@Z
1,0x14ac54,?VideoRestart@@YAXXZ
1,0xff76c,_GetCurrentThreadId
1,0x89c,??0TAdventureMapWindow@@QAA@XZ
1,0x438c,?_M_allocate_and_copy@?$vector@PAVwidget@@V?$allocator@PAVwidget@@@std@@@std@@IAAPAPAVwidget@@IPAPAV3@0@Z
3,0x13bf8,?hmnuApp@@3PAXA
1,0x40dc8,?consider_enchantment@type_AI_spellcaster@@IBAXAAUtype_spell_choice@@J@Z
1,0xfc610,?__copy_backward@std@@YAPAVMonsterData@@PAV2@00Urandom_access_iterator_tag@1@PAH@Z
1,0x142028,?OnPlayerPosClick@TSingleSelectionWindow@@QAAXH@Z
1,0x2cf94,?__unguarded_insertion_sort@std@@YAXPAUtype_monster_data@@0@Z
3,0x2a3c,?giWalkingTo2@@3HA
1,0x18c378,?SetRolloverText@TSellArtifactWindow@@AAAXH@Z
1,0x2308c,?get_spell_level@hero@@QBA?AW4TSkillMastery@@W4SpellID@@@Z
1,0x19cb48,_IsRectEmpty
3,0x1eecc,??_C@_0N@KKJP@TPMrkAbS?4pcx?$AA@
1,0x8238c,?CountSameBytes@CDiffMaker@@IAAHHH@Z
1,0xfa09c,?allocate@?$_STL_alloc_proxy@PAUTObjectCell@NewmapCell@@U12@V?$allocator@UTObjectCell@NewmapCell@@@std@@@std@@QAAPAUTObjectCell@NewmapCell@@I@Z
1,0xff708,?ShowSystemCursor@mouseManager@@QAAX_N@Z
1,0x156840,?Resurrect@combatManager@@QAAXPAVarmy@@J_N@Z
1,0xe6ef4,?service_sounds@soundManager@@QAAXXZ
3,0x31f0,??_C@_0BA@MLD@cbon?$CFs?$CFc?$CF1d?4pcx?$AA@
1,0x14dd68,?__linear_insert@std@@YAXPAVTSpellbookEntry@TSpellbookWindow@@0V23@@Z
3,0x1abfc,??_C@_0M@HAKJ@C04spE0?4def?$AA@
1,0x6a690,??A?$basic_string@DU?$char_traits@D@std@@V?$allocator@D@2@@std@@QAAAADI@Z
1,0xc3f30,?_M_insert_overflow@?$vector@Vtown@@V?$allocator@Vtown@@@std@@@std@@IAAXPAVtown@@ABV3@I@Z
1,0xe9198,?exist@LODFile@@QAA_NPBD@Z
1,0xfd274,?destroy@std@@YAXPAVTSeerHut@@@Z
1,0x120790,?__stl_alloc_rebind@std@@YAAAV?$allocator@PAVCNetMsg@@@1@AAV21@PBQAVCNetMsg@@@Z
3,0x1b308,??_C@_0N@BONO@townname?4txt?$AA@
1,0xc843c,?__uninitialized_copy_aux@std@@YAPAUTRumour@game@@PAU23@00U__false_type@@@Z
1,0xf56bc,?resize@?$vector@VBlackBoxData@@V?$allocator@VBlackBoxData@@@std@@@std@@QAAXI@Z
3,0x1ecc8,??_C@_0N@FNFK@tpsmitbk?4pcx?$AA@
1,0x3988,?max_size@?$_String_base@DV?$allocator@D@std@@@std@@QBAIXZ
3,0x2a84,??_C@_0L@FHA@?$CFsmove?482M?$AA@
1,0x4a08,?__destroy_aux@std@@YAXPAPAVwidget@@U__false_type@@@Z
3,0x2f58,?CampaignVoice@@3PAPADA
3,0x2c9a4,?gGameCommand@@3HA
3,0x1ce64,??_C@_0N@NOBP@TPMageSt?4pcx?$AA@
2,0x7bf0,_IID_IDirect3DLight
1,0x10906c,?DoRollover@TOverviewWindow@@AAAXH@Z
3,0x1b198,??_C@_0L@NCJF@sosave?4def?$AA@
1,0x16474c,?uninitialized_copy@std@@YAPAPADPAPAD00@Z
1,0x3ab48,?__median@std@@YAABUtype_creature_value@@ABU2@00@Z
3,0xabdc,??_C@_08NKFM@cs_wince?$AA@
1,0x9d808,?uninitialized_copy@std@@YAPAW4SpellID@@PAW42@00@Z
2,0x48bc,??_7CHotSeatDlg@@6B@
1,0x4b2e4,?FrontX@army@@QBAHXZ
1,0xc5de8,?__stl_alloc_rebind@std@@YAAAV?$allocator@PAVCSprite@@@1@AAV21@PBQAVCSprite@@@Z
1,0x1629e8,??0textEntryWidget@@QAA@HHHHHPAD0HI0HHHHHH@Z
1,0x28a80,?allocate@?$allocator@J@std@@QBAPAJIPBX@Z
1,0x39e68,?copy@std@@YAPAUtype_creature_source@@PAU2@00@Z
1,0xc6214,?__uninitialized_copy@std@@YAPAVCObjectType@@PAV2@000@Z
1,0x14060c,?OnReqHeaderConfirmMsg@TSingleSelectionWindow@@QAA_NPAVCNetMsg@@@Z
1,0x403c0,?get_cure_value@type_AI_spellcaster@@IBAJPBVarmy@@Utype_enchant_data@@@Z
3,0x5cbc,??_C@_0N@IKMC@SgCsMan1?4pcx?$AA@
1,0xbe828,??0garrison@@QAA@XZ
1,0xc606c,?allocate@?$_STL_alloc_proxy@PAVgarrison@@V1@V?$allocator@Vgarrison@@@std@@@std@@QAAPAVgarrison@@I@Z
3,0x16684,??_C@_0N@CEAN@CrBkgNeu?4pcx?$AA@
1,0x141a14,?GetThisPlayer@TSingleSelectionWindow@@AAAPAVCNetPlayerHandlerPlayer@@XZ
3,0x435c,??_C@_0N@CMHF@campev1s?4pcx?$AA@
3,0xddd8,??_C@_0N@MGPD@secskill?4def?$AA@
1,0x19cea4,_timeGetTime
1,0x6d2c8,?auto_resolve_combat@combatManager@@AAAXXZ
3,0xadd0,??_C@_09OMKE@chs_stand?$AA@
1,0xfaf68,?fill@std@@YAXPAVTTimedEvent@@0ABV2@@Z
3,0x6ccc,??_C@_0N@PJDH@C15spE10?4def?$AA@
1,0xf730c,??0?$_STL_alloc_proxy@PAUSecondarySkillData@@U1@V?$allocator@USecondarySkillData@@@std@@@std@@QAA@ABV?$allocator@USecondarySkillData@@@1@ABQAUSecondarySkillData@@@Z
3,0x1b2e8,??_C@_0N@COOK@bldgspec?4txt?$AA@
1,0x174658,?SetRolloverText@TShipWindow@@AAAXH@Z
3,0x2df4,??_C@_0N@FLJC@resour82?4def?$AA@
3,0x15a24,??_C@_0M@FPGE@muBdrct?4def?$AA@
3,0x1e334,??_C@_08BNIH@TBNcspec?$AA@
3,0x1d3c0,??_C@_08PEMH@TOicab1a?$AA@
1,0xfa550,?_M_insert_overflow@?$vector@USecondarySkillData@@V?$allocator@USecondarySkillData@@@std@@@std@@IAAXPAUSecondarySkillData@@ABU3@I@Z
3,0x6554,??_C@_0N@IHOC@SgStDrwC?4pcx?$AA@
1,0xdc614,?initialize_game_data@@YAXXZ
3,0x1b0c4,??_C@_0M@DBAJ@c07spA0?4def?$AA@
1,0x554ac,??0TBottomViewResourceMessage@@QAA@PAVheroWindow@@HHABV?$basic_string@DU?$char_traits@D@std@@V?$allocator@D@2@@std@@@Z
3,0x6798,??_C@_0N@MHEE@SgFrArch?4pcx?$AA@
1,0x715b0,?deallocate@?$allocator@W4TArtifact@@@std@@SAXPAW4TArtifact@@I@Z
1,0x74d60,?GetPixel@CSpriteFrame@@QBAEHH@Z
3,0x602c,??_C@_0N@KHKI@SgInDrw3?4pcx?$AA@
1,0x8ee28,??0type_record_claim_town@@IAA@XZ
1,0xf98a8,?copy@std@@YAPAVTreasureData@@PAV2@00@Z
1,0x1925d4,?create_hitpoints_left_widget@TViewArmyWindow@@AAAXH@Z
3,0x204,__imp__DirectDrawCreate
3,0x6458,??_C@_0N@OHCD@SgDnArch?4pcx?$AA@
1,0x8fcbc,?uninitialized_copy@std@@YAPAPAVtype_event_record@@PAPAV2@00@Z
2,0x78a0,_IID_IDirectDraw2
1,0x899e8,??1ds_memsample@@QAA@XZ
1,0x9c798,?GetArtifactResourceCost@ExtraInfoUnion@@QBA?AW4EGameResource@@XZ
1,0xc632c,?__uninitialized_copy@std@@YAPAPAVCSprite@@PAPAV2@000@Z
1,0x197d48,??0CHeroWindowEx@@QAA@HHHHI@Z
3,0x38,__imp__memset
3,0x1b5b0,??_C@_09GHFH@gLuckText?$AA@
3,0x604c,??_C@_0N@OHOC@SgInDrw1?4pcx?$AA@
1,0x44ec,?_S_chunk_alloc@?$__node_alloc@$0A@$0A@@std@@CAPADIAAH@Z
3,0x5cac,??_C@_0N@GKKN@SgCsMan2?4pcx?$AA@
1,0x2c954,??0?$_STL_alloc_proxy@PAUtype_monster_data@@U1@V?$allocator@Utype_monster_data@@@std@@@std@@QAA@ABV?$allocator@Utype_monster_data@@@1@ABQAUtype_monster_data@@@Z
1,0x66ba0,??0?$_Vector_base@PAVwidget@@V?$allocator@PAVwidget@@@std@@@std@@QAA@ABV?$allocator@PAVwidget@@@1@@Z
1,0x11f690,?GetSize@CChatMsg@@QAAKXZ
1,0xbfd14,?deallocate@?$_STL_alloc_proxy@PAVgarrison@@V1@V?$allocator@Vgarrison@@@std@@@std@@QAAXPAVgarrison@@I@Z
1,0x34b08,?AI_AttemptMove@@YAXPAVhero@@AAUHeroDestination@@AAJ_N@Z
3,0x6254,??_C@_0N@CMIH@SgNcTw21?4pcx?$AA@
3,0xde1c,??_C@_0M@EAJN@hsbtns2?4def?$AA@
1,0xe7660,??1?$_Rb_tree_base@W4SpellID@@V?$allocator@W4SpellID@@@std@@@std@@QAA@XZ
1,0x126254,?put_down_artifact@type_sacrifice_window@@AAAX_N@Z
1,0x1faa8,?GetTreePrice@ExtraInfoUnion@@QBA?AW4WiseTreePrices@@XZ
1,0x211d4,?value_type@std@@YAPAUtype_dialog_resource@@PBU2@@Z
1,0x838f0,?CombatMessage@combatManager@@QAAXH@Z
1,0xc23ec,?destroy@std@@YAXPAVgarrison@@0@Z
1,0xdbee4,?inflate_trees_dynamic@@YAHIIPAI00PAPAUinflate_huft_s@@1PAU1@PAUz_stream_s@@@Z
1,0x1280e0,?create_creature_icons@type_skeleton_window@@AAAXJJJJJJAAJPAPAViconWidget@@1PAPAVtextWidget@@@Z
3,0x1ae78,??_C@_0N@FJBC@C15spE11?4def?$AA@
1,0x158c00,?DrawMonster@strip@@IAAXHH@Z
1,0x183f30,??0TBuyArtifactWindow@@QAA@HH@Z
1,0x4b428,?OtherArmyAdjacent@army@@QAAHHH@Z
3,0x60bc,??_C@_0N@DKFK@SgInWa62?4pcx?$AA@
1,0x8ee98,??1type_record_claim_town@@UAA@XZ
1,0x11bd5c,?GetRemoteData@CDPlayHeroes@@QAAPAVCNetMsg@@_NPA_N@Z
1,0x16df0c,?show_side@TThievesGuildWindow@@QAAXXZ
1,0xff268,?SaveAndDraw@mouseManager@@AAAXPAUIDirectDrawSurface4@@0ABUtagRECT@@HH@Z
2,0x8210,_GUID_RxAxis
1,0x8d06c,?get_type@type_record_show_boat@@UBA?AW4type_event_record_type@@XZ
1,0xa438c,?LoadGarrisonPool@game@@AAAHPAX@Z
1,0x102f98,??_ETMultiPlayerWindow@@UAAPAXI@Z
1,0x102f98,??_GTMultiPlayerWindow@@UAAPAXI@Z
1,0x11f060,??0CTurnDuration@@QAA@XZ
3,0x1ac50,??_C@_0M@DGHB@C07spE0?4def?$AA@
3,0x1abe4,??_C@_0M@EDPJ@C02spF0?4def?$AA@
3,0x1ade8,??_C@_0M@MCKG@C11spA1?4def?$AA@
1,0x197c08,?DoModal@heroWindow@@UAAX_N@Z
2,0x8220,_GUID_RyAxis
1,0x478c8,?get_defense_modifier@army@@QBAJXZ
3,0x5ef4,??_C@_0N@HMPI@SgTwTw22?4pcx?$AA@
1,0xb1110,?readString@NewSMapHeader@@SAHPAXAAV?$basic_string@DU?$char_traits@D@std@@V?$allocator@D@2@@std@@@Z
1,0xd5b28,?InitializeSSkillTraitsTable@@YA_NXZ
1,0xfa144,?allocate@?$_STL_alloc_proxy@PAVBlackBoxData@@V1@V?$allocator@VBlackBoxData@@@std@@@std@@QAAPAVBlackBoxData@@I@Z
2,0x8230,_GUID_RzAxis
1,0x4f328,?modify_spell_damage@@YAJJW4SpellID@@W4TCreatureType@@@Z
3,0x5f04,??_C@_0N@JMJH@SgTwTw21?4pcx?$AA@
3,0x33fd4,?gDwellingNames@@3PAY0O@PBDA
3,0x1e3ac,??_C@_08HHEM@TBNcext3?$AA@
2,0x8840,_GUID_DirectMusicAllTypes
3,0x6244,??_C@_0N@MMOI@SgNcTw22?4pcx?$AA@
3,0x60cc,??_C@_0N@NKDF@SgInWa61?4pcx?$AA@
3,0x1f69c,??_C@_0CD@IKFB@DDERR_OVERLAYCOLORKEYONLYONEACTI@
1,0xbf018,??1?$_Vector_base@Vmine@@V?$allocator@Vmine@@@std@@@std@@QAA@XZ
3,0x33148,?cLuckInfo@@3PAPBDA
3,0x1e2d4,??_C@_08CKDM@TBNccas3?$AA@
1,0xeb33c,??_ETMainMenu@@UAAPAXI@Z
1,0xeb33c,??_GTMainMenu@@UAAPAXI@Z
3,0x1b638,??_C@_0BL@PLDG@cRumourTerrainDescriptions?$AA@
1,0x1218c4,?SetPixelFormat@ResourceManager@@YAXKKK@Z
1,0x1542b4,?ResetBoltAngle@combatManager@@QAAXPAUSBolt@@@Z
3,0x1d8cc,??_C@_07MDDL@TOFCas1?$AA@
1,0x4290,?allocate@?$allocator@H@std@@QBAPAHIPBX@Z
1,0x2e7c,??_H@YAXPAXIHP6AX0@Z@Z
1,0x3814c,??_I@YAXPAXIHP6AX0@Z@Z
1,0x88de0,?SetupNotifications@ds_streamsample@@AAA_NPAPAX0@Z
3,0x168b4,??_C@_06HNNJ@?$CFs?3?5?$CFs?$AA@
3,0x2d560,?gLastFilename@@3PADA
1,0xe98a4,??1?$vector@ULODEntry@@V?$allocator@ULODEntry@@@std@@@std@@QAA@XZ
3,0x37ea8,?blacksmithArtifactType@@3QBUtype_artifact@@B
1,0x71f78,?AddFrame@CSequence@@AAAHPBD@Z
1,0xb7560,?TransmitSaveGame@game@@QAAHHH_N0@Z
1,0xc8e40,?__destroy_aux@std@@YAXPAVCObjectType@@U__false_type@@@Z
1,0xf5dac,?push_back@?$vector@Vgarrison@@V?$allocator@Vgarrison@@@std@@@std@@QAAXABVgarrison@@@Z
1,0x146994,?VMSaveHiscore@@YA_NPADPAXKK@Z
1,0x51b0,?convertID2HelpID@TAdventureOptionsWindow@@ABAHH@Z
1,0x2850c,??0?$_STL_alloc_proxy@PAJJV?$allocator@J@std@@@std@@QAA@ABV?$allocator@J@1@ABQAJ@Z
3,0x3363c,?gResourceWindowHelp@@3PAUTHelpText@@A
1,0x28d0c,?__destroy@std@@YAXU?$_Deque_iterator@W4SpellID@@U?$_Nonconst_traits@W4SpellID@@@std@@U?$_Buf_size_traits@W4SpellID@@$0A@@3@@1@0PAW4SpellID@@@Z
1,0x57f74,??0?$_STL_alloc_proxy@PAHHV?$allocator@H@std@@@std@@QAA@ABV?$allocator@H@1@ABQAH@Z
1,0xd3730,?TakeSS@hero@@QAAHHH@Z
3,0x11fdc,?HISCORE_FILENAME@@3PADA
3,0x16884,??_C@_0N@PBEF@playcome?4wav?$AA@
1,0x19cee0,_GetVideoOutputFormat
1,0x2933c,??9std@@YA_NABU?$_Deque_iterator_base@W4SpellID@@U?$_Buf_size_traits@W4SpellID@@$0A@@std@@@0@0@Z
1,0x3b3a0,?__partial_sort@std@@YAXPAJ000@Z
1,0xfd35c,?__copy@std@@YAPAUSecondarySkillData@@PBU2@0PAU2@Urandom_access_iterator_tag@1@PAH@Z
2,0x5e40,??_7CSwapManagerChatEdit@@6B@
3,0x1d128,??_C@_08JOON@TOrtre2h?$AA@
2,0x8550,_IID_IDirectMusicThru
3,0xb54c,??_C@_0BL@PELM@Cant?5load?5security?5package?$AA@
1,0x139ccc,?DrawBasicMapInfo@TSingleSelectionWindow@@QAAXXZ
3,0x1acbc,??_C@_0M@EFEB@C11spW0?4def?$AA@
3,0x1ad34,??_C@_0M@JFEI@C18spW0?4def?$AA@
3,0x1af6c,??_C@_0M@NDIN@c07spe0?4def?$AA@
2,0x8a70,_IID_IDirectMusicObject
1,0xf2c0,?get_normal_cursor@advManager@@AAA?AW4type_adventure_cursor@@PAVNewmapCell@@@Z
1,0x393c,??0?$_STL_alloc_proxy@PADDV?$allocator@D@std@@@std@@QAA@ABV?$allocator@D@1@ABQAD@Z
1,0x9da98,?partial_sort@std@@YAXPAW4SpellID@@00Vspell_level_order@@@Z
2,0x7f60,_IID_IDirect3DRMObjectArray
3,0x118a0,??_C@_0N@FIN@HPS077Nc?4PCX?$AA@
1,0xf5354,??1?$vector@VTreasureData@@V?$allocator@VTreasureData@@@std@@@std@@QAA@XZ
1,0x1230c0,?deallocate@?$allocator@U?$_Rb_tree_node@U?$pair@$$CBVTCacheMapKey@ResourceManager@@PAVresource@@@std@@@std@@@std@@SAXPAU?$_Rb_tree_node@U?$pair@$$CBVTCacheMapKey@ResourceManager@@PAVresource@@@std@@@2@I@Z
1,0x1981e0,??_ECHeroWindowEx@@UAAPAXI@Z
1,0x1981e0,??_GCHeroWindowEx@@UAAPAXI@Z
1,0x4d83c,?distance_type@std@@YAPAHPBQAW4SpellID@@@Z
1,0xe9acc,?deallocate@?$allocator@ULODEntry@@@std@@SAXPAULODEntry@@I@Z
3,0x1b480,??_C@_0P@DHPL@CampaignWindow?$AA@
3,0x2c48,??_C@_05OPPH@99999?$AA@
1,0x9d5d4,?_M_insert_overflow@?$vector@V?$basic_string@DU?$char_traits@D@std@@V?$allocator@D@2@@std@@V?$allocator@V?$basic_string@DU?$char_traits@D@std@@V?$allocator@D@2@@std@@@2@@std@@IAAXPAV?$basic_string@DU?$char_traits@D@std@@V?$allocator@D@2@@2@ABV32@I@Z
1,0xe5f60,?GetCurrentNormalDialog@@YAPAVTDialogBox@@XZ
2,0x4cd8,??_7TPuzzleWindow@@6B@
3,0x1cdc4,??_C@_0N@GBN@TPCasNec?4pcx?$AA@
1,0x8a9cc,?AddGroupEnum@CDPlay@@MAA_NKPBUDPNAME@@K@Z
1,0xfe4e4,?allocate@?$allocator@I@std@@QBAPAIIPBX@Z
1,0x13b178,?SetNewPlayerSlot@TSingleSelectionWindow@@QAA_NK@Z
3,0x1ab5c,??_C@_08PIIO@Bind?4wav?$AA@
2,0x68cc,??_7type_garrison_base_window@@6B@
1,0x17b428,?MoveHero@townManager@@QAAXPAVtown@@0@Z
1,0xb9c,??1TAdventureMapWindow@@UAA@XZ
1,0xc2834,?copy@std@@YAPAVtown@@PAV2@00@Z
1,0x14d3e0,??_ETSpellbookWindow@@UAAPAXI@Z
1,0x14d3e0,??_GTSpellbookWindow@@UAAPAXI@Z
3,0x1b594,??_C@_0N@MKMM@Arraytxt?4txt?$AA@
1,0x88ff0,?Init@ds_engine@@QAA_NPAX@Z
1,0xbfe54,??0?$_STL_alloc_proxy@PAUtype_creature_bank@@U1@V?$allocator@Utype_creature_bank@@@std@@@std@@QAA@ABV?$allocator@Utype_creature_bank@@@1@ABQAUtype_creature_bank@@@Z
1,0x14111c,?OnGameHeaderInfoMsg@TSingleSelectionWindow@@QAA_NPAVCNetMsg@@@Z
3,0x1da7c,??_C@_08KPLH@TBCscstl?$AA@
1,0x16c2d8,?UnloadTown@townManager@@QAAXXZ
1,0x8b1e0,?GetGroupData@CDPlay@@UAAPAXKPAKK@Z
1,0x8fe9c,?__destroy_aux@std@@YAXPAUtype_shroud_change@type_record_shroud@@0U__false_type@@@Z
3,0x313a8,?blue_mask@TPalette16@@0IA
3,0x1fcec,??_C@_0L@EBEB@data?5error?$AA@
1,0x519c4,?Colorize@Bitmap16Bit@@QAAXHHHHMM@Z
3,0x69e4,??_C@_0M@HLMH@ObSkel2?4def?$AA@
1,0x6a958,?_M_insert_overflow@?$vector@PAV?$basic_string@DU?$char_traits@D@std@@V?$allocator@D@2@@std@@V?$allocator@PAV?$basic_string@DU?$char_traits@D@std@@V?$allocator@D@2@@std@@@2@@std@@IAAXPAPAV?$basic_string@DU?$char_traits@D@std@@V?$allocator@D@2@@2@Af96615d8
1,0xfb0e4,?uninitialized_copy@std@@YAPAUTownExtra@@PAU2@00@Z
3,0x32674,?saved_game_filename@@3PADA
1,0x11f4,?DrawChatText@TAdventureMapWindow@@QAAX_N@Z
1,0x4cb1c,?Grab@Bitmap16Bit@@QAAXPBV1@HH@Z
1,0x4e644,?get_spell_work_chance@@YAMW4SpellID@@W4TCreatureType@@QBVhero@@2@Z
1,0x50fb0,?color8888to0565@@YAGK@Z
1,0x50f80,?color8888to1555@@YAGK@Z
1,0x162bbc,?GetCharPressed@textEntryWidget@@QAADAAUmessage@@@Z
3,0x1d2e8,??_C@_07LLOC@TOTMag2?$AA@
3,0x1f56c,??_C@_0BC@JFFJ@DDERR_NOOVERLAYHW?$AA@
1,0x5b208,??1?$TAutoArrayPtr@D@@QAA@XZ
3,0xb29c,??_C@_0BH@NKHN@Caps?5not?5available?5yet?$AA@
1,0xf722c,??1?$_STL_alloc_proxy@PAVMonsterData@@V1@V?$allocator@VMonsterData@@@std@@@std@@QAA@XZ
1,0x14d9d0,?__final_insertion_sort@std@@YAXPAVTSpellbookEntry@TSpellbookWindow@@0@Z
3,0x1ac38,??_C@_0M@GAPB@C07spA0?4def?$AA@
3,0x1ac68,??_C@_0M@NFCI@C08spF0?4def?$AA@
3,0x1b060,??_C@_0M@FHLN@c20spx3?4def?$AA@
1,0x54c6c,?SetImage@bitmapBorder16@@QAAXPBD@Z
1,0x4ebd0,?IsMember@armyGroup@@QBA_NW4TCreatureType@@@Z
1,0x12d0e4,?DoSeerEvent@TSeerHut@@QAAXPAVhero@@_N@Z
3,0x1d7dc,??_C@_08EBAM@TOSGob1H?$AA@
1,0xa6144,?IsHuman@playerData@@QBA_NXZ
3,0x11390,??_C@_0N@CGK@HPL036Al?4PCX?$AA@
1,0x54408,?initialize@border@@QAAXHHHHHH_N@Z
3,0x1d718,??_C@_07IFEG@TODhar2?$AA@
3,0x1f4b4,??_C@_0BM@INCD@DDERR_NOCOOPERATIVELEVELSET?$AA@
1,0x27ec8,?ValidHex@combatManager@@SA_NH@Z
1,0x8fc14,?uninitialized_copy@std@@YAPAUtype_shroud_change@type_record_shroud@@PAU23@00@Z
2,0x85f0,_GUID_DMUS_PROP_XG_Capable
1,0xd4560,?GetVisibility@hero@@QBAHXZ
3,0x348a8,?gSingleSelectionHelp@@3PAUTHelpText@@A
1,0x11f64c,??0CChatMsg@@QAA@PBD@Z
1,0x11edec,?Stop@CGameTransferSmack@@QAAXXZ
1,0x1645a8,?destroy@std@@YAXPAPAV?$vector@PADV?$allocator@PAD@std@@@1@0@Z
3,0x20068,?advMenu@@3PAVTAdvMenu@@A
3,0xb5b4,?gbInReplay@@3_NA
1,0xb6538,?ShowHeroesLogo@game@@QAAXXZ
3,0xab60,??_C@_08KPJK@Creature?$AA@
2,0x82c0,_GUID_ConstantForce
1,0x3b5d4,?make_heap@std@@YAXPAUtype_creature_value@@0U?$greater@Utype_creature_value@@@1@@Z
1,0x5c884,?WindowHandler@THallWindow@@UAAHAAUmessage@@@Z
1,0xbf2b0,??0?$_Vector_base@Vboat@@V?$allocator@Vboat@@@std@@@std@@QAA@ABV?$allocator@Vboat@@@1@@Z
1,0x11c298,??0CChatManager@@QAA@H@Z
2,0x515c,??_7CWaitForReadyPlayersDlg@@6B@
1,0x1652f4,?SetColor@textWidget@@QAAXW4TColor@font@@@Z
1,0x38070,??0CGiftMsg@@QAA@HHH@Z
3,0xb744,??_C@_0L@DIIB@Morale?4wav?$AA@
1,0x11f2fc,?IsClose@CTurnDuration@@QAA_NK@Z
1,0x95564,?DoEventSurvivor@advManager@@AAAXPAVhero@@PAVNewmapCell@@Utype_point@@_N@Z
1,0xfb57c,?distance_type@std@@YAPAHPBVTreasureData@@@Z
2,0x8080,_CLSID_CDirect3DRM
1,0x2f268,?reset_magus_hut_value@type_AI_player@@QAAXXZ
3,0x6cdc,??_C@_0M@CILE@C07spF1?4def?$AA@
1,0x9adcc,?do_event_undead_lair@advManager@@AAAXPAVhero@@PAVNewmapCell@@PBD22KUtype_point@@@Z
1,0x139b08,?GetMapName@TSingleSelectionWindow@@QAAPBDH@Z
3,0x1adb8,??_C@_0M@EHDD@C07spW0?4def?$AA@
3,0x1addc,??_C@_0M@EIKL@C10spF0?4def?$AA@
3,0x1ae30,??_C@_0M@LJLD@C17spE0?4def?$AA@
3,0x1b210,??_C@_0M@OLHF@sysopb8?4def?$AA@
2,0x8390,_IID_IDirectPlayLobby2
1,0x290fc,?_M_increment@?$_Deque_iterator_base@W4SpellID@@U?$_Buf_size_traits@W4SpellID@@$0A@@std@@@std@@QAAXXZ
1,0x3f9d0,?get_move_order_change_value@type_AI_spellcaster@@IBAJPBVarmy@@@Z
1,0x14ac34,?VideoRealignBuffers@@YAXXZ
3,0x1e70c,??_C@_08CNOJ@TBSthal2?$AA@
1,0x27c74,?set_stack_value@type_spellvalue@@QAAXJ@Z
1,0x49260,?DamageEnemy@army@@QAAJPAV1@PAH1_N@Z
3,0x11f00,??_C@_0N@NHH@HPS128Qc?4PCX?$AA@
1,0x122ba8,?GetFrame@CSprite@@QAAPAVCSpriteFrame@@HH@Z
3,0x1ddb8,??_C@_08ONNC@TBRmdw_2?$AA@
3,0x22004,?needsUpdate@BinkManager@@3_NA
2,0x82f0,_GUID_Sine
1,0x38c00,??A?$vector@UHeroDestination@@V?$allocator@UHeroDestination@@@std@@@std@@QAAAAUHeroDestination@@I@Z
1,0x5b284,??0?$TResourcePtr@VTTextResource@@@@QAA@PAVTTextResource@@@Z
3,0xb21c,??_C@_0O@ECHE@Access?5Denied?$AA@
1,0x140414,?OnPingMsg@TSingleSelectionWindow@@QAAXPAVCNetMsg@@@Z
3,0x1fc78,??_C@_0BC@JFEN@heroWindowManager?$AA@
1,0x4b20c,?RightX@army@@QBAHXZ
1,0xe0158,?oldmain@@YAHXZ
1,0x14aba8,?OnKillFocus@slider@@UAAXXZ
2,0x80a0,_CLSID_DirectSound
1,0xc7508,?__destroy_aux@std@@YAXPAUtype_point@@0U__false_type@@@Z
1,0x1496c8,??1?$CAutoArray@H@@UAA@XZ
1,0x141b98,?OnSetAsHostMsg@TSingleSelectionWindow@@QAA_NPAVCNetMsg@@@Z
3,0x31c90,?pIUnknown@@3PAUIUnknown@@A
1,0x122bb8,?SetPixelFormat@CSprite@@SAXIII@Z
3,0x6990,??_C@_0M@JIJI@ObBhL06?4pcx?$AA@
1,0x9c82c,?FillMagicSpring@ExtraInfoUnion@@QAAX_N@Z
1,0xc8e70,?__copy@std@@YAPAW4TArtifact@@PBW42@0PAW42@Urandom_access_iterator_tag@1@PAH@Z
1,0x189aac,?Update@TBuyArtifactWindow@@QAAX_N@Z
1,0x19674,?TownQuickView@advManager@@QAAXHHH_N@Z
1,0x1e068,?ViewPuzzle@advManager@@QAAXXZ
1,0x712d0,?initialize_creature_bank@@YAXAAUtype_creature_bank@@W4type_creature_bank_type@@@Z
3,0xcc08,?gbInDialog@@3HA
3,0x13e50,??_C@_09BLE@A?5?$DN?560?5Hz?$AA@
1,0x194bc,?HeroQuickView@advManager@@QAAXHHH_N@Z
3,0x139c8,??_C@_08NHEJ@test?4h3m?$AA@
1,0xf5630,??1?$vector@VBlackBoxData@@V?$allocator@VBlackBoxData@@@std@@@std@@QAA@XZ
3,0x1d658,??_C@_08IGEG@TODhall4?$AA@
1,0x450bc,?remove_binding@army@@QAAXXZ
3,0xb6ac,??_C@_0M@IIKA@Mystery?4wav?$AA@
1,0x1f5c8,?DrawTile@CSprite@@QBAXHHHHHPAVBitmap16Bit@@HH_N1@Z
1,0xc4e7c,?uninitialized_fill_n@std@@YAPAUtype_creature_bank@@PAU2@IABU2@@Z
3,0x2e4e4,?giTotalHighMem@@3HA
1,0xfa7a4,?uninitialized_copy@std@@YAPAUTObjectCell@NewmapCell@@PAU23@00@Z
3,0x144d8,??_C@_0M@FGBH@RMT?$CFsRC?4BIN?$AA@
1,0x116604,??0TQuestLogWindow@@QAA@XZ
3,0x1eae0,??_C@_07GKPI@dungeon?$AA@
1,0x8d2b8,?get_type@type_record_erase@@UBA?AW4type_event_record_type@@XZ
1,0x9d9fc,?distance_type@std@@YAPAHPBUTObjectCell@NewmapCell@@@Z
1,0xa5108,?AssignNetInfo@playerData@@QAAXPAVCNetPlayerInfo@@@Z
1,0xbe550,?begin@?$vector@UTRumour@game@@V?$allocator@UTRumour@game@@@std@@@std@@QAAPAUTRumour@game@@XZ
1,0xc3038,?resize@?$vector@Utype_creature_bank@@V?$allocator@Utype_creature_bank@@@std@@@std@@QAAXI@Z
3,0x1dc44,??_C@_08CFKC@TBRmmag2?$AA@
3,0x5adc,??_C@_08EOM@CH06?4DEF?$AA@
3,0x140bc,??_C@_1BK@FFLF@?$AAQ?$AAu?$AAi?$AAc?$AAk?$AA?5?$AAC?$AAo?$AAm?$AAb?$AAa?$AAt?$AA?$AA@
1,0x12e690,??0CTownDlg@@QAA@_N@Z
3,0x1b368,??_C@_0N@DGCM@Overview?4txt?$AA@
1,0x3a8b0,?__uninitialized_copy@std@@YAPAUtype_creature_value@@PAU2@000@Z
1,0x4ef88,?get_creature_total@armyGroup@@QBAHXZ
3,0x6cb4,??_C@_0M@LHEF@C09spF1?4def?$AA@
3,0x1ac8c,??_C@_0M@NIMC@C09spW0?4def?$AA@
2,0x124,??_7TAdventureMapWindow@@6B@
1,0xe92b4,?getErrorString@LODFile@@QAAPADH@Z
1,0x14d344,?SetContext@TSpellbookWindow@@QAAXW4TSpellContext@1@@Z
2,0x6a04,??_7TThievesGuildWindow@@6B@
3,0x1d6dc,??_C@_08CPBH@TODbeh1a?$AA@
1,0x2018c,??0CNetMsg@@QAA@W4eRS_Messages@@K@Z
1,0x73468,?GetSequenceID@CSprite@@SAHHPBD@Z
1,0x6ac34,?__destroy_aux@std@@YAXPAPAV?$basic_string@DU?$char_traits@D@std@@V?$allocator@D@2@@1@0U__false_type@@@Z
3,0x11a30,??_C@_0N@BOK@HPL089Wl?4PCX?$AA@
3,0x11c50,??_C@_0N@GJE@HPL106Bm?4PCX?$AA@
3,0xa688,??_C@_0L@CCNK@cndrgn?4def?$AA@
1,0x12f6d4,?GetResourceBonusCaption@@YAPBDH@Z
1,0xff22c,?MouseCoords@mouseManager@@QAAXAAH0@Z
3,0x1f7a0,??_C@_0BD@BPON@DDERR_TOOBIGHEIGHT?$AA@
1,0x27fe8,?get_hex@searchArray@@QBAPAUpathCell@@J@Z
1,0x9d480,?_M_insert_overflow@?$vector@W4SpellID@@V?$allocator@W4SpellID@@@std@@@std@@IAAXPAW4SpellID@@ABW43@I@Z
3,0xb7e4,?bMapInitialized@@3DA
1,0xbd954,?size@?$vector@VCObjectType@@V?$allocator@VCObjectType@@@std@@@std@@QBAIXZ
1,0xf5bc0,?clear@?$vector@Vtown@@V?$allocator@Vtown@@@std@@@std@@QAAXXZ
1,0x1084f0,??0TOverviewWindow@@QAA@XZ
1,0x128648,??_Gtype_artifact_offering_widget@@UAAPAXI@Z
3,0x1fb98,??_C@_0BD@OCPI@DDERR_CANTPAGELOCK?$AA@
3,0x11d10,??_C@_0N@DHEM@HPL112Bs?4PCX?$AA@
3,0x11880,??_C@_0N@CLBI@HPS076Nc?4PCX?$AA@
1,0x147f58,??0CTownUpdateMsg@@QAA@HW4TTownType@@@Z
3,0x1d460,??_C@_07DIIN@TOipit2?$AA@
2,0xb40,??_7type_power_artifact@@6B@
1,0x6a628,??_ETCombatWindow@@UAAPAXI@Z
1,0x6a628,??_GTCombatWindow@@UAAPAXI@Z
1,0x6be08,?HighlightHex@combatManager@@QAAXHH@Z
1,0x11f5e4,??0CNetPlayerInfo@@QAA@XZ
3,0x26c4,?attack_human_bonus@type_AI_player@@1MA
3,0x114e0,??_C@_0N@BMAH@HPS047Wz?4PCX?$AA@
3,0x35128,?Credits@@3PAPBDA
1,0x6ac94,?eq@?$__char_traits_base@DH@std@@SA_NABD0@Z
3,0xb674,??_C@_0M@NJFI@mystery?4wav?$AA@
3,0x11ee0,??_C@_0N@CMLH@HPS127Wh?4PCX?$AA@
1,0x19824c,?rend@?$vector@PAVwidget@@V?$allocator@PAVwidget@@@std@@@std@@QBA?AV?$reverse_iterator@PBQAVwidget@@PAV1@ABQAV1@PBQAV1@H@2@XZ
3,0x113b0,??_C@_0N@CMPP@HPL037Al?4PCX?$AA@
1,0x114bb0,?set_value_of_spring@hero@@QAAXJ@Z
1,0x49d0,?fill_n@std@@YAPAHPAHIABH@Z
3,0x11100,??_C@_0N@BLOG@HPS016Rn?4PCX?$AA@
3,0x11c40,??_C@_0N@CLON@HPS106Bm?4PCX?$AA@
1,0xfe520,??0?$vector@_NV?$allocator@_N@std@@@std@@QAA@HHABV?$allocator@_N@1@@Z
1,0x1413c4,?OnScrollMsg@TSingleSelectionWindow@@QAA_NPAVCNetMsg@@@Z
1,0x195d30,?init@TViewWorldWindow@@QAAXUtype_point@@_N@Z
1,0x19bba8,?ReleaseFizzleSource@heroWindowManager@@QAAXXZ
1,0xc3974,?erase@?$vector@Utype_creature_bank@@V?$allocator@Utype_creature_bank@@@std@@@std@@QAAPAUtype_creature_bank@@PAU3@0@Z
3,0x1ad10,??_C@_0M@GLKD@C15spA0?4def?$AA@
3,0x1acb0,??_C@_0M@IKOD@C11spF0?4def?$AA@
3,0x1d59c,??_C@_07IHM@TONBon1?$AA@
1,0x822ec,?Apply@CDiffFile@@QAAPAXPAEH@Z
1,0xc3604,?resize@?$vector@Utype_creature_bank@@V?$allocator@Utype_creature_bank@@@std@@@std@@QAAXIABUtype_creature_bank@@@Z
1,0x1293f0,?allocate@?$_STL_alloc_proxy@PAPAViconWidget@@PAV1@V?$allocator@PAViconWidget@@@std@@@std@@QAAPAPAViconWidget@@I@Z
1,0x4d830,?iterator_category@std@@YA?AUrandom_access_iterator_tag@1@PBQAW4SpellID@@@Z
1,0xa795c,?SaveBlackMarkets@game@@AAAHPAX@Z
1,0xc506c,?fill@std@@YAXPAUTRumour@game@@0ABU23@@Z
3,0x16c34,??_C@_0M@KFPM@default?4pcx?$AA@
3,0x1cfc8,??_C@_08IOBL@TOCsCrs1?$AA@
3,0x10f70,??_C@_0N@IINB@HPL003Kn?4PCX?$AA@
3,0x113d0,??_C@_0N@JBLK@HPL038Al?4PCX?$AA@
3,0x113e0,??_C@_0N@JCFG@HPS039Al?4PCX?$AA@
1,0x11cabc,?SetMaxLines@CChatManager@@QAAXH@Z
3,0x1dbf0,??_C@_08NAHL@TBCsup_1?$AA@
1,0x2dfec,?clear_marks@type_garrison_purchaser@@MBAXXZ
1,0x7203c,?AddFrame@CSequence@@AAAHPBDHHPAEHW4TEncodingMethod@@HHHH@Z
3,0x11cd0,??_C@_0N@KJMH@HPL110Bm?4PCX?$AA@
3,0x11ce0,??_C@_0N@KKCL@HPS111Bm?4PCX?$AA@
1,0x1475f0,?Clear@CNetPlayerHandlerPlayer@@QAAXXZ
2,0x8650,_GUID_DMUS_PROP_SynthSink_WAVE
1,0xd49f0,?GetNavigationFactor@hero@@QBAJXZ
1,0x123b94,?S_to_600@ResolutionSwitch@@QAAXXZ
1,0x123b74,?S_to_800@ResolutionSwitch@@QAAXXZ
1,0x13b22c,?SetHumanSlot@TSingleSelectionWindow@@QAAXXZ
1,0xfe050,?WritePrefs@@YAXXZ
1,0x1371fc,?ProcessRightSelect@TSingleSelectionWindow@@EAA_NH@Z
3,0x1d910,??_C@_08FBJG@TOFMrk2A?$AA@
1,0x9c95c,?GetWagonAmount@ExtraInfoUnion@@QBAFXZ
1,0xc8778,?__uninitialized_copy@std@@YAPAVgenerator@@PAV2@000@Z
1,0x3912c,??1?$_Vector_base@UHeroDestination@@V?$allocator@UHeroDestination@@@std@@@std@@QAA@XZ
3,0x11d40,??_C@_0N@PNEI@HPS114Bs?4PCX?$AA@
3,0x11d70,??_C@_0N@POKE@HPL115Bs?4PCX?$AA@
1,0xe45a8,?GameUnsaved@@YAHXZ
1,0xfc3b0,?__uninitialized_fill_n@std@@YAPAUTObjectCell@NewmapCell@@PAU23@IABU23@0@Z
1,0xfa990,?copy_backward@std@@YAPAPAVCSprite@@PAPAV2@00@Z
3,0x307c,??_C@_09ENMB@Evil1?4h3c?$AA@
1,0xa12c0,?copy_backward@std@@YAPAUpathCell@@PAU2@00@Z
1,0xe9fa8,?__uninitialized_fill_n@std@@YAPAULODEntry@@PAU2@IABU2@0@Z
1,0xfcc30,?copy@std@@YAPAUSecondarySkillData@@PBU2@0PAU2@@Z
3,0x1e784,??_C@_08NOHJ@TBStext0?$AA@
1,0x63df4,?erase@?$vector@UTObstacle@combatManager@@V?$allocator@UTObstacle@combatManager@@@std@@@std@@QAAPAUTObstacle@combatManager@@PAU34@0@Z
1,0xbe5d0,??1?$vector@UTRumour@game@@V?$allocator@UTRumour@game@@@std@@@std@@QAA@XZ
2,0x83c0,_DPSPGUID_MODEM
1,0x27d0c,?get_AI_target_time@army@@QBAJXZ
1,0x12d9ec,?_M_fill_insert@?$vector@VTSeerHut@@V?$allocator@VTSeerHut@@@std@@@std@@QAAXPAVTSeerHut@@IABV3@@Z
1,0x149850,?Get@?$CAutoArray@H@@UAAPAHK@Z
3,0x1ad4c,??_C@_0M@MKID@C01spW0?4def?$AA@
1,0x2cd4,?length@?$char_traits@D@std@@SAIPBD@Z
1,0xe93bc,??0LODHeader@@QAA@XZ
1,0x140508,?OnMapHeaderRequestMsg@TSingleSelectionWindow@@QAA_NPAVCNetMsg@@@Z
1,0xf9c34,??0MonsterData@@QAA@ABV0@@Z
3,0x331a8,?gStatNames@@3PAPBDA
2,0x7b90,_IID_IDirect3DNullDevice
1,0x8bca0,??0CDPlaySession@@QAA@PBUDPSESSIONDESC2@@@Z
1,0xd4fe0,?GetMobilityFrame@hero@@QBAHXZ
3,0x1d174,??_C@_08HFPO@TOrdr1aa?$AA@
1,0x54860,??1bitmapBorder@@UAA@XZ
1,0xc281c,?__stl_alloc_rebind@std@@YAAAV?$allocator@UTownExtra@@@1@AAV21@PBUTownExtra@@@Z
3,0x13764,?diffPercent@@3PAMA
3,0x2e8d0,?oldMusic@@3HA
3,0x1b1b0,??_C@_0L@FPMJ@somain?4def?$AA@
3,0xac00,??_C@_0N@MHMJ@cs_specdeath?$AA@
1,0xa02c8,?valid_move_adjacent@searchArray@@AAA_NPBVarmy@@H@Z
1,0xf7774,??0?$_STL_alloc_proxy@PAVTTownEvent@@V1@V?$allocator@VTTownEvent@@@std@@@std@@QAA@ABV?$allocator@VTTownEvent@@@1@ABQAVTTownEvent@@@Z
1,0x54c98,?Main@bitmapBorder16@@UAAHAAUmessage@@@Z
1,0x4b170,?TopY@army@@QBAHXZ
1,0x8bf28,?SysMsgDeletePlayerFromGroup@CDPlay@@MAA_NPAUDPMSG_ADDPLAYERTOGROUP@@K@Z
1,0xe9100,?getDataPtr@LODFile@@AAAPAXPBD@Z
1,0x12017c,??0?$_Deque_iterator@PAVCNetMsg@@U?$_Nonconst_traits@PAVCNetMsg@@@std@@U?$_Buf_size_traits@PAVCNetMsg@@$0A@@3@@std@@QAA@ABU01@@Z
1,0x128648,??_Etype_artifact_offering_widget@@UAAPAXI@Z
1,0x18f868,?handle_widget_hover@type_university_window@@MAAXPAVwidget@@@Z
1,0x2ce04,?__uninitialized_fill_n@std@@YAPAUtype_monster_data@@PAU2@IABU2@0@Z
1,0xfb5e4,?iterator_category@std@@YA?AUrandom_access_iterator_tag@1@PBVMonsterData@@@Z
1,0x1238ac,?_M_decrement@?$_Rb_global@_N@std@@SAXPAU_Rb_tree_base_iterator@2@@Z
3,0x15ad4,??_C@_03OAHF@?$CL?$CFd?$AA@
1,0x11fcac,??_ECWaitForReadyPlayersDlg@@UAAPAXI@Z
1,0x11fcac,??_GCWaitForReadyPlayersDlg@@UAAPAXI@Z
1,0x64338,?destroy_node@?$_Rb_tree@W4SpellID@@W41@U?$_Identity@W4SpellID@@@std@@U?$less@W4SpellID@@@3@V?$allocator@W4SpellID@@@3@@std@@IAAXPAU?$_Rb_tree_node@W4SpellID@@@2@@Z
3,0xdd24,?const_ballistics_traits@@3AAY03$$CBUtype_ballistics_traits@@A
3,0x1b6c0,??_C@_0M@IKIP@NewLoadSave?$AA@
2,0xbe8,??_7type_might_artifact@@6B@
1,0x57da4,?SetText@button@@QAAXPBD@Z
1,0x162c2c,?OnKeyPress@textEntryWidget@@UAAHAAUmessage@@@Z
1,0x196040,?VWCompleteDraw@advManager@@QAAXHHHHH@Z
2,0x87a0,_CLSID_DirectMusicStyleTrack
1,0xa1514,?FlyTo@army@@QAAHH_N@Z
1,0xa7278,?GetGarrisonId@game@@QAAHHHH@Z
3,0x313a4,?red_mask@TPalette16@@0IA
1,0x19bc54,?Flash@heroWindowManager@@QAAXHHHHH@Z
1,0x64640,?__uninitialized_copy@std@@YAPAUtype_artifact@@PAU2@000@Z
1,0x65c84,?Show@TCombatHeroSubWindow@@QAAXXZ
1,0x6b12c,?automate_first_aid_tent@combatManager@@AAA_NXZ
3,0x13bfc,?bInShutDown@@3_NA
3,0xc0,__imp__pow
2,0xba0,??_7type_antiluck_artifact@@6B@
1,0x11c04c,?SendIt@CDPlayHeroes@@QAA_NPAVCNetMsg@@K_N@Z
3,0x1ad1c,??_C@_0M@DNCD@C15spE0?4def?$AA@
3,0x1acf8,??_C@_0M@KJOL@C14spA0?4def?$AA@
3,0x1ad64,??_C@_0M@MJPE@C03spA1?4def?$AA@
3,0x1ae00,??_C@_0M@MMDL@C12spF0?4def?$AA@
1,0x1539fc,?mark_berserk_area_effect@combatManager@@QAAXJW4TSkillMastery@@AAV?$vector@PAVarmy@@V?$allocator@PAVarmy@@@std@@@std@@@Z
3,0x1e8,__imp__cos
3,0x1f2bc,?PAL@@3_NA
1,0xc5c68,?__copy@std@@YAPAVboat@@PAV2@00Urandom_access_iterator_tag@1@PAH@Z
1,0x50d08,??0Bitmap16Bit@@QAA@PBDHHPBGH@Z
1,0x9dbe8,?__insertion_sort@std@@YAXPAW4SpellID@@0Vspell_level_order@@@Z
3,0x1d7f4,??_C@_08KGGF@TOSMrk1C?$AA@
1,0x198748,??0CFindFile@@QAA@XZ
1,0xc29d0,?copy@std@@YAPAVboat@@PAV2@00@Z
1,0xc0100,?deallocate@?$allocator@Vgenerator@@@std@@SAXPAVgenerator@@I@Z
1,0xc9d40,_gzsetparams@12
1,0xd849c,?Update@THighScoreWindow@@QAAXXZ
3,0x2e510,?rcTemp@@3UtagRECT@@A
1,0x148f0c,??_ECChatSave@CChatWidget@@UAAPAXI@Z
1,0x148f0c,??_GCChatSave@CChatWidget@@UAAPAXI@Z
1,0x154ac0,?AddBolt@combatManager@@QAAXPAUSBolt@@HHHHHHHHHHHH@Z
3,0x6f38,??_C@_0M@KJCI@drawbrg?482m?$AA@
1,0xbd258,??0CMCClaimGenerator@@QAA@HH@Z
3,0x1ce90,??_C@_09KJM@AB01_?4def?$AA@
1,0x461a0,?check_special_attack@army@@QAA_NPAV1@@Z
1,0x122fd4,?_M_rightmost@?$_Rb_tree@VTCacheMapKey@ResourceManager@@U?$pair@$$CBVTCacheMapKey@ResourceManager@@PAVresource@@@std@@U?$_Select1st@U?$pair@$$CBVTCacheMapKey@ResourceManager@@PAVresource@@@std@@@4@U?$less@VTCacheMapKey@ResourceManager@@@4@V?$allocef9e2c3b
1,0x16a268,?DrawHotspot@townObject@@QAAXXZ
3,0x1f620,??_C@_0BC@IPJO@DDERR_NOZBUFFERHW?$AA@
1,0x10dc,?DoHeroKnob@TAdventureMapWindow@@QAAX_N@Z
1,0xbcb94,?set_tomb@ExtraInfoUnion@@QAAXW4TArtifact@@@Z
1,0xd8e08,?OnNextEdit@CHighScoreEdit@@UAAXXZ
1,0xfa3ac,?allocate@?$allocator@VMonsterData@@@std@@QBAPAVMonsterData@@IPBX@Z
3,0x1fbd8,??_C@_0P@IEGG@DDERR_MOREDATA?$AA@
1,0xedde8,?readShrineData@NewfullMap@@QAAHPAXPAVCObject@@@Z
1,0x161360,?InitializePlayerColors@@YA_NXZ
3,0x1eac8,??_C@_0M@INPB@InfernoTown?$AA@
3,0x3088,??_C@_09KNKO@Evil2?4h3c?$AA@
1,0x471c,?append@?$basic_string@DU?$char_traits@D@std@@V?$allocator@D@2@@std@@AAAAAV12@PBD0Uforward_iterator_tag@2@@Z
1,0x213d8,?append@?$basic_string@DU?$char_traits@D@std@@V?$allocator@D@2@@std@@AAAAAV12@PAD0Uforward_iterator_tag@2@@Z
3,0xb628,??_C@_0N@HIA@artevent?4txt?$AA@
1,0xd5074,?SetVisitedArena@hero@@QAAXPBVNewmapCell@@@Z
1,0xe3780,?CheckEndGame@@YAXH@Z
1,0xfb568,?iterator_category@std@@YA?AUrandom_access_iterator_tag@1@PBVTreasureData@@@Z
1,0xe78ac,?copy@std@@YAPAUtype_point@@PBU2@0PAU2@@Z
3,0x2e4dc,?iMPBaseType@@3HA
1,0x16bba4,?SetupTown@townManager@@QAAX_N@Z
3,0x1d498,??_C@_07KNDC@TONMag5?$AA@
1,0x19cebc,_timeBeginPeriod
1,0x623cc,?PlaceArmyInGrid@combatManager@@QAAXABVarmy@@H@Z
1,0x9dec8,?__uninitialized_fill_n_aux@std@@YAPAV?$basic_string@DU?$char_traits@D@std@@V?$allocator@D@2@@1@PAV21@IABV21@U__false_type@@@Z
1,0xc58f4,?__copy@std@@YAPAVtown@@PAV2@00Urandom_access_iterator_tag@1@PAH@Z
1,0xfd128,?__uninitialized_fill_n_aux@std@@YAPAVTTownEvent@@PAV2@IABV2@U__false_type@@@Z
2,0x8520,_IID_IDirectMusic
2,0x85b0,_IID_IDirectMusic2
1,0xc6d2c,?__uninitialized_copy@std@@YAPAVboat@@PAV2@000@Z
1,0x12208c,?GetText@ResourceManager@@YAPAVTTextResource@@PBD@Z
3,0x120,__imp___modlu
1,0x79260,??_ECSpriteFrame@@UAAPAXI@Z
1,0x79260,??_GCSpriteFrame@@UAAPAXI@Z
3,0xcc28,?gbProcessingCombatAction@@3HA
1,0x198768,??1CFindFile@@QAA@XZ
1,0xa115c,??0pathCell@@QAA@XZ
1,0xe9a7c,?insert@?$vector@ULODEntry@@V?$allocator@ULODEntry@@@std@@@std@@QAAXPAULODEntry@@IABU3@@Z
3,0x1cf2c,??_C@_08INJL@TOCsH301?$AA@
1,0x5888,?get_creature_bank@ExtraInfoUnion@@QBAAAUtype_creature_bank@@XZ
1,0x62fe4,?GetMissileStartingPosition@combatManager@@SAXHHHHHHPBVCSprite@@PAH111@Z
1,0x10c9ec,?GetAttackMask@army@@QBAIHHH@Z
3,0x1e4d8,??_C@_08CHHA@TBDncas2?$AA@
1,0xc3b48,?uninitialized_fill_n@std@@YAPAPAVCSprite@@PAPAV2@IABQAV2@@Z
1,0xfa8b8,?fill@std@@YAXPAVCObjectType@@0ABV2@@Z
1,0x15f1b0,??_ETSwapWindow@@UAAPAXI@Z
1,0x15f1b0,??_GTSwapWindow@@UAAPAXI@Z
1,0x6aa54,?construct@std@@YAXPAPAV?$basic_string@DU?$char_traits@D@std@@V?$allocator@D@2@@1@ABQAV21@@Z
1,0x7fedc,?_beginthreadex@@YAPAXPAXIP6AK0@Z0IPAK@Z
1,0xd60f8,?get@TAutoStrPtr@?%E:\gamedcs\herodefs.cpp483311085@@QBAPADXZ
3,0x159ec,??_C@_04DCMN@?$CFs?$CFs?$AA@
1,0x647e4,?destroy@std@@YAXPAUTObstacle@combatManager@@@Z
1,0xf4ee0,??0?$vector@UTObjectCell@NewmapCell@@V?$allocator@UTObjectCell@NewmapCell@@@std@@@std@@QAA@ABV?$allocator@UTObjectCell@NewmapCell@@@1@@Z
1,0x12671c,?scroll_backpack_left@type_sacrifice_window@@CAHAAUmessage@@@Z
1,0x12ffa4,?InitializeLCDescriptions@@YA_NXZ
1,0x12ff40,?InitializeVCDescriptions@@YA_NXZ
1,0x43118,?uninitialized_copy@std@@YA?AU?$_Deque_iterator@W4SpellID@@U?$_Nonconst_traits@W4SpellID@@@std@@U?$_Buf_size_traits@W4SpellID@@$0A@@3@@1@U?$_Deque_iterator@W4SpellID@@U?$_Const_traits@W4SpellID@@@std@@U?$_Buf_size_traits@W4SpellID@@$0A@@3@@1@0U21@@Z
1,0x28348,??0?$_Deque_iterator@W4SpellID@@U?$_Nonconst_traits@W4SpellID@@@std@@U?$_Buf_size_traits@W4SpellID@@$0A@@3@@std@@QAA@ABU01@@Z
1,0x63bb0,??D?$_Rb_tree_iterator@W4SpellID@@U?$_Const_traits@W4SpellID@@@std@@@std@@QBAABW4SpellID@@XZ
1,0xf5548,?resize@?$vector@VMonsterData@@V?$allocator@VMonsterData@@@std@@@std@@QAAXI@Z
3,0x144e4,??_C@_0M@DGON@RMT?$CFsRD?4BIN?$AA@
3,0x1ae24,??_C@_0M@HLPL@C16spE0?4def?$AA@
3,0x1df5c,??_C@_08IDFI@TBTwext2?$AA@
2,0x8720,_CLSID_DirectMusicGraph
1,0x4d1d4,?find@std@@YAPAPAVarmy@@PAPAV2@0ABQAV2@@Z
1,0x53ba4,??1Bitmap816@@UAA@XZ
3,0x2daf8,?iOrigHeroViewID@@3HA
3,0x1de24,??_C@_08NMLC@TBRmup_4?$AA@
3,0x1dea8,??_C@_08NOCI@TBTwcas2?$AA@
1,0x193a74,?VWDrawSymbols@advManager@@QAAXHHHHH@Z
2,0x8a30,_GUID_PerfAutoDownload
1,0x89908,?SetChannelIndex@ds_engine@@QAA_NJ@Z
1,0xc58ec,?distance_type@std@@YAPAHPBVtown@@@Z
1,0xf6764,??0?$_Vector_base@PAVCSprite@@V?$allocator@PAVCSprite@@@std@@@std@@QAA@ABV?$allocator@PAVCSprite@@@1@@Z
1,0x5266c,??0Bitmap24Bit@@QAA@PBDHHPBEH@Z
2,0x5954,??_7CSaveGameEdit@@6B@
1,0x114c10,?begin@?$vector@Utype_creature_value@@V?$allocator@Utype_creature_value@@@std@@@std@@QBAPBUtype_creature_value@@XZ
3,0x31a24,?BlueMask@ResourceManager@@3HA
1,0x14ac5c,?VideoPlaying@@YA_NXZ
1,0x15ec58,?OnWidgetDeselect@swapManager@@QAAXAAUmessage@@AAH@Z
1,0x38844,?begin@?$vector@Utype_creature_value@@V?$allocator@Utype_creature_value@@@std@@@std@@QAAPAUtype_creature_value@@XZ
1,0x8af3c,?SysMsgHost@CDPlay@@MAA_NPAUDPMSG_GENERIC@@K@Z
1,0x130898,?GetNetPos@CNetPlayerHandler@@QAAHK@Z
1,0x1730b8,??0TGarrisonWindow@@QAA@PAVhero@@HAAVarmyGroup@@@Z
3,0x1d794,??_C@_08DOFC@TOSHal2a?$AA@
3,0x1ebb8,??_C@_0M@EMID@TPMage1?4def?$AA@
2,0x1ec,??_7CAdvPopup@@6B@
1,0x2a644,?get_fastest_speed@type_AI_combat_data@@IBAJXZ
1,0x89fa4,?Count@?$tree@Vds_memsample@@@@QAAHXZ
3,0x1e58c,??_C@_08HKAA@TBDnext2?$AA@
3,0x38194,?lastdx@@3HA
3,0x38198,?lastdy@@3HA
1,0x58938,?ResetMapAndDescription@TCampaignBrief@@QAAXH@Z
3,0x1be84,??_C@_0N@NPDN@hallinfr?4def?$AA@
3,0x1ea0c,??_C@_08HNGM@TBFrdw_1?$AA@
1,0x6a750,??0?$vector@PAV?$basic_string@DU?$char_traits@D@std@@V?$allocator@D@2@@std@@V?$allocator@PAV?$basic_string@DU?$char_traits@D@std@@V?$allocator@D@2@@std@@@2@@std@@QAA@ABV?$allocator@PAV?$basic_string@DU?$char_traits@D@std@@V?$allocator@D@2@@std@@@1@@Z
1,0x2cec0,?__unguarded_partition@std@@YAPAUtype_monster_data@@PAU2@0U2@@Z
1,0x39dac,?destroy@std@@YAXPAUHeroDestination@@0@Z
3,0x2e61c,?ddsd@@3U_DDSURFACEDESC2@@A
1,0x164994,?value_type@std@@YAPAPAV?$vector@PADV?$allocator@PAD@std@@@1@PBQAV21@@Z
3,0x20,__imp__tolower
3,0x11c,__imp__toupper
1,0x38b0,??1?$_STL_alloc_proxy@PADDV?$allocator@D@std@@@std@@QAA@XZ
1,0x7258c,?GetPalette@CSprite@@QAAPAGXZ
1,0x725b8,?GetPalette@CSprite@@QBAPBGXZ
1,0xbd290,??0CMCClaimGarrison@@QAA@HH@Z
3,0x1d0e4,??_C@_08BMNL@TOrgar1a?$AA@
3,0x1f2c0,?sel_surface_width@@3PAHA
1,0x19cb78,_GetProcAddressW
1,0x8bc28,?EnumPlayersCallback@@YAHKKPBUDPNAME@@KPAX@Z
3,0x13a68,??_C@_0N@PJGE@HALLSTRN?4def?$AA@
1,0x12b900,?board_boat@searchArray@@AAAXPBVhero@@AAUpathCell@@@Z
1,0x179a64,?CycleOutline@townManager@@QAAXHHHHH@Z
1,0xbf824,??1?$_STL_alloc_proxy@PAPAVtype_event_record@@PAV1@V?$allocator@PAVtype_event_record@@@std@@@std@@QAA@XZ
3,0x12324,??_C@_0N@MHAE@hiscore2?4pcx?$AA@
1,0xfc21c,??4?$vector@W4SpellID@@V?$allocator@W4SpellID@@@std@@@std@@QAAAAV01@ABV01@@Z
1,0x1649d0,?iterator_category@std@@YA?AUrandom_access_iterator_tag@1@PBQAD@Z
1,0x53854,??0Bitmap816@@QAA@HH@Z
1,0x1483f8,?HandleRequests@CNewPlayerUpdateProc@@IAAXXZ
3,0x1ad70,??_C@_0M@EOBD@C03spW0?4def?$AA@
1,0x16537c,??_EbitmapBackedTextWidget@@UAAPAXI@Z
1,0x16537c,??_GbitmapBackedTextWidget@@UAAPAXI@Z
3,0x1d158,??_C@_08NABK@TOrpeg1a?$AA@
1,0x18ff84,?CheckForTotalResources@VictoryConditionStruct@@QAA_NXZ
2,0x7b40,_IID_IDirect3DRampDevice
3,0x35138,?gWeekNames@@3PAPBDA
3,0x1edc0,??_C@_0L@MKEP@hall?$CFs?4def?$AA@
1,0x128af0,??1?$_Vector_base@Utype_artifact_offering@@V?$allocator@Utype_artifact_offering@@@std@@@std@@QAA@XZ
3,0xa444,??_C@_0L@OLBI@cnagag?4def?$AA@
1,0x158f4c,?SaveBackground@TSubWindow@@QAAXXZ
3,0xdd20,?akHeroSpecificAbilities@@3AAY0IA@$$CBUTHeroSpecificAbility@@A
1,0xf732c,?deallocate@?$_STL_alloc_proxy@PAUSecondarySkillData@@U1@V?$allocator@USecondarySkillData@@@std@@@std@@QAAXPAUSecondarySkillData@@I@Z
1,0x9cff8,??A?$vector@W4SpellID@@V?$allocator@W4SpellID@@@std@@@std@@QAAAAW4SpellID@@I@Z
1,0xbc320,?GetLastHuman@game@@QBAHXZ
1,0xe9e5c,?__copy@std@@YAPAULODEntry@@PAU2@00Urandom_access_iterator_tag@1@PAH@Z
1,0xf5ef8,??4?$reverse_iterator@PAUTObjectCell@NewmapCell@@U12@AAU12@PAU12@H@std@@QAAAAV01@ABV01@@Z
1,0xfcbd8,?capacity@?$vector@W4SpellID@@V?$allocator@W4SpellID@@@std@@@std@@QBAIXZ
3,0x14114,??_C@_1CE@EODK@?$AAA?$AAn?$AAi?$AAm?$AAa?$AAt?$AAe?$AA?5?$AAS?$AAp?$AAe?$AAl?$AAl?$AAB?$AAo?$AAo?$AAk?$AA?$AA@
3,0x1d750,??_C@_07CEKB@TOSMag1?$AA@
1,0x14870c,?NewPlayer@CNewPlayerUpdateMan@@QAAXK@Z
2,0x85a0,_IID_IDirectMusicDownloadedInstrument
3,0x16734,??_C@_0M@IIBI@ircbtns?4def?$AA@
3,0x24,__imp__sprintf
2,0x8250,_GUID_Button
3,0x6b10,??_C@_0M@IGNP@ObSnS06?4def?$AA@
2,0x2458,??_7CSpriteFrame@@6B@
1,0x163e4c,??0?$allocator@PAD@std@@QAA@XZ
1,0x163e50,??1?$allocator@PAD@std@@QAA@XZ
1,0x19c89c,_CreateThread
1,0xc23bc,?destroy@std@@YAXPAVgenerator@@0@Z
1,0x197324,?AddWidget@heroWindow@@QAAXPAVwidget@@H@Z
1,0x66b3c,??0?$vector@PAVwidget@@V?$allocator@PAVwidget@@@std@@@std@@QAA@ABV?$allocator@PAVwidget@@@1@@Z
1,0x38d10,??A?$vector@PAVtype_artifact_effect@@V?$allocator@PAVtype_artifact_effect@@@std@@@std@@QAAAAPAVtype_artifact_effect@@I@Z
3,0x1b084,??_C@_0M@FPFD@c08spw1?4def?$AA@
3,0x1b398,??_C@_0M@POGI@Credits?4txt?$AA@
1,0xa4980,?SaveBoatPool@game@@AAAHPAX@Z
3,0x1dcf8,??_C@_08PKBF@TBRmblak?$AA@
1,0x19c95c,_InitializeCriticalSection
3,0x2c10,??_C@_0L@PKEG@Poison?4wav?$AA@
1,0x38d30,??A?$vector@PAVtype_artifact_effect@@V?$allocator@PAVtype_artifact_effect@@@std@@@std@@QBAABQAVtype_artifact_effect@@I@Z
1,0x284d4,??0?$_STL_alloc_proxy@PAPAVarmy@@PAV1@V?$allocator@PAVarmy@@@std@@@std@@QAA@ABV?$allocator@PAVarmy@@@1@ABQAPAVarmy@@@Z
3,0xb1e0,??_C@_0M@JNAC@default?4wav?$AA@
1,0xffaec,?OnKillFocus@CHotSeatEdit@@UAAXXZ
3,0x1d81c,??_C@_07HEFH@TOSGob1?$AA@
1,0x25998,?choose_defense_hex@combatManager@@AAA_NPBVarmy@@0AAJ1PBVsearchArray@@@Z
1,0xc2960,?__stl_alloc_rebind@std@@YAAAV?$allocator@Vgenerator@@@1@AAV21@PBVgenerator@@@Z
3,0x2e3d4,?gMapName@@3PADA
1,0x11d020,?SendChat@@YAXPBDH@Z
1,0x165090,??0iconBackedTextWidget@@QAA@HHHHPBD00W4TColor@font@@HIH@Z
2,0x5fa8,??_7bitmapBackedTextWidget@@6B@
2,0x8350,_GUID_Inertia
3,0x10bc,??_C@_0O@OGME@ajpbaylnzbqry?$AA@
1,0x28eac,?__median@std@@YAABQAVarmy@@ABQAV2@00Vfunc_moves_before@@@Z
1,0x414a0,?consider_sacrifice@type_AI_spellcaster@@IBAXAAUtype_spell_choice@@@Z
3,0x1e730,??_C@_08MHGO@TBStmark?$AA@
2,0x82e0,_GUID_Square
1,0xfb528,?__copy@std@@YAPAPAVCSprite@@PAPAV2@00Urandom_access_iterator_tag@1@PAH@Z
1,0x181418,??0CTownNetMsgHandler@@QAA@PAVTResourceDisplay@@@Z
1,0x18869c,?DoTradingPost@@YAXXZ
3,0x718c,??_C@_0CJ@LCJ@Obstacle?5name?3?5?$CFs?0?5owner?3?5?$CFd?0?5vi@
3,0x1ecf0,??_C@_04PNOF@1000?$AA@
3,0x1d344,??_C@_06JLDK@TOitav?$AA@
1,0x4a598,?get_attack_direction@army@@QBAJJPBV1@J@Z
3,0xb328,??_C@_0O@PEKC@No?5connection?$AA@
3,0x17074,?hMouseThread@@3PAXA
1,0x31f24,??0type_AI_creature_purchaser@@QAA@JW4TCreatureType@@PAF_N@Z
3,0x35674,?TownNameText@@3PBVTSpreadsheetResource@@B
3,0x2c70,??_C@_06NBNJ@?6?$CFs?5?$CL2?$AA@
3,0xa480,??_C@_08KNNJ@cimp?4def?$AA@
1,0x92188,?DoEventBouy@advManager@@AAAXPAVhero@@PAVNewmapCell@@_N@Z
3,0x12398,??_C@_0BK@BNJN@invalid?5bit?5length?5repeat?$AA@
1,0xfc11c,?construct@std@@YAXPAUSecondarySkillData@@ABU2@@Z
2,0x5820,??_7CChatSave@CChatWidget@@6B@
1,0x1746dc,?WindowHandler@TShipWindow@@UAAHAAUmessage@@@Z
3,0x380bc,?csVWIcons@@3PAVCSprite@@A
2,0x7fb0,_IID_IDirect3DRMLightArray
1,0xc6904,?construct@std@@YAXPAUSign@@ABU2@@Z
1,0x122eb0,?erase@?$_Rb_tree@VTCacheMapKey@ResourceManager@@U?$pair@$$CBVTCacheMapKey@ResourceManager@@PAVresource@@@std@@U?$_Select1st@U?$pair@$$CBVTCacheMapKey@ResourceManager@@PAVresource@@@std@@@4@U?$less@VTCacheMapKey@ResourceManager@@@4@V?$allocator@U?b6943382
3,0x13914,??_C@_0N@DOFH@sfd_640w?4pcx?$AA@
1,0x101ca4,?OnDirect@TMultiPlayerWindow@@QAA_NXZ
1,0x8d1d8,?undo@type_record_show_boat@@UAAXXZ
3,0x1adf4,??_C@_0M@HCNL@C12spE0?4def?$AA@
3,0x1acd4,??_C@_0M@OGBD@C13spA0?4def?$AA@
3,0x1d3cc,??_C@_08DAEI@TOicasga?$AA@
3,0x16de8,??_C@_0M@LNMG@seerhut?4txt?$AA@
1,0x146814,?VMDeleteFile@@YA_NPAD@Z
1,0x3e120,?get_attack_boost_value@type_AI_spellcaster@@IBAJPBVarmy@@0JN@Z
3,0x1d0c4,??_C@_07BEBG@TOrhal4?$AA@
3,0x31d54,?LCDescriptions@@3PBVTTextResource@@B
3,0x32670,?VCDescriptions@@3PBVTTextResource@@B
3,0x1e1c0,??_C@_08BBHA@TBIndw_0?$AA@
1,0x196c6c,?initialize@widget@@QAAXHHHHHH@Z
3,0x1418,?boatIconFilenames@@3PAPBDA
3,0xb1ac,??_C@_0CK@FBDK@playing?5sample?3?5?$CFhs?0?5loops?3?$CFd?0?5v@
1,0xddd4c,?SetKeyCodeType@inputManager@@QAAXH@Z
1,0xfa670,?uninitialized_copy@std@@YAPAUSecondarySkillData@@PAU2@00@Z
1,0x101e98,?OnKeyPress@CMultiPlayerWindowEdit@@UAAHAAUmessage@@@Z
1,0x28050,??1type_spellvalue@@QAA@XZ
1,0x38bf4,?size@?$vector@UHeroDestination@@V?$allocator@UHeroDestination@@@std@@@std@@QBAIXZ
1,0x42a74,??_Etype_AI_spellcaster@@UAAPAXI@Z
1,0x42a74,??_Gtype_AI_spellcaster@@UAAPAXI@Z
3,0xae14,??_C@_0M@LJIJ@default?4def?$AA@
1,0xa5af8,?SaveTownPool@game@@AAAHPAX@Z
3,0x240,PLATUTIL_NULL_THUNK_DATA
1,0x5e948,?CheckNativeTerrain@combatManager@@AAAXXZ
1,0x3448,??1CAdventurMapChatEdit@@UAA@XZ
1,0x3bce8,?__make_heap@std@@YAXPAJ00PAH@Z
3,0x165bc,??_C@_0L@GPK@QLexit?4def?$AA@
1,0xb9a34,?GetNumThievesGuilds@game@@QAAHH@Z
1,0x1943ec,?VWDrawAdvObjShadow@advManager@@QAAXHHHHH@Z
3,0x33fb8,?DwellingText@@3PBVTSpreadsheetResource@@B
1,0x210d0,?uninitialized_copy@std@@YAPAUtype_dialog_resource@@PAU2@00@Z
1,0x209b8,?end@?$vector@PAUpathCell@@V?$allocator@PAUpathCell@@@std@@@std@@QAAPAPAUpathCell@@XZ
3,0x69cc,??_C@_0M@JJDG@ObDino3?4def?$AA@
3,0xafc8,??_C@_1FG@DFCN@?$AAC?$AAo?$AAu?$AAl?$AAd?$AA?5?$AAn?$AAo?$AAt?$AA?5?$AAe?$AAn?$AAu?$AAm?$AAe?$AAr?$AAa?$AAt?$AAe?$AA?5@
1,0xdeecc,??_EVRKeyboard@@UAAPAXI@Z
1,0xdeecc,??_GVRKeyboard@@UAAPAXI@Z
1,0x11d9ac,?HandleMPlayerLaunch@@YA_NXZ
1,0x153aec,?mark_area_effect@combatManager@@QAAXW4SpellID@@JW4TSkillMastery@@AAV?$vector@PAVarmy@@V?$allocator@PAVarmy@@@std@@@std@@@Z
1,0xd5964,??0CMCDeadHero@@QAA@CUtype_point@@@Z
1,0xf6a98,??1?$_Vector_base@VMonsterData@@V?$allocator@VMonsterData@@@std@@@std@@QAA@XZ
1,0x20ee0,?construct@std@@YAXPAUtype_dialog_resource@@ABU2@@Z
1,0x64334,?__stl_alloc_rebind@std@@YAAAV?$allocator@UTObstacle@combatManager@@@1@AAV21@PBUTObstacle@combatManager@@@Z
1,0x3bf68,?__pop_heap_aux@std@@YAXPAUtype_creature_value@@00@Z
1,0x36838,??0type_school_artifact@@QAA@W4TSpellSchool@@J@Z
3,0x5e74,??_C@_0N@NLG@SgRmManC?4pcx?$AA@
2,0x88a0,_GUID_CommandParam
2,0x88b0,_GUID_CommandParam2
1,0x1f0e0,?Disable@mouseManager@@QAAHXZ
1,0x20f58,?copy@std@@YAPAPAUpathCell@@PAPAU2@00@Z
1,0x3a0ac,?allocate@?$allocator@PAUpathCell@@@std@@QBAPAPAUpathCell@@IPBX@Z
1,0x8f4cc,??0?$allocator@Utype_shroud_change@type_record_shroud@@@std@@QAA@XZ
1,0x8f4d0,??1?$allocator@Utype_shroud_change@type_record_shroud@@@std@@QAA@XZ
1,0xc55f4,?value_type@std@@YAPAVtown@@PBV2@@Z
3,0xae20,??_C@_0M@ILIF@default?4pal?$AA@
1,0x902b0,?InitializeArtifactEventText@@YA_NXZ
3,0x1cd74,??_C@_0N@MEJH@TPCasNeu?4pcx?$AA@
1,0x31094,?purchase_buildings@type_AI_player@@IAAXXZ
3,0x1ef80,??_C@_0N@KGDE@univbldg?4pcx?$AA@
1,0xc60a4,?allocate@?$_STL_alloc_proxy@PAUTRumour@game@@U12@V?$allocator@UTRumour@game@@@std@@@std@@QAAPAUTRumour@game@@I@Z
1,0x2c30,?CheckDimNextHeroBut@TAdvMenu@@QAAXXZ
1,0x290dc,??D?$_Deque_iterator@W4SpellID@@U?$_Nonconst_traits@W4SpellID@@@std@@U?$_Buf_size_traits@W4SpellID@@$0A@@3@@std@@QBAAAW4SpellID@@XZ
3,0x2b50,??_C@_0L@PONK@porchx?4def?$AA@
1,0x9d168,??A?$vector@VBlackBoxData@@V?$allocator@VBlackBoxData@@@std@@@std@@QAAAAVBlackBoxData@@I@Z
1,0x100f94,?OnDirectHost@TMultiPlayerWindow@@QAA_NXZ
1,0x14ac3c,?VideoOpen@@YAXHHHHHH_N0@Z
3,0x1fcdc,??_C@_0N@OPOA@stream?5error?$AA@
2,0xe24,??_7TBottomViewResourceMessage@@6B@
1,0x88bf0,??0ds_memsample@@QAA@PAVwavfile@@_N1@Z
1,0x130738,?DeletePlayer@CNetPlayerHandler@@QAA_NK@Z
1,0x6abfc,?__uninitialized_copy@std@@YAPAPAV?$basic_string@DU?$char_traits@D@std@@V?$allocator@D@2@@1@PAPAV21@000@Z
1,0x8f6cc,?deallocate@?$allocator@Utype_shroud_change@type_record_shroud@@@std@@SAXPAUtype_shroud_change@type_record_shroud@@I@Z
3,0x13bf4,?hwndApp@@3PAXA
3,0x1702c,?SplitFile@@3_NA
1,0x1614e4,?InitializeNeutralBuildingText@@YA_NXZ
1,0x174bfc,?DoPortalOfSummoning@townManager@@QAAXXZ
3,0x1ee30,??_C@_0N@NIBL@TPMrkReS?4pcx?$AA@
3,0x1d0,__imp__GetFileTime
1,0x3ad00,?__unguarded_partition@std@@YAPAJPAJ0J@Z
1,0x5f2b0,?CheckApplyGoodMorale@combatManager@@QAAXHH@Z
1,0x114c20,?playVideoDll@@YAXPAUIDirectDraw4@@PAUIDirectDrawSurface4@@1PAUIDirectSound@@PAG@Z
3,0x31a14,?GreenBits@ResourceManager@@3HA
3,0x1d6c0,??_C@_07PFAF@TODHoly?$AA@
1,0x3a7fc,?__copy@std@@YAPAUpathCell@@PAU2@00Urandom_access_iterator_tag@1@PAH@Z
1,0x721dc,??0CSprite@@QAA@PBDHHH@Z
3,0xb6f0,??_C@_0N@DCKJ@Expernce?4wav?$AA@
1,0x3ad4c,?__insertion_sort@std@@YAXPAJ0@Z
1,0xd91cc,?OnOK@CHSInputDlg@@QAA_NXZ
1,0x1027b4,?OnOK@CMPInputDlg@@QAA_NXZ
1,0x198810,?IsDots@CFindFile@@QAA_NXZ
1,0x20d04,?_cpp_max@@YAABHABH0@Z
3,0x16bcc,??_C@_0BH@ICED@?$CFs?3?5?$CFd?0?5?$CFs?3?5?$CFd?0?5?$CFs?3?5?$CFd?$AA@
1,0x4b070,?Cure@army@@QAAXHHPBVhero@@@Z
1,0x8c624,??0type_event_record@@QAA@XZ
1,0x8c658,??1type_event_record@@UAA@XZ
1,0x9c7c8,?get_custom_index@ExtraInfoUnion@@QBAFXZ
1,0xdbe58,?inflate_trees_bits@@YAHPAI0PAPAUinflate_huft_s@@PAU1@PAUz_stream_s@@@Z
1,0x125824,??1type_sacrifice_window@@UAA@XZ
3,0x1acc8,??_C@_0M@CEFL@C12spA0?4def?$AA@
3,0x1ace0,??_C@_0M@LAJD@C13spE0?4def?$AA@
1,0x169c98,??_ETTownGateWindow@@UAAPAXI@Z
1,0x169c98,??_GTTownGateWindow@@UAAPAXI@Z
1,0xc36d4,?resize@?$vector@JV?$allocator@J@std@@@std@@QAAXIABJ@Z
1,0x4d1f0,?find@std@@YA?AU?$_Deque_iterator@W4SpellID@@U?$_Nonconst_traits@W4SpellID@@@std@@U?$_Buf_size_traits@W4SpellID@@$0A@@3@@1@U21@0ABW4SpellID@@@Z
1,0x143548,?GetHeroInPos@TSingleSelectionWindow@@QAA?AW4THeroID@@H@Z
1,0x19b1f0,?UpdateScreen@heroWindowManager@@QAAXXZ
3,0x1ee9c,??_C@_0N@EKJC@TPMrkPtS?4pcx?$AA@
3,0xa624,??_C@_0L@OBKN@cnosfe?4def?$AA@
3,0xb17c,??_C@_0N@NLMN@dialgbox?4def?$AA@
1,0x4d44c,?_M_reallocate_map@?$deque@W4SpellID@@V?$allocator@W4SpellID@@@std@@$0A@@std@@IAAXI_N@Z
1,0xaada4,?NewMap@game@@QAAXPADPAW4THeroID@@@Z
1,0x3a244,?uninitialized_fill_n@std@@YAPAPAUpathCell@@PAPAU2@IABQAU2@@Z
1,0x8bf24,?SysMsgDeleteGroupFromGroup@CDPlay@@MAA_NPAUDPMSG_ADDGROUPTOGROUP@@K@Z
1,0xfea80,?Open@mouseManager@@UAAHH@Z
1,0x163d60,??_G?$vector@PADV?$allocator@PAD@std@@@std@@QAAPAXI@Z
1,0x3a9a0,?__median@std@@YAABUtype_creature_value@@ABU2@00U?$greater@Utype_creature_value@@@1@@Z
1,0x3b0c0,?__uninitialized_fill_n_aux@std@@YAPAPAUpathCell@@PAPAU2@IABQAU2@U__false_type@@@Z
1,0x12f1e0,?Main@CBitmapWidget@@UAAHAAUmessage@@@Z
1,0x127064,?sacrifice_artifacts@type_sacrifice_window@@CAHAAUmessage@@@Z
1,0x14d748,?sort@std@@YAXPAVTSpellbookEntry@TSpellbookWindow@@0@Z
3,0x1e37c,??_C@_08NNNL@TBNcext2?$AA@
1,0x63c00,??0?$vector@UTObstacle@combatManager@@V?$allocator@UTObstacle@combatManager@@@std@@@std@@QAA@ABV?$allocator@UTObstacle@combatManager@@@1@@Z
3,0x6234,??_C@_0N@PKEC@SgNcTpW1?4pcx?$AA@
3,0x6854,??_C@_0N@PLLO@SgFrTw2C?4pcx?$AA@
3,0xb6c4,??_C@_0N@LHOA@Cavehead?4wav?$AA@
1,0x9e66c,?DoDialog@executive@@QAAHPAVbaseManager@@@Z
1,0xfa17c,?allocate@?$_STL_alloc_proxy@PAVTSeerHut@@V1@V?$allocator@VTSeerHut@@@std@@@std@@QAAPAVTSeerHut@@I@Z
3,0x6534,??_C@_0N@CIGM@SgStDrw2?4pcx?$AA@
3,0x6118,??_C@_0N@PJHK@SgInWa32?4pcx?$AA@
1,0x8ceb0,?create@type_record_hide_boat@@SAPAVtype_event_record@@XZ
3,0x16cf8,??_C@_0M@NMDC@IrcBtns?4def?$AA@
3,0x1b490,??_C@_07NGLL@Recruit?$AA@
1,0x16101c,?InitializeCustomCampaignText@@YA_NXZ
1,0x161748,?InitializeTownNameText@@YA_NXZ
1,0x163a70,??0TSpreadsheetResource@@QAA@PBDH0@Z
3,0x1e2c8,??_C@_08IAKL@TBNccas2?$AA@
1,0x190124,?CheckForGrailBuildingWin@VictoryConditionStruct@@QAA_NXZ
3,0x3c,__imp__strcat
1,0x7feb8,?open@@YAHPBDHZZ
1,0xc3848,?end@?$vector@Vgenerator@@V?$allocator@Vgenerator@@@std@@@std@@QAAPAVgenerator@@XZ
1,0x4a74,?distance_type@std@@YAPAHPBD@Z
1,0x44a8,?distance_type@std@@YAPAHPBH@Z
1,0x28da8,?distance_type@std@@YAPAHPBJ@Z
1,0xc4ac8,?_M_fill_insert@?$vector@Utype_university@@V?$allocator@Utype_university@@@std@@@std@@QAAXPAUtype_university@@IABU3@@Z
1,0xc5fc4,?allocate@?$_STL_alloc_proxy@PAVtown@@V1@V?$allocator@Vtown@@@std@@@std@@QAAPAVtown@@I@Z
1,0xcbdb8,??0hero@@QAA@XZ
1,0x10a910,?Convert24to16@TPalette16@@AAAXPBEHHHHHH@Z
3,0x666c,??_C@_0N@NJHB@SgStMan2?4pcx?$AA@
1,0xfe418,??D?$_Bit_iter@_NPB_N@std@@QBA_NXZ
1,0x2e54,??0type_artifact@@QAA@W4TArtifact@@@Z
1,0x2d030,?__uninitialized_copy_aux@std@@YAPAUtype_monster_data@@PAU2@00U__false_type@@@Z
1,0x3b880,?make_heap@std@@YAXPAJ0@Z
3,0x6524,??_C@_0N@IIEJ@SgStDrw3?4pcx?$AA@
1,0x920e0,?DoEventBorderTent@advManager@@AAAXPAVNewmapCell@@_N@Z
3,0xd1d8,?giDeferObjDrawY@@3HA
3,0x16d4c,??_C@_0N@ONCO@scnrback?4def?$AA@
1,0x145008,?CalcPosition@TSingleSelectionWindow@@QAAHH@Z
3,0x1ad88,??_C@_0M@MDKD@C05spW0?4def?$AA@
1,0x93d34,?DoEventLighthouse@advManager@@AAAXPAVNewmapCell@@_N@Z
3,0xd1d4,?giDeferObjDrawX@@3HA
1,0x122d90,??C?$_Rb_tree_iterator@U?$pair@$$CBVTCacheMapKey@ResourceManager@@PAVresource@@@std@@U?$_Nonconst_traits@U?$pair@$$CBVTCacheMapKey@ResourceManager@@PAVresource@@@std@@@2@@std@@QBAPAU?$pair@$$CBVTCacheMapKey@ResourceManager@@PAVresource@@@1@XZ
3,0x210,DINPUTX_NULL_THUNK_DATA
1,0x27e1c,?cannot_attack@army@@QBA_NXZ
1,0x41ed4,?consider_spell@type_AI_spellcaster@@IBAXAAUtype_spell_choice@@@Z
3,0x605c,??_C@_0N@KIAD@SgInDrwC?4pcx?$AA@
1,0xc5620,?value_type@std@@YAPAUSign@@PBU2@@Z
1,0x114bb8,?set_value_of_well@hero@@QAAXJ@Z
1,0x42a28,?get_spell_level@army@@QBA?AW4TSkillMastery@@W4SpellID@@@Z
1,0x8eff0,??0type_record_erase@@IAA@XZ
1,0x8f078,??1type_record_erase@@UAA@XZ
3,0x13a98,??_C@_0N@BLGJ@spellScr?4def?$AA@
1,0x11530c,?convertID2HelpID@TPuzzleWindow@@ABAHH@Z
1,0x123738,??0?$pair@U?$_Rb_tree_iterator@U?$pair@$$CBVTCacheMapKey@ResourceManager@@PAVresource@@@std@@U?$_Nonconst_traits@U?$pair@$$CBVTCacheMapKey@ResourceManager@@PAVresource@@@std@@@2@@std@@_N@std@@QAA@ABU?$_Rb_tree_iterator@U?$pair@$$CBVTCacheMapKey@Red798088d
3,0x32800,?needsUpdate@SmackManager@@3_NA
1,0x168970,?get_horde_effect@town@@QBAPAUtype_horde_effect@@W4type_building_id@@@Z
3,0x1d8e4,??_C@_07DIPF@TOFHal1?$AA@
3,0x1ed38,??_C@_0N@KMNC@Resource?4def?$AA@
1,0x38c98,??1?$vector@UHeroDestination@@V?$allocator@UHeroDestination@@@std@@@std@@QAA@XZ
3,0x667c,??_C@_0N@DJBO@SgStMan1?4pcx?$AA@
3,0x6544,??_C@_0N@MIAD@SgStDrw1?4pcx?$AA@
1,0x8cedc,?load@type_record_hide_boat@@UAA_NPAX@Z
1,0x8cf2c,?save@type_record_hide_boat@@UAA_NPAX@Z
1,0xa2420,?GetCharacterWidth@font@@QBAHE@Z
1,0xf5290,?resize@?$vector@PAVCSprite@@V?$allocator@PAVCSprite@@@std@@@std@@QAAXI@Z
3,0x61a4,??_C@_0N@FJBO@SgInManC?4pcx?$AA@
1,0x122f74,??D?$_Rb_tree_iterator@U?$pair@$$CBVTCacheMapKey@ResourceManager@@PAVresource@@@std@@U?$_Nonconst_traits@U?$pair@$$CBVTCacheMapKey@ResourceManager@@PAVresource@@@std@@@2@@std@@QBAAAU?$pair@$$CBVTCacheMapKey@ResourceManager@@PAVresource@@@1@XZ
3,0x1b4e0,??_C@_0BF@IFBM@Give?5Resource?5Window?$AA@
3,0x34,__imp___divlu
1,0xfb194,?__destroy@std@@YAXPAUSecondarySkillData@@00@Z
1,0x1641a0,?erase@?$vector@PADV?$allocator@PAD@std@@@std@@QAAPAPADPAPAD0@Z
3,0x6128,??_C@_0N@BJBF@SgInWa31?4pcx?$AA@
1,0x8a31c,?CreateGroupInGroup@CDPlay@@UAAKKPADPAXK_N@Z
1,0xf70b8,?end@?$vector@UTownExtra@@V?$allocator@UTownExtra@@@std@@@std@@QAAPAUTownExtra@@XZ
1,0x392d0,??0?$_STL_alloc_proxy@PAUtype_creature_value@@U1@V?$allocator@Utype_creature_value@@@std@@@std@@QAA@ABV?$allocator@Utype_creature_value@@@1@ABQAUtype_creature_value@@@Z
1,0x38890,??0?$vector@Utype_creature_value@@V?$allocator@Utype_creature_value@@@std@@@std@@QAA@ABV?$allocator@Utype_creature_value@@@1@@Z
3,0x6cf8,??_C@_0N@DHMH@C07spF61?4def?$AA@
3,0xb1f8,??_C@_0P@DDBD@Unknown?5error?$DP?$AA@
1,0xd55c0,?IsInIdentifyRange@hero@@QBA_NABUtype_point@@@Z
1,0xfac20,?uninitialized_copy@std@@YAPAVBlackBoxData@@PAV2@00@Z
3,0x16d7c,??_C@_0N@GKOJ@ScnrStar?4def?$AA@
3,0x664c,??_C@_0N@CLIP@SgStTw12?4pcx?$AA@
3,0xde34,??_C@_0M@OALI@hsbtns3?4def?$AA@
3,0x1b104,??_C@_09ODCO@trade?4pcx?$AA@
3,0x10a4,??_C@_0BA@KDKB@ajpgebwnaenoovg?$AA@
1,0x2eb0,?GetHero@game@@QAAPAVhero@@H@Z
1,0x1020bc,?SetPrevEdit@CMPEdit@@QAAXPAV1@@Z
1,0x28bf8,?__introsort_loop@std@@YAXPAPAVarmy@@00HVfunc_moves_before@@@Z
2,0x8480,_DPAID_INet
3,0x1104,??_C@_0M@EGGF@medfont?4fnt?$AA@
1,0x38464,??_Etype_luck_artifact@@UAAPAXI@Z
1,0x38464,??_Gtype_luck_artifact@@UAAPAXI@Z
3,0x6ea8,??_C@_0N@CDEJ@CmBkSnTr?4pcx?$AA@
3,0x5bb4,??_C@_0N@DKIC@SgCsTpWl?4pcx?$AA@
1,0x17f4f8,?ShowText@TCastleWindow@@AAAXXZ
3,0x200f0,?CreatureGenerator_1_Names@@3PBVTTextResource@@B
3,0x201f8,?CreatureGenerator_4_Names@@3PBVTTextResource@@B
3,0x15a78,??_C@_0M@CCBB@muGstat?4def?$AA@
1,0x129418,?allocate@?$_STL_alloc_proxy@PAPAVsample@@PAV1@V?$allocator@PAVsample@@@std@@@std@@QAAPAPAVsample@@I@Z
1,0x14d554,??1?$_STL_alloc_proxy@PAVTSpellbookEntry@TSpellbookWindow@@V12@V?$allocator@VTSpellbookEntry@TSpellbookWindow@@@std@@@std@@QAA@XZ
1,0x19a7ec,??0heroWindowManager@@QAA@XZ
1,0x3748,??A?$vector@VTSeerHut@@V?$allocator@VTSeerHut@@@std@@@std@@QAAAAVTSeerHut@@I@Z
1,0x11d708,?CreateDPlayObject@@YA_NXZ
3,0x1aba8,??_C@_0M@GCID@C11spA0?4def?$AA@
3,0x6d70,??_C@_0M@CEBB@CmFlagL?4def?$AA@
1,0x38334,??_Etype_necromancy_artifact@@UAAPAXI@Z
1,0x38334,??_Gtype_necromancy_artifact@@UAAPAXI@Z
3,0x61b4,??_C@_0N@KLOA@SgInTw1C?4pcx?$AA@
1,0xfbec0,??4TTownEvent@@QAAAAV0@ABV0@@Z
1,0x1414b8,?OnFileMenuSlider@TSingleSelectionWindow@@QAAXH@Z
3,0x437c,??_C@_0N@MIML@campscts?4pcx?$AA@
3,0x1aec0,??_C@_0N@NHKI@C07spF62?4def?$AA@
3,0x220b8,?pRamDisc@@3PAURamDisc@@A
3,0x665c,??_C@_0N@MLOA@SgStTw11?4pcx?$AA@
1,0x6e0d8,?show_looted_artifacts@combatManager@@AAAXAAV?$vector@Utype_artifact@@V?$allocator@Utype_artifact@@@std@@@std@@H@Z
1,0x9ca14,?GetArtifactIndex@NewmapCell@@QBA?AW4TArtifact@@XZ
3,0x16dac,??_C@_0M@LFFM@gspbut3?4def?$AA@
1,0x14d33c,?GetSchool@TSpellbookWindow@@QBAIXZ
1,0x60318,?ResetHitByCreature@combatManager@@QAAXXZ
1,0xc3270,?deallocate@?$allocator@VCObjectType@@@std@@SAXPAVCObjectType@@I@Z
3,0x2e604,?InvalidPlacementList@@3V?$vector@HV?$allocator@H@std@@@std@@A
1,0x128a7c,?push_back@?$vector@PAVsample@@V?$allocator@PAVsample@@@std@@@std@@QAAXABQAVsample@@@Z
1,0xc7d50,?__destroy_aux@std@@YAXPAVCObject@@0U__false_type@@@Z
1,0x1020c4,?OnKeyPress@CMPEdit@@UAAHAAUmessage@@@Z
1,0x100c1c,?WindowHandler@TMultiPlayerWindow@@UAAHAAUmessage@@@Z
1,0x12f0ac,?Main@CSpriteWidget@@UAAHAAUmessage@@@Z
3,0x6514,??_C@_0N@NLNJ@SgDnTw2C?4pcx?$AA@
3,0x13ffc,??_C@_1BG@KIDJ@?$AAW?$AAa?$AAl?$AAk?$AA?5?$AAS?$AAp?$AAe?$AAe?$AAd?$AA?$AA@
3,0x1aeb0,??_C@_0N@JHOC@C07spF60?4def?$AA@
1,0x29668,?__push_heap@std@@YAXPAPAVarmy@@HHPAV2@Vfunc_moves_before@@@Z
1,0x391a4,??0?$_Vector_base@PAVtype_artifact_effect@@V?$allocator@PAVtype_artifact_effect@@@std@@@std@@QAA@ABV?$allocator@PAVtype_artifact_effect@@@1@@Z
1,0x164680,?_M_insert_overflow@?$vector@PADV?$allocator@PAD@std@@@std@@IAAXPAPADABQADI@Z
2,0x8330,_GUID_Spring
1,0x20244,?GetName@TSeerHut@@QBAPBDXZ
1,0xc54f4,?__destroy@std@@YAXPAUtype_point@@00@Z
1,0x1477b0,?handle_message@CHostWaitDlg@@UAAHAAUmessage@@@Z
1,0x9d1b8,??A?$vector@USign@@V?$allocator@USign@@@std@@@std@@QAAAAUSign@@I@Z
1,0xf6918,??1?$_Vector_base@VTreasureData@@V?$allocator@VTreasureData@@@std@@@std@@QAA@XZ
3,0x1dc8c,??_C@_08KDLF@TBRmcstl?$AA@
1,0x733b4,?GetSpriteTypeName@CSprite@@SAPBDH@Z
1,0x116bd8,?UpdateQuestLocator@TQuestLogWindow@@AAAXH@Z
1,0x4bd80,?get_resurrection_size@army@@QBAJPBV1@@Z
1,0xc7cc8,?__uninitialized_copy_aux@std@@YAPAVCObject@@PAV2@00U__false_type@@@Z
1,0xe9934,??0?$allocator@ULODEntry@@@std@@QAA@XZ
1,0xe9938,??1?$allocator@ULODEntry@@@std@@QAA@XZ
1,0xbe994,??1?$_Vector_base@W4TArtifact@@V?$allocator@W4TArtifact@@@std@@@std@@QAA@XZ
1,0xe76e0,??1?$_STL_alloc_proxy@PAU?$_Rb_tree_node@W4SpellID@@@std@@U12@V?$allocator@W4SpellID@@@2@@std@@QAA@XZ
1,0xff3a8,?HidePointer@mouseManager@@QAAXXZ
1,0x137da8,?GetHeaders@TSingleSelectionWindow@@QAAXXZ
2,0x8540,_IID_IDirectMusicPort
1,0x10e0,?DoTownKnob@TAdventureMapWindow@@QAAX_N@Z
1,0x27cf4,?get_AI_expected_damage@army@@QBAJXZ
1,0x5b2b8,?get@?$TResourcePtr@VTTextResource@@@@QBAPAVTTextResource@@XZ
3,0x1ad94,??_C@_0M@IFHL@C06spW0?4def?$AA@
1,0x164210,?deallocate@?$_STL_alloc_proxy@PAPADPADV?$allocator@PAD@std@@@std@@QAAXPAPADI@Z
2,0x8b10,_IID_IDirectMusicBand
2,0x8a50,_IID_IDirectMusicLoader
1,0xe9f58,?__copy_backward@std@@YAPAULODEntry@@PAU2@00Urandom_access_iterator_tag@1@PAH@Z
3,0x1ac74,??_C@_0M@PPAA@C09spA0?4def?$AA@
1,0x12877c,??_Etype_skeleton_window@@UAAPAXI@Z
1,0x12877c,??_Gtype_skeleton_window@@UAAPAXI@Z
3,0x1fbac,??_C@_0BF@LLCF@DDERR_CANTPAGEUNLOCK?$AA@
1,0xbc2b8,?IsLastHuman@game@@QBA_NH@Z
1,0xd3874,?UpgradeCreatures@hero@@QAAXHH@Z
1,0xfab54,?uninitialized_fill_n@std@@YAPAVMonsterData@@PAV2@IABV2@@Z
3,0x1f594,??_C@_0BD@BAKO@DDERR_NOROTATIONHW?$AA@
1,0x66bcc,??1?$_Vector_base@PAVwidget@@V?$allocator@PAVwidget@@@std@@@std@@QAA@XZ
1,0x14196c,?OnRequestHeroFaceMsg@TSingleSelectionWindow@@QAAXPAVCNetMsg@@_N@Z
1,0x11d490,?DrawSprite@CAnimatedDlg@@QAAXXZ
1,0xdd9e4,?Open@inputManager@@UAAHH@Z
1,0x10a854,??0TPalette16@@QAA@ABV0@@Z
3,0x6870,??_C@_0M@PGAP@ObDtL06?4pcx?$AA@
1,0x128c10,??1?$_Vector_base@PAVsample@@V?$allocator@PAVsample@@@std@@@std@@QAA@XZ
1,0x37bbc,??0type_AI_initializer@@QAA@XZ
1,0x817b0,??0TDialogBox@@QAA@I@Z
1,0xfb18c,?value_type@std@@YAPAUSecondarySkillData@@PBU2@@Z
1,0x120440,?_M_reserve_map_at_back@?$deque@PAVCNetMsg@@V?$allocator@PAVCNetMsg@@@std@@$0A@@std@@IAAXI@Z
1,0xfd958,?CheckConfigFile@@YAXXZ
1,0xa2650,?longest_word_length@font@@QBAHPBD@Z
3,0x165ac,??_C@_0N@BGPF@QuestLog?4pcx?$AA@
1,0x1671cc,?update_shipyard@town@@QAAXXZ
1,0x19cbfc,_sin
1,0x3d96c,?get_damage_value@type_AI_spellcaster@@IBAJW4SpellID@@JPBVhero@@PBVarmy@@@Z
3,0x71e0,??_C@_0P@GKJH@retreat?5battle?$AA@
3,0x1aa10,??_C@_0N@HOGB@Precison?4wav?$AA@
1,0x199490,?BMCreateSurface@@YAPAUIDirectDrawSurface4@@KK@Z
3,0xf20,___xp_a
3,0xf24,___xp_z
1,0x19c7b8,_abs
1,0x19c854,_div
1,0x19c890,_pow
1,0x19cc08,_cos
1,0x4230,?move@?$__char_traits_base@DH@std@@SAPADPADPBDI@Z
1,0x51378,?Draw@Bitmap16Bit@@QBAXHHHHPAGHHHHH_N@Z
1,0xa5998,?LoadPlayerData@game@@AAAHPAX@Z
1,0xf74d4,?insert@?$vector@PAVCSprite@@V?$allocator@PAVCSprite@@@std@@@std@@QAAXPAPAVCSprite@@IABQAV3@@Z
1,0x6a8e0,?find@?$basic_string@DU?$char_traits@D@std@@V?$allocator@D@2@@std@@QBAIDI@Z
1,0xc6618,?construct@std@@YAXPAVtown@@ABV2@@Z
3,0x1b464,??_C@_0L@JPMD@Spell?5Book?$AA@
1,0x158e7c,?AddWidget@TSubWindow@@QAAXPAVwidget@@H@Z
3,0x1d6f8,??_C@_07EPLC@TODman1?$AA@
3,0x1e25c,??_C@_08CABA@TBInup_6?$AA@
1,0x88870,?ThreadEnd@ds_genericsample@@AAAXXZ
3,0x1aca4,??_C@_0M@DEAD@C11spE0?4def?$AA@
3,0x1ac98,??_C@_0M@KAML@C10spA0?4def?$AA@
3,0x1ac44,??_C@_0M@MANE@C07spA1?4def?$AA@
1,0x197690,?DrawWindowX@heroWindow@@UAAX_NHH@Z
3,0x1f3d4,??_C@_0BG@MOJK@DDERR_INVALIDCLIPLIST?$AA@
1,0x4d800,?__destroy_aux@std@@YAXPAW4SpellID@@0U__false_type@@@Z
1,0x54da4,??_EcoloredBorderFrame@@UAAPAXI@Z
1,0x54da4,??_GcoloredBorderFrame@@UAAPAXI@Z
1,0x8bc84,??8@YAHABU_GUID@@0@Z
3,0x1b054,??_C@_0M@PHJI@c20spx2?4def?$AA@
2,0x7f00,_IID_IDirect3DRMMaterial
2,0x2604,??_7ds_memsample@@6B@
1,0x97628,?DoEventWarSchool@advManager@@AAAXPAVhero@@PAVNewmapCell@@_N@Z
1,0xe9154,?getItemIndex@LODFile@@QAAPAULODEntry@@PBD@Z
1,0x12ac28,?ProcessRightSelect@CScenarioInfoDlg@@UAA_NH@Z
3,0x1d72c,??_C@_07MKBC@TODMed2?$AA@
1,0x28a34,?allocate@?$_STL_alloc_proxy@PAJJV?$allocator@J@std@@@std@@QAAPAJI@Z
1,0x3d1e4,?check_adjacent_hexes@type_AI_attack_hex_chooser@@IAAXJJJ@Z
3,0x2207c,?green_mask@Bitmap16Bit@@2IA
2,0x25ec,??_7ds_genericsample@@6B@
3,0x341cc,?const_wise_tree_price_text@@3PAPBDA
1,0xfd584,??_GTTownEvent@@QAAPAXI@Z
1,0x100ca0,?JoinSession@TMultiPlayerWindow@@QAA_NPAVCDPlaySession@@PBD@Z
3,0x1d1d4,??_C@_07MAEH@TOTGld3?$AA@
1,0xc46c4,?_M_insert_overflow@?$vector@Vgarrison@@V?$allocator@Vgarrison@@@std@@@std@@IAAXPAVgarrison@@ABV3@I@Z
3,0x34224,?gAdventureOptionsHelp@@3PAUTHelpText@@A
3,0x1d5fc,??_C@_07LJGC@TODmag3?$AA@
1,0x4ed4c,?Add@armyGroup@@QAAHHHH@Z
1,0xc5654,?__destroy@std@@YAXPAVmine@@00@Z
1,0x10a2f0,??0TPalette16@@QAA@PBG@Z
2,0x7a60,_GUID_NonLocalVidMemCaps
2,0x82d0,_GUID_RampForce
1,0x2f18,?GetCurrHeroId@game@@QAAHXZ
1,0xc7038,?construct@std@@YAXPAUTRumour@game@@ABU23@@Z
1,0xfcd50,?copy@std@@YAPAW4SpellID@@PBW42@0PAW42@@Z
1,0x14d4a4,?push_back@?$vector@VTSpellbookEntry@TSpellbookWindow@@V?$allocator@VTSpellbookEntry@TSpellbookWindow@@@std@@@std@@QAAXABVTSpellbookEntry@TSpellbookWindow@@@Z
1,0xc575c,?__destroy@std@@YAXPAUTRumour@game@@00@Z
1,0xdb190,?inflate_fast@@YAHIIPAUinflate_huft_s@@0PAUinflate_blocks_state@@PAUz_stream_s@@@Z
1,0x1396d8,??1TSingleSelectionWindow@@UAA@XZ
3,0x17a70,??_C@_0BM@LAMK@Requesting?5confirmation?3?5?$CFd?$AA@
3,0x1d8,__imp__FileTimeToLocalFileTime
1,0x63f2c,?deallocate@?$_STL_alloc_proxy@PAUTObstacle@combatManager@@U12@V?$allocator@UTObstacle@combatManager@@@std@@@std@@QAAXPAUTObstacle@combatManager@@I@Z
3,0xb398,??_C@_0M@NGEG@Unavailable?$AA@
1,0xec3b4,?get_special_terrain@NewmapCell@@QBA?AW4TAdventureObjectType@@XZ
1,0x7ea10,?set@TArtifactRequirement@@QAAXW4TArtifact@@D@Z
3,0x3650,?aEvil1RegionTraits@?%E:\gamedcs\campaignmap.cpp64671830@@3PAUTRegionTraits@TCampaignMapTraits@@A
3,0x36f8,?aEvil2RegionTraits@?%E:\gamedcs\campaignmap.cpp64671830@@3PAUTRegionTraits@TCampaignMapTraits@@A
1,0xf91c4,??9std@@YA_NABV?$reverse_iterator@PAUTObjectCell@NewmapCell@@U12@AAU12@PAU12@H@0@0@Z
1,0x1240c4,?handle_click@type_artifact_offering_widget@@UAA_N_N0@Z
1,0x15f7c,?UpdateRadar@advManager@@QAAX_N0000@Z
1,0x42ec8,?begin@?$deque@W4SpellID@@V?$allocator@W4SpellID@@@std@@$0A@@std@@QBA?AU?$_Deque_iterator@W4SpellID@@U?$_Const_traits@W4SpellID@@@std@@U?$_Buf_size_traits@W4SpellID@@$0A@@3@@2@XZ
3,0xabb0,??_C@_0L@EAMA@CombatHero?$AA@
3,0x13dfc,??_C@_02DILL@?$CFs?$AA@
1,0x8b6dc,?SetGroupConnectionSettings@CDPlayLobby@@UAA_NKPAUDPLCONNECTION@@@Z
1,0xf6a54,??0?$_Vector_base@VMonsterData@@V?$allocator@VMonsterData@@@std@@@std@@QAA@ABV?$allocator@VMonsterData@@@1@@Z
3,0x15b8c,?giShowComputerRoute@@3HA
1,0x66648,?Update@TCombatCreatureSubWindow@@QAAXABVarmy@@PBVhero@@@Z
1,0x10303c,??1CHeroSessions@@UAA@XZ
3,0x1ae88,??_C@_0M@MINL@C07spF2?4def?$AA@
3,0x3be4,??_C@_0M@DKLB@FMAY_co?4pcx?$AA@
1,0x12867c,??1type_artifact_offering_widget@@UAA@XZ
1,0x15f0a4,??0CSwapManagerChatEdit@@QAA@HHHHHPAD0HW4EJustify@font@@0HHHHHH@Z
1,0xbf7d0,??1?$_STL_alloc_proxy@PAUtype_university@@U1@V?$allocator@Utype_university@@@std@@@std@@QAA@XZ
1,0x152b7c,?is_valid_teleport@combatManager@@QAA_NPBVarmy@@J@Z
1,0x8fa1c,?construct@std@@YAXPAPAVtype_event_record@@ABQAV2@@Z
1,0xb1828,?ClaimGenerator@game@@QAAXHH@Z
1,0xf5878,??1?$vector@VTTimedEvent@@V?$allocator@VTTimedEvent@@@std@@@std@@QAA@XZ
3,0x1e694,??_C@_08BDFI@TBStmag2?$AA@
1,0x9c9e4,?get_windmill_resource@ExtraInfoUnion@@QBA?AW4EGameResource@@XZ
1,0x19cc20,_WriteFile
1,0x720c8,?AddFrame@CSequence@@AAAHPAVCSpriteFrame@@@Z
1,0x12d8c0,?save@TSeerHut@@AAAHPAX@Z
3,0x13760,?giNormalDialogMBType@@3HA
1,0x141e9c,?OnNameClick@TSingleSelectionWindow@@QAAXH@Z
2,0x7b60,_IID_IDirect3DHALDevice
3,0x1d2dc,??_C@_08BAHO@TOTGol2A?$AA@
3,0x6984,??_C@_0M@HIPH@ObBhL05?4pcx?$AA@
3,0x1403c,??_C@_1BK@CLFH@?$AAM?$AAu?$AAs?$AAi?$AAc?$AA?5?$AAV?$AAo?$AAl?$AAu?$AAm?$AAe?$AA?$AA@
1,0x16af58,?UpdateTownLocators@TTownScreenWindow@@QAAXXZ
1,0x37d8,??0?$_String_base@DV?$allocator@D@std@@@std@@QAA@ABV?$allocator@D@1@I@Z
3,0x6bcc,??_C@_0M@KNKC@ObRgS05?4def?$AA@
1,0x10318c,?Insert@?$CAutoArray@VCDPlaySession@@@@UAA_NKPAVCDPlaySession@@@Z
1,0x7ff88,?strrev@@YAPADPAD@Z
1,0x7fea4,?strupr@@YAPADPAD@Z
1,0xfb15c,??8std@@YA_NABV?$reverse_iterator@PAUTObjectCell@NewmapCell@@U12@AAU12@PAU12@H@0@0@Z
3,0x311bc,?iLastDynamicType@@3HA
1,0x15e8bc,?SwapMons@swapManager@@QAAXXZ
1,0x87f24,?CopyData@wavfile@@QAA_NPAXKK@Z
3,0x2c9c4,?gbSurrenderWin@@3_NA
1,0x11fdf0,?begin@?$deque@PAVCNetMsg@@V?$allocator@PAVCNetMsg@@@std@@$0A@@std@@QAA?AU?$_Deque_iterator@PAVCNetMsg@@U?$_Nonconst_traits@PAVCNetMsg@@@std@@U?$_Buf_size_traits@PAVCNetMsg@@$0A@@3@@2@XZ
1,0x1230e0,?allocate@?$allocator@U?$_Rb_tree_node@U?$pair@$$CBVTCacheMapKey@ResourceManager@@PAVresource@@@std@@@std@@@std@@QBAPAU?$_Rb_tree_node@U?$pair@$$CBVTCacheMapKey@ResourceManager@@PAVresource@@@std@@@2@IPBX@Z
3,0x1e808,??_C@_08NLCI@TBStdw_2?$AA@
2,0x1df8,?ArcherTraits@combatManager@@0QBUTArcherTraits@1@B
1,0x158254,?insert_unique@?$_Rb_tree@W4SpellID@@W41@U?$_Identity@W4SpellID@@@std@@U?$less@W4SpellID@@@3@V?$allocator@W4SpellID@@@3@@std@@QAA?AU?$pair@U?$_Rb_tree_iterator@W4SpellID@@U?$_Nonconst_traits@W4SpellID@@@std@@@std@@_N@2@ABW4SpellID@@@Z
1,0x2835c,??0?$_Vector_base@PAVarmy@@V?$allocator@PAVarmy@@@std@@@std@@QAA@ABV?$allocator@PAVarmy@@@1@@Z
1,0x54d1c,?OnSetFocus@widget@@UAAXXZ
3,0x3884,??_C@_0M@PJCM@FMAA_co?4pcx?$AA@
3,0x1ae60,??_C@_0M@FHCK@C09spF2?4def?$AA@
3,0x351b8,?cPersonality@@3PAPBDA
3,0x395c,??_C@_0M@EJML@FMAG_co?4pcx?$AA@
3,0x38cc,??_C@_0M@GJHB@FMAC_co?4pcx?$AA@
3,0x3914,??_C@_0M@NJJG@FMAE_co?4pcx?$AA@
1,0x165184,??0bitmapBackedTextWidget@@QAA@XZ
2,0x77fc,??_7heroWindow@@6B@
1,0xd8d2c,??0CHighScoreEdit@@QAA@HHHHHPAD0HW4EJustify@font@@0HHHHHH@Z
2,0x698c,??_7type_monster_join_window@@6B@
2,0x8c10,_IID_IFlashFile
1,0x3a74c,?__copy@std@@YAPAUtype_creature_source@@PAU2@00Urandom_access_iterator_tag@1@PAH@Z
3,0xa160,??_C@_0L@LJIC@clcbow?4def?$AA@
1,0x1653b0,??1bitmapBackedTextWidget@@UAA@XZ
3,0x144f0,??_C@_0M@MDLH@RMT?$CFsSC?4BIN?$AA@
3,0x1e754,??_C@_08ELAL@TBStspec?$AA@
3,0x1ebd4,??_C@_0M@ENEM@TPTHBar?4def?$AA@
1,0x1fb10,?get_obscured_extra_info@type_obscuring_object@@QBAKXZ
1,0xcc2a8,?DestroySiegeWeaponArtifact@hero@@QAAXH@Z
1,0xe9d2c,?uninitialized_copy@std@@YAPAULODEntry@@PAU2@00@Z
1,0x12ed7c,?CountNumPlayers@CTeamAlignmentDlg@@IAAHH@Z
1,0x65478,?DisableAllButtons@TCombatPlacementSubWindow@@UAAXXZ
1,0xc4820,?copy_backward@std@@YAPAVgarrison@@PAV2@00@Z
1,0xc8af4,?destroy@std@@YAXPAVhero@@@Z
3,0x2db40,?move_constants@@3Utype_movement_constants@@A
1,0xfc9bc,?__destroy_aux@std@@YAXPAUSecondarySkillData@@0U__false_type@@@Z
3,0x1e67c,??_C@_08EODB@TBDnup_6?$AA@
1,0x9d118,??A?$vector@VTreasureData@@V?$allocator@VTreasureData@@@std@@@std@@QAAAAVTreasureData@@I@Z
1,0xa710c,?GetMineId@game@@QAAHHHH@Z
3,0x10f80,??_C@_0N@GMEA@HPS004Kn?4PCX?$AA@
3,0x1e04c,??_C@_08LHGJ@TBTwup_6?$AA@
1,0xef7c8,?readSeerData@NewfullMap@@QAAHPAXPAVCObject@@@Z
1,0x15c66c,?Open@swapManager@@UAAHH@Z
1,0x19b230,?UpdateScreen@heroWindowManager@@QAAXHHHH@Z
3,0x6a68,??_C@_0M@MLKK@ObDtS15?4def?$AA@
3,0x11f10,??_C@_0N@CAAO@HPL128Qc?4PCX?$AA@
3,0x111b0,??_C@_0N@CHAE@HPL021Rn?4PCX?$AA@
3,0x16950,??_C@_0BJ@KBAM@We?5are?5the?5MPlayer?5host?4?$AA@
1,0x14e78c,??0TAutoStrPtr@?%E:\gamedcs\spelldefs.cpp1007929134@@QAA@XZ
1,0x668e8,?Show@TCombatCreatureSubWindow@@QAAXXZ
1,0x747cc,??0CSpriteFrame@@QAA@PBD_N@Z
1,0x7c664,?OnClaimShipYard@advManager@@QAAXPAVCMapChange@@@Z
3,0x119b0,??_C@_0N@HLCH@HPL085Ov?4PCX?$AA@
3,0x1dd10,??_C@_08IGKP@TBRmhrd1?$AA@
3,0x1db90,??_C@_08LEPO@TBCsdw_0?$AA@
3,0xab38,??_C@_0L@BCML@combathero?$AA@
1,0xbe55c,?end@?$vector@UTRumour@game@@V?$allocator@UTRumour@game@@@std@@@std@@QAAPAUTRumour@game@@XZ
3,0x11d30,??_C@_0N@BJNJ@HPL113Bs?4PCX?$AA@
3,0x11d00,??_C@_0N@BKDF@HPS112Bs?4PCX?$AA@
1,0x15eb90,?OnChatUpdate@swapManager@@QAAXXZ
1,0x2059c,??A?$vector@Vboat@@V?$allocator@Vboat@@@std@@@std@@QAAAAVboat@@I@Z
3,0x11b20,??_C@_0N@KNOP@HPS097Br?4PCX?$AA@
3,0x11b10,??_C@_0N@KOAD@HPL096Br?4PCX?$AA@
1,0x9dccc,?__uninitialized_copy_aux@std@@YAPAW4SpellID@@PAW42@00U__false_type@@@Z
1,0xb61d0,?SetupAdjacentMons@game@@QAAXXZ
1,0xc559c,?value_type@std@@YAPAUTownExtra@@PBU2@@Z
2,0x5194,??_7CNetMsgHandler@@6B@
1,0x14aba0,?OnSetFocus@slider@@UAAXXZ
1,0x206c0,??1?$vector@Utype_dialog_resource@@V?$allocator@Utype_dialog_resource@@@std@@@std@@QAA@XZ
3,0x39ec,??_C@_0M@CIAF@FMAK_co?4pcx?$AA@
3,0x3a34,??_C@_0M@JIOC@FMAM_co?4pcx?$AA@
3,0x39a4,??_C@_0M@LIFI@FMAI_co?4pcx?$AA@
1,0x9138c,?GiveBlackBoxReward@advManager@@AAA_NPBDPAVhero@@PAVNewmapCell@@Utype_point@@_NPAVBlackBoxData@@@Z
3,0x113f0,??_C@_0N@LPCP@HPL039Al?4PCX?$AA@
3,0x11e10,??_C@_0N@MICG@HPL120Wh?4PCX?$AA@
3,0x2e254,?gLowPageScreenSelector@@3HA
1,0x16b0e8,?set_bonus_display@TTownScreenWindow@@QAAXPAVtown@@@Z
3,0x7044,??_C@_0M@BGOI@Verd10B?4fnt?$AA@
1,0x8fb58,?allocate@?$_STL_alloc_proxy@PAPAVtype_event_record@@PAV1@V?$allocator@PAVtype_event_record@@@std@@@std@@QAAPAPAVtype_event_record@@I@Z
1,0xc1b6c,?load_object_vector@@YA_NPAXAAV?$vector@Utype_creature_bank@@V?$allocator@Utype_creature_bank@@@std@@@std@@@Z
3,0x112c0,??_C@_0N@MIOO@HPS030Dr?4PCX?$AA@
1,0x464c,?value_type@std@@YAPAPAVwidget@@PBQAV2@@Z
1,0xbdc30,?erase@?$vector@Utype_point@@V?$allocator@Utype_point@@@std@@@std@@QAAPAUtype_point@@PAU3@@Z
1,0x155f0c,?MirrorImage@combatManager@@QAAXHH@Z
3,0x1d520,??_C@_08OHDJ@TONSke2H?$AA@
2,0x8150,_DSPROPSETID_MixerProp
3,0x11cf0,??_C@_0N@IHFC@HPL111Bm?4PCX?$AA@
1,0xf58ac,?resize@?$vector@VTTimedEvent@@V?$allocator@VTTimedEvent@@@std@@@std@@QAAXI@Z
2,0x6764,?TownNativeTerrains@townManager@@2QBW4TTerrainType@@B
3,0x11b40,??_C@_0N@BAKK@HPS098Br?4PCX?$AA@
3,0xdd60,??_C@_0N@GHCG@movement?4txt?$AA@
1,0x11f7e0,?Copy@CNetMsgHandler@@QAAXPAV1@@Z
1,0x12006c,?Insert@?$CAutoArray@VCDPlayPlayer@@@@UAA_NKPAVCDPlayPlayer@@@Z
3,0x2c9cc,?gbInCampaign@@3_NA
1,0xf6b40,?resize@?$vector@VBlackBoxData@@V?$allocator@VBlackBoxData@@@std@@@std@@QAAXIABVBlackBoxData@@@Z
3,0x31ae4,?SeerAcceptanceText@@3PAPBDA
3,0x31c68,?g_pIFlashDevice@@3PAPAUIFlashDevice@@A
1,0x2cde8,?__uninitialized_copy@std@@YAPAUtype_monster_data@@PAU2@000@Z
3,0x11410,??_C@_0N@PIJG@HPL040Wz?4PCX?$AA@
1,0x163ef4,?resize@?$vector@PAV?$vector@PADV?$allocator@PAD@std@@@std@@V?$allocator@PAV?$vector@PADV?$allocator@PAD@std@@@std@@@2@@std@@QAAXI@Z
3,0x20200,?USMsg@@3Umessage@@A
1,0xbf468,?resize@?$vector@UTRumour@game@@V?$allocator@UTRumour@game@@@std@@@std@@QAAXIABUTRumour@game@@@Z
1,0x1435f8,?GetDisplayTown@TSingleSelectionWindow@@QAA?AW4TTownType@@H@Z
1,0x1537d8,?mark_berserk_area_effect@combatManager@@QAAXJW4TSkillMastery@@AAV?$vector@JV?$allocator@J@std@@@std@@@Z
1,0x11f6d4,??0CSetAsHostMsg@@QAA@XZ
1,0x19cb0c,_RegSetValueExW
3,0x2b8c,??_C@_02MECO@?$CFd?$AA@
2,0xf88,?sCmbtHero@combatManager@@0QAY01$$CBUSCmbtHero@1@A
1,0x8d220,??0type_record_erase@@QAA@Utype_point@@JKJ@Z
1,0xa5c98,?FindTown@playerData@@QBAHH@Z
1,0xc8d48,?__destroy_aux@std@@YAXPAUtype_university@@U__false_type@@@Z
3,0x137d8,?gbInPollSound@@3HA
1,0x14d5a4,?deallocate@?$allocator@VTSpellbookEntry@TSpellbookWindow@@@std@@SAXPAVTSpellbookEntry@TSpellbookWindow@@I@Z
3,0x12354,??_C@_0BN@DBOJ@invalid?5stored?5block?5lengths?$AA@
3,0x1d450,??_C@_07JDPE@TOihnd2?$AA@
3,0x3c50,??_C@_0M@GHIH@FMBB_co?4pcx?$AA@
3,0x3c98,??_C@_0M@NHGA@FMBD_co?4pcx?$AA@
3,0x1d768,??_C@_06EGLI@TOSTav?$AA@
1,0x19037c,?CheckForTownCaptureWin@VictoryConditionStruct@@QAA_NXZ
1,0x19aef4,?DoDialogDraw@heroWindowManager@@QAAHPAVheroWindow@@P6AHAAUmessage@@@Z2H@Z
1,0x9d728,?destroy@std@@YAXPAV?$basic_string@DU?$char_traits@D@std@@V?$allocator@D@2@@1@0@Z
1,0xc241c,?destroy@std@@YAXPAVboat@@0@Z
3,0x1088,??_C@_0N@DHOF@ajpfuehoorel?$AA@
1,0x20784,??0?$allocator@Utype_dialog_resource@@@std@@QAA@XZ
3,0x642c,??_C@_0M@OKDE@SgDnWa5?4pcx?$AA@
1,0x2078c,??1?$allocator@Utype_dialog_resource@@@std@@QAA@XZ
1,0x87ff4,?Length@wavfile@@QAAKXZ
1,0x7ed6c,?CreateDirectInput@@YAHPAX0@Z
3,0x1b5e4,??_C@_0L@NIFJ@gWeekNames?$AA@
1,0x717bc,?value_type@std@@YAPAW4TArtifact@@PBW42@@Z
1,0x8017c,_SmackDoFrame
1,0x9d70c,?destroy@std@@YAXPAUTObjectCell@NewmapCell@@@Z
1,0xd3c64,?get_backpack_error@hero@@QBA?AV?$basic_string@DU?$char_traits@D@std@@V?$allocator@D@2@@std@@W4TArtifact@@@Z
1,0xf9220,?destroy@std@@YAXPAUTObjectCell@NewmapCell@@0@Z
1,0x12f304,??_ECBonusDlg@@UAAPAXI@Z
1,0x12f304,??_GCBonusDlg@@UAAPAXI@Z
1,0x87278,?Rescale@@YAXAAH0_N@Z
1,0xc2e60,?allocate@?$_STL_alloc_proxy@PAPAVCSprite@@PAV1@V?$allocator@PAVCSprite@@@std@@@std@@QAAPAPAVCSprite@@I@Z
2,0x4dec,??_7TRecruitWindow@@6B@
1,0x63b50,?begin@?$set@W4SpellID@@U?$less@W4SpellID@@@std@@V?$allocator@W4SpellID@@@3@@std@@QBA?AU?$_Rb_tree_iterator@W4SpellID@@U?$_Const_traits@W4SpellID@@@std@@@2@XZ
3,0x14480,??_C@_1CC@FEIJ@?$AAU?$AAn?$AAi?$AAq?$AAu?$AAe?$AA?5?$AAS?$AAy?$AAs?$AAt?$AAe?$AAm?$AA?5?$AAI?$AAD?$AA?$AA@
1,0x127b68,?update@type_skeleton_window@@AAAXJJ@Z
1,0x20660,?clear@?$vector@PAUpathCell@@V?$allocator@PAUpathCell@@@std@@@std@@QAAXXZ
1,0x6a894,?deallocate@?$_STL_alloc_proxy@PAPAV?$basic_string@DU?$char_traits@D@std@@V?$allocator@D@2@@std@@PAV12@V?$allocator@PAV?$basic_string@DU?$char_traits@D@std@@V?$allocator@D@2@@std@@@2@@std@@QAAXPAPAV?$basic_string@DU?$char_traits@D@std@@V?$allocatobfca05d1
1,0xbd184,?Update@CGameTransmitMainMsg@@QAAXPAEK@Z
1,0xa3474,?calculate_production@game@@QAAXXZ
3,0x137a4,?gbRemoteOn@@3HA
1,0x27eac,?get_blocked_hex@TWallTarget@combatManager@@QBAHXZ
3,0x1e5e0,??_C@_08HPFB@TBDndw_0?$AA@
3,0x20108,?ExtraInfoText@@3PBVTTextResource@@B
1,0xcf54c,?WindowHandler@THeroScreenWindow@@EAAHAAUmessage@@@Z
1,0x130778,?GetGamePos@CNetPlayerHandler@@QAAHK@Z
3,0x1dfb0,??_C@_08IGAJ@TBTwdw_0?$AA@
1,0x19cbc0,_GetFileTime
1,0x47cf4,?get_unit_combat_value@army@@QBANJJ_NPBV1@@Z
1,0x87c70,?Close@wavfile@@QAAXXZ
1,0x4ca60,?LeavesNoBody@army@@ABA_NXZ
1,0x4e388,?SetRolloverText@TSplitWindow@@AAAXH@Z
1,0xc2954,?__stl_alloc_rebind@std@@YAAAV?$allocator@Vmine@@@1@AAV21@PBVmine@@@Z
1,0xfbc7c,??4BlackBoxData@@QAAAAV0@ABV0@@Z
1,0xed984,?readBoatData@NewfullMap@@QAAHPAXPAVCObject@@@Z
3,0x5c,__imp___led
3,0x88,__imp___ltd
1,0xadb88,?LoadMap@game@@QAAHPAD@Z
1,0xc75dc,?__destroy_aux@std@@YAXPAUSign@@0U__false_type@@@Z
1,0x8644,?Main@advManager@@UAAHAAUmessage@@@Z
3,0x1f6ec,??_C@_0BN@HBEC@DDERR_SURFACEALREADYATTACHED?$AA@
3,0x5dac,??_C@_0M@JLHF@SgRmWa5?4pcx?$AA@
1,0x645a8,?distance_type@std@@YAPAHPBUTObstacle@combatManager@@@Z
1,0xe7074,??0CNormalWinMsg@@QAA@H@Z
1,0x1292d4,?destroy@std@@YAXPAPAViconWidget@@0@Z
1,0x56f88,??1TBottomViewHero@@UAA@XZ
2,0x82b0,_GUID_Joystick
1,0x3d838,?should_attack_now@type_AI_spellcaster@@IBA_NABVarmy@@@Z
1,0x6eb18,?TurnOffSelector@combatManager@@QAAX_N@Z
1,0x7ffe0,?_fullpath@@YAPADPADPBDI@Z
1,0x8b69c,?TestLobbied@CDPlayLobby@@QAA_NXZ
1,0x8c698,?save@type_event_record@@UAA_NPAX@Z
3,0x1d680,??_C@_06JEKM@TODart?$AA@
1,0x7437c,?DrawInterface@CSpriteFrame@@QBAXHHHHPAGHHHHHAAVTPalette16@@_N@Z
3,0xb6d4,??_C@_0P@DOOD@Lighthouse?4wav?$AA@
3,0x1678c,?g_weMoved@@3_NA
1,0x1584a4,??R?$_Identity@W4SpellID@@@std@@QBAABW4SpellID@@ABW42@@Z
3,0x1eba0,??_C@_0L@EKPK@?$CFsBack?4pcx?$AA@
1,0x3aa94,?__insertion_sort@std@@YAXPAUtype_creature_value@@0U?$greater@Utype_creature_value@@@1@@Z
1,0x15ee98,?CanModHero@swapManager@@QAA_NH@Z
1,0xda0b0,?inflate_blocks_new@@YAPAUinflate_blocks_state@@PAUz_stream_s@@P6IKKPBEI@ZI@Z
1,0x10bf58,?Gray@TPalette24@@QAAXXZ
1,0x16b718,?Open@townManager@@UAAHH@Z
1,0x493a0,?ProcessDeath@army@@QAAXH@Z
1,0x6cdcc,?MoveCursorCombatXY@combatManager@@QAAXHH@Z
1,0xc77f8,?distance_type@std@@YAPAHPBW4TArtifact@@@Z
1,0xd5548,?can_land@hero@@ABA_NXZ
1,0x11f4f8,?Stop@CHourGlass@@QAAXXZ
1,0x2dfa4,?mark_town@type_town_threat_checker@@MBAXPAVtown@@@Z
1,0x1298dc,?__uninitialized_copy_aux@std@@YAPAUtype_artifact_offering@@PAU2@00U__false_type@@@Z
1,0x164128,??1?$_Vector_base@PAV?$vector@PADV?$allocator@PAD@std@@@std@@V?$allocator@PAV?$vector@PADV?$allocator@PAD@std@@@std@@@2@@std@@QAA@XZ
3,0xa284,??_C@_04LBP@bdrf?$AA@
1,0x8f258,?get_change_count@type_record_shroud@@QBAJXZ
1,0xc2a28,?__stl_alloc_rebind@std@@YAAAV?$allocator@Vboat@@@1@AAV21@PBVboat@@@Z
3,0x2d6d8,?gPalette@@3PAVpalette@@A
1,0xebeec,?Load@TTownEvent@@QAAHPAX@Z
3,0x6804,??_C@_0N@KLP@SgFrTw11?4pcx?$AA@
3,0x310fc,?SpriteSave@@3PAPAVCSprite@@A
1,0x128cac,?deallocate@?$_STL_alloc_proxy@PAUtype_artifact_offering@@U1@V?$allocator@Utype_artifact_offering@@@std@@@std@@QAAXPAUtype_artifact_offering@@I@Z
1,0x19cbd8,_FileTimeToLocalFileTime
3,0x1e9dc,??_C@_08HIDN@TBFrext3?$AA@
2,0x76e4,??_7type_university_window@@6B@
1,0x8f504,??A?$vector@PAVtype_event_record@@V?$allocator@PAVtype_event_record@@@std@@@std@@QBAABQAVtype_event_record@@I@Z
1,0xc1f64,?save_object_vector@@YA_NPAXAAV?$vector@Utype_creature_bank@@V?$allocator@Utype_creature_bank@@@std@@@std@@@Z
3,0x2e4f8,?gpExec@@3PAVexecutive@@A
1,0x27e70,?get_adjacent_hex@army@@QBAJJ@Z
2,0x1088,?wallTargets@combatManager@@2QBUTWallTarget@1@B
3,0xa97c,??_C@_04GGP@basl?$AA@
3,0xa4bc,??_C@_0L@HNAB@cmagog?4def?$AA@
3,0xacb0,??_C@_0O@LFCC@cs_special_dr?$AA@
3,0xd294,?giCycleType@@3HA
3,0x1d4e4,??_C@_07DJBE@TONHal4?$AA@
3,0x1e904,??_C@_08CFEN@TBFrcas3?$AA@
3,0x1ead4,??_C@_09LCLJ@necroTown?$AA@
3,0xa7f0,??_C@_0L@POB@cbwlfr?4def?$AA@
1,0x1022a8,??_ECMPInputEdit@@UAAPAXI@Z
1,0x1022a8,??_GCMPInputEdit@@UAAPAXI@Z
1,0x194dcc,?VWDrawUnderlay@advManager@@QAAXHHHHH@Z
3,0x64,__imp___muli64
1,0x1fd90,?SpellIsAvailable@hero@@QBA_NH@Z
3,0x1dc2c,??_C@_08IFJO@TBCsup_6?$AA@
1,0x4d6f4,?value_type@std@@YAPAW4SpellID@@PBW42@@Z
3,0xa534,??_C@_09NOHF@cpfoe?4def?$AA@
1,0xc4a44,?fill@std@@YAXPAVboat@@0ABV2@@Z
3,0x1dd88,??_C@_08ECNP@TBRmext4?$AA@
1,0x70bac,??1?$vector@Utype_artifact@@V?$allocator@Utype_artifact@@@std@@@std@@QAA@XZ
1,0xfc7dc,?__uninitialized_copy@std@@YAPAVTTimedEvent@@PAV2@000@Z
1,0xfb414,?distance_type@std@@YAPAHPBVCObjectType@@@Z
3,0xd2f8,?gbCheatMenus@@3HA
1,0x12d1a8,?DoCompletionDialog@TSeerHut@@AAAXPAVhero@@_N@Z
2,0x7d30,_CLSID_CDirect3DRMAnimationSet
1,0x37e64,?get_visited_cell@searchArray@@QAAPAUpathCell@@J@Z
1,0x50a20,?_S_whichbit@?$_Base_bitset@$0BC@K@std@@SAII@Z
1,0x5427c,?SetPalette@Bitmap816@@QAAXPBG@Z
1,0x800a8,?DCftell@@YAJPAX@Z
3,0xb91c,?saveBuffer2@@3PAVBuffer@@A
1,0x149bec,?SetState@slider@@UAAXH@Z
3,0x1f684,??_C@_0BG@FCIN@DDERR_OVERLAYCANTCLIP?$AA@
1,0x8bfac,?Destroy@?$CAutoArray@VCDPlayConnection@@@@QAAX_N@Z
1,0x10f16c,?DoAI@philAI@@QAAXH@Z
1,0x1184c4,??1TQuickTownWindow@@UAA@XZ
3,0x11a8,??_C@_0L@OFEC@imobil?4def?$AA@
3,0xab84,??_C@_07OENC@Pointer?$AA@
1,0x197f4c,?GetRolloverWidget@CHeroWindowEx@@MAAPAVtextWidget@@XZ
1,0x11bc,?UpdateResourceDisplay@TAdventureMapWindow@@QAAX_N0@Z
2,0x1dec,?CombatSpeedMod@combatManager@@2QBMB
1,0x129248,?construct@std@@YAXPAUtype_artifact_offering@@ABU2@@Z
2,0x6b90,??_7TSellArtifactWindow@@6B@
1,0x3bac0,?pop_heap@std@@YAXPAUtype_creature_value@@0U?$greater@Utype_creature_value@@@1@@Z
1,0x881b4,?GetName@ds_genericsample@@QAAPBDXZ
1,0xbe384,??0?$allocator@Vboat@@@std@@QAA@XZ
1,0xbe38c,??1?$allocator@Vboat@@@std@@QAA@XZ
1,0x12376c,?_S_value@?$_Rb_tree@VTCacheMapKey@ResourceManager@@U?$pair@$$CBVTCacheMapKey@ResourceManager@@PAVresource@@@std@@U?$_Select1st@U?$pair@$$CBVTCacheMapKey@ResourceManager@@PAVresource@@@std@@@4@U?$less@VTCacheMapKey@ResourceManager@@@4@V?$allocator5f881852
1,0x176cf8,?MoveHeroFromGarrison@townManager@@QAAXXZ
1,0xf69c0,?resize@?$vector@VMonsterData@@V?$allocator@VMonsterData@@@std@@@std@@QAAXIABVMonsterData@@@Z
1,0x156aec,?ShowSpellCastFailure@combatManager@@QAAXPAVarmy@@H@Z
1,0xfe2c8,??0_Bit_iterator_base@std@@QAA@XZ
3,0x11f80,??_C@_0M@CHDD@aphlf1g?4def?$AA@
3,0x143c0,??_C@_1CK@HKOD@?$AAN?$AAe?$AAt?$AAw?$AAo?$AAr?$AAk?$AA?5?$AAD?$AAe?$AAf?$AAa?$AAu?$AAl?$AAt?$AA?5?$AAN?$AAa?$AAm?$AAe@
1,0x2e188,?calculate_demand@type_AI_player@@QAAXXZ
3,0x676c,??_C@_0M@INID@SgFrWa5?4pcx?$AA@
1,0x9f184,?GetTerrainCost@@YAHPAVhero@@Utype_point@@HH@Z
1,0xb317c,?ResetAllPlayerVisibility@game@@QAAXXZ
1,0x11d6c8,?WaitForReadyToPlayMsg@@YAXXZ
1,0x2be54,?do_aftermath@type_AI_combat_data@@QAAXAAV1@PAVtown@@@Z
1,0xbd10c,??0CGameTransmitReqMsg@@QAA@H@Z
3,0x1d64c,??_C@_08NDKD@TODhall3?$AA@
3,0x2edc,??_C@_0N@HLGJ@HourSand?4def?$AA@
2,0x2884,??_7type_record_show_hero@@6B@
1,0x9d2c0,??0?$_Vector_base@W4SpellID@@V?$allocator@W4SpellID@@@std@@@std@@QAA@ABV?$allocator@W4SpellID@@@1@@Z
1,0xf9330,?construct@std@@YAXPAVTreasureData@@ABV2@@Z
1,0xf99b0,?copy@std@@YAPAVTSeerHut@@PAV2@00@Z
1,0x3b580,?destroy@std@@YAXPAUpathCell@@@Z
1,0xc983c,??_ETGenericResource@@UAAPAXI@Z
1,0xc983c,??_GTGenericResource@@UAAPAXI@Z
3,0x1e874,??_C@_08OKEI@TBStup_4?$AA@
2,0x7a40,_GUID_D3DCommandBufferCallbacks
1,0x19c668,__purecall
1,0x9b670,?DoAIEvent@advManager@@QAAXPAVNewmapCell@@PAVhero@@Utype_point@@@Z
1,0x11577c,?mark_puzzle@Bitmap816@@QAAXPA_NJJ@Z
3,0x3568c,?gBuyArtifactWindowHelp@@3PAUTHelpText@@A
1,0x3b968,?__make_heap@std@@YAXPAUtype_creature_value@@0U?$greater@Utype_creature_value@@@1@0PAH@Z
1,0x50990,??A?$vector@PAV?$vector@PADV?$allocator@PAD@std@@@std@@V?$allocator@PAV?$vector@PADV?$allocator@PAD@std@@@std@@@2@@std@@QBAABQAV?$vector@PADV?$allocator@PAD@std@@@1@I@Z
1,0xa3288,?Initialize@generator@@QAAXJ@Z
1,0x10b7ac,?Gray@TPalette16@@QAAXXZ
3,0xb10c,??_C@_1DM@PDKC@?$AAC?$AAo?$AAu?$AAl?$AAd?$AA?5?$AAn?$AAo?$AAt?$AA?5?$AAa?$AAc?$AAq?$AAu?$AAi?$AAr?$AAe?$AA?5?$AAj?$AAo@
1,0x38a20,?clear@?$vector@UpathCell@@V?$allocator@UpathCell@@@std@@@std@@QAAXXZ
1,0xfb2c8,?value_type@std@@YAPAVTSeerHut@@PBV2@@Z
1,0x164a30,?construct@std@@YAXPAPADABQAD@Z
1,0x8ea88,?replay_available@game@@QBA_NXZ
3,0xdd98,??_C@_02FPNA@?$CL3?$AA@
3,0x358f0,?cHeroScreen@@3PAPBDA
2,0x8130,_IID_IKsPropertySet
1,0x9312c,?DoEventFountain@advManager@@AAAXPAVhero@@PAVNewmapCell@@_N@Z
1,0xcac58,?obscure_cell@type_obscuring_object@@IAAXW4TAdventureObjectType@@J@Z
1,0xd94a4,?Main@iconWidget@@UAAHAAUmessage@@@Z
1,0x114bc0,?get_magus_hut_value@type_AI_player@@QBAJXZ
3,0x16df4,??_C@_0N@OION@iGPCrDiv?4def?$AA@
3,0x3b54,??_C@_0M@FLHP@FMAU_co?4pcx?$AA@
3,0x3ac4,??_C@_0M@HLMF@FMAQ_co?4pcx?$AA@
3,0x3b9c,??_C@_0M@MLCC@FMAW_co?4pcx?$AA@
3,0x3b0c,??_C@_0M@OLJI@FMAS_co?4pcx?$AA@
3,0x15b0c,??_C@_0M@JJGN@secsk32?4def?$AA@
1,0xe7114,??_GadvManager@@QAAPAXI@Z
3,0x17c5c,?waitingStream@@3PADA
1,0x168494,?update_full_building_mask@town@@QAAXXZ
3,0x1dd28,??_C@_08KEAD@TBRmboat?$AA@
3,0x2010c,?gCreatureGenerator1Names@@3PAPBDA
3,0x12374,??_C@_0CE@LAKP@too?5many?5length?5or?5distance?5symb@
1,0xf5a34,?clear@?$vector@VTTownEvent@@V?$allocator@VTTownEvent@@@std@@@std@@QAAXXZ
3,0x1ec2c,??_C@_0N@JHHA@halldung?4def?$AA@
3,0x1fc9c,?z_errmsg@@3PAPBDA
1,0x6ee60,?CheckGetAIMove@combatManager@@QAAXXZ
3,0xa778,??_C@_0L@ONJI@cmcore?4def?$AA@
1,0x8a010,?GetNode@?$tree@Vds_memsample@@@@AAAPAV?$node@Vds_memsample@@@@K@Z
1,0x14ce68,?convertID2HelpID@TSpellbookWindow@@ABAHH@Z
3,0x381cc,?gGamePalette@@3PAVTPalette16@@A
2,0x224c,??_7TCombatHeroSubWindow@@6B@
1,0x74ecc,?Crop@CSpriteFrame@@QAAHXZ
1,0x80164,_SmackToBuffer
3,0x2db20,?heroWin@@3PAVTHeroScreenWindow@@A
1,0x38b70,?insert@?$vector@JV?$allocator@J@std@@@std@@QAAXPAJIABJ@Z
1,0x114ba0,?set_value_of_knowledge@hero@@QAAXJ@Z
3,0x68d0,??_C@_0M@DAMJ@ObSwL15?4pcx?$AA@
3,0x6954,??_C@_0M@HAGI@ObRgL15?4pcx?$AA@
1,0x101da0,?GetRolloverWidget@TMultiPlayerWindow@@UAAPAVtextWidget@@XZ
1,0xffb0c,?OnKeyPress@CHotSeatEdit@@UAAHAAUmessage@@@Z
3,0x6ec8,??_C@_0N@GMG@CmBkSwmp?4pcx?$AA@
3,0x1f4e4,??_C@_0BD@PBLA@DDERR_NOCOLORKEYHW?$AA@
1,0x174d1c,?DoSkeletonTransformer@townManager@@AAAXXZ
3,0x6b04,??_C@_0M@GGLA@ObSnS05?4def?$AA@
1,0x9d428,??0?$_STL_alloc_proxy@PAV?$basic_string@DU?$char_traits@D@std@@V?$allocator@D@2@@std@@V12@V?$allocator@V?$basic_string@DU?$char_traits@D@std@@V?$allocator@D@2@@std@@@2@@std@@QAA@ABV?$allocator@V?$basic_string@DU?$char_traits@D@std@@V?$allocator@D@6850ac56
3,0x3560,?aGood1RegionTraits@?%E:\gamedcs\campaignmap.cpp64671830@@3PAUTRegionTraits@TCampaignMapTraits@@A
3,0x35a8,?aGood2RegionTraits@?%E:\gamedcs\campaignmap.cpp64671830@@3PAUTRegionTraits@TCampaignMapTraits@@A
3,0x3608,?aGood3RegionTraits@?%E:\gamedcs\campaignmap.cpp64671830@@3PAUTRegionTraits@TCampaignMapTraits@@A
1,0x11f73c,??0CPingMsg@@QAA@KW4eRS_Messages@@@Z
3,0x35990,?NeutralBuildingCosts@town@@1PAY06HA
3,0x37ae0,?multiWin@@3PAVheroWindow@@A
1,0x18faa4,?ExitDialog@type_university_window@@UAAHAAUmessage@@@Z
1,0x140dbc,?SendGameHeaders@TSingleSelectionWindow@@QAA_NK@Z
3,0x17e28,??_C@_0M@KGHP@SpelTab?4def?$AA@
1,0x14d8f0,?_M_allocate_and_copy@?$vector@VTSpellbookEntry@TSpellbookWindow@@V?$allocator@VTSpellbookEntry@TSpellbookWindow@@@std@@@std@@IAAPAVTSpellbookEntry@TSpellbookWindow@@IPAV34@0@Z
3,0x1b090,??_C@_0M@LPDM@c08spw2?4def?$AA@
1,0x172a84,??1type_garrison_base_window@@UAA@XZ
3,0x3bc0,??_C@_0M@HCJP@FMAX_co?4pcx?$AA@
3,0x3c08,??_C@_0M@OCMC@FMAZ_co?4pcx?$AA@
1,0x63bdc,?end@?$vector@UTObstacle@combatManager@@V?$allocator@UTObstacle@combatManager@@@std@@@std@@QAAPAUTObstacle@combatManager@@XZ
1,0x8c278,?Delete@?$CAutoArray@VCDPlayAddressElement@@@@UAA_NK@Z
1,0xbe000,?resize@?$vector@USign@@V?$allocator@USign@@@std@@@std@@QAAXI@Z
1,0xe514c,?CleanUpMenus@@YAXXZ
3,0x1d0bc,??_C@_07EBPD@TOrhal3?$AA@
1,0x18bb40,?SetRolloverText@TGiveResourceWindow@@AAAXH@Z
1,0x82000,??_ETDialogBox@@UAAPAXI@Z
1,0x82000,??_GTDialogBox@@UAAPAXI@Z
1,0x1987dc,?IsReadOnly@CFindFile@@QAA_NXZ
1,0x19a9c0,?Main@heroWindowManager@@UAAHAAUmessage@@@Z
1,0x7897c,?DrawAdvObjShadowScaled25@CSpriteFrame@@QBAXHHHHPAGHHHHHAAVTPalette16@@@Z
1,0x77d58,?DrawAdvObjShadowScaled50@CSpriteFrame@@QBAXHHHHPAGHHHHHAAVTPalette16@@@Z
1,0xbeefc,??1?$_Vector_base@USign@@V?$allocator@USign@@@std@@@std@@QAA@XZ
1,0xbf9f8,?erase@?$vector@Vtown@@V?$allocator@Vtown@@@std@@@std@@QAAPAVtown@@PAV3@0@Z
1,0xe9c08,?copy@std@@YAPAULODEntry@@PAU2@00@Z
1,0xe7688,??1?$_Vector_base@UTObstacle@combatManager@@V?$allocator@UTObstacle@combatManager@@@std@@@std@@QAA@XZ
2,0x49bc,??_7TMultiPlayerWindow@@6B@
3,0x1a8c0,??_C@_0N@NGNI@Frosting?4wav?$AA@
3,0x1d870,??_C@_07FLGC@TOSOgr2?$AA@
1,0x280e4,??1?$deque@W4SpellID@@V?$allocator@W4SpellID@@@std@@$0A@@std@@QAA@XZ
1,0xc1ae8,?load_vector@@YA_NPAXAAV?$vector@Utype_university@@V?$allocator@Utype_university@@@std@@@std@@@Z
1,0xefbb8,?readScholarData@NewfullMap@@QAAHPAXPAVCObject@@@Z
1,0x12f9c8,?BackupGameHeaders@@YAXPAVgame@@0@Z
3,0x1dce0,??_C@_08PBJE@TBRmmark?$AA@
3,0xf34,?gbGoSoloTest@@3_NA
1,0xbea94,??1?$_Vector_base@Utype_point@@V?$allocator@Utype_point@@@std@@@std@@QAA@XZ
1,0xd96e4,?zBufferDraw@iconWidget@@UBAXPAGH@Z
2,0x88c0,_GUID_ChordParam
1,0x120480,?allocate@?$_STL_alloc_proxy@PAPAPAVCNetMsg@@PAPAV1@V?$allocator@PAVCNetMsg@@@std@@@std@@QAAPAPAPAVCNetMsg@@I@Z
1,0x28dfc,?__uninitialized_copy@std@@YAPAPAVarmy@@PAPAV2@000@Z
1,0x388fc,?push_back@?$vector@Utype_creature_value@@V?$allocator@Utype_creature_value@@@std@@@std@@QAAXABUtype_creature_value@@@Z
1,0x179024,??1TBuyBuildWindow@@UAA@XZ
1,0x216c0,?__destroy_aux@std@@YAXPAUtype_dialog_resource@@U__false_type@@@Z
1,0xd4ed0,?GetHighestSchool@hero@@QBA?AW4TSpellSchool@@W42@@Z
3,0x137b0,?giThisGamePos@@3HA
1,0x3aa20,?__unguarded_partition@std@@YAPAUtype_creature_value@@PAU2@0U2@U?$greater@Utype_creature_value@@@1@@Z
1,0x50e04,??0Bitmap16Bit@@QAA@PBD0@Z
3,0x38a8,??_C@_0M@CBFP@FMAB_co?4pcx?$AA@
3,0x38f0,??_C@_0M@JBLI@FMAD_co?4pcx?$AA@
1,0xd641c,??0THillFortWindow@@QAA@XZ
1,0xd7acc,??0highScoreManager@@QAA@XZ
1,0xf9ab8,?copy@std@@YAPAUTownExtra@@PAU2@00@Z
1,0x14aca0,?LoadSoundHeaders@@YA_NXZ
1,0x162934,?GetSpreadsheet@TSpreadsheetResource@@QBAPBDHH@Z
3,0x1d3b4,??_C@_08ICHD@TOimp2ha?$AA@
1,0x3b7ac,?__pop_heap@std@@YAXPAUtype_creature_value@@00U2@PAH@Z
1,0x526e8,??0Bitmap24Bit@@QAA@PBD0@Z
1,0x6335c,?damage_message@combatManager@@QAAXPBDJJPBVarmy@@J@Z
1,0x6cc80,?InitMouse@combatManager@@QAAX_N@Z
1,0x10196c,?OnSearch@TMultiPlayerWindow@@QAA_NXZ
3,0x1b348,??_C@_0N@KLI@HallInfo?4txt?$AA@
3,0x1d084,??_C@_07IADA@TOrmag5?$AA@
1,0xd58cc,?obscures_town@type_obscuring_object@@QBA_NXZ
2,0x3418,??_7CHighScoreEdit@@6B@
3,0x33db4,?ArrayText@@3PBVTTextResource@@B
1,0x19194,?BVMessage@advManager@@QAAXPBD@Z
1,0x384e4,??1type_duration_artifact@@UAA@XZ
2,0x8120,_IID_IDirectSoundNotify
1,0x443b4,?SetMorale@army@@QAAXPBVhero@@PBVarmyGroup@@PBVtown@@01_N@Z
1,0x6a8c0,?deallocate@?$allocator@PAV?$basic_string@DU?$char_traits@D@std@@V?$allocator@D@2@@std@@@std@@SAXPAPAV?$basic_string@DU?$char_traits@D@std@@V?$allocator@D@2@@2@I@Z
1,0x570a4,??0button@@QAA@XZ
1,0xa707c,?GetHeroId@game@@QAAHUtype_point@@@Z
3,0x1aa8c,??_C@_0N@CFGD@Tailwind?4wav?$AA@
1,0x2a694,?get_next_chain_lightning_target@type_AI_combat_data@@IBAJJABV1@JJ@Z
1,0xc7840,?iterator_category@std@@YA?AUrandom_access_iterator_tag@1@PBVgenerator@@@Z
1,0x2b380,?inflict_catagory_damage@type_AI_combat_data@@IAAJJW4type_speed_catagory@@@Z
1,0xfa338,?allocate@?$allocator@UTObjectCell@NewmapCell@@@std@@QBAPAUTObjectCell@NewmapCell@@IPBX@Z
3,0x1d26c,??_C@_07JPEK@TOTGldL?$AA@
2,0x83b0,_DPSPGUID_SERIAL
1,0x2d19c,?iter_swap@std@@YAXPAUtype_monster_data@@0@Z
1,0x571ec,??1button@@UAA@XZ
1,0x7eeec,?ReadDirectInputDevices@@YAXXZ
1,0x867bc,?CycleCombatScreen@combatManager@@QAAXXZ
2,0x47d8,??_7VideomodeChoice@@6B@
1,0x167c3c,?give_event_reward@town@@QAAXABVTTownEvent@@@Z
1,0x449c,?iterator_category@std@@YA?AUrandom_access_iterator_tag@1@PBH@Z
1,0x3dabc,?get_group_damage_value@type_AI_spellcaster@@IBAJW4SpellID@@JJPAVhero@@@Z
1,0x16865c,?can_ever_build@town@@QBA_NF@Z
1,0xccf68,?ApplyBattleLossTemps@hero@@QAAXXZ
1,0x4d840,?__copy@std@@YAPAPAW4SpellID@@PAPAW42@00Urandom_access_iterator_tag@1@PAH@Z
1,0x4fab4,?get_luck_description@armyGroup@@QBA?AV?$basic_string@DU?$char_traits@D@std@@V?$allocator@D@2@@std@@HPBVhero@@PBVtown@@0PBV1@_N@Z
3,0x3980,??_C@_0M@PAHG@FMAH_co?4pcx?$AA@
2,0x34cc,??_7iconWidget@@6B@
1,0xf506c,??1?$allocator@UTObjectCell@NewmapCell@@@std@@QAA@XZ
1,0x164158,??1?$_STL_alloc_proxy@PAPADPADV?$allocator@PAD@std@@@std@@QAA@XZ
1,0x3aea4,?__uninitialized_fill_n_aux@std@@YAPAUHeroDestination@@PAU2@IABU2@U__false_type@@@Z
3,0x3a58,??_C@_0M@EAJB@FMAN_co?4pcx?$AA@
3,0x39c8,??_C@_0M@GACL@FMAJ_co?4pcx?$AA@
3,0x3a10,??_C@_0M@NAMM@FMAL_co?4pcx?$AA@
1,0xa5d10,?NextHero@playerData@@QAAHXZ
1,0xbe11c,?size@?$vector@Vgenerator@@V?$allocator@Vgenerator@@@std@@@std@@QBAIXZ
1,0x123bb4,?Switch@ResolutionSwitch@@QAAXXZ
1,0x29644,?__copy_backward@std@@YAPAPAVarmy@@PAPAV2@00Urandom_access_iterator_tag@1@PAH@Z
1,0x9d758,?construct@std@@YAXPAV?$basic_string@DU?$char_traits@D@std@@V?$allocator@D@2@@1@ABV21@@Z
3,0x1ab8c,??_C@_0N@PMGE@Deathstr?4wav?$AA@
2,0x7cd0,_CLSID_CDirect3DRMFace
2,0x7cb0,_CLSID_CDirect3DRMMesh
1,0x14b698,?LoadPlaySample@@YA?AUSAMPLE2@@PBD@Z
3,0x16d10,??_C@_0L@FBCJ@AltArt?4def?$AA@
1,0x147650,?GetProductVersion@TFileVersionInfo@@QBA_NPAV?$basic_string@DU?$char_traits@D@std@@V?$allocator@D@2@@std@@@Z
3,0x1b3bc,??_C@_08DJPG@New?5Game?$AA@
3,0x31a28,?LODPath@ResourceManager@@3V?$basic_string@DU?$char_traits@D@std@@V?$allocator@D@2@@std@@A
2,0x89e0,_GUID_EnableTempo
1,0x546d0,?zBufferDraw@coloredBorderFrame@@UBAXPAGH@Z
1,0x8bab0,?AddAddressEnum@CDPlayLobby@@MAA_NPBU_GUID@@KPBX@Z
1,0x1238f0,?__destroy_aux@std@@YAXPAU?$pair@$$CBVTCacheMapKey@ResourceManager@@PAVresource@@@1@U__false_type@@@Z
1,0x20a18,?end@?$vector@Utype_dialog_resource@@V?$allocator@Utype_dialog_resource@@@std@@@std@@QAAPAUtype_dialog_resource@@XZ
1,0xfc4b0,?__copy_backward@std@@YAPAPAVCSprite@@PAPAV2@00Urandom_access_iterator_tag@1@PAH@Z
2,0x7b80,_IID_IDirect3DRefDevice
1,0x27fa0,?GetObstacle@combatManager@@QAAAAUTObstacle@1@H@Z
3,0x1b158,??_C@_0N@EKHO@TradeSlX?4pcx?$AA@
1,0x26140,?choose_resurrect_action@combatManager@@AAA_NPBVarmy@@AAJAAVtype_AI_combat_parameters@@@Z
1,0xa0630,?mark_teleport@searchArray@@QAAXPBVarmy@@J@Z
1,0xc25ac,?construct@std@@YAXPAUtype_creature_bank@@ABU2@@Z
1,0x3d6f0,??0type_AI_spellcaster@@QAA@PAV0@PAVcombatManager@@J_N@Z
3,0x1d544,??_C@_08LCAK@TONSkelT?$AA@
1,0xf5064,??0?$allocator@UTObjectCell@NewmapCell@@@std@@QAA@XZ
3,0x66fc,??_C@_0N@HBE@SgFrMoat?4pcx?$AA@
1,0x6be24,?MoveToValidHex@combatManager@@QAAHHH@Z
3,0x1b5d8,??_C@_0M@LJMP@gMonthNames?$AA@
1,0x4c084,?cast_demonic_resurrect@army@@QAAXJ@Z
3,0x1e3c4,??_C@_08IIDO@TBNcext5?$AA@
1,0x3b00c,?__uninitialized_copy_aux@std@@YAPAUpathCell@@PAU2@00U__false_type@@@Z
1,0x76988,?DrawTile@CSpriteFrame@@QBAXHHHHPAGHHHHHAAVTPalette16@@_N2@Z
1,0x18f48,?UpdBottomViewEnemyTurn@advManager@@AAA_N_N@Z
3,0x65c4,??_C@_0M@NCIO@SgStWa5?4pcx?$AA@
1,0x18f7e4,?WindowHandler@type_university_window@@MAAHAAUmessage@@@Z
1,0x1972e0,?Close@heroWindow@@UAAX_N@Z
1,0x19ca88,_PostQuitMessage
1,0xc4e40,?uninitialized_copy@std@@YAPAUtype_creature_bank@@PAU2@00@Z
1,0x10f404,?get_damage_spell_value@type_spellvalue@@IBAJW4SpellID@@W4TSkillMastery@@JJ@Z
3,0x1e16c,??_C@_08BECB@TBInext2?$AA@
1,0x939bc,?do_event_hero@advManager@@AAAXPAVhero@@PAVNewmapCell@@Utype_point@@_N@Z
3,0x1654c,??_C@_03OAM@tow?$AA@
1,0x173ce0,?DoBlacksmith@@YAXHH@Z
1,0x9ce40,??0CTurnDurationPause@@QAA@XZ
1,0x9ceb0,??1CTurnDurationPause@@QAA@XZ
1,0x14d5c4,?_M_insert_overflow@?$vector@VTSpellbookEntry@TSpellbookWindow@@V?$allocator@VTSpellbookEntry@TSpellbookWindow@@@std@@@std@@IAAXPAVTSpellbookEntry@TSpellbookWindow@@ABV34@I@Z
3,0x1e0b8,??_C@_08EJFB@TBIncas2?$AA@
1,0x2d434,?__iter_swap@std@@YAXPAUtype_monster_data@@00@Z
1,0x8ed54,??_Etype_record_teleport@@UAAPAXI@Z
1,0x8ed54,??_Gtype_record_teleport@@UAAPAXI@Z
1,0x11a30c,?Main@recruitUnit@@UAAHAAUmessage@@@Z
1,0x140d74,?SendPlayerPositions@TSingleSelectionWindow@@QAA_NK@Z
1,0x14d388,?NextPage@TSpellbookWindow@@QAAXXZ
1,0xc49b0,?uninitialized_fill_n@std@@YAPAVboat@@PAV2@IABV2@@Z
2,0x7f20,_IID_IDirect3DRMAnimation
2,0x7f30,_IID_IDirect3DRMAnimation2
3,0x101c,??_C@_0O@GIOH@ajpvtbgorggre?$AA@
3,0x639c,??_C@_0N@CJDL@SgDnDrw1?4pcx?$AA@
1,0xc00a8,?deallocate@?$allocator@USign@@@std@@SAXPAUSign@@I@Z
1,0xc00d4,?deallocate@?$allocator@Vmine@@@std@@SAXPAVmine@@I@Z
1,0x12d6d8,?GetRewardExtra@TSeerHut@@AAAHPBVhero@@@Z
3,0x1d444,??_C@_08KAJN@TOigog2a?$AA@
2,0x86a0,_GUID_DMUS_PROP_MemorySize
1,0x15edf8,?IsLeftHero@swapManager@@QAA_NXZ
3,0x66bc,??_C@_0N@EJBG@SgFrDrw3?4pcx?$AA@
1,0x65298,?DisableAllButtons@TCombatControlSubWindow@@UAAXXZ
3,0x32640,?ArtifactGoldResource@@3PAHA
3,0x6d60,??_C@_0N@MNJC@CmNumWin?4pcx?$AA@
1,0x72944,?DrawAdvObjWithFlagAlpha@CSprite@@QBAXHHHHHPAGHHHHHG_N@Z
1,0xc638c,?__destroy@std@@YAXPAPAVCSprite@@00@Z
1,0x11f070,?IsOn@CTurnDuration@@QAA_NXZ
3,0x637c,??_C@_0N@GJHB@SgDnDrw3?4pcx?$AA@
3,0x64e4,??_C@_0N@NICG@SgDnMan1?4pcx?$AA@
1,0xc0020,?deallocate@?$allocator@UTownExtra@@@std@@SAXPAUTownExtra@@I@Z
3,0x15ad8,??_C@_02KAGJ@?$CL0?$AA@
3,0x1ab24,??_C@_0N@EJFI@Removeob?4wav?$AA@
1,0x16b9e4,?ChangeTown@townManager@@QAAX_N@Z
1,0x200e8,?clear_path@searchArray@@QAAXXZ
3,0x6108,??_C@_0N@CJPK@SgInArch?4pcx?$AA@
3,0x5d4c,??_C@_0N@ODCI@SgRmMlip?4pcx?$AA@
1,0x8ce74,??0type_record_hide_boat@@QAA@PAVboat@@@Z
1,0x8f3f4,??A?$vector@Utype_shroud_change@type_record_shroud@@V?$allocator@Utype_shroud_change@type_record_shroud@@@std@@@std@@QAAAAUtype_shroud_change@type_record_shroud@@I@Z
1,0x114ba8,?set_value_of_power@hero@@QAAXJ@Z
3,0x1af84,??_C@_0N@LEPK@sptraits?4txt?$AA@
1,0x30a70,?do_resource_trade@type_AI_player@@IAAXQAH@Z
1,0x301c4,?get_total_value@type_AI_player@@IAAJJQAH@Z
3,0x37e8,?aCampaignMapTraitsImp@?%E:\gamedcs\campaignmap.cpp64671830@@3PAUTCampaignMapTraits@@A
3,0xcfe4,?gSpecialBuildingBaseResourceValues@@3PAHA
2,0x7fd0,_IID_IDirect3DRMFaceArray
3,0x6814,??_C@_0N@BICO@SgFrMan2?4pcx?$AA@
2,0x5e18,??_7TSubWindow@@6B@
1,0x1a3b0,?DeactivateCurrTown@advManager@@QAAX_N@Z
1,0xc9490,??1TGameTypeWindow@@UAA@XZ
2,0x7890,_IID_IDirectDraw
3,0x60dc,??_C@_0M@DDBN@SgInWa5?4pcx?$AA@
3,0x64d4,??_C@_0N@DIEJ@SgDnMan2?4pcx?$AA@
3,0x638c,??_C@_0N@MJFE@SgDnDrw2?4pcx?$AA@
1,0xf49a4,??0NewmapCell@@QAA@XZ
3,0x1a9ec,??_C@_09ICCD@Bless?4wav?$AA@
3,0x1c,__imp__memmove
1,0xdd438,?CheckLeft@inputManager@@QAAHHHHHH_N@Z
3,0x166d4,??_C@_0N@OGIH@CrBkgNec?4pcx?$AA@
3,0x66cc,??_C@_0N@OJDD@SgFrDrw2?4pcx?$AA@
1,0x13006c,?numberComp@@YAHHH@Z
1,0x19a42c,?InitGraphics@@YAXXZ
3,0x68,__imp___divi64
3,0x3240,??_C@_0N@GLCO@scnrmpsz?4def?$AA@
1,0x20458,?size@?$vector@UTObjectCell@NewmapCell@@V?$allocator@UTObjectCell@NewmapCell@@@std@@@std@@QBAIXZ
3,0x6e30,??_C@_0N@PLEG@CmBkDeck?4pcx?$AA@
1,0x166c08,?create_building@town@@QAA?AW4type_building_id@@W42@@Z
1,0x1851a4,??1TBuyArtifactWindow@@UAA@XZ
1,0x3a19c,?uninitialized_copy@std@@YAPAUpathCell@@PAU2@00@Z
1,0xbc0c0,?get_puzzle_origin@game@@QBA?AUtype_point@@XZ
1,0xc5728,?value_type@std@@YAPAUtype_creature_bank@@PBU2@@Z
1,0xf5a80,??0?$bitset@$0EG@K@std@@QAA@XZ
1,0xfb674,?distance_type@std@@YAPAHPBVBlackBoxData@@@Z
1,0x1431bc,?HasMultipleTowns@TSingleSelectionWindow@@QAA_NH@Z
3,0x17e34,??_C@_0N@CJAI@SpelTrnL?4pcx?$AA@
1,0x211dc,?__destroy@std@@YAXPAUtype_dialog_resource@@00@Z
1,0xbbee4,?IsHuman@game@@QBA_NH@Z
1,0x13b104,?DoModal@TSingleSelectionWindow@@UAAX_N@Z
1,0x89c6c,?Clear@?$tree@K@@QAAX_N@Z
1,0x18c9ec,?_tr_init@@YAXPAUinternal_state@@@Z
1,0x14332c,?CanChooseHero@TSingleSelectionWindow@@QAA_NH@Z
1,0xdffe4,?LostGame@@YAXXZ
2,0x8630,_GUID_DMUS_PROP_INSTRUMENT2
1,0x3a71c,?value_type@std@@YAPAPAVtype_artifact_effect@@PBQAV2@@Z
3,0x6824,??_C@_0N@PIEB@SgFrMan1?4pcx?$AA@
1,0x8019c,_SmackSoundUseMSS
1,0x9ed40,?is_valid@type_point@@QBA_NXZ
3,0x3bf0,??_C@_0M@DPCH@FMAZ_en?4pcx?$AA@
3,0x3ba8,??_C@_0M@KPHK@FMAX_en?4pcx?$AA@
1,0x71584,?deallocate@?$_STL_alloc_proxy@PAW4TArtifact@@W41@V?$allocator@W4TArtifact@@@std@@@std@@QAAXPAW4TArtifact@@I@Z
1,0xdc01c,?inflate_trees_fixed@@YAHPAI0PAPAUinflate_huft_s@@1PAUz_stream_s@@@Z
3,0x13abc,??_C@_0M@IKIM@secsk82?4def?$AA@
1,0x37514,?AI_get_value_of_artifact@@YAJABUtype_artifact@@J@Z
1,0x15627c,?SummonElemental@combatManager@@QAAXW4SpellID@@W4TCreatureType@@HH@Z
1,0xe3558,?DisplayLCWinLoss@@YA_NAAULossConditionStruct@@AAH1_N@Z
1,0xfb41c,?__copy@std@@YAPAVCObjectType@@PAV2@00Urandom_access_iterator_tag@1@PAH@Z
1,0x8fefc,?__uninitialized_copy_aux@std@@YAPAUtype_shroud_change@type_record_shroud@@PAU23@00U__false_type@@@Z
3,0x137d0,?progDots@@3PAVCSprite@@A
1,0xf4bdc,??1NewmapCell@@QAA@XZ
1,0x56c14,?animate@TBottomViewEnemyTurn@@UAAXXZ
3,0xa458,??_C@_0L@EPNI@cltita?4def?$AA@
3,0xb3d4,??_C@_0BF@EHJ@Cannot?5create?5server?$AA@
1,0x8b864,?SendLobbyMsg@CDPlayLobby@@QAA_NKPAXK@Z
1,0x11ba80,?DestroyMsgQueue@CDPlayHeroes@@QAAXXZ
3,0x31a38,?RedBits@ResourceManager@@3HA
1,0x54d20,?OnKillFocus@widget@@UAAXXZ
3,0x5d6c,??_C@_0N@OOCG@SgRmTw22?4pcx?$AA@
3,0x15968,??_C@_0N@MCND@cradvntr?4DEF?$AA@
1,0x198130,?SetWinText@@YAXPAVheroWindow@@H@Z
1,0x14d32c,?SetSchool@TSpellbookWindow@@QAAXW4TSpellSchool@@@Z
3,0x1fbc4,??_C@_0BE@PHHK@DDERR_NOTPAGELOCKED?$AA@
1,0x70b40,?SaveFizzleSourceX@heroWindowManager@@QAAXABUSLimitData@@@Z
1,0x74548,??_ECSprite@@UAAPAXI@Z
1,0x74548,??_GCSprite@@UAAPAXI@Z
1,0x9c780,?GetArtifactDefender@ExtraInfoUnion@@QBA?AW4TCreatureType@@XZ
1,0x5b53c,?HideText@TCampaignWindow@@QAAXXZ
3,0x693c,??_C@_0M@OFMI@ObRgL05?4pcx?$AA@
1,0x8bf44,??_ECDPlay@@UAAPAXI@Z
1,0x8bf44,??_GCDPlay@@UAAPAXI@Z
2,0x5584,??_7type_transformer_slot@@6B@
1,0x39b4,?deallocate@?$_STL_alloc_proxy@PADDV?$allocator@D@std@@@std@@QAAXPADI@Z
1,0x41b0,?deallocate@?$_STL_alloc_proxy@PAHHV?$allocator@H@std@@@std@@QAAXPAHI@Z
1,0x28518,?deallocate@?$_STL_alloc_proxy@PAJJV?$allocator@J@std@@@std@@QAAXPAJI@Z
1,0xd45d8,?GetArcheryFactor@hero@@QBAMXZ
1,0x71f0c,?set@TAutoStrPtr@?%E:\gamedcs\creaturetype.cpp576214307@@QAAXPAD@Z
1,0x89d8c,?AddItem@?$tree@Vds_memsample@@@@QAAXPBDPAVds_memsample@@@Z
3,0xb8f4,?gResourceSpriteFilenames@@3PAPBDA
1,0x4a2e8,?DecrementSpellRounds@army@@QAAXXZ
1,0x9e1b4,?pop_heap@std@@YAXPAW4SpellID@@0Vspell_level_order@@@Z
3,0xdd94,??_C@_02PFEH@?$CL2?$AA@
3,0xac50,??_C@_0M@HCHP@cs_attack_r?$AA@
3,0xcc50,?gfSSArcheryMod@@3PAMA
2,0x7d90,_CLSID_CDirect3DRMLightInterpolator
1,0x2c690,?get_aggression@hero@@QBAMXZ
1,0x38594,??_Etype_antimorale_artifact@@UAAPAXI@Z
1,0x38594,??_Gtype_antimorale_artifact@@UAAPAXI@Z
1,0x444a8,?DrawToBuffer@army@@QAAXHHH@Z
1,0x11fbf0,?AllPlayersReady@CWaitForReadyPlayersDlg@@QAA_NXZ
1,0x147d44,??0CHeaderConfirmMsg@@QAA@XZ
1,0x14ac58,?VideoNeedsUpdate@@YA_NXZ
1,0x69638,?CheckCombatCheatCode@@YAXAAV?$basic_string@DU?$char_traits@D@std@@V?$allocator@D@2@@std@@@Z
3,0x11fa4,??_C@_0M@OEBD@aphlf4g?4def?$AA@
1,0x42f08,??0?$_Deque_base@W4SpellID@@V?$allocator@W4SpellID@@@std@@$0A@@std@@QAA@ABV?$allocator@W4SpellID@@@1@I@Z
3,0x5f34,??_C@_0M@EFAF@SgTwWa5?4pcx?$AA@
3,0x6284,??_C@_0M@FFAF@SgNcWa5?4pcx?$AA@
2,0x2914,??_7type_record_hide_boat@@6B@
3,0x33988,?gArmySizeNames@@3PAY02PBDA
1,0x2e10,?set_hotkey@button@@QAAXH@Z
1,0x28564,?deallocate@?$allocator@W4SpellID@@@std@@SAXPAW4SpellID@@I@Z
1,0x8f5d4,?begin@?$vector@Utype_shroud_change@type_record_shroud@@V?$allocator@Utype_shroud_change@type_record_shroud@@@std@@@std@@QAAPAUtype_shroud_change@type_record_shroud@@XZ
3,0xcc18,?gbBothMachinesWin95@@3HA
1,0xfd1b0,?__uninitialized_fill_n_aux@std@@YAPAUTownExtra@@PAU2@IABU2@U__false_type@@@Z
1,0x10ba3c,??0TPalette24@@QAA@ABV0@@Z
1,0x1021ac,?SetFocus@CMPEdit@@UAAX_N@Z
1,0xb5094,?SetRandomHeroArmies@game@@QAAXHH_N@Z
3,0x1b3fc,??_C@_0BF@IKJH@Adventure?5Map?5Window?$AA@
1,0x9caa0,??0CCombatInitMsg@@QAA@XZ
1,0xfce30,?__uninitialized_copy_aux@std@@YAPAVTreasureData@@PAV2@00U__false_type@@@Z
1,0x12d3fc,?DoProposalDialog@TSeerHut@@AAAXPAVhero@@_N@Z
3,0x1cd0c,??_C@_09NLAM@PRRed?4pcx?$AA@
3,0x1f284,?lpFrontBufferpPrim@@3PAUIDirectDrawSurface4@@A
1,0x40c0,?size@?$basic_string@DU?$char_traits@D@std@@V?$allocator@D@2@@std@@QBAIXZ
1,0xf560c,??0?$vector@VBlackBoxData@@V?$allocator@VBlackBoxData@@@std@@@std@@QAA@ABV?$allocator@VBlackBoxData@@@1@@Z
1,0x19c674,_memcmp
1,0x19c6e0,_memcpy
1,0x19c6f8,_memset
1,0x19c848,_fabs
1,0x203f0,??Breference@?$bitset@$0DA@K@std@@QBA_NXZ
1,0x9d560,?swap@std@@YAXAAPAVhero@@0@Z
1,0x168e2c,??Breference@?$bitset@$0EG@K@std@@QBA_NXZ
1,0x16c6a8,?SetArmyCommand@townManager@@QAAXH_N@Z
2,0x85c0,_GUID_DMUS_PROP_GM_Hardware
2,0x85d0,_GUID_DMUS_PROP_GS_Hardware
3,0x244,___xc_a
3,0xf14,___xc_z
1,0x19c6c8,_strcpy
1,0x19c704,_strcat
1,0x19c980,_strcmp
1,0x19c98c,_strstr
1,0x19cbe4,_strchr
2,0x25dc,_GUID_Heroes3
1,0x11c8d0,?UpdateWidgetText@CChatManager@@IAAXHPAVtextWidget@@@Z
1,0x164f7c,?zBufferDraw@textWidget@@UBAXPAGH@Z
2,0x8700,_CLSID_DirectMusicSegment
2,0x7b50,_IID_IDirect3DRGBDevice
1,0x128a38,??0?$vector@PAVsample@@V?$allocator@PAVsample@@@std@@@std@@QAA@ABV?$allocator@PAVsample@@@1@@Z
1,0x5eca8,?GenerateMap@combatManager@@QAAXXZ
1,0x89ad0,??_Gds_streamsample@@QAAPAXI@Z
1,0x9d190,??A?$vector@UTBlackMarket@@V?$allocator@UTBlackMarket@@@std@@@std@@QAAAAUTBlackMarket@@I@Z
1,0xc7a98,??4type_creature_bank@@QAAAAU0@ABU0@@Z
3,0x1b048,??_C@_0M@BHPH@c20spx1?4def?$AA@
3,0x3826c,___onexitbegin
2,0x8290,_GUID_SysMouse
3,0x3b30,??_C@_0M@BDFB@FMAT_co?4pcx?$AA@
3,0x3aa0,??_C@_0M@DDOL@FMAP_co?4pcx?$AA@
3,0x3b78,??_C@_0M@IDAM@FMAV_co?4pcx?$AA@
3,0x3ae8,??_C@_0M@KDLG@FMAR_co?4pcx?$AA@
1,0xf696c,?end@?$vector@VMonsterData@@V?$allocator@VMonsterData@@@std@@@std@@QAAPAVMonsterData@@XZ
2,0x48f4,??_7?$CAutoArray@VCDPlaySession@@@@6B@
1,0x1dde4,?ComputeAdvNetControl@@YAXXZ
1,0xbdacc,??A?$vector@VTTimedEvent@@V?$allocator@VTTimedEvent@@@std@@@std@@QAAAAVTTimedEvent@@I@Z
3,0x1d62c,??_C@_07HMBN@TODcas3?$AA@
2,0x2250,??_7TCombatCreatureSubWindow@@6B@
3,0xa764,??_C@_0L@OHPC@cminok?4def?$AA@
1,0xbdee4,??0?$vector@Vtown@@V?$allocator@Vtown@@@std@@@std@@QAA@ABV?$allocator@Vtown@@@1@@Z
2,0xd44,??_7coloredBorder@@6B@
1,0x29298,?__linear_insert@std@@YAXPAPAVarmy@@0PAV2@Vfunc_moves_before@@@Z
3,0xb160,?MousePos_X@@3HA
3,0xb164,?MousePos_Y@@3HA
1,0xddd08,?GetCurrQuals@inputManager@@QAAHXZ
1,0x13b9fc,?UpdateAllyEnemyFlags@TSingleSelectionWindow@@QAAX_N@Z
1,0x14b2c0,?StopSample@soundManager@@QAAXPAVds_memsample@@@Z
3,0x1d214,??_C@_07IFFD@TOTHal2?$AA@
3,0x13dd4,??_C@_0CC@JMGB@LOD?5File?3?5Not?5a?5valid?5error?5code@
2,0x49a0,??_7CHeroSessions@@6B@
1,0x10b904,??0TPalette24@@QAA@PBE@Z
1,0x3414,??_ECAdventurMapChatEdit@@UAAPAXI@Z
1,0x3414,??_GCAdventurMapChatEdit@@UAAPAXI@Z
1,0x800ec,?itoa@@YAPADHPADH@Z
1,0x15c320,??1TSwapWindow@@UAA@XZ
1,0xc0a24,?_M_fill_insert@?$vector@Vtown@@V?$allocator@Vtown@@@std@@@std@@QAAXPAVtown@@IABV3@@Z
3,0x13744,??_C@_01PAOO@B?$AA@
1,0x54c2c,?GetRealWidth@bitmapBorder16@@UBAHXZ
3,0x13e80,??_C@_01PLFL@5?$AA@
1,0x38000,?get_cell@game@@QAAPAVNewmapCell@@Utype_point@@@Z
1,0x53820,??_EBitmap8Bit@@UAAPAXI@Z
1,0x53820,??_GBitmap8Bit@@UAAPAXI@Z
2,0x775c,??_7TViewWorldWindow@@6B@
1,0xb635c,?ShowComputerScreen@game@@QAAXXZ
3,0x13714,??_C@_01PDAJ@S?$AA@
1,0x1ff98,?GetCurrTownId@game@@QAAHXZ
3,0x6a50,??_C@_0M@POCP@ObDtS04?4def?$AA@
1,0xbfb68,?insert@?$vector@Vmine@@V?$allocator@Vmine@@@std@@@std@@QAAXPAVmine@@IABV3@@Z
1,0xfa740,?uninitialized_fill_n@std@@YAPAUSecondarySkillData@@PAU2@IABU2@@Z
3,0x3118c,?giOverviewItems@@3PAHA
1,0x1204a8,?deallocate@?$_STL_alloc_proxy@PAPAPAVCNetMsg@@PAPAV1@V?$allocator@PAVCNetMsg@@@std@@@std@@QAAXPAPAPAVCNetMsg@@I@Z
1,0x1690b0,??0TTownGateWindow@@QAA@_N@Z
1,0x29380,?fill_n@std@@YAPAJPAJIABJ@Z
3,0x1e5c8,??_C@_08IFHC@TBDnext4?$AA@
1,0x35fc,?begin@?$vector@PAVwidget@@V?$allocator@PAVwidget@@@std@@@std@@QAAPAPAVwidget@@XZ
1,0x9dd44,?__partial_sort@std@@YAXPAW4SpellID@@000Vspell_level_order@@@Z
3,0x13724,??_C@_01PBHI@H?$AA@
1,0x11f7b4,??0CLogFile@@QAA@PAD@Z
1,0x125b3c,?update_slot@type_sacrifice_window@@AAAXW4TArtifactSlot@@@Z
3,0x3890,??_C@_0M@PMLK@FMAB_en?4pcx?$AA@
3,0x13720,??_C@_01PACF@G?$AA@
1,0x102fcc,??0CHeroSessions@@QAA@XZ
1,0x1745e8,??1TShipWindow@@UAA@XZ
3,0x1de0c,??_C@_08CDMA@TBRmup_2?$AA@
2,0x7d60,_CLSID_CDirect3DRMViewportInterpolator
1,0x4eab8,??0armyGroup@@QAA@XZ
3,0x38d8,??_C@_0M@EMFN@FMAD_en?4pcx?$AA@
3,0x3920,??_C@_0M@NMAA@FMAF_en?4pcx?$AA@
1,0x9cc78,??0CSetVisibilityMsg@@QAA@Utype_point@@HH@Z
1,0xeebdc,?saveBlackBox@NewfullMap@@QAAHPAXAAVBlackBoxData@@@Z
3,0x1ae54,??_C@_0M@PJPJ@C17spE2?4def?$AA@
2,0x5f48,??_7textWidget@@6B@
3,0xdd7c,??_C@_0N@MOEG@nwherolv?482m?$AA@
3,0x1374c,??_C@_01PBLD@M?$AA@
1,0x12368c,?destroy@std@@YAXPAU?$pair@$$CBVTCacheMapKey@ResourceManager@@PAVresource@@@1@@Z
1,0x14808c,??0CNewPlayerUpdateProc@@QAA@K@Z
3,0x318c,??_C@_0P@BMFP@CampainMusic06?$AA@
1,0x622bc,?CombatSystemOptions@combatManager@@QAAXXZ
3,0xab00,??_C@_08KKEI@creature?$AA@
1,0xfa0d4,?allocate@?$_STL_alloc_proxy@PAVTreasureData@@V1@V?$allocator@VTreasureData@@@std@@@std@@QAAPAVTreasureData@@I@Z
1,0x9c998,?empty_tomb@ExtraInfoUnion@@QAAXXZ
3,0x13740,??_C@_01PDMC@V?$AA@
3,0x1df98,??_C@_08HMCK@TBTwext4?$AA@
3,0x2b14,??_C@_0L@PEKH@pmagex?4def?$AA@
3,0x317c,??_C@_0P@BMJE@CampainMusic03?$AA@
1,0x6aaa8,?allocate@?$allocator@PAV?$basic_string@DU?$char_traits@D@std@@V?$allocator@D@2@@std@@@std@@QBAPAPAV?$basic_string@DU?$char_traits@D@std@@V?$allocator@D@2@@2@IPBX@Z
3,0x16720,??_C@_01PLJA@0?$AA@
1,0x21b84,?SummonBoat@advManager@@QAAXW4TSkillMastery@@@Z
1,0x27138,?DoCompAI@combatManager@@QAAXH@Z
3,0x29878,?CombatAreaLimits@combatManager@@2USLimitData@@B
1,0x68364,??0TCombatResultsWindow@@QAA@PBVhero@@0HH_NH@Z
3,0x6c78,??_C@_0N@GMKL@ObBhS11a?4def?$AA@
1,0x64f68,?DisableAllButtons@type_combat_sub_window@@UAAXXZ
1,0x726f4,?DrawCreature@CSprite@@QBAXHHHHHHPAGHHHHH_NG@Z
1,0xc235c,?destroy@std@@YAXPAUSign@@0@Z
1,0x188f00,?SetWidgetDisabled@TSellArtifactWindow@@AAAXF@Z
1,0x188f88,?SetWidgetDisabled@TSellCreatureWindow@@AAAXF@Z
3,0x6b70,??_C@_0M@ENCG@ObSwS04?4def?$AA@
1,0x102c28,??1CHotSeatDlg@@UAA@XZ
2,0x48ac,??_7mouseManager@@6B@
1,0x21148,?_M_assign_dispatch@?$basic_string@DU?$char_traits@D@std@@V?$allocator@D@2@@std@@AAAAAV12@PAD0U__false_type@@@Z
1,0x31924,?dump_extra_creature@type_AI_creature_swapper@@IAAXXZ
1,0xc3d44,?uninitialized_fill_n@std@@YAPAUtype_point@@PAU2@IABU2@@Z
1,0x16429c,?allocate@?$_STL_alloc_proxy@PAPAV?$vector@PADV?$allocator@PAD@std@@@std@@PAV12@V?$allocator@PAV?$vector@PADV?$allocator@PAD@std@@@std@@@2@@std@@QAAPAPAV?$vector@PADV?$allocator@PAD@std@@@2@I@Z
3,0x1e79c,??_C@_08ILFH@TBStext2?$AA@
1,0x2429c,?choose_cyclops_action@combatManager@@QAA_NJJAAVtype_AI_combat_parameters@@@Z
1,0x56ef0,??1TBottomViewResourceMessage@@UAA@XZ
1,0x611a0,?is_adjacent@combatManager@@QBA_NHH@Z
1,0xea030,?__uninitialized_fill_n_aux@std@@YAPAULODEntry@@PAU2@IABU2@U__false_type@@@Z
3,0x1ae48,??_C@_0M@PHAP@C09spF3?4def?$AA@
3,0x1d744,??_C@_08LJAL@TODdra2a?$AA@
3,0x13710,??_C@_01PFH@A?$AA@
1,0x128d9c,?deallocate@?$allocator@PAVtextWidget@@@std@@SAXPAPAVtextWidget@@I@Z
3,0x1e6e8,??_C@_08NGCH@TBStcas2?$AA@
1,0x1f268,?Draw@CSprite@@QBAXHHHHHHPAVBitmap16Bit@@HH_N1@Z
3,0x11190,??_C@_0N@JJB@HPL020Rn?4PCX?$AA@
1,0x50b00,??0Bitmap16Bit@@QAA@HH@Z
1,0xc3304,?allocate@?$allocator@PAVCSprite@@@std@@QBAPAPAVCSprite@@IPBX@Z
3,0x33c0c,?gResourceNames@@3PAPBDA
1,0xbf348,??0?$_Vector_base@Utype_university@@V?$allocator@Utype_university@@@std@@@std@@QAA@ABV?$allocator@Utype_university@@@1@@Z
1,0xc635c,?__uninitialized_fill_n@std@@YAPAPAVCSprite@@PAPAV2@IABQAV2@0@Z
3,0x136f8,??_C@_01PCJP@Y?$AA@
1,0x14def4,?copy_backward@std@@YAPAVTSpellbookEntry@TSpellbookWindow@@PAV23@00@Z
1,0x19c62c,?zcfree@@YAXPAX0@Z
1,0x2a470,?check_wall_archery_penalty@type_AI_combat_data@@IAAXPBVtown@@@Z
1,0x9d0a4,?erase@?$vector@UTObjectCell@NewmapCell@@V?$allocator@UTObjectCell@NewmapCell@@@std@@@std@@QAAPAUTObjectCell@NewmapCell@@PAU34@@Z
1,0x2d6fc,?pop_heap@std@@YAXPAUtype_monster_data@@0@Z
1,0x61e60,?ShootMissile@combatManager@@QAAXHHHHPBMPBVCSprite@@@Z
3,0x11df0,??_C@_0N@DAFP@HPL119Bs?4PCX?$AA@
3,0x11000,??_C@_0N@EPPA@HPS008Cl?4PCX?$AA@
3,0x11360,??_C@_0N@FMKN@HPS035Al?4PCX?$AA@
1,0x1200dc,?GetCount@?$CAutoArray@VCDPlayPlayer@@@@UAAKXZ
3,0x1d810,??_C@_08OPCA@TOSHolya?$AA@
1,0x9d7e0,?allocate@?$allocator@V?$basic_string@DU?$char_traits@D@std@@V?$allocator@D@2@@std@@@std@@QBAPAV?$basic_string@DU?$char_traits@D@std@@V?$allocator@D@2@@2@IPBX@Z
3,0x11eb0,??_C@_0N@FMOF@HPL125Wh?4PCX?$AA@
1,0xfcb2c,?__destroy_aux@std@@YAXPAVTTownEvent@@0U__false_type@@@Z
1,0x120018,?Put@?$CAutoArray@VCDPlayPlayer@@@@UAA_NKPAVCDPlayPlayer@@@Z
1,0x4b8c4,?CanFit@army@@QBAHHHPAH@Z
3,0x11c10,??_C@_0N@FLLP@HPL104Bm?4PCX?$AA@
3,0x1d470,??_C@_07CIKH@TOidvl2?$AA@
1,0x256a0,?mark_enemy_attacks@combatManager@@ABAXPBVarmy@@PAJAAJABVtype_AI_combat_parameters@@@Z
3,0x6a5c,??_C@_0M@GLIP@ObDtS14?4def?$AA@
3,0x6c24,??_C@_0M@HMDD@ObLvS04?4def?$AA@
1,0x70820,?HandleCombatPlayerDrop@combatManager@@QAA_NKAAUmessage@@@Z
3,0x11850,??_C@_0N@FLEK@HPL074Nc?4PCX?$AA@
1,0x14e794,??1TAutoStrPtr@?%E:\gamedcs\spelldefs.cpp1007929134@@QAA@XZ
1,0x3b7f0,?sort_heap@std@@YAXPAUtype_creature_value@@0@Z
1,0xbeb28,??1?$_Vector_base@UTownExtra@@V?$allocator@UTownExtra@@@std@@@std@@QAA@XZ
3,0x16c1c,?SaturatedGraphicsEasterEgg@ResourceManager@@3_NA
1,0x3829c,??_Etype_power_artifact@@UAAPAXI@Z
1,0x3829c,??_Gtype_power_artifact@@UAAPAXI@Z
3,0x114b0,??_C@_0N@GMFF@HPL045Wz?4PCX?$AA@
1,0x123a84,??0?$pair@$$CBVTCacheMapKey@ResourceManager@@PAVresource@@@std@@QAA@ABU01@@Z
3,0x1d380,??_C@_07KCOD@TOihal3?$AA@
3,0xb390,??_C@_07DEII@Timeout?$AA@
3,0x117f0,??_C@_0N@EIOC@HPL071Dk?4PCX?$AA@
3,0x11640,??_C@_0N@GPCB@HPS058Dm?4PCX?$AA@
1,0x4d55c,?find@std@@YAPAPAVarmy@@PAPAV2@0ABQAV2@Uinput_iterator_tag@1@@Z
3,0x3b60,??_C@_0M@FOOJ@FMAV_en?4pcx?$AA@
3,0x3ad0,??_C@_0M@HOFD@FMAR_en?4pcx?$AA@
3,0x3b18,??_C@_0M@MOLE@FMAT_en?4pcx?$AA@
3,0x3a88,??_C@_0M@OOAO@FMAP_en?4pcx?$AA@
1,0xbc59c,??0_Bit_reference@std@@QAA@PAII@Z
1,0x41dc,?_M_getword@?$_Base_bitset@$00K@std@@QAAAAKI@Z
1,0x20b34,?_M_getword@?$_Base_bitset@$01K@std@@QAAAAKI@Z
1,0x56df8,?set_visible@widget@@QAAX_N@Z
1,0xf77c4,?_M_getword@?$_Base_bitset@$02K@std@@QAAAAKI@Z
3,0xadf4,??_C@_0M@NED@chs_victory?$AA@
1,0x11c3a8,?AddChat@CChatManager@@QAAXPBDZZ
3,0x1b0d0,??_C@_0N@FKDL@MagChDrn?4wav?$AA@
1,0x19c614,?zcalloc@@YAPAXPAXII@Z
1,0x191d0,?UpdBottomViewMessage@advManager@@AAA_N_N@Z
1,0x36390,?get_value@type_power_artifact@@UBAJPBVhero@@_N1@Z
3,0x2fb8,?CampaignMP3@@3PAPADA
1,0xd5488,?Fly@hero@@QAAXH@Z
3,0x11d90,??_C@_0N@INBK@HPL116Bs?4PCX?$AA@
3,0x11da0,??_C@_0N@IOPG@HPS117Bs?4PCX?$AA@
3,0x11500,??_C@_0N@LPAL@HPS048Hr?4PCX?$AA@
3,0x11a10,??_C@_0N@CPHP@HPL088Wl?4PCX?$AA@
1,0x147d1c,??0CReqHeaderConfirmMsg@@QAA@XZ
2,0x86e0,_GUID_DMUS_PROP_Volume
3,0x111c0,??_C@_0N@HJMD@HPS022Rn?4PCX?$AA@
3,0x111f0,??_C@_0N@HKCP@HPL023Rn?4PCX?$AA@
3,0x1440,?iCurHourGlassPhase@@3HA
1,0xded30,??1VRKeyboard@@UAA@XZ
2,0x8bf0,_KSDATAFORMAT_SUBTYPE_DIRECTMUSIC
1,0xbf0b0,??1?$_Vector_base@Vgenerator@@V?$allocator@Vgenerator@@@std@@@std@@QAA@XZ
1,0x122f44,??1?$_Rb_tree_base@U?$pair@$$CBVTCacheMapKey@ResourceManager@@PAVresource@@@std@@V?$allocator@U?$pair@$$CBVTCacheMapKey@ResourceManager@@PAVresource@@@std@@@2@@std@@QAA@XZ
3,0x1f290,?SaveMouseSurface@@3PAUIDirectDrawSurface4@@A
1,0x391c,?_M_deallocate_block@?$_String_base@DV?$allocator@D@std@@@std@@QAAXXZ
1,0x11f814,??_ECDPlayHeroes@@UAAPAXI@Z
1,0x11f814,??_GCDPlayHeroes@@UAAPAXI@Z
1,0x1c05c,?ShowRoute@advManager@@QAAXHHH@Z
1,0xa03fc,?SeedCombatPosition@searchArray@@QAAXPBVarmy@@JJ_NJ@Z
1,0xbe6d8,??0?$allocator@PAVtype_event_record@@@std@@QAA@XZ
1,0x140588,?CheckMissingHeaders@TSingleSelectionWindow@@QAA_NK@Z
1,0x19cae8,_IntersectRect
1,0x8f6e8,?_M_insert_overflow@?$vector@Utype_shroud_change@type_record_shroud@@V?$allocator@Utype_shroud_change@type_record_shroud@@@std@@@std@@IAAXPAUtype_shroud_change@type_record_shroud@@ABU34@I@Z
1,0x9d7b4,?allocate@?$_STL_alloc_proxy@PAV?$basic_string@DU?$char_traits@D@std@@V?$allocator@D@2@@std@@V12@V?$allocator@V?$basic_string@DU?$char_traits@D@std@@V?$allocator@D@2@@std@@@2@@std@@QAAPAV?$basic_string@DU?$char_traits@D@std@@V?$allocator@D@2@@2@I@Z
1,0xbe6e0,??1?$allocator@PAVtype_event_record@@@std@@QAA@XZ
1,0xa71b4,?GetGeneratorId@game@@QAAHHHH@Z
3,0x10f20,??_C@_0N@PIID@HPS001Kn?4PCX?$AA@
3,0x1452c,?iHotSpot@mouseManager@@0PAY0IB@UtagPOINT@@A
3,0x1db00,??_C@_08IKKN@TBCshrd1?$AA@
1,0x8a828,?ReceiveSystemMsg@CDPlay@@MAA_NKPAVCDPlayMsg@@@Z
1,0x8d3c8,?replay@type_record_erase@@UAAX_N@Z
2,0x8160,_DSPROPSETID_SetDspProgram
1,0xc5518,?iterator_category@std@@YA?AUrandom_access_iterator_tag@1@PBUtype_point@@@Z
1,0x11d290,?Setup@CAnimatedDlg@@UAA_NPBDPAVfont@@0H@Z
3,0x1d8b0,??_C@_08KFAE@TOFMag3A?$AA@
3,0x3968,??_C@_0M@CNJD@FMAH_en?4pcx?$AA@
3,0x3a40,??_C@_0M@JNHE@FMAN_en?4pcx?$AA@
3,0x39b0,??_C@_0M@LNMO@FMAJ_en?4pcx?$AA@
1,0x9d880,?__introsort_loop@std@@YAXPAW4SpellID@@00HVspell_level_order@@@Z
1,0x9e1e8,?swap@std@@YAXAAW4SpellID@@0@Z
1,0xb6944,?GetRandomTownName@@YAPBDH@Z
1,0xd54ac,?get_combat_speed_bonus@hero@@QBAJXZ
1,0xe206c,?EventWindowHandler@@YAHAAUmessage@@@Z
3,0x13e88,??_C@_01ECJ@3?$AA@
1,0x2ace4,?get_enchantment_value@type_AI_combat_data@@IBAXAAUtype_spell_choice@@PBVhero@@@Z
1,0xc37a4,?end@?$vector@W4TArtifact@@V?$allocator@W4TArtifact@@@std@@@std@@QAAPAW4TArtifact@@XZ
1,0xfa428,?allocate@?$allocator@VTSeerHut@@@std@@QBAPAVTSeerHut@@IPBX@Z
1,0x716f4,?size@?$vector@W4TArtifact@@V?$allocator@W4TArtifact@@@std@@@std@@QBAIXZ
1,0xd7258,?UpgradeAll@THillFortWindow@@AAAXXZ
1,0x154680,?DrawBolt@combatManager@@QAAXPAUSBolt@@H@Z
1,0x3a794,?iterator_category@std@@YA?AUrandom_access_iterator_tag@1@PBUtype_creature_value@@@Z
1,0xe6f34,??0CPlayerDeadMsg@@QAA@H@Z
1,0x20204,?SetInPopup@CNetMsgHandler@@QAAX_N@Z
1,0x2c7ac,??0?$vector@Utype_monster_data@@V?$allocator@Utype_monster_data@@@std@@@std@@QAA@ABV01@@Z
1,0xf93e8,?destroy@std@@YAXPAVBlackBoxData@@0@Z
3,0x11d8,??_C@_08ODJH@itpa?4def?$AA@
1,0x289e0,?deallocate@?$_STL_alloc_proxy@PAPAW4SpellID@@PAW41@V?$allocator@W4SpellID@@@std@@@std@@QAAXPAPAW4SpellID@@I@Z
3,0xb494,??_C@_0BE@IICN@No?5service?5provider?$AA@
1,0xec724,?Close@NewfullMap@@AAAXXZ
1,0x3933c,??0?$_STL_alloc_proxy@PAPAUpathCell@@PAU1@V?$allocator@PAUpathCell@@@std@@@std@@QAA@ABV?$allocator@PAUpathCell@@@1@ABQAPAUpathCell@@@Z
1,0xc7748,?__destroy_aux@std@@YAXPAUTRumour@game@@0U__false_type@@@Z
1,0x21038,?__stl_alloc_rebind@std@@YAAAV?$allocator@Utype_dialog_resource@@@1@AAV21@PBUtype_dialog_resource@@@Z
1,0x8fb14,?__stl_alloc_rebind@std@@YAAAV?$allocator@Utype_shroud_change@type_record_shroud@@@1@AAV21@PBUtype_shroud_change@type_record_shroud@@@Z
1,0x20940,?begin@?$vector@VCObject@@V?$allocator@VCObject@@@std@@@std@@QAAPAVCObject@@XZ
1,0x8ff38,?__uninitialized_fill_n_aux@std@@YAPAUtype_shroud_change@type_record_shroud@@PAU23@IABU23@U__false_type@@@Z
1,0x1028c4,??0CHotSeatDlg@@QAA@XZ
1,0x121fac,?GetFont@ResourceManager@@YAPAVfont@@PBD@Z
1,0x2d0a8,?__partial_sort@std@@YAXPAUtype_monster_data@@000@Z
1,0x3ac5c,?__unguarded_insertion_sort@std@@YAXPAUtype_creature_value@@0@Z
1,0x158410,?begin@?$_Rb_tree@W4SpellID@@W41@U?$_Identity@W4SpellID@@@std@@U?$less@W4SpellID@@@3@V?$allocator@W4SpellID@@@3@@std@@QAA?AU?$_Rb_tree_iterator@W4SpellID@@U?$_Nonconst_traits@W4SpellID@@@std@@@2@XZ
1,0x89120,?LoadPlaySample@ds_engine@@QAA_NPBDH_N@Z
1,0x14ce10,?DisplayNewSchool@TSpellbookWindow@@AAAXH@Z
1,0x188d00,?SetWidgetOff@TTradeResourceWindow@@AAAXF@Z
3,0x5ae8,??_C@_08KEMJ@CH07?4DEF?$AA@
1,0x822e0,??0CDiffFile@@AAA@XZ
1,0x17f160,?show_scroller@TCastleWindow@@QAAXXZ
1,0x36414,??0type_necromancy_artifact@@QAA@J@Z
1,0x54dd8,??1coloredBorderFrame@@UAA@XZ
1,0xa25c8,?LongestLineWidth@font@@QBAHPBD@Z
1,0xcd68c,?update_artifact_slot@@YAXJW4TArtifact@@@Z
3,0x1ae6c,??_C@_0M@HNGJ@C15spE2?4def?$AA@
3,0x1df20,??_C@_08LIFK@TBTwhrd1?$AA@
3,0xa4,__imp__fmod
1,0xee56c,?readBlackBox@NewfullMap@@QAAHPAXAAVBlackBoxData@@@Z
3,0x1e0d0,??_C@_08BFOF@TBInhall?$AA@
3,0xb45c,??_C@_0BE@LIPC@Cant?5create?5process?$AA@
1,0xc76ac,?__destroy_aux@std@@YAXPAVboat@@0U__false_type@@@Z
3,0x13718,??_C@_01PJM@D?$AA@
1,0xedab8,?FindTrigger@CObject@@QBAXAAH0@Z
1,0x4cc68,?HasArmy@hexcell@@QBA_NXZ
1,0x11f108,?CheckForWarning@CTurnDuration@@QAAXXZ
1,0x717f8,?__uninitialized_fill_n@std@@YAPAW4TArtifact@@PAW42@IABW42@0@Z
2,0x286c,??_7type_record_hide_hero@@6B@
1,0xf6108,??0?$_Vector_base@USecondarySkillData@@V?$allocator@USecondarySkillData@@@std@@@std@@QAA@ABV?$allocator@USecondarySkillData@@@1@@Z
1,0x62e4c,?get_distance@combatManager@@SAJJJ@Z
1,0x66c3c,??0?$_STL_alloc_proxy@PAPAVwidget@@PAV1@V?$allocator@PAVwidget@@@std@@@std@@QAA@ABV?$allocator@PAVwidget@@@1@ABQAPAVwidget@@@Z
2,0x289c,??_7type_record_move_hero@@6B@
1,0x10215c,?OnNextEdit@CMPEdit@@UAAXXZ
3,0x1e550,??_C@_08EBAC@TBDnhrd1?$AA@
3,0x13d9c,??_C@_0BJ@HHFM@LOD?5File?3?5item?5not?5found?$AA@
3,0x68c4,??_C@_0M@BLFP@ObSnL14?4pcx?$AA@
1,0x54378,??0border@@QAA@HHHHHH_N@Z
3,0x1d4f4,??_C@_07GOJA@TOnmrk2?$AA@
1,0x3a034,?allocate@?$_STL_alloc_proxy@PAPAVtype_artifact_effect@@PAV1@V?$allocator@PAVtype_artifact_effect@@@std@@@std@@QAAPAPAVtype_artifact_effect@@I@Z
1,0x9d1dc,?size@?$vector@V?$basic_string@DU?$char_traits@D@std@@V?$allocator@D@2@@std@@V?$allocator@V?$basic_string@DU?$char_traits@D@std@@V?$allocator@D@2@@std@@@2@@std@@QBAIXZ
1,0xc5d40,?__copy@std@@YAPAUTRumour@game@@PAU23@00Urandom_access_iterator_tag@1@PAH@Z
1,0x164170,??1?$_STL_alloc_proxy@PAPAV?$vector@PADV?$allocator@PAD@std@@@std@@PAV12@V?$allocator@PAV?$vector@PADV?$allocator@PAD@std@@@std@@@2@@std@@QAA@XZ
1,0x19cf10,_LocalAlloc
1,0x5b228,??4?$TAutoArrayPtr@D@@QAAAAV0@ABV0@@Z
1,0x8f4e4,??A?$vector@PAVtype_event_record@@V?$allocator@PAVtype_event_record@@@std@@@std@@QAAAAPAVtype_event_record@@I@Z
1,0xeffec,?readMineData@NewfullMap@@QAAHPAXPAVCObject@@@Z
1,0x12db38,?fill@std@@YAXPAVTSeerHut@@0ABV2@@Z
1,0x173ee4,??0TShipWindow@@QAA@H@Z
3,0x1d27c,??_C@_08FFKA@TOTHolyA?$AA@
3,0x3bcc,??_C@_0M@OHFE@FMAY_en?4pcx?$AA@
3,0x4310,??_C@_0M@MKIB@cmpscan?4def?$AA@
1,0xfd4a4,??_GTreasureData@@QAAPAXI@Z
1,0xf7594,?insert@?$vector@VMonsterData@@V?$allocator@VMonsterData@@@std@@@std@@QAAXPAVMonsterData@@IABV3@@Z
1,0xf75dc,?deallocate@?$_STL_alloc_proxy@PAVMonsterData@@V1@V?$allocator@VMonsterData@@@std@@@std@@QAAXPAVMonsterData@@I@Z
1,0x1c5ec,?CheckDimNextHeroBut@advManager@@QAAXXZ
1,0x50a7c,?GetBinkFilePtr@BinkManager@@YAPAUBINK@@PADH@Z
1,0x8e33c,?SetVisibility@game@@QAAXHHHHH_N@Z
2,0x7b70,_IID_IDirect3DMMXDevice
1,0x87344,?IsShown@TCombatHeroSubWindow@@QBA_NXZ
3,0x1d488,??_C@_07FCEA@TONMag3?$AA@
2,0x87d0,_CLSID_DirectMusicComposer
1,0x2cec,?assign@?$char_traits@D@std@@SAXAADABD@Z
1,0x2f280,?calculate_reserve@type_AI_player@@IAAXXZ
1,0x6463c,?value_type@std@@YAPAUtype_artifact@@PBU2@@Z
3,0xa840,??_C@_09PPJH@cogre?4def?$AA@
1,0x7a7f4,?animate_move@advManager@@QAAXPAVhero@@HHH@Z
1,0x8d338,?save@type_record_erase@@UAA_NPAX@Z
1,0x10286c,?DisableOK@CMPInputDlg@@QAAXXZ
1,0x63cd4,??1?$_STL_alloc_proxy@PAIIV?$allocator@_N@std@@@std@@QAA@XZ
2,0x1d60,?QuicksandInfo@combatManager@@0QBUTObstacleInfo@1@B
1,0xf7634,??0?$_STL_alloc_proxy@PAVBlackBoxData@@V1@V?$allocator@VBlackBoxData@@@std@@@std@@QAA@ABV?$allocator@VBlackBoxData@@@1@ABQAVBlackBoxData@@@Z
3,0x1eb34,??_C@_04OLO@strn?$AA@
1,0xd96d0,?GetRealHeight@iconWidget@@UBAHXZ
1,0xfdb98,?SetDefaultCombatOptions@@YAXXZ
1,0x89ef0,?Clear@?$tree@Vds_memsample@@@@QAAX_N@Z
1,0xfb5f8,?distance_type@std@@YAPAHPBVMonsterData@@@Z
1,0x108fdc,?ClearButtons@TOverviewWindow@@AAAXH@Z
1,0x28bdc,?value_type@std@@YAPAPAVarmy@@PBQAV2@@Z
3,0x1cf20,??_C@_08NPIN@TOCsH201?$AA@
1,0x18146c,?HandleGiftMsg@CTownNetMsgHandler@@MAAXPAVCNetMsg@@@Z
1,0x19ced4,_MapleCreateDevice
1,0x1712c4,?create_popup_bank@townManager@@QAAXPAVheroWindow@@@Z
1,0x57924,?GetRealHeight@button@@UBAHXZ
1,0xbdfcc,??1?$vector@USign@@V?$allocator@USign@@@std@@@std@@QAA@XZ
1,0x9459c,?DoEventOasis@advManager@@AAAXPAVhero@@PAVNewmapCell@@_N@Z
3,0x2e508,?giEndSequence@@3HA
1,0x1288ec,??1?$vector@PAVtextWidget@@V?$allocator@PAVtextWidget@@@std@@@std@@QAA@XZ
2,0xcac,??_7TSplitWindow@@6B@
1,0xbe10c,??0?$allocator@Vmine@@@std@@QAA@XZ
1,0xbe114,??1?$allocator@Vmine@@@std@@QAA@XZ
3,0xd260,?gbDrawingPuzzle@@3HA
1,0x122320,?GetSprite@ResourceManager@@YAPAVCSprite@@PBD@Z
1,0x16a0b0,??0townObject@@QAA@HHPBD@Z
1,0x96c18,?monsters_flee@advManager@@AAAXPAVhero@@PAVNewmapCell@@Utype_point@@_N@Z
1,0xbe7a0,?push_back@?$vector@Vhero@@V?$allocator@Vhero@@@std@@@std@@QAAXABVhero@@@Z
3,0x3c38,??_C@_0M@LKGC@FMBB_en?4pcx?$AA@
3,0xab8c,??_C@_09MOFL@Interface?$AA@
1,0xd8d14,?GetText@textWidget@@QAAPBDXZ
1,0x124028,?handle_click@type_backpack_slot_widget@@UAA_N_N0@Z
1,0x139c14,?GetVCText@@YAXPAUVictoryConditionStruct@@PAD@Z
1,0x47924,?get_owner@army@@QBAPAVhero@@XZ
2,0x228,??_7CAdvMgrNetMsgHandler@@6B@
1,0xdd840,?CheckDown@inputManager@@QAAHHHHHH_N@Z
3,0x140d8,??_C@_1CA@EMLI@?$AAV?$AAi?$AAd?$AAe?$AAo?$AA?5?$AAS?$AAu?$AAb?$AAt?$AAi?$AAt?$AAl?$AAe?$AAs?$AA?$AA@
1,0x1699e8,?UpdateTownLocators@TTownGateWindow@@AAAXXZ
3,0x310f0,?msu@@3PAUIDirectDrawSurface4@@A
3,0x313a0,?green_mask@TPalette16@@0IA
1,0xe5214,?HandleRemoteDeadPlayerExit@@YAXH_N@Z
1,0x102184,?OnPrevEdit@CMPEdit@@UAAXXZ
3,0x1ddd0,??_C@_08BCKA@TBRmdw_4?$AA@
1,0x3880,??_3?$bitset@$09K@std@@QAAAAV01@I@Z
1,0x169824,??1TTownGateWindow@@UAA@XZ
1,0x165110,?zBufferDraw@iconBackedTextWidget@@UBAXPAGH@Z
3,0x1db78,??_C@_08EONN@TBCsext4?$AA@
3,0x699c,??_C@_0M@ENHC@ObBhL14?4pcx?$AA@
1,0x8a414,?StartSession@CDPlay@@UAA_NK@Z
3,0x1d640,??_C@_08HJDE@TODhall2?$AA@
1,0xc5c,?set_bottom_view@TAdventureMapWindow@@QAAXPAVtype_bottom_view_window@@@Z
1,0x48fc4,?ComputeDefenderDamageReduction@army@@QBAN_N@Z
3,0x1dc5c,??_C@_08NKNA@TBRmmag4?$AA@
2,0x6b54,??_7TSellCreatureWindow@@6B@
1,0x1484c8,?Finish@CNewPlayerUpdateProc@@IAAXXZ
1,0x19c92c,_CreateEventW
1,0x43830,?play_sample@army@@QAAXW4TSampleID@1@@Z
3,0x1ec94,??_C@_0M@LKNH@iDv6432?4def?$AA@
1,0x56e20,?force_update@widget@@QAAXXZ
3,0x11f50,??_C@_0N@CEFF@hctraits?4txt?$AA@
1,0x10f94c,?get_summoning_value@type_spellvalue@@IBAJJJ@Z
1,0x1ffdc,?GetBoat@game@@QAAPAVboat@@H@Z
1,0x207c4,?append@?$basic_string@DU?$char_traits@D@std@@V?$allocator@D@2@@std@@QAAAAV12@PBD@Z
1,0x9cfb4,??A?$vector@W4TArtifact@@V?$allocator@W4TArtifact@@@std@@@std@@QAAAAW4TArtifact@@I@Z
1,0x9d6b4,?copy@std@@YAPAUTObjectCell@NewmapCell@@PAU23@00@Z
3,0x29788,?bSetupFlash@@3_NA
1,0x120528,?allocate@?$allocator@PAVCNetMsg@@@std@@QBAPAPAVCNetMsg@@IPBX@Z
1,0x4386c,?stop_sample@army@@QAAXW4TSampleID@1@@Z
1,0xec254,?is_diggable@NewmapCell@@QBA_NXZ
3,0x1ea60,??_C@_08LDHO@TBFrup_1?$AA@
3,0x4654,?akWallTraits@combatManager@@0PAY0BC@UTWallTraits@1@A
1,0x92d40,?DoEventDefenseTower@advManager@@AAAXPAVhero@@PAVNewmapCell@@_N@Z
1,0x95650,?DoEventSkeleton@advManager@@AAAXPAVhero@@PAVNewmapCell@@_N@Z
1,0xb7554,?CheckHeroConsistency@game@@QAAXXZ
1,0xbfc84,?insert@?$vector@Vgarrison@@V?$allocator@Vgarrison@@@std@@@std@@QAAXPAVgarrison@@IABV3@@Z
1,0xfa464,?allocate@?$allocator@VTTownEvent@@@std@@QBAPAVTTownEvent@@IPBX@Z
1,0x143a7c,?DrawHeroAdvancedOption@TSingleSelectionWindow@@QAAXH_NH@Z
2,0x7d20,_CLSID_CDirect3DRMAnimation
3,0x2dab4,?glTimers@@3PAKA
1,0x7fec4,?_close@@YAHH@Z
3,0x1d760,??_C@_07HBIP@TOSMag3?$AA@
1,0x173238,?do_monster_join_dialog@@YAXPAVhero@@W4TCreatureType@@H@Z
3,0x68dc,??_C@_0M@JAOM@ObSwL14?4pcx?$AA@
1,0x960ac,?DoEventTemple@advManager@@AAAXPAVhero@@PAVNewmapCell@@_N@Z
1,0x122d20,?clear@?$map@VTCacheMapKey@ResourceManager@@PAVresource@@U?$less@VTCacheMapKey@ResourceManager@@@std@@V?$allocator@U?$pair@$$CBVTCacheMapKey@ResourceManager@@PAVresource@@@std@@@5@@std@@QAAXXZ
2,0x8930,_GUID_MuteParam
1,0x460c,?_M_append_dispatch@?$basic_string@DU?$char_traits@D@std@@V?$allocator@D@2@@std@@AAAAAV12@PBD0U__false_type@@@Z
1,0x21200,?_M_append_dispatch@?$basic_string@DU?$char_traits@D@std@@V?$allocator@D@2@@std@@AAAAAV12@PAD0U__false_type@@@Z
3,0x6af8,??_C@_0M@MGJF@ObSnS04?4def?$AA@
3,0x31e8,??_C@_06GPCL@?$CFs?4pcx?$AA@
1,0x1ccf8,?MouseInScrollZone@advManager@@QAAHXZ
1,0x23750,?failed_siege@combatManager@@QAA_NXZ
1,0x2cc24,?uninitialized_fill_n@std@@YAPAUtype_monster_data@@PAU2@IABU2@@Z
1,0xfca24,?__destroy_aux@std@@YAXPAVTreasureData@@0U__false_type@@@Z
1,0xbf614,?begin@?$vector@Vhero@@V?$allocator@Vhero@@@std@@@std@@QAAPAVhero@@XZ
1,0xe8c64,?WindowHandler@TLevelUpWindow@@UAAHAAUmessage@@@Z
3,0x1b09c,??_C@_0M@BPBJ@c08spw3?4def?$AA@
1,0x163e5c,??0?$vector@PAV?$vector@PADV?$allocator@PAD@std@@@std@@V?$allocator@PAV?$vector@PADV?$allocator@PAD@std@@@std@@@2@@std@@QAA@ABV?$allocator@PAV?$vector@PADV?$allocator@PAD@std@@@std@@@1@@Z
1,0x2746c,?simulate_melee_attack@combatManager@@AAAXPAVarmy@@J0JJ@Z
1,0x45254,?Walk@army@@QAAXH_N0@Z
3,0x386c,??_C@_0M@CEMJ@FMAA_en?4pcx?$AA@
3,0x3944,??_C@_0M@JECO@FMAG_en?4pcx?$AA@
3,0x38b4,??_C@_0M@LEJE@FMAC_en?4pcx?$AA@
1,0xd8e70,??_ECHighScoreEdit@@UAAPAXI@Z
1,0xd8e70,??_GCHighScoreEdit@@UAAPAXI@Z
3,0x13e40,??_C@_0N@PKMI@videobck?4pcx?$AA@
1,0x158a00,?DrawNumber@strip@@IAAXH@Z
1,0x39278,?_M_getword@?$_Base_bitset@$00K@std@@QBAKI@Z
1,0x9d350,??0?$_Vector_base@V?$basic_string@DU?$char_traits@D@std@@V?$allocator@D@2@@std@@V?$allocator@V?$basic_string@DU?$char_traits@D@std@@V?$allocator@D@2@@std@@@2@@std@@QAA@ABV?$allocator@V?$basic_string@DU?$char_traits@D@std@@V?$allocator@D@2@@std@@@1@@Z
1,0xf72b8,?_M_getword@?$_Base_bitset@$01K@std@@QBAKI@Z
1,0x1236c4,?_S_left@?$_Rb_tree@VTCacheMapKey@ResourceManager@@U?$pair@$$CBVTCacheMapKey@ResourceManager@@PAVresource@@@std@@U?$_Select1st@U?$pair@$$CBVTCacheMapKey@ResourceManager@@PAVresource@@@std@@@4@U?$less@VTCacheMapKey@ResourceManager@@@4@V?$allocator@cee278e3
1,0x2d49c,?__unguarded_linear_insert@std@@YAXPAUtype_monster_data@@U2@@Z
1,0xf6e40,??0?$_Vector_base@VTTimedEvent@@V?$allocator@VTTimedEvent@@@std@@@std@@QAA@ABV?$allocator@VTTimedEvent@@@1@@Z
1,0x12f0c4,?zBufferDraw@CSpriteWidget@@UBAXPAGH@Z
3,0xaab0,??_C@_0L@CABM@smcart?4def?$AA@
1,0x197ad0,?findWidget@heroWindow@@QBAHHH@Z
1,0x19cb00,_RegOpenKeyExW
1,0xdaaac,?inflate_blocks_free@@YAHPAUinflate_blocks_state@@PAUz_stream_s@@@Z
3,0x13778,?gbFirstTimeThrough@@3HA
1,0x11c228,?HandleNewPlayer@CDPlayHeroes@@IAAXKPADPAXK@Z
1,0xe96e0,?read@LODFile@@QAAHPAXH@Z
1,0x11f87c,??_ECAnimatedDlg@@UAAPAXI@Z
1,0x11f87c,??_GCAnimatedDlg@@UAAPAXI@Z
1,0x27f28,?is_in_second_phase@combatManager@@QBA_NXZ
1,0x70ac4,?Log@CLogFile@@QAAXPADZZ
1,0x7a45c,?GetMoveShowIt@advManager@@QAAHPAVhero@@H@Z
1,0xc4640,?fill@std@@YAXPAVmine@@0ABV2@@Z
1,0x14b2a8,?StopAllSamples@soundManager@@QAAXH@Z
3,0x1f784,??_C@_0BJ@OMKO@DDERR_SURFACENOTATTACHED?$AA@
3,0xd268,?MAP_HEIGHT@@3HA
3,0x1696c,??_C@_0BA@KNBD@MPlayer?5Session?$AA@
1,0x9a898,?CreatureBankEvent@advManager@@AAAHPAVhero@@PAVNewmapCell@@PADUtype_point@@_N@Z
3,0x1e214,??_C@_08NPGC@TBInup_0?$AA@
1,0xc63b0,?copy_backward@std@@YAPAUtype_point@@PAU2@00@Z
1,0xfd8a4,?GenerateUniqueSystemID@@YAXXZ
1,0x16ae68,?UpdateTownLocator@TTownScreenWindow@@AAAXH@Z
1,0x18c7b0,?SetRolloverText@TSellCreatureWindow@@AAAXH@Z
1,0x3a04,?allocate@?$__node_alloc@$0A@$0A@@std@@SAPAXI@Z
1,0x63ebc,??0?$_Rb_tree_base@W4SpellID@@V?$allocator@W4SpellID@@@std@@@std@@QAA@ABV?$allocator@W4SpellID@@@1@@Z
1,0x73b64,?addPal16@@YAXPAVCSprite@@PBVTPalette16@@@Z
1,0xbf8cc,?deallocate@?$_STL_alloc_proxy@PAUtype_point@@U1@V?$allocator@Utype_point@@@std@@@std@@QAAXPAUtype_point@@I@Z
1,0x13b704,?OnSortMaps@TSingleSelectionWindow@@QAAXH@Z
1,0x3b82c,?__unguarded_linear_insert@std@@YAXPAUtype_creature_value@@U2@@Z
1,0x3a084,?allocate@?$allocator@UpathCell@@@std@@QBAPAUpathCell@@IPBX@Z
1,0xa10b0,?lower_door@searchArray@@QAAXXZ
1,0xd524c,?can_summon_boat@hero@@QBA_NXZ
1,0x101d98,?GetLastError@CDPlay@@QAAJXZ
1,0x122fc4,?_M_root@?$_Rb_tree@VTCacheMapKey@ResourceManager@@U?$pair@$$CBVTCacheMapKey@ResourceManager@@PAVresource@@@std@@U?$_Select1st@U?$pair@$$CBVTCacheMapKey@ResourceManager@@PAVresource@@@std@@@4@U?$less@VTCacheMapKey@ResourceManager@@@4@V?$allocator@4aea61cd
1,0x73bac,?addPal24@@YAXPAVCSprite@@PBVTPalette24@@@Z
1,0x9c7c0,?GetCampfireResource@ExtraInfoUnion@@QBA?AW4EGameResource@@XZ
3,0x1f068,??_C@_0N@OOBI@VWsymbol?4def?$AA@
1,0x198568,?Open@File@@UAA_NPBDW4FileMode@@@Z
1,0x5a11c,??1TCampaignBrief@@UAA@XZ
3,0xb5a4,??_C@_0N@FKNI@Logon?5denied?$AA@
1,0x1f9c8,?cell@NewfullMap@@QAAPAVNewmapCell@@HHH@Z
1,0x80094,?DCfseek@@YAHPAXJH@Z
1,0xb1fc0,?TurnOffAIMusic@game@@QAAXXZ
1,0xd7b08,??1highScoreManager@@QAA@XZ
1,0x12edd4,?GetTeams@CTeamAlignmentDlg@@IAAXXZ
1,0x120190,??0?$_Deque_iterator_base@PAVCNetMsg@@U?$_Buf_size_traits@PAVCNetMsg@@$0A@@std@@@std@@QAA@XZ
3,0x31a60,?ResSw@@3VResolutionSwitch@@A
1,0x1688f0,?get_build_cost@town@@QBAXW4type_building_id@@QAH@Z
1,0x149a48,?initialize@slider@@IAAXPBD@Z
1,0xd9d64,?SetSprite@iconWidget@@QAAXPBD@Z
3,0x1d0a4,??_C@_07LKDN@TOrcas3?$AA@
1,0x173bc8,?WindowHandler@TBlacksmithWindow@@UAAHAAUmessage@@@Z
1,0xc8dd0,??_Gtype_creature_bank@@QAAPAXI@Z
1,0xb3030,?GrowCoverOfDarkness@game@@QAA_NXZ
1,0x116c78,?UpdateQuestLocators@TQuestLogWindow@@QAAXXZ
1,0xf6348,??1?$_Vector_base@UTObjectCell@NewmapCell@@V?$allocator@UTObjectCell@NewmapCell@@@std@@@std@@QAA@XZ
1,0xf67f8,?erase@?$vector@VTreasureData@@V?$allocator@VTreasureData@@@std@@@std@@QAAPAVTreasureData@@PAV3@0@Z
3,0x1d0b4,??_C@_07OLGE@TOrhal2?$AA@
1,0x5af4c,??1CHeroDlg@@UAA@XZ
1,0x94088,?DoEventMagicWell@advManager@@AAAXPAVhero@@PAVNewmapCell@@_N@Z
3,0xcb14,?gInitResourcesComputer@@3PAY06HA
1,0x1fe14,?HasBuilding@town@@QBA_NH_N@Z
1,0xc2af4,??0TRumour@game@@QAA@ABU01@@Z
1,0x128048,?WindowHandler@type_skeleton_window@@UAAHAAUmessage@@@Z
2,0x7db0,_CLSID_CDirect3DRMTextureInterpolator
1,0x43018,??0?$_Deque_iterator_base@W4SpellID@@U?$_Buf_size_traits@W4SpellID@@$0A@@std@@@std@@QAA@XZ
1,0x8bbdc,?EnumConnectionsCallback@@YAHPBU_GUID@@PAXKPBUDPNAME@@K1@Z
1,0x115538,??0type_AI_puzzle_tile@@QAA@PAVNewmapCell@@Utype_point@@@Z
2,0x7ac0,_GUID_OptSurfaceKmodeInfo
3,0xac40,??_C@_0N@JPFJ@cs_attack_ur?$AA@
1,0xc3820,?insert@?$vector@Utype_point@@V?$allocator@Utype_point@@@std@@@std@@QAAXPAUtype_point@@IABU3@@Z
2,0x8980,_GUID_Disable_Auto_Download
1,0x84dac,?UpdateMouseGrid@combatManager@@QAAXHH@Z
1,0x141448,?OnNameSlider@TSingleSelectionWindow@@QAAXH@Z
1,0x2a588,?adjust_army@type_AI_combat_data@@QAAX_N@Z
3,0x69b4,??_C@_0M@NJHM@ObDino1?4def?$AA@
1,0x646c4,?__uninitialized_copy_aux@std@@YAPAUTObstacle@combatManager@@PAU23@00U__false_type@@@Z
1,0x20320,??4?$basic_string@DU?$char_traits@D@std@@V?$allocator@D@2@@std@@QAAAAV01@ABV01@@Z
1,0xc8628,?__copy_backward@std@@YAPAW4TArtifact@@PAW42@00Urandom_access_iterator_tag@1@PAH@Z
3,0x31c94,?TurnDurationText@@3PBVTTextResource@@B
3,0x1d92c,??_C@_08IBLO@TOFGnl1H?$AA@
3,0x1f400,??_C@_0BE@LOLC@DDERR_INVALIDOBJECT?$AA@
3,0x3b84,??_C@_0M@BGMH@FMAW_en?4pcx?$AA@
3,0x3af4,??_C@_0M@DGHN@FMAS_en?4pcx?$AA@
3,0x3b3c,??_C@_0M@IGJK@FMAU_en?4pcx?$AA@
3,0x3aac,??_C@_0M@KGCA@FMAQ_en?4pcx?$AA@
1,0xbc930,?cell@NewfullMap@@QBAPBVNewmapCell@@HHH@Z
1,0xcc1b0,?GetStandSequence@hero@@QAA?AW4hero_seqid@@XZ
1,0x151e54,?display_failure_reason@combatManager@@QAAXW4SpellID@@PBDJ@Z
3,0x1b458,??_C@_09KAPN@View?5Army?$AA@
1,0x18ab8c,?get_market_value@@YAJW4EGameResource@@@Z
1,0x28dd0,?deallocate@?$_STL_alloc_proxy@IW4SpellID@@V?$allocator@W4SpellID@@@std@@@std@@QAAXPAW4SpellID@@I@Z
1,0x2a938,?cast_chain_lightning@type_AI_combat_data@@IBAXAAUtype_spell_choice@@AAV1@J@Z
1,0x3cf50,?get_hex_attack_value@type_AI_attack_hex_chooser@@IAAJJAAJ@Z
1,0x11e500,?HandlePlayerLost@@YAXPAVCNetMsg@@@Z
3,0x1aa30,??_C@_0N@LELN@Tuffskin?4wav?$AA@
3,0x1ed58,??_C@_0N@HLLN@TPTavern?4pcx?$AA@
3,0xb594,??_C@_0O@OPMD@Not?5logged?5in?$AA@
1,0x1886d4,?DoBlackMarket@@YAXPAVhero@@PAW4TArtifact@@@Z
1,0xf52f4,??0?$allocator@PAVCSprite@@@std@@QAA@XZ
1,0xf52fc,??1?$allocator@PAVCSprite@@@std@@QAA@XZ
1,0x101374,?OnDirectJoin@TMultiPlayerWindow@@QAA_NXZ
3,0x1ec68,??_C@_0M@BDH@TPMageS?4def?$AA@
3,0x1f884,??_C@_0BP@HCLN@DDERR_DIRECTDRAWALREADYCREATED?$AA@
1,0x20964,?begin@?$vector@Vgenerator@@V?$allocator@Vgenerator@@@std@@@std@@QAAPAVgenerator@@XZ
1,0x9b564,?FizzleCenter@advManager@@QAAXH@Z
2,0x54b8,??_7type_sacrifice_window@@6B@
1,0x12b050,??1CTownDlg@@UAA@XZ
2,0x8c5c,__IMPORT_DESCRIPTOR_MMTIMER
1,0x9f034,?CalcTerrainCost@@YAHPBVNewmapCell@@HHW4TSkillMastery@@W4TRoadType@@11W4TTerrainType@@@Z
1,0x161474,?InitializeSecondarySkillLevelNames@@YA_NXZ
1,0x4f708,?get_morale_description@armyGroup@@QBA?AV?$basic_string@DU?$char_traits@D@std@@V?$allocator@D@2@@std@@W4TCreatureType@@HPBVhero@@PBVtown@@1PBV1@_N@Z
1,0xa6fd4,?GetTownId@game@@QAAHHHH@Z
1,0xcc1e8,?GetStandSequence@boat@@QAA?AW4hero_seqid@@XZ
1,0x28cec,?__destroy@std@@YAXPAUtype_creature_value@@00@Z
1,0x149238,?OnEnter@CEnterNameEdit@@QAAHXZ
3,0x6c54,??_C@_0M@HDJP@ObBtS04?4def?$AA@
3,0xa868,??_C@_08IKOK@croc?4def?$AA@
1,0x7ecac,?DInputDeviceEnumCallback@@YAHPBUDIDEVICEINSTANCEW@@PAX@Z
1,0x164540,?destroy@std@@YAXPAPAD0@Z
1,0x3b76c,?make_heap@std@@YAXPAUtype_creature_value@@0@Z
2,0x8880,_GUID_NOTIFICATION_CHORD
2,0x7af0,_GUID_UserModeDriverPassword
1,0x24b64,?move_toward@combatManager@@AAA_NPBVarmy@@JPBJ_N@Z
3,0x39d4,??_C@_0M@PFOA@FMAK_en?4pcx?$AA@
1,0x9e594,?ShutDownSystem@executive@@QAAXXZ
1,0x370,?SleepAllWidgets@TAdventureMapWindow@@QAAX_N@Z
1,0xb258,?set_hero_help@@YAXPADPBVNewmapCell@@@Z
3,0x3c74,??_C@_0M@CPKJ@FMBC_co?4pcx?$AA@
3,0x3a1c,??_C@_0M@EFAH@FMAM_en?4pcx?$AA@
3,0x398c,??_C@_0M@GFLN@FMAI_en?4pcx?$AA@
3,0x3cbc,??_C@_0M@JPEO@FMBE_co?4pcx?$AA@
3,0x3c2c,??_C@_0M@LPPE@FMBA_co?4pcx?$AA@
3,0x3a64,??_C@_0M@NFFK@FMAO_en?4pcx?$AA@
1,0x8f7b8,?reserve@?$vector@Utype_shroud_change@type_record_shroud@@V?$allocator@Utype_shroud_change@type_record_shroud@@@std@@@std@@QAAXI@Z
3,0x17a90,??_C@_0L@MJHG@slider?4pcx?$AA@
1,0xfca8c,?__destroy_aux@std@@YAXPAVBlackBoxData@@0U__false_type@@@Z
3,0xaa9c,??_C@_0L@EBOJ@smtent?4def?$AA@
1,0x8bbc4,?EnumSession@@YAHPBUDPSESSIONDESC2@@PAKKPAX@Z
1,0x122e60,?begin@?$_Rb_tree@VTCacheMapKey@ResourceManager@@U?$pair@$$CBVTCacheMapKey@ResourceManager@@PAVresource@@@std@@U?$_Select1st@U?$pair@$$CBVTCacheMapKey@ResourceManager@@PAVresource@@@std@@@4@U?$less@VTCacheMapKey@ResourceManager@@@4@V?$allocator@U?6f63ad62
1,0x169890,?AddTown@TTownGateWindow@@QAAXH@Z
3,0x21c,__imp__MapleEnumerateDevices
2,0x7ae0,_GUID_UserModeDriverInfo
3,0xd0,__imp__mbstowcs
1,0x37f64,?IsHumanTeam@game@@QBA_NH@Z
1,0x4b454,?Turn@army@@QAAX_N@Z
1,0xfc798,?construct@std@@YAXPAVTTimedEvent@@ABV2@@Z
3,0x1a878,??_C@_0N@IJGH@Erthquak?4wav?$AA@
1,0x15668c,?remove_corpse@combatManager@@QAAXPAVarmy@@@Z
1,0x19226c,?create_damage_widget@TViewArmyWindow@@AAAXABUTCreatureTypeTraits@@PBVhero@@@Z
1,0x3cc8c,??0type_AI_combat_parameters@@QAA@PBVcombatManager@@J@Z
1,0xf7280,??1?$_STL_alloc_proxy@PAVTTimedEvent@@V1@V?$allocator@VTTimedEvent@@@std@@@std@@QAA@XZ
1,0x120ec,?DrawBoatPartShadow@advManager@@QAAXHAAUTDrawParts@@HHHHHH@Z
1,0x7d22c,?DoPreLoadCustomization@SCampaign@@QAAXXZ
1,0x9d3fc,?deallocate@?$_STL_alloc_proxy@PAW4SpellID@@W41@V?$allocator@W4SpellID@@@std@@@std@@QAAXPAW4SpellID@@I@Z
3,0x5b94,??_C@_0N@HFJH@SgCsMoat?4pcx?$AA@
1,0xc2898,?copy@std@@YAPAUSign@@PAU2@00@Z
1,0x101dcc,?AddPlayer@CHotSeatMan@@QAAXPBD@Z
3,0x15b30,??_C@_0M@NHAO@OvTitle?4pcx?$AA@
1,0x161698,?InitializeDwellingText@@YA_NXZ
1,0x48168,?get_total_combat_value@army@@QBAJJJ@Z
1,0x4ea38,?save@armyGroup@@QAAHPAX@Z
1,0x11ee3c,?RestoreScreen@CGameTransferSmack@@QAAXXZ
3,0x1a8b0,??_C@_0N@JCMD@Chainlte?4wav?$AA@
3,0x1d338,??_C@_08HFNE@TOimag5a?$AA@
1,0x305b4,?can_trade_resources@type_AI_player@@IAA_NQBHQAHAAV?$vector@JV?$allocator@J@std@@@std@@@Z
1,0x389e4,?push_back@?$vector@UpathCell@@V?$allocator@UpathCell@@@std@@@std@@QAAXABUpathCell@@@Z
1,0x4efb8,?get_creature_total@armyGroup@@QBAHW4TCreatureType@@@Z
3,0x64f4,??_C@_0N@JHMH@SgDnManC?4pcx?$AA@
3,0x67b8,??_C@_0N@PHKL@SgFrWa31?4pcx?$AA@
1,0xa0390,?valid_move_adjacent@searchArray@@AAA_NPBVarmy@@ABV2@@Z
1,0x50a80,?SetPixelFormat@BinkManager@@YAXKKK@Z
1,0xbdc90,?clear@?$vector@Utype_point@@V?$allocator@Utype_point@@@std@@@std@@QAAXXZ
1,0xcec1c,?ShowWidgets@THeroScreenWindow@@QAAXXZ
3,0x6834,??_C@_0N@LHKA@SgFrManC?4pcx?$AA@
3,0xa8a4,??_C@_0N@MPAB@ccycllor?4def?$AA@
1,0x90814,?GiveArtifact@advManager@@AAAXPAVhero@@Utype_point@@_N@Z
3,0x6d88,??_C@_0N@BHDP@SgCsBack?4pcx?$AA@
3,0x31ca4,?playerHeroFaces@@3PAW4THeroID@@A
3,0x168,__imp__PostQuitMessage
1,0x4218,?_S_round_up@?$__node_alloc@$0A@$0A@@std@@SAII@Z
1,0x3a0d0,?allocate@?$allocator@PAVtype_artifact_effect@@@std@@QBAPAPAVtype_artifact_effect@@IPBX@Z
1,0x6cb78,?DoKeyboardNavigation@combatManager@@QAA_NAAUmessage@@@Z
1,0x277f4,?simulate_combat@combatManager@@QAAXJ_N@Z
3,0x6ef0,??_C@_0N@NICG@CmBkLava?4pcx?$AA@
3,0x15a84,??_C@_06FLBD@online?$AA@
1,0x100d0c,?HostSession@TMultiPlayerWindow@@QAA_NPBD0@Z
3,0x1b288,??_C@_0N@KMPO@restypes?4txt?$AA@
1,0x97228,?get_force_modifier@advManager@@CAHM@Z
1,0xbd1d8,?GetData@CGameTransmitMainMsg@@QAAPAEXZ
1,0x126c5c,?sacrifice_creatures@type_sacrifice_window@@CAHAAUmessage@@@Z
1,0x14b8e8,?ResumeStream@soundManager@@QAAXXZ
1,0xbf8ac,??0?$_STL_alloc_proxy@PAUtype_point@@U1@V?$allocator@Utype_point@@@std@@@std@@QAA@ABV?$allocator@Utype_point@@@1@ABQAUtype_point@@@Z
1,0x20928,?begin@?$vector@UTObjectCell@NewmapCell@@V?$allocator@UTObjectCell@NewmapCell@@@std@@@std@@QAAPAUTObjectCell@NewmapCell@@XZ
1,0xf6268,?begin@?$vector@UTObjectCell@NewmapCell@@V?$allocator@UTObjectCell@NewmapCell@@@std@@@std@@QBAPBUTObjectCell@NewmapCell@@XZ
1,0x148928,?IsSendingHeaders@CNewPlayerUpdateMan@@QAA_NXZ
1,0xc8154,?__uninitialized_copy_aux@std@@YAPAVgarrison@@PAV2@00U__false_type@@@Z
1,0x114f40,??0TPuzzleWindow@@QAA@H@Z
1,0x128db8,?deallocate@?$allocator@PAViconWidget@@@std@@SAXPAPAViconWidget@@I@Z
1,0x12d954,?resize@?$vector@VTSeerHut@@V?$allocator@VTSeerHut@@@std@@@std@@QAAXIABVTSeerHut@@@Z
1,0x18dd34,?_tr_tally@@YAHPAUinternal_state@@II@Z
3,0x2b80,??_C@_0L@GIPN@SMCatx?4def?$AA@
3,0xa73c,??_C@_0L@DAMM@cmeduq?4def?$AA@
3,0xaa74,??_C@_0L@HPDJ@smcata?4def?$AA@
2,0x292c,??_7type_record_show_boat@@6B@
1,0xc79b0,?__copy@std@@YAPAUtype_university@@PAU2@00Urandom_access_iterator_tag@1@PAH@Z
3,0x17ac4,??_C@_0N@MOLH@SlideBuV?4def?$AA@
1,0x1a3f0,?DeactivateCurrHero@advManager@@QAAX_N@Z
1,0xc4688,?uninitialized_fill_n@std@@YAPAVmine@@PAV2@IABV2@@Z
1,0xd8400,?DoModal@THighScoreWindow@@QAAXXZ
1,0x1492f0,??1CEnterNameEdit@@UAA@XZ
1,0xbc500,?DCFileConv@@YA_NPAD@Z
3,0x67a8,??_C@_0N@BHME@SgFrWa32?4pcx?$AA@
2,0x5158,??_7CSaveScreen@@6B@
3,0xb3ec,??_C@_0M@OGKN@Player?5lost?$AA@
1,0x12f018,??0CSpriteWidget@@QAA@HHPAVCSprite@@H@Z
1,0x1639ec,??0TSpreadsheetResource@@QAA@XZ
1,0x163c30,??1TSpreadsheetResource@@UAA@XZ
1,0x16b030,?DoTownKnob@TTownScreenWindow@@QAAX_N@Z
1,0x395c8,?_M_insert_overflow@?$vector@Utype_creature_value@@V?$allocator@Utype_creature_value@@@std@@@std@@IAAXPAUtype_creature_value@@ABU3@I@Z
3,0xa948,??_C@_09KCBO@cbgog?4def?$AA@
1,0x123974,?_Rebalance@?$_Rb_global@_N@std@@SAXPAU_Rb_tree_node_base@2@AAPAU32@@Z
1,0x164b58,?__destroy_aux@std@@YAXPAPAV?$vector@PADV?$allocator@PAD@std@@@1@0U__false_type@@@Z
1,0x386c4,??_Gtype_creature_growth_artifact@@UAAPAXI@Z
1,0x64274,?construct@std@@YAXPAUTObstacle@combatManager@@ABU23@@Z
1,0xe9c5c,?_M_insert_overflow@?$vector@ULODEntry@@V?$allocator@ULODEntry@@@std@@@std@@IAAXPAULODEntry@@ABU3@I@Z
1,0xfb7b0,?distance_type@std@@YAPAHPBVTTimedEvent@@@Z
1,0x143214,?CanChooseTown@TSingleSelectionWindow@@QAA_NH@Z
3,0x671c,??_C@_0N@EIAB@SgFrTpWl?4pcx?$AA@
1,0x87cac,?Reset@wavfile@@AAAXXZ
1,0x8c260,?Put@?$CAutoArray@VCDPlayAddressElement@@@@UAA_NKPAVCDPlayAddressElement@@@Z
1,0xd36e0,?SetSS@hero@@QAAXHH@Z
1,0x27698,?simulate_actions@combatManager@@AAAJAAV?$vector@PAVarmy@@V?$allocator@PAVarmy@@@std@@@std@@JJ@Z
3,0x6290,??_C@_0N@GHHM@SgNcWa42?4pcx?$AA@
2,0x28b4,??_7type_record_player_death@@6B@
1,0x192080,?create_attack_widget@TViewArmyWindow@@AAAXHH@Z
3,0x5f50,??_C@_0N@DHAD@SgTwWa41?4pcx?$AA@
3,0x6468,??_C@_0N@DHKD@SgDnWa32?4pcx?$AA@
3,0x600c,??_C@_0N@GNJG@SgTwTw1C?4pcx?$AA@
1,0x6454c,?destroy@std@@YAXPAUtype_artifact@@0@Z
1,0x140c88,?OnPlayerDroppedMsg@TSingleSelectionWindow@@QAA_NPAVCNetMsg@@@Z
3,0x380cc,?iVWHeroes@@3_NA
2,0xbc8,??_7type_town_threat_checker@@6B@
1,0xe9fc4,?__destroy_aux@std@@YAXPAULODEntry@@0U__false_type@@@Z
3,0x1aaac,??_C@_0L@EBIB@Slayer?4wav?$AA@
1,0x16d0dc,?select_army@townManager@@AAAXPAVstrip@@J_N@Z
1,0xbc1fc,?GetPlayerName@game@@QAAPADH@Z
1,0xd6b2c,??1THillFortWindow@@UAA@XZ
1,0x164dd4,?Main@textWidget@@UAAHAAUmessage@@@Z
3,0x1f868,??_C@_0BM@OPAM@DDERR_INVALIDDIRECTDRAWGUID?$AA@
3,0xf8,__imp__WaitForSingleObject
1,0xfcda8,?__uninitialized_copy_aux@std@@YAPAUTObjectCell@NewmapCell@@PAU23@00U__false_type@@@Z
3,0x1f840,??_C@_0BG@BBPF@DDERR_WASSTILLDRAWING?$AA@
3,0x381a8,?gPlayerPalette@@3PAVTPalette16@@A
1,0x39fb4,?__stl_alloc_rebind@std@@YAAAV?$allocator@UHeroDestination@@@1@AAV21@PBUHeroDestination@@@Z
1,0x535ec,?clear@Bitmap8Bit@@QAAXXZ
3,0x62a0,??_C@_0N@IHBD@SgNcWa41?4pcx?$AA@
1,0x8c70c,?undo@type_event_record@@UAAXXZ
3,0x2b74,??_C@_0L@NHNA@SMBalx?4def?$AA@
3,0x5f40,??_C@_0N@NHGM@SgTwWa42?4pcx?$AA@
3,0x6478,??_C@_0N@NHMM@SgDnWa31?4pcx?$AA@
3,0xa750,??_C@_0L@IEHH@cminot?4def?$AA@
1,0x1201dc,??0?$_STL_alloc_proxy@IPAVCNetMsg@@V?$allocator@PAVCNetMsg@@@std@@@std@@QAA@ABV?$allocator@PAVCNetMsg@@@1@ABI@Z
1,0x12f1f8,?zBufferDraw@CBitmapWidget@@UBAXPAGH@Z
3,0x3520c,?cDifficulty@@3PAPBDA
1,0xbf58c,??0?$_Vector_base@PAVtype_event_record@@V?$allocator@PAVtype_event_record@@@std@@@std@@QAA@ABV?$allocator@PAVtype_event_record@@@1@@Z
3,0x17e44,??_C@_0N@OKKI@SpelTrnR?4pcx?$AA@
3,0x5d5c,??_C@_0N@NIIM@SgRmTpW1?4pcx?$AA@
3,0x635c,??_C@_0N@NNIG@SgNcTw1C?4pcx?$AA@
1,0xc7188,?fill@std@@YAXPAW4TArtifact@@0ABW42@@Z
1,0xe80b4,?InitVideo@@YAXXZ
2,0x4e10,??_7TRecruitQuickWindow@@6B@
3,0x1aa00,??_C@_0N@NCIO@BloodLus?4wav?$AA@
1,0xf6ee4,?erase@?$vector@VTTownEvent@@V?$allocator@VTTownEvent@@@std@@@std@@QAAPAVTTownEvent@@PAV3@0@Z
3,0x6930,??_C@_0M@EFON@ObRgL04?4pcx?$AA@
1,0xf02a4,?readSignData@NewfullMap@@QAAHPAXPAVCObject@@@Z
1,0x1208e0,?distance_type@std@@YAPAHPBQAPAVCNetMsg@@@Z
1,0x3110,?OnEscape@CGameChatEdit@@UAAHUmessage@@@Z
1,0xd5024,?GetManaFrame@hero@@QBAHXZ
3,0x2c80,??_C@_0N@GEJI@artraits?4txt?$AA@
1,0x57a5c,??0textButton@@QAA@XZ
1,0xf9748,?copy@std@@YAPAW4SpellID@@PAW42@00@Z
1,0xf0df4,?readHeroData@NewfullMap@@QAAHPAXPAVCObject@@@Z
3,0x31b78,?SeerNames@@3PAPBDA
1,0x8b098,?SetPlayerName@CDPlay@@UAA_NKPAD0K@Z
3,0x1b438,??_C@_0O@MFPH@Combat?5Window?$AA@
1,0x2a7e4,?get_area_value@type_AI_combat_data@@IBAXAAUtype_spell_choice@@ABV1@JJ@Z
1,0xf91f0,?destroy@std@@YAXPAUSecondarySkillData@@0@Z
1,0xfd1f4,?destroy@std@@YAXPAUSecondarySkillData@@@Z
1,0x11efcc,?SetAbortPopupMsg@CNetMsgHandler@@QAAXPAVCNetMsg@@@Z
1,0xc677c,?__copy_backward@std@@YAPAVtown@@PAV2@00Urandom_access_iterator_tag@1@PAH@Z
1,0x534cc,??0Bitmap8Bit@@QAA@PBD0@Z
3,0x3c5c,??_C@_0M@PCEM@FMBC_en?4pcx?$AA@
1,0x8f524,?push_back@?$vector@PAVtype_event_record@@V?$allocator@PAVtype_event_record@@@std@@@std@@QAAXABQAVtype_event_record@@@Z
1,0xef158,?loadBlackBox@NewfullMap@@QAAHPAXAAVBlackBoxData@@@Z
1,0x122164,?GetSpreadsheet@ResourceManager@@YAPAVTSpreadsheetResource@@PBD@Z
1,0x12932c,?destroy@std@@YAXPAPAVsample@@0@Z
2,0x8530,_IID_IDirectMusicBuffer
1,0x36e28,?get_value@type_tome_artifact@@UBAJPBVhero@@_N1@Z
1,0x57d48,?Main@type_func_button@@UAAHAAUmessage@@@Z
3,0x3ca4,??_C@_0M@ECKL@FMBE_en?4pcx?$AA@
3,0x3c14,??_C@_0M@GCBB@FMBA_en?4pcx?$AA@
1,0x79a84,?StopCursor@advManager@@QAAX_N@Z
1,0x81d8c,??0CTextDialog@@QAA@PBDPAVfont@@I@Z
1,0x9a288,?EventSound@advManager@@QAAXHH@Z
3,0x16580,??_C@_0N@PFIC@puzzlogo?4pcx?$AA@
3,0x16610,??_C@_06DLIA@?$CFdk?5?$CFs?$AA@
1,0x20354,??Y?$basic_string@DU?$char_traits@D@std@@V?$allocator@D@2@@std@@QAAAAV01@ABV01@@Z
2,0x57ac,??_7CSingleSelectionNetMsgHandler@@6B@
3,0x1224,??_C@_0M@IDBM@AdvView?4def?$AA@
3,0x1be68,??_C@_0M@BBHH@TPGateS?4pcx?$AA@
1,0x1a878,?SetHeroContext@advManager@@QAAXHH_N0@Z
1,0x120730,?value_type@std@@YAPAPAVCNetMsg@@ABU?$_Deque_iterator@PAVCNetMsg@@U?$_Nonconst_traits@PAVCNetMsg@@@std@@U?$_Buf_size_traits@PAVCNetMsg@@$0A@@3@@1@@Z
1,0x127404,?DoModal@type_sacrifice_window@@UAAX_N@Z
1,0x5864,?get_black_box@ExtraInfoUnion@@QBAPAVBlackBoxData@@XZ
3,0xa728,??_C@_0L@HAIG@cmedus?4def?$AA@
1,0xbebd0,?resize@?$vector@UTBlackMarket@@V?$allocator@UTBlackMarket@@@std@@@std@@QAAXIABUTBlackMarket@@@Z
1,0x208e4,??0?$_Vector_base@PAVresource@@V?$allocator@PAVresource@@@std@@@std@@QAA@ABV?$allocator@PAVresource@@@1@@Z
2,0xb60,??_7type_spellcaster_artifact@@6B@
1,0x57b5c,??1textButton@@UAA@XZ
1,0x6ba7c,?SelectAttackDir@combatManager@@QAA_NH@Z
1,0x18aef4,?ComputeTradeRatios@TBuyArtifactWindow@@AAAXHHPAH00@Z
2,0x8640,_GUID_DMUS_PROP_SynthSink_DSOUND
3,0x6864,??_C@_0M@LGEF@ObDtL04?4pcx?$AA@
1,0xe9aa0,?deallocate@?$_STL_alloc_proxy@PAULODEntry@@U1@V?$allocator@ULODEntry@@@std@@@std@@QAAXPAULODEntry@@I@Z
1,0xf094c,?readTownData@NewfullMap@@QAAHPAXPAVCObject@@@Z
1,0x28fb0,?__insertion_sort@std@@YAXPAPAVarmy@@0Vfunc_moves_before@@@Z
2,0xce8,??_7baseManager@@6B@
1,0xe3b84,?ShowLuckInfo@game@@QAAXPAVhero@@H@Z
1,0x386c4,??_Etype_creature_growth_artifact@@UAAPAXI@Z
1,0x4db08,?UpdateSplitArmy@TSplitWindow@@QAAX_N@Z
3,0xac5c,??_C@_0N@ODFK@cs_attack_dr?$AA@
1,0xff780,?RGBto16@@YAIHHH@Z
1,0x19c9bc,_qsort
1,0xd4f64,?GetManaCost@hero@@QBAHHPBVarmyGroup@@_N@Z
1,0xdd59c,?CheckRight@inputManager@@QAAHHHHHH_N@Z
1,0x115328,?WindowHandler@TPuzzleWindow@@UAAHAAUmessage@@@Z
3,0x1d21c,??_C@_07CPME@TOTHal3?$AA@
3,0x1e208,??_C@_08OOAC@TBIndw_6?$AA@
1,0x19c74c,__subd
3,0x69d8,??_C@_0M@JLKI@ObSkel1?4def?$AA@
1,0x11fe28,??0?$deque@PAVCNetMsg@@V?$allocator@PAVCNetMsg@@@std@@$0A@@std@@QAA@ABV?$allocator@PAVCNetMsg@@@1@@Z
3,0x1fc00,??_C@_0BN@GPLA@DDERR_DEVICEDOESNTOWNSURFACE?$AA@
3,0x1e3dc,??_C@_08HCBN@TBNcdw_1?$AA@
1,0x741fc,?DrawAdvObjShadow@CSpriteFrame@@QBAXHHHHPAGHHHHHAAVTPalette16@@_N@Z
3,0x1b03c,??_C@_0M@LHNC@c20spx0?4def?$AA@
1,0x4188,?allocate@?$_STL_alloc_proxy@PAHHV?$allocator@H@std@@@std@@QAAPAHI@Z
1,0x35ac8,?hire_heroes@type_AI_player@@QAA_NXZ
1,0x9c78c,?GetArtifactPrice@ExtraInfoUnion@@QBA?AW4ArtifactPrices@@XZ
1,0xfa370,?allocate@?$allocator@VTreasureData@@@std@@QBAPAVTreasureData@@IPBX@Z
3,0x15b5c,??_C@_0M@FAH@OvMines?4def?$AA@
2,0x7f10,_IID_IDirect3DRMMaterial2
3,0x16858,??_C@_0N@JFOA@playexit?4wav?$AA@
1,0x12078c,?__stl_alloc_rebind@std@@YAAAV?$allocator@PAPAVCNetMsg@@@1@AAV?$allocator@PAVCNetMsg@@@1@PBQAPAVCNetMsg@@@Z
1,0x128df0,?_M_insert_aux@?$basic_string@DU?$char_traits@D@std@@V?$allocator@D@2@@std@@AAAPADPADD@Z
3,0x1d1c4,??_C@_07JFGJ@TOTGld1?$AA@
3,0x1c4,__imp__FindNextFileW
1,0x72ea8,?DrawCombatHero@CSprite@@QBAXHHHHHHPAGHHHHH_N@Z
3,0x1d60c,??_C@_07EGBA@TODmag5?$AA@
1,0x66a38,??_Etype_combat_sub_window@@UAAPAXI@Z
1,0x66a38,??_Gtype_combat_sub_window@@UAAPAXI@Z
1,0xbd9a4,?push_back@?$vector@VCObjectType@@V?$allocator@VCObjectType@@@std@@@std@@QAAXABVCObjectType@@@Z
1,0xd4a40,?GetSorceryFactor@hero@@QBAMXZ
1,0xfbc18,??4MonsterData@@QAAAAV0@ABV0@@Z
1,0xf735c,?insert@?$vector@W4SpellID@@V?$allocator@W4SpellID@@@std@@@std@@QAAXPAW4SpellID@@IABW43@@Z
1,0xf575c,??0?$vector@VTSeerHut@@V?$allocator@VTSeerHut@@@std@@@std@@QAA@ABV?$allocator@VTSeerHut@@@1@@Z
1,0x5256c,?GetPitch@Bitmap816@@QBAHXZ
1,0xf4c50,??1MonsterData@@QAA@XZ
1,0x20298,??0CAdvMgrNetMsgHandler@@QAA@XZ
1,0x38fb0,?end@?$vector@UpathCell@@V?$allocator@UpathCell@@@std@@@std@@QAAPAUpathCell@@XZ
1,0x14a6b0,?Draw@slider@@UBAXXZ
3,0x1d058,??_C@_08PCIA@TOCsAng2?$AA@
3,0x1dd4c,??_C@_08LNKN@TBRmext2?$AA@
1,0x56fec,??_ETBottomViewKingdom@@UAAPAXI@Z
1,0x56fec,??_GTBottomViewKingdom@@UAAPAXI@Z
1,0x80194,_BinkSetSoundSystem
3,0xd1dc,?fTradingPostEfficency@@3PAMA
3,0x2c9b8,?giHeroScreenSrcIndex@@3HA
1,0x11fda4,??1CSaveScreen@@UAA@XZ
3,0x1da34,??_C@_08CJKA@TBCsmag2?$AA@
1,0x1204fc,?deallocate@?$_STL_alloc_proxy@IPAVCNetMsg@@V?$allocator@PAVCNetMsg@@@std@@@std@@QAAXPAPAVCNetMsg@@I@Z
1,0x163f18,?resize@?$vector@PADV?$allocator@PAD@std@@@std@@QAAXIABQAD@Z
3,0x1dc98,??_C@_08OANN@TBRmcas2?$AA@
1,0x11fd70,??_ECSaveScreen@@UAAPAXI@Z
1,0x11fd70,??_GCSaveScreen@@UAAPAXI@Z
1,0x123908,??_G?$pair@$$CBVTCacheMapKey@ResourceManager@@PAVresource@@@std@@QAAPAXI@Z
3,0x1d040,??_C@_08LMLA@TOCsMon2?$AA@
1,0x1f10c,?GetHeight@Bitmap16Bit@@QBAHXZ
1,0x122b28,?GetHeight@Bitmap24Bit@@QBAHXZ
1,0x137d28,?GetFileSpecNbr@TSingleSelectionWindow@@QAAHXZ
3,0x35894,?gCampaignRegionNames@@3PAPBDA
1,0x174f60,?ExitTownManager@@YAHAAUmessage@@@Z
1,0x19cba8,_FindClose
1,0xe70ac,??_GsearchArray@@QAAPAXI@Z
3,0x1aac4,??_C@_08JBCE@Fear?4wav?$AA@
1,0x8b6a0,?SetConnectionSettings@CDPlayLobby@@QAA_NKPAUDPLCONNECTION@@@Z
1,0xc16dc,?_M_fill_insert@?$vector@UTRumour@game@@V?$allocator@UTRumour@game@@@std@@@std@@QAAXPAUTRumour@game@@IABU34@@Z
1,0x160ce8,?UpdateSystemOptions@TSystemOptionsWindow@@QAAX_N@Z
1,0x19ceec,_DirectSoundCreate
2,0x8430,_DPAID_LobbyProvider
3,0x160,__imp__DefWindowProcW
1,0x53b0c,??0Bitmap816@@QAA@PBD0HHHHHH@Z
1,0x69c70,?convertID2HelpID@TCombatWindow@@SAHH@Z
3,0xa984,??_C@_0L@OPDB@cbasil?4def?$AA@
1,0xffb40,?DeleteTempSaveGame@@YAXPBD@Z
1,0x169a88,?DoModal@TTownGateWindow@@QAAXXZ
3,0x1e0ac,??_C@_08KDJ@TBIncstl?$AA@
1,0x12886c,?push_back@?$vector@Utype_artifact_offering@@V?$allocator@Utype_artifact_offering@@@std@@@std@@QAAXABUtype_artifact_offering@@@Z
1,0x57e48,??_Etype_func_button@@UAAPAXI@Z
1,0x57e48,??_Gtype_func_button@@UAAPAXI@Z
1,0x88ca0,??0ds_streamsample@@QAA@PAVwavfile@@K@Z
1,0xec1c8,?cell_is_trigger@NewmapCell@@QBA_NXZ
1,0x23450,?ChooseBallistaTarget@combatManager@@QAAHHHH@Z
3,0x3d88,??_C@_0L@HGAB@G2C_se?4pcx?$AA@
3,0x3d40,??_C@_0L@OGFM@G2A_se?4pcx?$AA@
1,0x61284,?ShotIsNotOptimal@combatManager@@QBA_NPBVarmy@@0@Z
3,0x1daf4,??_C@_08HBPD@TBCsspec?$AA@
1,0x86ea0,?SpellEffect@combatManager@@QAAXHPAVarmy@@H_N@Z
1,0x27cfc,?get_AI_target@army@@QBAPBV1@XZ
1,0x5a308,?DoModal@TCampaignBrief@@QAAXXZ
1,0x2110c,?uninitialized_fill_n@std@@YAPAUtype_dialog_resource@@PAU2@IABU2@@Z
1,0x609d0,?PlaceObstacle@combatManager@@QAAXABUTObstacle@1@HHI@Z
1,0xf4a50,??0MonsterData@@QAA@XZ
1,0x12d8e4,?load@TSeerHut@@AAAHPAX@Z
3,0x1a898,??_C@_0L@MDFC@IceRay?4wav?$AA@
1,0x28248,??0?$vector@JV?$allocator@J@std@@@std@@QAA@ABV?$allocator@J@1@@Z
1,0x57eb4,??0?$vector@HV?$allocator@H@std@@@std@@QAA@ABV?$allocator@H@1@@Z
3,0x22080,?blue_mask@Bitmap16Bit@@2IA
3,0x1e52c,??_C@_08EIP@TBDnsilo?$AA@
1,0xbea50,??0?$_Vector_base@Utype_point@@V?$allocator@Utype_point@@@std@@@std@@QAA@ABV?$allocator@Utype_point@@@1@@Z
1,0x2912c,?_M_set_node@?$_Deque_iterator_base@W4SpellID@@U?$_Buf_size_traits@W4SpellID@@$0A@@std@@@std@@QAAXPAPAW4SpellID@@@Z
1,0xe6fbc,??0CPlayerLostMsg@@QAA@HAAULossConditionStruct@@@Z
1,0x12bc3c,?enter_trigger@searchArray@@AAA_NPBVhero@@AAUpathCell@@JW4type_search_type@@@Z
1,0x161ae4,?InitializeHelpText@@YA_NXZ
1,0xa6328,?ComputeUALoc@@YAXH@Z
1,0x157828,?SpellCastWorks@combatManager@@QBA_NHHPBVarmy@@_N1@Z
1,0x1618bc,?InitializeHallText@@YA_NXZ
1,0x161a04,?InitializeHeroText@@YA_NXZ
2,0x6a40,??_7TShipWindow@@6B@
1,0x3a904,?__uninitialized_copy@std@@YAPAPAUpathCell@@PAPAU2@000@Z
3,0x40c4,??_C@_09KID@E1_bg?4pcx?$AA@
3,0x167d8,??_C@_0BJ@MHKL@DPlay?5Receive?5error?5?$FL?$CFs?$FN?$AA@
3,0x1dba8,??_C@_08OBNA@TBCsdw_2?$AA@
1,0x849c4,?UpdateMouseGrid@combatManager@@QAAXHAAV?$vector@JV?$allocator@J@std@@@std@@@Z
1,0xf74b4,??0?$_STL_alloc_proxy@PAVCObject@@V1@V?$allocator@VCObject@@@std@@@std@@QAA@ABV?$allocator@VCObject@@@1@ABQAVCObject@@@Z
1,0x10fd78,?AI_get_spell_value@@YAJPBVhero@@W4SpellID@@@Z
1,0x103fb4,?GetSideDesc@game@@QAAHPADHH@Z
1,0x165ea0,?ApplySpecialBuildingEffect@town@@QAAXPAVhero@@@Z
2,0x86c0,_GUID_DMUS_PROP_Effects
1,0x192160,?create_defense_widget@TViewArmyWindow@@AAAXHH@Z
3,0x228,__imp__timeGetTime
1,0x1c64c,?SeedTo@advManager@@QAAXUtype_point@@@Z
1,0x2cdb0,?__uninitialized_copy@std@@YAPAUtype_monster_data@@PBU2@0PAU2@1@Z
1,0xe70a0,?enable@CTimer@@QAAXXZ
1,0x121d90,?GetPalette@ResourceManager@@YAPAVTPalette16@@PBD_N@Z
1,0xc84c4,??4?$vector@W4TArtifact@@V?$allocator@W4TArtifact@@@std@@@std@@QAAAAV01@ABV01@@Z
3,0x111d0,??_C@_0N@FELK@HPL022Rn?4PCX?$AA@
3,0x13588,??_C@_0CE@MFNM@incomplete?5dynamic?5bit?5lengths?5t@
1,0xbe9d8,?end@?$vector@VCObjectType@@V?$allocator@VCObjectType@@@std@@@std@@QAAPAVCObjectType@@XZ
1,0x7483c,??1CSpriteFrame@@UAA@XZ
3,0x1d0dc,??_C@_06PJFB@TOraid?$AA@
3,0x1e2bc,??_C@_08MDMD@TBNccstl?$AA@
1,0x10e4,?UpdateHeroLocators@TAdventureMapWindow@@QAAXH_N0@Z
1,0x48454,?get_total_hit_points@army@@QBAJ_N@Z
1,0xc4c34,?uninitialized_copy@std@@YAPAUtype_university@@PAU2@00@Z
3,0x114a0,??_C@_0N@EBCM@HPS045Wz?4PCX?$AA@
3,0x11490,??_C@_0N@ECMA@HPL044Wz?4PCX?$AA@
1,0x17b154,?DoTownTavern@townManager@@QAAXXZ
3,0x117e0,??_C@_0N@GFJL@HPS071Dk?4PCX?$AA@
3,0x117d0,??_C@_0N@GGHH@HPL070Dk?4PCX?$AA@
1,0x149124,??0CEnterNameEdit@@QAA@HHHHHPAD0HW4EJustify@font@@0HHHHHH@Z
1,0x8c9ec,?undo@type_record_move_hero@@UAAXXZ
3,0x11de0,??_C@_0N@BNCG@HPS119Bs?4PCX?$AA@
3,0x11dd0,??_C@_0N@BOMK@HPL118Bs?4PCX?$AA@
1,0x84248,?ScrollTo@combatManager@@QAA_NHHHH_N00@Z
3,0x10fe0,??_C@_0N@BPPO@HPS007Kn?4PCX?$AA@
3,0x13784,?giTestBlit@@3HA
1,0xee090,?loadTreasureList@NewfullMap@@QAAHPAX@Z
1,0xedf80,?saveTreasureList@NewfullMap@@QAAHPAX@Z
3,0x1cd18,??_C@_0L@IDNK@PRBlue?4pcx?$AA@
1,0x1fad8,?get_windmill_amount@ExtraInfoUnion@@QBAFXZ
3,0x13cec,??_C@_0N@LELG@lvlupbkg?4pcx?$AA@
3,0x1eaa8,??_C@_09PLIK@CstleTown?$AA@
2,0x7960,_DDVPTYPE_E_HREFH_VREFH
2,0x7970,_DDVPTYPE_E_HREFH_VREFL
3,0x1d458,??_C@_07ECBG@TOidmn2?$AA@
3,0x1e100,??_C@_08FIBI@TBInmark?$AA@
1,0x9cfd8,?begin@?$vector@W4SpellID@@V?$allocator@W4SpellID@@@std@@@std@@QAAPAW4SpellID@@XZ
3,0x10f30,??_C@_0N@NFPK@HPL001Kn?4PCX?$AA@
3,0x10f00,??_C@_0N@NGBG@HPS000Kn?4PCX?$AA@
1,0x37e28,??Mtype_creature_value@@QBA_NABU0@@Z
1,0x37e34,??Otype_creature_value@@QBA_NABU0@@Z
1,0x87d10,?Open@wavfile@@QAA_NPADK@Z
1,0xbf664,??1?$_Vector_base@Vhero@@V?$allocator@Vhero@@@std@@@std@@QAA@XZ
1,0x14c8d4,?Open@TSpellbookWindow@@UAAHH_N@Z
1,0x72430,?AddFrame@CSprite@@QAAHHPBDHHPAEHW4TEncodingMethod@@HHHH@Z
3,0x11370,??_C@_0N@HBNE@HPL035Al?4PCX?$AA@
3,0x11340,??_C@_0N@HCDI@HPS034Al?4PCX?$AA@
1,0x4974,?_M_construct_null_aux@?$basic_string@DU?$char_traits@D@std@@V?$allocator@D@2@@std@@AAAXPADU__true_type@@@Z
1,0x289c8,??1?$_STL_alloc_proxy@IW4SpellID@@V?$allocator@W4SpellID@@@std@@@std@@QAA@XZ
1,0xbd770,??0?$_Bit_iter@U_Bit_reference@std@@PAU12@@std@@QAA@ABU01@@Z
3,0x11ea0,??_C@_0N@HBJM@HPS125Wh?4PCX?$AA@
3,0x11e90,??_C@_0N@HCHA@HPL124Wh?4PCX?$AA@
3,0x11d80,??_C@_0N@KAGD@HPS116Bs?4PCX?$AA@
3,0x34f50,?gBorderGuardColors@@3PAPBDA
1,0xc2f6c,?resize@?$vector@Vgenerator@@V?$allocator@Vgenerator@@@std@@@std@@QAAXI@Z
3,0x11630,??_C@_0N@PPBN@HPL057Dm?4PCX?$AA@
3,0x357dc,?SecondarySkillLevelNames@@3PBVTTextResource@@B
1,0x5429c,?ResetPalette@Bitmap816@@QAAXXZ
1,0x74600,??0CSpriteFrame@@AAA@XZ
1,0xbfecc,?erase@?$vector@UTRumour@game@@V?$allocator@UTRumour@game@@@std@@@std@@QAAPAUTRumour@game@@PAU34@0@Z
2,0x68bc,??_7CTownNetMsgHandler@@6B@
1,0x128808,??A?$vector@Utype_artifact_offering@@V?$allocator@Utype_artifact_offering@@@std@@@std@@QAAAAUtype_artifact_offering@@I@Z
1,0x163d94,?end@?$vector@PADV?$allocator@PAD@std@@@std@@QAAPAPADXZ
3,0x1e7f0,??_C@_08IOAG@TBStdw_0?$AA@
1,0x8929c,?ClearChannels@ds_engine@@QAA_NXZ
3,0x1f8f4,??_C@_0BF@MBHN@DDERR_REGIONTOOSMALL?$AA@
1,0x101058,?OnHost@TMultiPlayerWindow@@QAA_NXZ
3,0x1d778,??_C@_06NGCP@TOSCa2?$AA@
1,0x40bb8,?consider_single_enchantment@type_AI_spellcaster@@IBAXAAUtype_spell_choice@@J@Z
3,0x2b108,?g_hwndDirectInput@@3PAXA
1,0xbe748,??0?$vector@Vhero@@V?$allocator@Vhero@@@std@@@std@@QAA@ABV?$allocator@Vhero@@@1@@Z
1,0x365c,?size@?$vector@HV?$allocator@H@std@@@std@@QBAIXZ
1,0x2821c,?size@?$vector@JV?$allocator@J@std@@@std@@QBAIXZ
1,0x3bb6c,?__make_heap@std@@YAXPAUtype_creature_value@@00PAH@Z
1,0xc24e8,?destroy@std@@YAXPAUtype_university@@0@Z
3,0xab1c,??_C@_07NFDF@tileset?$AA@
1,0x122928,?GetFromCache@ResourceManager@@YAPAVresource@@PBD@Z
1,0x18f2f8,?update_skill_button@type_university_window@@IAAXAAUtype_university_skill@@@Z
3,0x111a0,??_C@_0N@KHN@HPS021Rn?4PCX?$AA@
3,0x11f98,??_C@_0M@CHLD@aphlf4y?4def?$AA@
1,0x161068,?InitializeMineEventText@@YA_NXZ
3,0x1e9f4,??_C@_08IHEP@TBFrext5?$AA@
1,0x64014,?_M_erase@?$_Rb_tree@W4SpellID@@W41@U?$_Identity@W4SpellID@@@std@@U?$less@W4SpellID@@@3@V?$allocator@W4SpellID@@@3@@std@@AAAXPAU?$_Rb_tree_node@W4SpellID@@@2@@Z
1,0xf6680,?end@?$vector@PAVCSprite@@V?$allocator@PAVCSprite@@@std@@@std@@QAAPAPAVCSprite@@XZ
1,0x128d1c,?deallocate@?$_STL_alloc_proxy@PAPAViconWidget@@PAV1@V?$allocator@PAViconWidget@@@std@@@std@@QAAXPAPAViconWidget@@I@Z
1,0x12f1fc,?Draw@CBitmapWidget@@UBAXXZ
1,0x162308,?InitializeArrayText@@YA_NXZ
3,0x3d94,??_C@_0L@GNGD@G2C_co?4pcx?$AA@
3,0x1cd30,??_C@_0M@BOPM@PRGreen?4pcx?$AA@
3,0x1ec84,??_C@_0N@GDO@garrison?4pcx?$AA@
3,0x1f4f8,??_C@_0BK@PEEB@DDERR_NODIRECTDRAWSUPPORT?$AA@
1,0x20994,?begin@?$vector@Utype_creature_bank@@V?$allocator@Utype_creature_bank@@@std@@@std@@QAAPAUtype_creature_bank@@XZ
1,0x28a5c,?allocate@?$allocator@PAVarmy@@@std@@QBAPAPAVarmy@@IPBX@Z
3,0x3d4c,??_C@_0L@PNDO@G2A_co?4pcx?$AA@
1,0x72e20,?DrawHeroAlpha@CSprite@@QBAXHHHHHHPAGHHHHH_N@Z
1,0xf6024,?end@?$vector@USecondarySkillData@@V?$allocator@USecondarySkillData@@@std@@@std@@QAAPAUSecondarySkillData@@XZ
1,0x1438b8,?UpdateNames@TSingleSelectionWindow@@QAAXXZ
1,0xc7f28,?__uninitialized_copy_aux@std@@YAPAUTBlackMarket@@PAU2@00U__false_type@@@Z
3,0x1377c,?giTestDecomp@@3HA
1,0x1649dc,?distance_type@std@@YAPAHPBQAD@Z
1,0x198d5c,?RobAppBlit@@YAXPAUtagRECT@@@Z
3,0xae44,?g_pdidevice2Joystick@@3PAUIDirectInputDevice2W@@A
1,0xfaf10,?copy_backward@std@@YAPAVTTimedEvent@@PAV2@00@Z
1,0x9d320,?begin@?$vector@VTreasureData@@V?$allocator@VTreasureData@@@std@@@std@@QAAPAVTreasureData@@XZ
3,0x1f414,??_C@_0BE@OBBL@DDERR_INVALIDPARAMS?$AA@
1,0x9d348,?begin@?$vector@V?$basic_string@DU?$char_traits@D@std@@V?$allocator@D@2@@std@@V?$allocator@V?$basic_string@DU?$char_traits@D@std@@V?$allocator@D@2@@std@@@2@@std@@QAAPAV?$basic_string@DU?$char_traits@D@std@@V?$allocator@D@2@@2@XZ
3,0x1d1ec,??_C@_06LMAG@TOTTav?$AA@
1,0x164c14,??0textWidget@@QAA@XZ
1,0x206f4,?push_back@?$vector@Utype_dialog_resource@@V?$allocator@Utype_dialog_resource@@@std@@@std@@QAAXABUtype_dialog_resource@@@Z
1,0x3a6dc,?__destroy_aux@std@@YAXPAJU__true_type@@@Z
1,0x330c,?SendChat@CAdventurMapChatEdit@@UAAXPBDH@Z
1,0x281b4,?push_back@?$vector@PAVarmy@@V?$allocator@PAVarmy@@@std@@@std@@QAAXABQAVarmy@@@Z
1,0x8fa44,?copy@std@@YAPAPAVtype_event_record@@PAPAV2@00@Z
1,0xdf1dc,?IncProgressBar@@YAX_N@Z
2,0xb58,??_7type_movement_artifact@@6B@
3,0x5af4,??_C@_08MFBJ@CH08?4DEF?$AA@
1,0xe98fc,?clear@?$vector@ULODEntry@@V?$allocator@ULODEntry@@@std@@@std@@QAAXXZ
1,0xebdbc,?Save@TTownEvent@@QAAHPAX@Z
1,0x11d1ec,??0CAnimatedDlg@@QAA@XZ
2,0x8b30,_IID_IDirectMusicSegment2
3,0x78,__imp__abs
3,0x138,__imp__free
1,0x4c968,?Include@SLimitData@@QAAXABU1@@Z
1,0x89454,?GetSample@ds_engine@@QAAPAVds_memsample@@PBD@Z
1,0x12039c,?destroy@std@@YAXU?$_Deque_iterator@PAVCNetMsg@@U?$_Nonconst_traits@PAVCNetMsg@@@std@@U?$_Buf_size_traits@PAVCNetMsg@@$0A@@3@@1@0@Z
3,0x7004,??_C@_0L@IFPK@CCrPop?4pcx?$AA@
3,0x12430,??_C@_0BA@FKCH@need?5dictionary?$AA@
3,0x2e3c0,?gpHighScoreManager@@3PAVhighScoreManager@@A
1,0xfb368,?__copy@std@@YAPAUSecondarySkillData@@PAU2@00Urandom_access_iterator_tag@1@PAH@Z
2,0x8320,_GUID_SawtoothDown
1,0x64eec,??1type_combat_sub_window@@UAA@XZ
1,0x77664,?DrawSpellEffect@CSpriteFrame@@QBAXHHHHPAGHHHHHAAVTPalette16@@_N2@Z
1,0xc7610,?__destroy_aux@std@@YAXPAVmine@@0U__false_type@@@Z
1,0xd9464,??1iconWidget@@UAA@XZ
3,0x2bec,??_C@_0L@GCNB@CSGRCK?4DEF?$AA@
3,0x3f74,??_C@_0L@FHML@E2D_en?4pcx?$AA@
3,0x3f50,??_C@_0L@OHCM@E2B_en?4pcx?$AA@
1,0xe7204,??1advManager@@QAA@XZ
1,0x10051c,?GoMainMenu@TMultiPlayerWindow@@QAAXXZ
3,0x1b3e4,??_C@_0BG@CFGO@Multiplayer?5Selection?$AA@
3,0x1e328,??_C@_08JKGD@TBNcblak?$AA@
3,0xa3b8,??_C@_0L@PMJC@csgole?4def?$AA@
1,0x107a90,?ProcessIconSelect@game@@QAAHH_N@Z
2,0x4ed4,??_7CGameTransferDlg@@6B@
1,0x46050,?do_multi_head_attack@army@@QAAXIPAH0PAJ@Z
1,0x8bf3c,?SysMsgSetSessionDesc@CDPlay@@MAA_NPAUDPMSG_SETSESSIONDESC@@K@Z
1,0xbd84c,??G?$_Bit_iter@_NPB_N@std@@QBAHABU01@@Z
3,0xcba0,?gMineCharacteristics@@3PAHA
3,0x1b174,?lastFXvol@@3_NA
1,0x59300,?ExtractCampaignMap@@YAXAAH_N1@Z
1,0x14727c,?GetDateTime@@YAXXZ
1,0x164d24,??1textWidget@@UAA@XZ
1,0x2aa7c,?cast_damage_spell@type_AI_combat_data@@IBAXAAUtype_spell_choice@@AAV1@@Z
1,0x8f9b0,?destroy@std@@YAXPAUtype_shroud_change@type_record_shroud@@0@Z
3,0x1e88c,??_C@_08LPGG@TBStup_6?$AA@
2,0x8300,_GUID_Triangle
1,0x2cbec,?uninitialized_copy@std@@YAPAUtype_monster_data@@PAU2@00@Z
1,0x4d26c,?copy_backward@std@@YA?AU?$_Deque_iterator@W4SpellID@@U?$_Nonconst_traits@W4SpellID@@@std@@U?$_Buf_size_traits@W4SpellID@@$0A@@3@@1@U21@00@Z
1,0xd60d4,??0TAutoStrPtr@?%E:\gamedcs\herodefs.cpp483311085@@QAA@XZ
1,0x120620,?_M_reallocate_map@?$deque@PAVCNetMsg@@V?$allocator@PAVCNetMsg@@@std@@$0A@@std@@IAAXI_N@Z
3,0x3c80,??_C@_0M@KIF@FMBD_en?4pcx?$AA@
3,0x6ed8,??_C@_0M@FOC@CmBkRgh?4pcx?$AA@
1,0x8b950,?CreateTCPIPConnection@CDPlayLobby@@QAAPAVCDPlayConnection@@PAD0PAV2@@Z
1,0x4f5ec,?merge_armies@armyGroup@@QAAXAAV1@@Z
1,0xf9568,?construct@std@@YAXPAVTTownEvent@@ABV2@@Z
3,0x1f28c,?MouseSurface@@3PAUIDirectDrawSurface4@@A
1,0x8af48,?SysMsgCreatePlayerOrGroup@CDPlay@@MAA_NPAUDPMSG_CREATEPLAYERORGROUP@@K@Z
1,0xe5fbc,?NormalDialog@@YAXPBDHHHHHHHHHHH@Z
3,0x30bc,??_C@_09JMMK@EvilTheme?$AA@
1,0x14dc6c,?__uninitialized_fill_n_aux@std@@YAPAVTSpellbookEntry@TSpellbookWindow@@PAV23@IABV23@U__false_type@@@Z
1,0xc6324,?value_type@std@@YAPAPAVCSprite@@PBQAV2@@Z
1,0x11d250,??1CAnimatedDlg@@UAA@XZ
1,0x20518,??A?$vector@Vmine@@V?$allocator@Vmine@@@std@@@std@@QAAAAVmine@@I@Z
1,0x264fc,?should_stay_in_castle@combatManager@@AAA_NAAVtype_AI_combat_parameters@@@Z
1,0xbd3d0,??0CDestroyPlayerMsg@@QAA@K@Z
1,0x18e3b4,??1TFileVersionInfo@@QAA@XZ
1,0xbff14,??0?$_STL_alloc_proxy@PAUTRumour@game@@U12@V?$allocator@UTRumour@game@@@std@@@std@@QAA@ABV?$allocator@UTRumour@game@@@1@ABQAUTRumour@game@@@Z
3,0x12404,??_C@_0BE@FAJE@invalid?5window?5size?$AA@
1,0x29470,?copy_backward@std@@YAPAPAVarmy@@PAPAV2@00@Z
1,0x66f4,??0advManager@@QAA@XZ
1,0xfd318,?__uninitialized_copy_aux@std@@YAPAW4SpellID@@PBW42@0PAW42@U__false_type@@@Z
3,0x3f5c,??_C@_0L@CBKL@E2B_se?4pcx?$AA@
3,0x3f80,??_C@_0L@JBEM@E2D_se?4pcx?$AA@
2,0x4f08,??_7?$CAutoArray@VCDPlayPlayer@@@@6B@
3,0x1d4c4,??_C@_07JHDP@TONCas3?$AA@
1,0x27e8c,?get_artifact@hero@@QBAABUtype_artifact@@W4TArtifactSlot@@@Z
3,0x3da0,??_C@_0L@EIEP@G2D_en?4pcx?$AA@
3,0x7140,?combatMusicFile@@3PAPADA
1,0x8d2bc,?load@type_record_erase@@UAA_NPAX@Z
1,0xc64dc,?__uninitialized_fill_n@std@@YAPAUTBlackMarket@@PAU2@IABU2@0@Z
1,0xcd86c,?get_rollover_text@type_artifact@@QBAXPAD@Z
1,0x12cd28,?InitializeSeerHutText@@YA_NXZ
1,0x1425f0,?SendPlayerFaces@TSingleSelectionWindow@@QAAXXZ
1,0x14acc8,?DeleteSoundHeaders@@YAXXZ
3,0x3d58,??_C@_0L@PIKI@G2B_en?4pcx?$AA@
1,0x6ad34,?__destroy_aux@std@@YAXPAPAV?$basic_string@DU?$char_traits@D@std@@V?$allocator@D@2@@1@U__false_type@@@Z
3,0xb788,??_C@_0L@NGLI@Dragon?4wav?$AA@
1,0xd92fc,??0iconWidget@@QAA@XZ
1,0xbe080,??0?$vector@Vmine@@V?$allocator@Vmine@@@std@@@std@@QAA@ABV?$allocator@Vmine@@@1@@Z
3,0xdd50,??_C@_0N@FCPB@HeroSpec?4txt?$AA@
3,0x139d4,??_C@_0M@FPCO@HiScore?4fnt?$AA@
1,0x71f10,?get@TAutoStrPtr@?%E:\gamedcs\creaturetype.cpp576214307@@QBAPADXZ
1,0x82d14,?WindowHandler@TSkuttleBoatWindow@@UAAHAAUmessage@@@Z
1,0xf7544,??0?$_STL_alloc_proxy@PAVTreasureData@@V1@V?$allocator@VTreasureData@@@std@@@std@@QAA@ABV?$allocator@VTreasureData@@@1@ABQAVTreasureData@@@Z
1,0x190340,?IsTownCaptureTarget@VictoryConditionStruct@@QAA_NPAVtown@@@Z
1,0x3adec,?__uninitialized_fill_n@std@@YAPAPAVtype_artifact_effect@@PAPAV2@IABQAV2@0@Z
1,0x8b0d8,?GetPlayerName@CDPlay@@UAA_NKPADH0H@Z
1,0x925fc,?DoEventCreatureBank@advManager@@AAAXPAVhero@@PAVNewmapCell@@Utype_point@@_N@Z
1,0x80210,_deflateInit2_@32
3,0xd28c,?caligFont@@3PAVfont@@A
1,0x1037f8,?pick_prev_alignment@@YA?AW4TTownType@@EW41@@Z
3,0x1d7ac,??_C@_08EJKN@TOSHal4a?$AA@
3,0x1cecc,??_C@_08IDOA@TOCsM401?$AA@
1,0x4850,?__uninitialized_copy_aux@std@@YAPAPAVwidget@@PAPAV2@00U__false_type@@@Z
1,0x3f70,?construct@std@@YAXPAHABH@Z
1,0x1e360,?PuzzleDraw@advManager@@QAAXHHHHH@Z
1,0x40ac0,?get_hypnotize_value@type_AI_spellcaster@@IBAJPBVarmy@@Utype_enchant_data@@@Z
1,0x10ccdc,?GetAdjacentCellIndexNoArmy@@YAHHH@Z
3,0x169e0,??_C@_0BE@PHED@We?5are?5the?5host?4?4?4?4?$AA@
1,0x16367c,?SetAutoDraw@textEntryWidget@@UAAX_N@Z
2,0xe3c,??_7TBottomViewHero@@6B@
3,0xb348,??_C@_0M@DLBL@No?5messages?$AA@
1,0xd4b50,?GetMobility@hero@@QBAH_N@Z
1,0x209c4,?erase@?$vector@PAUpathCell@@V?$allocator@PAUpathCell@@@std@@@std@@QAAPAPAUpathCell@@PAPAU3@0@Z
1,0x7ec4c,?DIEnumDeviceObjectsProc@@YAHPBUDIDEVICEOBJECTINSTANCEW@@PAX@Z
1,0x1283ac,?exit_click@type_skeleton_window@@CAHAAUmessage@@@Z
2,0x56a8,??_7CTownDlg@@6B@
1,0x147f28,??0CClickMsg@@QAA@H@Z
1,0x6a590,?UpdateScreen@CCombatChatEdit@@UAAXXZ
1,0x11ff9c,?Add@?$CAutoArray@VCDPlayPlayer@@@@UAA_NPAVCDPlayPlayer@@@Z
2,0x7980,_DDVPTYPE_E_HREFL_VREFH
2,0x7990,_DDVPTYPE_E_HREFL_VREFL
1,0x11d8ec,?DestroyMsg@@YAXPAVCNetMsg@@@Z
1,0x11dbbc,?LobbyLaunchConnect@@YA_NXZ
3,0x3f68,??_C@_0L@DKMJ@E2B_co?4pcx?$AA@
3,0x3f8c,??_C@_0L@IKCO@E2D_co?4pcx?$AA@
1,0x6ab5c,?uninitialized_fill_n@std@@YAPAPAV?$basic_string@DU?$char_traits@D@std@@V?$allocator@D@2@@1@PAPAV21@IABQAV21@@Z
3,0xa1c4,??_C@_0L@ENPH@ccrusd?4def?$AA@
3,0xa41c,??_C@_0L@OKAO@csulta?4def?$AA@
3,0x16b78,??_C@_0BL@MANG@OnPlayerDropUpdateMsg?5?$CI?$CFd?$CJ?$AA@
1,0x37194,?AI_get_value_of_artifact@@YAJUtype_artifact@@PBVhero@@_N2@Z
3,0x2eec,??_C@_0N@BOJK@HourGlas?4def?$AA@
1,0x10bfd4,?AdjustHSV@TPalette24@@QAAXMMMM@Z
1,0x2813c,?begin@?$vector@PAVarmy@@V?$allocator@PAVarmy@@@std@@@std@@QAAPAPAVarmy@@XZ
1,0x139ca4,?GetLCText@@YAXPAULossConditionStruct@@PAD@Z
3,0x1df2c,??_C@_08EHOD@TBTwhrd2?$AA@
1,0x196228,?update_view_world@TViewWorldWindow@@AAAXAAUmessage@@@Z
1,0x28c0,?DoHeroKnob@TAdvMenu@@QAAX_N@Z
1,0x8fecc,?__destroy_aux@std@@YAXPAPAVtype_event_record@@0U__false_type@@@Z
3,0x1e55c,??_C@_08LOLL@TBDnhrd2?$AA@
1,0xc8d00,?__destroy_aux@std@@YAXPAVtown@@U__false_type@@@Z
1,0xe1e58,?handle_click@type_normal_dialog_frame@@UAA_N_N0@Z
1,0x122434,?GetBackdrop@ResourceManager@@YAXPBDPAVBitmap16Bit@@@Z
3,0x31a50,?SCREEN_HEIGHT@@3FA
3,0x1aa80,??_C@_0M@GOCM@Misfort?4wav?$AA@
1,0x10f0,?UpdateTownLocator@TAdventureMapWindow@@QAAXH_N0@Z
1,0x3b9f4,?__adjust_heap@std@@YAXPAUtype_creature_value@@HHU2@U?$greater@Utype_creature_value@@@1@@Z
1,0x808c0,_deflateEnd@4
1,0xbce54,??0Sign@@QAA@XZ
1,0xbe808,??1Sign@@QAA@XZ
1,0xdb4cc,_inflateEnd@4
1,0x39cec,?construct@std@@YAXPAUpathCell@@ABU2@@Z
1,0x38804,?clear@?$vector@Utype_creature_source@@V?$allocator@Utype_creature_source@@@std@@@std@@QAAXXZ
1,0x4d574,?find@std@@YA?AU?$_Deque_iterator@W4SpellID@@U?$_Nonconst_traits@W4SpellID@@@std@@U?$_Buf_size_traits@W4SpellID@@$0A@@3@@1@U21@0ABW4SpellID@@Uinput_iterator_tag@1@@Z
1,0x11ca70,?ClearChat@CChatManager@@QAAXXZ
3,0x1d19c,??_C@_08OLOF@TOrpeg2a?$AA@
1,0x732ec,?GetSpriteType@CSprite@@SAHPBD@Z
3,0x1b1ec,??_C@_0M@MKOP@sysopb5?4def?$AA@
3,0xb428,??_C@_0BB@DGNF@Invalid?5password?$AA@
1,0xc2aa4,?__stl_alloc_rebind@std@@YAAAV?$allocator@UTRumour@game@@@1@AAV21@PBUTRumour@game@@@Z
3,0x1dc14,??_C@_08NALA@TBCsup_4?$AA@
1,0xa209c,?DrawString@font@@QAAXPBDPAVBitmap16Bit@@HHW4TColor@1@@Z
3,0x17080,?fileDirs@@3PAPAGA
1,0x152edc,?ValidSpellTarget@combatManager@@QAA_NW4SpellID@@W4TSkillMastery@@HH_N2@Z
1,0x67b14,?HighlightMouseShadow@TCombatOptionsWindow@@AAAXXZ
1,0x69f24,?scroll_rollover@TCombatWindow@@QAAXJ@Z
1,0x9d3d8,??1?$_STL_alloc_proxy@PAV?$basic_string@DU?$char_traits@D@std@@V?$allocator@D@2@@std@@V12@V?$allocator@V?$basic_string@DU?$char_traits@D@std@@V?$allocator@D@2@@std@@@2@@std@@QAA@XZ
1,0xbcf00,?Reset@SavedGameHeader@@QAAXXZ
1,0x14d4e0,??0?$allocator@VTSpellbookEntry@TSpellbookWindow@@@std@@QAA@XZ
1,0x14d4e4,??1?$allocator@VTSpellbookEntry@TSpellbookWindow@@@std@@QAA@XZ
2,0x562c,??_7CSingleSelPopup@@6B@
1,0x6a794,?push_back@?$vector@PAV?$basic_string@DU?$char_traits@D@std@@V?$allocator@D@2@@std@@V?$allocator@PAV?$basic_string@DU?$char_traits@D@std@@V?$allocator@D@2@@std@@@2@@std@@QAAXABQAV?$basic_string@DU?$char_traits@D@std@@V?$allocator@D@2@@2@@Z
3,0x13a08,??_C@_0N@IPOP@HALLCSTL?4def?$AA@
1,0x11238,?hasFlag@@YA_NH@Z
1,0x508c4,??1TAutoStrPtr@?%E:\gamedcs\artifact.cpp2645527351@@QAA@XZ
3,0x1d878,??_C@_07HIHP@TOSRoc2?$AA@
3,0x380ac,?eVWLevel@@3W4TSkillMastery@@A
1,0xfa1b4,?allocate@?$_STL_alloc_proxy@PAVTTownEvent@@V1@V?$allocator@VTTownEvent@@@std@@@std@@QAAPAVTTownEvent@@I@Z
1,0xf6dac,?resize@?$vector@VTTimedEvent@@V?$allocator@VTTimedEvent@@@std@@@std@@QAAXIABVTTimedEvent@@@Z
1,0x38a8,?begin@?$vector@VTSeerHut@@V?$allocator@VTSeerHut@@@std@@@std@@QAAPAVTSeerHut@@XZ
1,0x9c554,?ReceiveHeroTownData@advManager@@QAAXPAVCCombatInitMsg@@PAHAAUtype_point@@PAPAVhero@@PAPAVarmyGroup@@1PAPAVtown@@341PACPA_N7@Z
1,0xcc708,?ViewStat@hero@@QAAXHH@Z
3,0x1f634,??_C@_0BD@HDLA@DDERR_NOZOVERLAYHW?$AA@
1,0x87438,?DrawCreatureAlpha@CSprite@@QBAXHHHHHHPAVBitmap16Bit@@HH_NG@Z
1,0xf7794,?deallocate@?$_STL_alloc_proxy@PAVTTownEvent@@V1@V?$allocator@VTTownEvent@@@std@@@std@@QAAXPAVTTownEvent@@I@Z
1,0x1246b8,?create_artifact_widgets@type_sacrifice_window@@AAAXAAJH@Z
1,0x38ff0,??0?$_Vector_base@UpathCell@@V?$allocator@UpathCell@@@std@@@std@@QAA@ABV?$allocator@UpathCell@@@1@@Z
1,0x8c068,?Destroy@?$CAutoArray@VCDPlayPlayer@@@@QAAX_N@Z
1,0x179e74,?SetupMage@townManager@@QAAXPAVheroWindow@@@Z
2,0xbc0,??_7type_scouting_artifact@@6B@
1,0xbf744,??1?$_STL_alloc_proxy@PAUSign@@U1@V?$allocator@USign@@@std@@@std@@QAA@XZ
3,0x33af4,?cRumourTerrainDescriptions@@3PAPBDA
1,0xfe508,?fill@std@@YAXPAI0ABH@Z
1,0x643d4,?deallocate@?$_STL_alloc_proxy@PAUtype_artifact@@U1@V?$allocator@Utype_artifact@@@std@@@std@@QAAXPAUtype_artifact@@I@Z
3,0x1be48,??_C@_03CPCE@?$CFd?5?$AA@
1,0x39304,??0?$_STL_alloc_proxy@PAUpathCell@@U1@V?$allocator@UpathCell@@@std@@@std@@QAA@ABV?$allocator@UpathCell@@@1@ABQAUpathCell@@@Z
1,0xa1d58,?DrawCharacter@font@@QBAXHPAVBitmap16Bit@@HHH@Z
1,0xc7ee4,?__uninitialized_fill_n_aux@std@@YAPAUtype_point@@PAU2@IABU2@U__false_type@@@Z
1,0x11d900,?TestIfLobbyLaunched@@YA_NXZ
3,0x1cd5c,??_C@_0L@EGGB@PRTeal?4pcx?$AA@
1,0x38400,??1type_spellcaster_artifact@@UAA@XZ
1,0x8857c,?SetData@ds_genericsample@@QAA_NPAXKK@Z
1,0x8c010,?Destroy@?$CAutoArray@VCDPlayGroup@@@@QAAX_N@Z
1,0x103124,?Get@?$CAutoArray@VCDPlaySession@@@@UAAPAVCDPlaySession@@K@Z
1,0x128ab8,??0?$allocator@PAVsample@@@std@@QAA@XZ
1,0x128abc,??1?$allocator@PAVsample@@@std@@QAA@XZ
3,0x1a828,??_C@_0N@OEJC@FlySpell?4wav?$AA@
3,0x1d7b8,??_C@_07BMAO@TOSMrk1?$AA@
2,0x8180,_DSPROPSETID_MasterControl
1,0x11a280,?SetRolloverText@recruitUnit@@QAAXH@Z
3,0x1de9c,??_C@_08JNEA@TBTwcstl?$AA@
1,0x4dae4,?HasCreatures@armyGroup@@QBA_NXZ
1,0x60ee0,?should_lower_door@combatManager@@QBA_NPAVarmy@@J@Z
3,0x1e4cc,??_C@_08GEBI@TBDncstl?$AA@
3,0xa934,??_C@_0L@BCJJ@ccgorg?4def?$AA@
1,0x72784,?DrawCreatureAlpha@CSprite@@QBAXHHHHHHPAGHHHHH_NG@Z
1,0xa1ce4,?GetColor@font@@AAAHW4TColor@1@_N@Z
3,0x2d950,?giMonthType@@3HA
1,0x8bd2c,??0CDPlayConnection@@QAA@PBU_GUID@@KPAXPAD@Z
1,0x8fd68,?__destroy@std@@YAXPAUtype_shroud_change@type_record_shroud@@00@Z
1,0xf72e4,?insert@?$vector@USecondarySkillData@@V?$allocator@USecondarySkillData@@@std@@@std@@QAAXPAUSecondarySkillData@@IABU3@@Z
1,0x1232d0,?find@?$_Rb_tree@VTCacheMapKey@ResourceManager@@U?$pair@$$CBVTCacheMapKey@ResourceManager@@PAVresource@@@std@@U?$_Select1st@U?$pair@$$CBVTCacheMapKey@ResourceManager@@PAVresource@@@std@@@4@U?$less@VTCacheMapKey@ResourceManager@@@4@V?$allocator@U?$83fc6695
1,0x149290,?OnKillFocus@CEnterNameEdit@@UAAXXZ
3,0x3d64,??_C@_0L@DOCP@G2B_se?4pcx?$AA@
3,0x3dac,??_C@_0L@IOMI@G2D_se?4pcx?$AA@
3,0x1d860,??_C@_07BMGE@TOSWol2?$AA@
1,0xb9408,?DoNewTurn@game@@QAAXXZ
1,0x1200e0,??_G?$CAutoArray@VCDPlayPlayer@@@@UAAPAXI@Z
1,0x19c5e8,?GetPalette@Bitmap816@@QBAABVTPalette16@@XZ
1,0x282c8,?clear@?$vector@JV?$allocator@J@std@@@std@@QAAXXZ
1,0x31a00,?choose_weakest_army@type_AI_creature_swapper@@IAAJ_N0@Z
1,0x3bcb8,?pop_heap@std@@YAXPAUtype_creature_value@@0@Z
3,0x2e52c,?lTemp@@3JA
1,0xfd464,?__destroy_aux@std@@YAXPAVTTimedEvent@@U__false_type@@@Z
1,0x2828c,?push_back@?$vector@JV?$allocator@J@std@@@std@@QAAXABJ@Z
1,0x364dc,??0type_movement_artifact@@QAA@J@Z
1,0x71fc8,?AddFrame@CSequence@@AAAHPBDHHPAEHW4TEncodingMethod@@@Z
1,0x1200e0,??_E?$CAutoArray@VCDPlayPlayer@@@@UAAPAXI@Z
1,0x129b34,?__destroy_aux@std@@YAXPAPAViconWidget@@U__false_type@@@Z
1,0x38284,??1type_might_artifact@@UAA@XZ
1,0x643ac,?allocate@?$_STL_alloc_proxy@PAUtype_artifact@@U1@V?$allocator@Utype_artifact@@@std@@@std@@QAAPAUtype_artifact@@I@Z
1,0x92540,?DoEventCoverOfDarkness@advManager@@AAAXPAVNewmapCell@@Utype_point@@_N@Z
1,0x1985b8,?Write@File@@UAAKPAXK@Z
3,0x2a38,?giWalkingTo@@3HA
1,0x64820,?__destroy_aux@std@@YAXPAUtype_artifact@@U__false_type@@@Z
2,0x349c,??_7highScoreManager@@6B@
1,0x18ae88,?ComputeTradeRatios@TGiveResourceWindow@@AAAXHHPAH00@Z
3,0x13cfc,??_C@_05KICB@?$CFs?5?$CL1?$AA@
1,0xfe598,?InitializeCreatureAnimationTraitsTable@@YA_NXZ
1,0x15547c,?GetNextChainLightningTarget@combatManager@@QAAHPAVarmy@@H@Z
1,0x89004,?LoadIndex@ds_engine@@QAA_NPAD@Z
1,0x12914c,?_M_insert_overflow@?$vector@PAVsample@@V?$allocator@PAVsample@@@std@@@std@@IAAXPAPAVsample@@ABQAV3@I@Z
1,0x9d338,?begin@?$vector@UTBlackMarket@@V?$allocator@UTBlackMarket@@@std@@@std@@QAAPAUTBlackMarket@@XZ
1,0x3a894,?__uninitialized_fill_n@std@@YAPAUtype_creature_source@@PAU2@IABU2@0@Z
1,0xcd76c,?UpdateBackpackItem@@YAXH@Z
1,0x11efd0,?HandleNetMsg@CNetMsgHandler@@MAAPAVCNetMsg@@PAV2@@Z
3,0x16be8,?SoundFileCD@@3PAXA
3,0x1d194,??_C@_07GDBG@TOrelf2?$AA@
3,0x1f054,?giViewWorldScale@@3HA
1,0xf4cd4,??1?$vector@USecondarySkillData@@V?$allocator@USecondarySkillData@@@std@@@std@@QAA@XZ
1,0x194fb0,?VWDrawGround@advManager@@QAAXHHHHH@Z
1,0x9c778,?IsCustomized@ExtraInfoUnion@@QBA_NXZ
1,0x18c4bc,?WindowHandler@TSellCreatureWindow@@UAAHAAUmessage@@@Z
3,0x1f9e8,??_C@_0BI@MEJA@DDERR_OVERLAYNOTVISIBLE?$AA@
1,0x21094,?allocate@?$allocator@Utype_dialog_resource@@@std@@QBAPAUtype_dialog_resource@@IPBX@Z
1,0x2ad58,?get_enchantment_value@type_AI_combat_data@@IBAXAAUtype_spell_choice@@AAV1@@Z
3,0x10cc,??_C@_0BA@GEDJ@ajpcuvfurecevpr?$AA@
1,0x310f4,?buy_creatures@type_AI_player@@QAAXPAVhero@@PAVtown@@@Z
3,0x13aa8,??_C@_0L@LHEM@pskill?4def?$AA@
1,0x1ef04,?IsPast@GameTime@@YA_NK@Z
1,0xd7b28,?Open@highScoreManager@@UAAHH@Z
3,0x1b148,??_C@_0N@PELF@TradeSel?4pcx?$AA@
3,0x33db8,?gTownNames@@3PAY0BA@PBDA
2,0x5a44,?akSpellEffectTraits@@3QBUTSpellEffectTraits@@B
1,0x8a7e0,?AddSessionEnum@CDPlay@@MAA_NPBUDPSESSIONDESC2@@K@Z
1,0x8fd94,?__copy@std@@YAPAPAVtype_event_record@@PAPAV2@00Urandom_access_iterator_tag@1@PAH@Z
2,0x4de0,??_7recruitUnit@@6B@
1,0x123400,?_Rebalance_for_erase@?$_Rb_global@_N@std@@SAPAU_Rb_tree_node_base@2@PAU32@AAPAU32@11@Z
3,0x1eb4c,??_C@_0N@EEGG@townscrn?4pcx?$AA@
3,0xd280,?smallFont@@3PAVfont@@A
1,0xd52d0,?is_in_patrol_radius@hero@@QBA_NUtype_point@@@Z
1,0x12eef4,?Add@CSingleSelPopup@@QAAXPAVwidget@@@Z
1,0x1649e0,?__copy@std@@YAPAPADPAPAD00Urandom_access_iterator_tag@1@PAH@Z
3,0x381b4,?gPlayerPalette24@@3PAVTPalette24@@A
3,0x2cb0,??_C@_1DE@MLOB@?$AAC?$AAo?$AAu?$AAl?$AAd?$AA?5?$AAn?$AAo?$AAt?$AA?5?$AAl?$AAo?$AAc?$AAk?$AA?5?$AAs?$AAu?$AAr?$AAf?$AAa@
3,0x35704,?cBuildingInfoNeutral@@3PAPBDA
1,0xa77c8,?LoadRumours@game@@AAAHPAX@Z
1,0xf710c,??0?$reverse_iterator@PAUTObjectCell@NewmapCell@@U12@AAU12@PAU12@H@std@@QAA@ABV01@@Z
3,0x16d28,??_C@_08MDHP@rbygopts?$AA@
1,0xa6850,?RandomScan@game@@QAAHPACHHC@Z
1,0x1f000,?get_map_center@advManager@@QBA?AUtype_point@@XZ
3,0xad50,??_C@_0N@GMCH@hs_turn_n_ne?$AA@
1,0xe75bc,??1?$vector@PAVresource@@V?$allocator@PAVresource@@@std@@@std@@QAA@XZ
3,0x1b414,??_C@_0P@LOOJ@System?5Options?$AA@
1,0x164bdc,?fill_n@std@@YAPAPADPAPADIABQAD@Z
1,0x3b98,?_M_insert_overflow@?$vector@PAVwidget@@V?$allocator@PAVwidget@@@std@@@std@@IAAXPAPAVwidget@@ABQAV3@I@Z
1,0x63d9c,?clear@?$_Rb_tree@W4SpellID@@W41@U?$_Identity@W4SpellID@@@std@@U?$less@W4SpellID@@@3@V?$allocator@W4SpellID@@@3@@std@@QAAXXZ
2,0x4f8c,??_7CAnimatedDlg@@6B@
1,0x866ac,?ComputeExtent@combatManager@@AAAXPBVCSprite@@HHHHPAUSLimitData@@H_N@Z
3,0x13734,??_C@_01NCG@Z?$AA@
1,0xbf8fc,??0?$_STL_alloc_proxy@PAUTownExtra@@U1@V?$allocator@UTownExtra@@@std@@@std@@QAA@ABV?$allocator@UTownExtra@@@1@ABQAUTownExtra@@@Z
3,0x1e238,??_C@_08CANL@TBInup_3?$AA@
3,0xa28c,??_C@_0L@FDFC@cbdwar?4def?$AA@
1,0xfa77c,?fill@std@@YAXPAW4SpellID@@0ABW42@@Z
3,0x1ed24,??_C@_0N@NOMA@TPuBuild?4pcx?$AA@
1,0x180204,?SetupThievesGuild@TThievesGuildWindow@@AAAXH@Z
1,0x38e4c,?end@?$vector@Utype_creature_source@@V?$allocator@Utype_creature_source@@@std@@@std@@QAAPAUtype_creature_source@@XZ
1,0xbd910,??1?$vector@W4TArtifact@@V?$allocator@W4TArtifact@@@std@@@std@@QAA@XZ
1,0xfb834,?__copy@std@@YAPAVTTownEvent@@PAV2@00Urandom_access_iterator_tag@1@PAH@Z
2,0x84e0,_IID_ITmr
2,0x84c0,_IID_IVib
1,0x39bf4,?destroy@std@@YAXPAUtype_creature_source@@0@Z
3,0xb480,??_C@_0BC@GCLH@Invalid?5interface?$AA@
1,0xe92f8,??0LODEntry@@QAA@XZ
1,0xfe2d4,??0_Bit_iterator_base@std@@QAA@PAII@Z
1,0x2302c,?Clip@SLimitData@@QAAXABU1@@Z
1,0x88018,?CreateSoundBuffer@ds_genericsample@@AAAPAUIDirectSoundBuffer@@PAUtWAVEFORMATEX@@KK@Z
1,0x36a4,?clear@?$vector@HV?$allocator@H@std@@@std@@QAAXXZ
1,0x229c4,?WaterWalk@advManager@@QAAXW4TSkillMastery@@@Z
1,0x69d5c,?set_rollover@TCombatWindow@@QAAXPBD@Z
1,0xc06d0,?_M_insert_overflow@?$vector@UTBlackMarket@@V?$allocator@UTBlackMarket@@@std@@@std@@IAAXPAUTBlackMarket@@ABU3@I@Z
1,0xc34fc,?allocate@?$allocator@Vboat@@@std@@QBAPAVboat@@IPBX@Z
2,0x49f4,??_7CMPInputEdit@@6B@
1,0xbf7b4,??1?$_STL_alloc_proxy@PAVboat@@V1@V?$allocator@Vboat@@@std@@@std@@QAA@XZ
1,0xbf840,??1?$_STL_alloc_proxy@PAVhero@@V1@V?$allocator@Vhero@@@std@@@std@@QAA@XZ
1,0xbf760,??1?$_STL_alloc_proxy@PAVmine@@V1@V?$allocator@Vmine@@@std@@@std@@QAA@XZ
1,0xbf728,??1?$_STL_alloc_proxy@PAVtown@@V1@V?$allocator@Vtown@@@std@@@std@@QAA@XZ
3,0x1b714,?const_horde_effects@town@@1PAY03Utype_horde_effect@@A
1,0x429f4,?GetLuck@army@@QBAH_N@Z
1,0x8b964,?EnumLobbyConnections@CDPlayLobby@@UAA_NPAV?$CAutoArray@VCDPlayConnection@@@@@Z
1,0xc8480,?__uninitialized_fill_n_aux@std@@YAPAUTRumour@game@@PAU23@IABU23@U__false_type@@@Z
3,0x2dae4,?errno@@3HA
1,0x3d584,??0type_spell_choice@@QAA@XZ
3,0xcc14,?glBottomRefresh@@3HA
1,0x10f648,?get_mass_damage_spell_value@type_spellvalue@@IBAJW4SpellID@@W4TSkillMastery@@J@Z
1,0xf729c,??1?$_STL_alloc_proxy@PAVTTownEvent@@V1@V?$allocator@VTTownEvent@@@std@@@std@@QAA@XZ
3,0x1372c,??_C@_01OMB@K?$AA@
1,0x3658,?begin@?$vector@HV?$allocator@H@std@@@std@@QAAPAHXZ
1,0x7d14c,?clear@SCampaign@@QAAXXZ
3,0x11f74,??_C@_0M@OEJD@aphlf1y?4def?$AA@
1,0x19ce8c,_DirectInputCreateW
1,0x4118,?data@?$basic_string@DU?$char_traits@D@std@@V?$allocator@D@2@@std@@QBAPBDXZ
1,0x4d6d4,?__copy@std@@YAPAPAVarmy@@PAPAV2@00Urandom_access_iterator_tag@1@PAH@Z
3,0x10ef4,?akHeroTraits@@3AAY0IC@$$CBUTHeroTraits@@A
1,0xe9980,?resize@?$vector@ULODEntry@@V?$allocator@ULODEntry@@@std@@@std@@QAAXIABULODEntry@@@Z
1,0x19cb3c,_UnionRect
1,0x39470,?deallocate@?$allocator@PAUpathCell@@@std@@SAXPAPAUpathCell@@I@Z
1,0x41c30,?consider_earthquake@type_AI_spellcaster@@IBAXAAUtype_spell_choice@@@Z
3,0x3d70,??_C@_0L@CFEN@G2B_co?4pcx?$AA@
3,0x3db8,??_C@_0L@JFKK@G2D_co?4pcx?$AA@
1,0x8e148,?record_hide_hero@game@@QAAXPAVhero@@D@Z
3,0x137ec,?giNormalDialogStart@@3HA
3,0x668c,??_C@_0N@HGPP@SgStManC?4pcx?$AA@
3,0x63cc,??_C@_0N@HJFJ@SgDnMlip?4pcx?$AA@
1,0xc62d0,?__uninitialized_fill_n@std@@YAPAVCObject@@PAV2@IABV2@0@Z
3,0x17db0,??_C@_0M@CDIE@Underground?$AA@
3,0x166b4,??_C@_0N@CCNK@CrBkgTow?4pcx?$AA@
3,0x28,__imp__strcpy
1,0x3a504,?__introsort_loop@std@@YAXPAJ00H@Z
3,0x2b050,?div2mask@CSpriteFrame@@2GA
3,0x2b06c,?div4mask@CSpriteFrame@@2GA
1,0xbee28,?resize@?$vector@USign@@V?$allocator@USign@@@std@@@std@@QAAXIABUSign@@@Z
1,0x63a18,??1TPickANumber@@QAA@XZ
1,0xc8a94,?destroy@std@@YAXPAUtype_university@@@Z
2,0x7f40,_IID_IDirect3DRMAnimationSet
1,0x2de4,?GetRealHeight@widget@@UBAHXZ
1,0x38c3c,??0?$vector@UHeroDestination@@V?$allocator@UHeroDestination@@@std@@@std@@QAA@I@Z
1,0x9d2b0,?begin@?$vector@USecondarySkillData@@V?$allocator@USecondarySkillData@@@std@@@std@@QAAPAUSecondarySkillData@@XZ
3,0xd304,?Buffermode@@3_NA
1,0x19c68c,??2@YAPAXI@Z
1,0x23170,??0CMCTeleportHero@@QAA@CUtype_point@@@Z
2,0x8b20,_IID_IDirectMusicPerformance2
1,0x3f208,?get_tough_skin_value@type_AI_spellcaster@@IBAJPBVarmy@@Utype_enchant_data@@@Z
1,0x11bb60,?SysMsgCreatePlayerOrGroup@CDPlayHeroes@@UAA_NPAUDPMSG_CREATEPLAYERORGROUP@@K@Z
1,0x12b988,?enter_town@searchArray@@AAAXPBVhero@@JABUpathCell@@JW4type_search_type@@@Z
3,0x5d0c,??_C@_0N@FDCF@SgRmDrw2?4pcx?$AA@
1,0x66a6c,??_ETCombatControlSubWindow@@UAAPAXI@Z
1,0x66a6c,??_GTCombatControlSubWindow@@UAAPAXI@Z
1,0xbec64,??0?$_Vector_base@UTBlackMarket@@V?$allocator@UTBlackMarket@@@std@@@std@@QAA@ABV?$allocator@UTBlackMarket@@@1@@Z
1,0x12f168,??0CBitmapWidget@@QAA@HHPAVBitmap816@@@Z
3,0x34f9c,?gSecondarySkillLevels@@3PAPBDA
1,0x9c858,?SetGardenEmpty@ExtraInfoUnion@@QAAXXZ
1,0x141410,?IsHost@TSingleSelectionWindow@@QAA_NXZ
3,0x433c,??_C@_0N@BBBP@campneus?4pcx?$AA@
3,0x70c8,??_C@_0M@NCMF@sysob10?4def?$AA@
1,0xc89b4,?destroy@std@@YAXPAUTBlackMarket@@@Z
3,0x1e1fc,??_C@_08BBLL@TBIndw_5?$AA@
1,0x2c628,?AI_approximate_strength@@YAJPBVhero@@ABVarmyGroup@@@Z
1,0x37dd4,?get_value_of_power@hero@@QBAJXZ
3,0x6194,??_C@_0N@BGPP@SgInMan1?4pcx?$AA@
1,0x39b28,?_M_insert_overflow@?$vector@PAVtype_artifact_effect@@V?$allocator@PAVtype_artifact_effect@@@std@@@std@@IAAXPAPAVtype_artifact_effect@@ABQAV3@I@Z
1,0x3a8cc,?__uninitialized_copy@std@@YAPAUpathCell@@PAU2@000@Z
1,0x9c8c8,?SkeletonHasTreasure@ExtraInfoUnion@@QBA_NXZ
1,0xfe208,?MarkOut@TPickANumber@@QAAXH@Z
3,0xa598,??_C@_0L@LENK@cskele?4def?$AA@
3,0x5d1c,??_C@_0N@LDEK@SgRmDrw1?4pcx?$AA@
3,0x1aea4,??_C@_0L@CHIN@C20SPX?4DEF?$AA@
1,0x3af40,??R?$greater@Utype_creature_value@@@std@@QBA_NABUtype_creature_value@@0@Z
3,0x438c,??_C@_0N@EHAM@campnosc?4pcx?$AA@
3,0x670c,??_C@_0N@FJDO@SgFrMlip?4pcx?$AA@
3,0xb378,??_C@_0M@HMOP@No?5sessions?$AA@
3,0xb638,??_C@_0N@HKHK@randsign?4txt?$AA@
1,0xbd804,??H?$_Bit_iter@U_Bit_reference@std@@PAU12@@std@@QBA?AU01@H@Z
1,0xdf330,?PollSound@@YAXXZ
1,0x1154c4,??0type_AI_puzzle_tile@@QAA@XZ
1,0x168b54,?PlaceInMap@town@@QAAXW4THeroID@@J_N@Z
1,0xc88d0,?__uninitialized_fill_n@std@@YAPAVgenerator@@PAV2@IABV2@0@Z
1,0xdde74,?MakeScanCodeTable@inputManager@@QAAXXZ
3,0x1e088,??_C@_08NJML@TBInmag5?$AA@
3,0x5cfc,??_C@_0N@PDAA@SgRmDrw3?4pcx?$AA@
1,0x8bf14,?ReceiveMsg@CDPlay@@MAA_NKKPAVCDPlayMsg@@@Z
1,0x9c934,?GetTreasureSize@ExtraInfoUnion@@QBAFXZ
1,0x9ca1c,?SetInfoFlag@game@@QAAXW4GlobalInfoFlags@@H@Z
1,0xbde74,?resize@?$vector@UTBlackMarket@@V?$allocator@UTBlackMarket@@@std@@@std@@QAAXI@Z
3,0x13c3c,??_C@_1BG@PHF@?$AAH?$AAe?$AAr?$AAo?$AAe?$AAs?$AA?5?$AAI?$AAI?$AAI?$AA?$AA@
1,0x12416c,?handle_click@type_army_slot_widget@@UAA_N_N0@Z
1,0x10cd28,?OppositeDirection@@YAHH@Z
2,0x7488,?_length_code@@3QBEB
1,0xc56ac,?__destroy@std@@YAXPAVgarrison@@00@Z
3,0x13c04,?gEventHandle@@3PAXA
1,0x10a1f8,?GetOccupiedTown@hero@@QAAPAVtown@@XZ
1,0x7457c,??_GCSequence@@AAAPAXI@Z
1,0xf8854,?_M_insert_overflow@?$vector@VBlackBoxData@@V?$allocator@VBlackBoxData@@@std@@@std@@IAAXPAVBlackBoxData@@ABV3@I@Z
1,0x14b974,?StopMP3@soundManager@@QAAXXZ
1,0x19ca70,_DefWindowProcW
3,0x5e24,??_C@_0N@GGPN@SgRmWa11?4pcx?$AA@
1,0xc257c,?destroy@std@@YAXPAUtype_creature_bank@@0@Z
1,0xc8ab4,?destroy@std@@YAXPAUtype_creature_bank@@@Z
1,0xc1e58,?save_vector@@YA_NPAXAAV?$vector@JV?$allocator@J@std@@@std@@@Z
3,0x13794,?gbDirectConnect@@3HA
3,0x6610,??_C@_0N@DGPE@SgStWa31?4pcx?$AA@
1,0x69b2c,?Close@TCombatWindow@@UAAX_N@Z
1,0x9dd08,?__uninitialized_fill_n_aux@std@@YAPAW4SpellID@@PAW42@IABW42@U__false_type@@@Z
1,0xda04c,?inflate_blocks_reset@@YAXPAUinflate_blocks_state@@PAUz_stream_s@@PAK@Z
3,0x1d9c4,??_C@_07BJNA@TOFBas2?$AA@
1,0x1dafc,?EnableButtons@advManager@@QAAXXZ
3,0x5bf4,??_C@_0N@EGAI@SgCsWa61?4pcx?$AA@
3,0x5e34,??_C@_0N@FAMG@SgRmTw12?4pcx?$AA@
3,0x1d5bc,??_C@_08IKEE@TONwigh2?$AA@
1,0x38b08,?size@?$vector@Utype_point@@V?$allocator@Utype_point@@@std@@@std@@QBAIXZ
3,0x6184,??_C@_0N@PGJA@SgInMan2?4pcx?$AA@
3,0xad80,??_C@_0N@CJEB@hs_turn_e_ne?$AA@
1,0x8b60c,?RegisterApp@CDPlayLobby@@UAA_NPAD00U_GUID@@@Z
3,0x5be4,??_C@_0N@KGGH@SgCsWa62?4pcx?$AA@
1,0xbd13c,?CreateMsg@CGameTransmitMainMsg@@SAPAV1@K@Z
1,0xfbe2c,??4TTimedEvent@@QAAAAV0@ABV0@@Z
3,0x1e34c,??_C@_08BJGA@TBNchrd2?$AA@
3,0x5e14,??_C@_0N@IGJC@SgRmWa12?4pcx?$AA@
3,0x3f38,??_C@_0L@PJNI@E2A_se?4pcx?$AA@
3,0x6600,??_C@_0N@NGJL@SgStWa32?4pcx?$AA@
1,0x1f958,?_getBitPos@CObjectType@@SAIII@Z
3,0x3fa4,??_C@_0L@GJIF@E2C_se?4pcx?$AA@
3,0x5e44,??_C@_0N@LAKJ@SgRmTw11?4pcx?$AA@
3,0xa1b0,??_C@_0L@FEJN@csword?4def?$AA@
3,0x15aa0,?iconWidgetDynamic@@3PAPAViconWidget@@A
1,0x147610,?ResetAdvancedOptions@CNetPlayerHandlerPlayer@@QAAXXZ
3,0x1d970,??_C@_07CAFO@TOFLiz1?$AA@
1,0x4c004,?cast_resurrect@army@@QAAXJ@Z
3,0x3d34,??_C@_0L@CANL@G2A_en?4pcx?$AA@
3,0x3ddc,??_C@_0L@DPHG@G3A_co?4pcx?$AA@
3,0x3e24,??_C@_0L@KPCL@G3C_co?4pcx?$AA@
3,0x3d7c,??_C@_0L@LAIG@G2C_en?4pcx?$AA@
1,0x9da58,?__uninitialized_copy@std@@YAPAW4SpellID@@PAW42@000@Z
3,0x1f740,??_C@_0BG@KGKE@DDERR_CANTLOCKSURFACE?$AA@
1,0xc3e50,?fill@std@@YAXPAUTBlackMarket@@0ABU2@@Z
1,0x1eed4,?ElapsedSince@GameTime@@YAJK@Z
3,0x1d588,??_C@_08NKBN@TONLich1?$AA@
1,0xbecfc,?resize@?$vector@Vtown@@V?$allocator@Vtown@@@std@@@std@@QAAXIABVtown@@@Z
3,0x16a80,??_C@_0BG@EGMO@Attempting?5connect?4?4?4?$AA@
1,0x57cdc,??0type_func_button@@QAA@ABUtype_icon_definition@@HP6AHAAUmessage@@@Z@Z
2,0xf14,??_7TCampaignWindow@@6B@
1,0x63a5c,?GetCell@combatManager@@QAAAAVhexcell@@HH@Z
1,0x8f1d0,??0type_record_player_death@@IAA@XZ
1,0x8f240,??1type_record_player_death@@UAA@XZ
1,0xc1c04,?_M_insert_overflow@?$vector@Vhero@@V?$allocator@Vhero@@@std@@@std@@IAAXPAVhero@@ABV3@I@Z
1,0xfb700,?__copy@std@@YAPAVTSeerHut@@PAV2@00Urandom_access_iterator_tag@1@PAH@Z
1,0xbfd44,?insert@?$vector@Vboat@@V?$allocator@Vboat@@@std@@@std@@QAAXPAVboat@@IABV3@@Z
1,0x136388,?SetupAdvancedOptions@TSingleSelectionWindow@@QAAXXZ
2,0xb80,??_7type_duration_artifact@@6B@
3,0x1df08,??_C@_08MEOA@TBTwblak?$AA@
1,0x197c8c,?delete_widgets@heroWindow@@IAAXXZ
1,0xa1310,?__copy_backward@std@@YAPAUpathCell@@PAU2@00Urandom_access_iterator_tag@1@PAH@Z
1,0x128080,?ExitDialog@type_skeleton_window@@UAAHAAUmessage@@@Z
3,0x2d84,??_C@_0N@BCDG@AdStatOt?4pcx?$AA@
1,0x67a78,?HighlightCombatSpeed@TCombatOptionsWindow@@AAAXXZ
1,0xa12a4,?pop_back@?$vector@UpathCell@@V?$allocator@UpathCell@@@std@@@std@@QAAXXZ
1,0x167748,?get_growth_rate@town@@QBAFF@Z
1,0x27318,?compute_fire_shield_damage@combatManager@@QBAJJPBVarmy@@0J@Z
3,0xad20,??_C@_0L@BGOM@hs_walk_ne?$AA@
1,0x7cccc,?set@TCustomCampaignTraits@@QAAXHDDW4TCarryOverPoolNumber@@0W4TArtifact@@D1DDDD@Z
3,0x1e538,??_C@_08DNLI@TBDnblak?$AA@
1,0x63c98,?push_back@?$vector@Utype_artifact@@V?$allocator@Utype_artifact@@@std@@@std@@QAAXABUtype_artifact@@@Z
1,0x1201b8,??1?$_STL_alloc_proxy@IPAVCNetMsg@@V?$allocator@PAVCNetMsg@@@std@@@std@@QAA@XZ
1,0x12b004,??_ECScenarioInfoDlg@@UAAPAXI@Z
1,0x12b004,??_GCScenarioInfoDlg@@UAAPAXI@Z
1,0x198670,?Seek@File@@UAAKKK@Z
3,0x13748,??_C@_01OAK@N?$AA@
1,0x11994c,?Open@recruitUnit@@UAAHH@Z
1,0x13b780,?SortMaps@TSingleSelectionWindow@@QAAXH_N0@Z
1,0x1637bc,??1CTextEntrySave@@UAA@XZ
1,0x18e6ac,??0type_university_skill_button@@QAA@JJJJJPBDW4TSecondarySkill@@@Z
1,0x3a4a8,?__final_insertion_sort@std@@YAXPAUtype_creature_value@@0@Z
3,0x3fb0,??_C@_0L@HCOH@E2C_co?4pcx?$AA@
3,0x3f44,??_C@_0L@OCLK@E2A_co?4pcx?$AA@
1,0x639c4,??1?$vector@_NV?$allocator@_N@std@@@std@@QAA@XZ
1,0x89d3c,?SetIndexData@?$tree@Vds_memsample@@@@QAA_NKPAVds_memsample@@_N@Z
1,0x130654,?GetCompPlayerInPos@CNetPlayerHandler@@QAAPAVCNetPlayerHandlerPlayer@@H@Z
1,0x164a10,?__copy@std@@YAPAPAV?$vector@PADV?$allocator@PAD@std@@@1@PAPAV21@00Urandom_access_iterator_tag@1@PAH@Z
1,0x3ceb8,??0type_AI_attack_hex_chooser@@QAA@PBVarmy@@0PBJPAVsearchArray@@ABVtype_AI_combat_parameters@@@Z
1,0x9ef20,?Clear@searchArray@@AAAXJJJ@Z
3,0xca4c,??_C@_0M@GEJL@gtmulti?4def?$AA@
1,0x55448,?animate@TBottomViewNewTurn@@UAAXXZ
3,0xa890,??_C@_0L@HDO@ccyclr?4def?$AA@
3,0x15994,??_C@_0N@MBNB@artifact?4DEF?$AA@
1,0x12058c,?deallocate@?$allocator@PAPAVCNetMsg@@@std@@SAXPAPAPAVCNetMsg@@I@Z
1,0x191e08,?create_background_widget@TViewArmyWindow@@AAAXPBVhero@@@Z
1,0x9d2ac,??1?$allocator@V?$basic_string@DU?$char_traits@D@std@@V?$allocator@D@2@@std@@@std@@QAA@XZ
1,0x291cc,?__uninitialized_fill_n_aux@std@@YAPAJPAJIABJU__true_type@@@Z
1,0x8b9b0,?EnumGroupPlayers@CDPlayLobby@@UAA_NPAV?$CAutoArray@VCDPlayPlayer@@@@KK@Z
3,0x2bf74,?cRandomSignText@@3PAPBDA
3,0x14504,??_C@_0L@CMGL@cranim?4txt?$AA@
1,0x129b30,?__destroy_aux@std@@YAXPAPAVtextWidget@@U__false_type@@@Z
1,0x4910,?__uninitialized_fill_n_aux@std@@YAPAHPAHIABHU__true_type@@@Z
1,0xc50a4,?uninitialized_fill_n@std@@YAPAUTRumour@game@@PAU23@IABU23@@Z
1,0xf5844,??0?$allocator@VTSeerHut@@@std@@QAA@XZ
1,0xf584c,??1?$allocator@VTSeerHut@@@std@@QAA@XZ
1,0x11b570,??_ETRecruitQuickWindow@@UAAPAXI@Z
1,0x11b570,??_GTRecruitQuickWindow@@UAAPAXI@Z
1,0x27fd8,?get_group@type_AI_combat_parameters@@QBAJXZ
1,0x8c324,?GetCount@?$CAutoArray@VCDPlayAddressElement@@@@UAAKXZ
1,0x1294b0,?allocate@?$allocator@PAVsample@@@std@@QBAPAPAVsample@@IPBX@Z
1,0x29320,?destroy@std@@YAXPAUtype_creature_value@@@Z
1,0x38a80,??0?$vector@PAUpathCell@@V?$allocator@PAUpathCell@@@std@@@std@@QAA@ABV?$allocator@PAUpathCell@@@1@@Z
2,0x7910,_IID_IDirectDrawClipper
2,0x78c0,_IID_IDirectDrawSurface
3,0xad38,??_C@_0L@IFBB@hs_walk_se?$AA@
1,0xbd4fc,??_GBuffer@@QAAPAXI@Z
3,0x15ab4,?giOverviewTop@@3PAHA
1,0xc57ac,?iterator_category@std@@YA?AUrandom_access_iterator_tag@1@PBUTBlackMarket@@@Z
1,0x19cadc,_UnmapViewOfFile
2,0xbdc,??_7type_garrison_purchaser@@6B@
1,0x1642f0,?allocate@?$allocator@PAD@std@@QBAPAPADIPBX@Z
1,0x1f1a0,?GetPaletteColor@CSprite@@QBAGE@Z
1,0x1fa40,?PlayerKnowsCell@ExtraInfoUnion@@QBA_NF@Z
2,0x6844,??_7TTavernWindow@@6B@
1,0x58f0,?HandleNetMsg@CAdvMgrNetMsgHandler@@UAAPAVCNetMsg@@PAV2@@Z
1,0x285b8,??1?$_Deque_base@W4SpellID@@V?$allocator@W4SpellID@@@std@@$0A@@std@@QAA@XZ
1,0x2c8fc,??1?$_Vector_base@Utype_monster_data@@V?$allocator@Utype_monster_data@@@std@@@std@@QAA@XZ
1,0x80190,_BinkPause
1,0x37e98,?get_danger_cell@@YAAAJPAJUtype_point@@@Z
1,0x6ac64,??R?$binder2nd@U?$_Eq_traits@U?$char_traits@D@std@@@std@@@std@@QBA_NABD@Z
1,0x63a88,??_GCNetMsgHandlerPause@@QAAPAXI@Z
1,0xf4e68,?rend@?$vector@UTObjectCell@NewmapCell@@V?$allocator@UTObjectCell@NewmapCell@@@std@@@std@@QAA?AV?$reverse_iterator@PAUTObjectCell@NewmapCell@@U12@AAU12@PAU12@H@2@XZ
1,0x125c,?UpdateButtons@TAdventureMapWindow@@QAAX_N0@Z
1,0x3b528,?__uninitialized_fill_n_aux@std@@YAPAPAVtype_artifact_effect@@PAPAV2@IABQAV2@U__false_type@@@Z
2,0x54f4,??_7type_backpack_slot_widget@@6B@
1,0x148bd0,??1CChatSlider@@UAA@XZ
1,0x15cadc,?DrawSelector@swapManager@@QAAXXZ
3,0x1e31c,??_C@_08KDFE@TBNcsilo?$AA@
1,0x196bd4,??0widget@@QAA@XZ
1,0x20164,?GetWidth@Bitmap816@@QBAHXZ
2,0x8bc0,_DLSID_SamplePlaybackRate
1,0x4008c,?get_fire_protection_value@type_AI_spellcaster@@IBAJPBVarmy@@Utype_enchant_data@@@Z
1,0x197d9c,?ProcessHover@CHeroWindowEx@@UAA_NHH@Z
1,0x39078,??1?$_Vector_base@PAUpathCell@@V?$allocator@PAUpathCell@@@std@@@std@@QAA@XZ
1,0xc56fc,?value_type@std@@YAPAUtype_university@@PBU2@@Z
1,0x804c8,_deflateReset@4
1,0xc7dc8,?__uninitialized_fill_n_aux@std@@YAPAPAVCSprite@@PAPAV2@IABQAV2@U__false_type@@@Z
1,0xdb48c,_inflateReset@4
1,0x14e2c8,?InitializeSpellTraitsTable@@YA_NXZ
1,0x196c10,??1widget@@UAA@XZ
3,0xaec0,?m_run@@3HA
1,0x1647ec,?_M_insert_overflow@?$vector@PAV?$vector@PADV?$allocator@PAD@std@@@std@@V?$allocator@PAV?$vector@PADV?$allocator@PAD@std@@@std@@@2@@std@@IAAXPAPAV?$vector@PADV?$allocator@PAD@std@@@2@ABQAV32@I@Z
1,0x198414,?__copy@std@@YAPAPAVwidget@@PAPAV2@00Urandom_access_iterator_tag@1@PAH@Z
1,0x464e0,?do_fire_shield@army@@AAAXJ@Z
1,0x6f824,?process_first_aid@combatManager@@AAAXPAVarmy@@@Z
1,0x2dd64,?check_towns@type_town_threat_checker@@QAAXXZ
1,0x12b4a8,?enter_lith@searchArray@@AAAXPBVhero@@ABV?$vector@Utype_point@@V?$allocator@Utype_point@@@std@@@std@@JJAAUpathCell@@JW4type_search_type@@@Z
1,0x1642c4,?deallocate@?$_STL_alloc_proxy@PAPAV?$vector@PADV?$allocator@PAD@std@@@std@@PAV12@V?$allocator@PAV?$vector@PADV?$allocator@PAD@std@@@std@@@2@@std@@QAAXPAPAV?$vector@PADV?$allocator@PAD@std@@@2@I@Z
1,0x4934,?_M_construct_null@?$basic_string@DU?$char_traits@D@std@@V?$allocator@D@2@@std@@AAAXPAD@Z
3,0x34f4c,?PlayerColors@@3PBVTTextResource@@B
1,0x18fdf8,?CheckForArtifactWin@VictoryConditionStruct@@QAA_NXZ
1,0x193c74,?VWDrawAdvObj@advManager@@QAAXHHHHH@Z
1,0x3f22c,?get_disruptive_ray_value@type_AI_spellcaster@@IBAJPBVarmy@@Utype_enchant_data@@@Z
1,0xc2a34,?__stl_alloc_rebind@std@@YAAAV?$allocator@Utype_university@@@1@AAV21@PBUtype_university@@@Z
3,0x13c08,?lLastCycleColorsTickCount@@3JA
3,0x17088,?fileSpec@@3PAPAGA
1,0x1968d0,?VWClipScaleToScreenBuffer@@YAXHH@Z
1,0x3f080,?get_shield_value@type_AI_spellcaster@@IBAJPBVarmy@@Utype_enchant_data@@@Z
1,0x11c658,?PlayerEnterMsg@CChatManager@@QAAXPBDZZ
3,0x1e148,??_C@_08NIP@TBInboat?$AA@
1,0x9ddd0,?iter_swap@std@@YAXPAW4SpellID@@0@Z
1,0x63f84,?allocate@?$_STL_alloc_proxy@PAU?$_Rb_tree_node@W4SpellID@@@std@@U12@V?$allocator@W4SpellID@@@2@@std@@QAAPAU?$_Rb_tree_node@W4SpellID@@@2@I@Z
1,0xcaac8,?get_obscured_mine@type_obscuring_object@@QBAPAVmine@@XZ
1,0xf4944,??0CObject@@QAA@XZ
1,0xf8020,?_M_fill_insert@?$vector@VCObject@@V?$allocator@VCObject@@@std@@@std@@QAAXPAVCObject@@IABV3@@Z
1,0x250c,?UpdateTownLocator@TAdvMenu@@QAAXH_N0@Z
1,0xf82dc,?_M_insert_overflow@?$vector@VTreasureData@@V?$allocator@VTreasureData@@@std@@@std@@IAAXPAVTreasureData@@ABV3@I@Z
1,0x165da4,?SetSummoningGenerator@town@@QAAXXZ
3,0x6c88,??_C@_0N@DCCE@ObBhS12b?4def?$AA@
1,0x10f22c,?AI_resource_cost@@YAHPBVplayerData@@QBH@Z
1,0x126d20,?clear@type_sacrifice_window@@AAAXXZ
1,0x2c76c,??A?$vector@Utype_monster_data@@V?$allocator@Utype_monster_data@@@std@@@std@@QBAABUtype_monster_data@@I@Z
1,0x4efec,?GetArmySizeName@armyGroup@@SAPBDHH@Z
1,0x16a644,?SetupExtraStuff@townManager@@QAAXXZ
1,0x56e70,??_ETBottomViewNewTurn@@UAAPAXI@Z
1,0x56e70,??_GTBottomViewNewTurn@@UAAPAXI@Z
3,0x7020,??_C@_08BOMO@tiny?4fnt?$AA@
3,0x2d6dc,?giOverviewReturnAction@@3HA
3,0x14300,??_C@_1CM@HCJL@?$AAC?$AAo?$AAm?$AAb?$AAa?$AAt?$AA?5?$AAA?$AAu?$AAt?$AAo?$AA?5?$AAC?$AAr?$AAe?$AAa?$AAt?$AAu?$AAr?$AAe@
1,0x122c68,?begin@?$map@VTCacheMapKey@ResourceManager@@PAVresource@@U?$less@VTCacheMapKey@ResourceManager@@@std@@V?$allocator@U?$pair@$$CBVTCacheMapKey@ResourceManager@@PAVresource@@@std@@@5@@std@@QAA?AU?$_Rb_tree_iterator@U?$pair@$$CBVTCacheMapKey@ResourceM2d001a58
1,0x12948c,?allocate@?$allocator@PAViconWidget@@@std@@QBAPAPAViconWidget@@IPBX@Z
3,0x1db3c,??_C@_08LBKP@TBCsext2?$AA@
1,0xf7654,?deallocate@?$_STL_alloc_proxy@PAVBlackBoxData@@V1@V?$allocator@VBlackBoxData@@@std@@@std@@QAAXPAVBlackBoxData@@I@Z
1,0x19c8c0,_mbstowcs
1,0x19cbb4,_wcstombs
1,0x2c748,??A?$vector@Utype_monster_data@@V?$allocator@Utype_monster_data@@@std@@@std@@QAAAAUtype_monster_data@@I@Z
1,0x41a7c,?get_enchantment_function@type_AI_spellcaster@@IBAP81@BAJPBVarmy@@Utype_enchant_data@@@ZW4SpellID@@@Z
2,0xdd4,??_7bitmapBorder16@@6B@
3,0xde28,??_C@_0L@HNNB@hsbtns?4def?$AA@
3,0x159b4,?gbKeepAlive@@3_NA
3,0x1da88,??_C@_08OMNP@TBCscas2?$AA@
3,0xad90,??_C@_0N@LKLM@hs_turn_e_se?$AA@
3,0x1f090,??_C@_0L@PHPP@VWMag4?4def?$AA@
1,0x53fe4,?zBufferDraw@Bitmap816@@QBAXHHHHPAGHHHHHH@Z
1,0x14ac4c,?VideoPause@@YAXXZ
1,0x44318,?SetLuck@army@@QAAXPBVhero@@PBVarmyGroup@@PBVtown@@01_N@Z
1,0x3a6e0,?value_type@std@@YAPAUHeroDestination@@PBU2@@Z
1,0x127598,?handle_click@type_transformer_slot@@UAA_N_N0@Z
3,0x1e514,??_C@_08CDMM@TBDnhal4?$AA@
1,0x701b0,?ResetCyclingCreatures@combatManager@@QAAXXZ
1,0xca728,?InitializeHeroSpecificAbilitiesTable@@YA_NXZ
3,0x1dee4,??_C@_08NKJE@TBTwhal4?$AA@
1,0x9af34,?CombatMonsterEvent@advManager@@QAAHPAVhero@@W4TCreatureType@@PAHPAVNewmapCell@@Utype_point@@1HH1HH@Z
1,0x141d5c,?OnNewHostMsg@TSingleSelectionWindow@@QAAXPAVCNetMsg@@@Z
1,0x9e09c,?__destroy_aux@std@@YAXPAV?$basic_string@DU?$char_traits@D@std@@V?$allocator@D@2@@1@U__false_type@@@Z
1,0x9de58,?__unguarded_insertion_sort_aux@std@@YAXPAW4SpellID@@00Vspell_level_order@@@Z
1,0xf1b1c,?saveObject@NewfullMap@@QAAHPAXAAVCObject@@@Z
3,0x1f8a4,??_C@_0BF@LDPJ@DDERR_NODIRECTDRAWHW?$AA@
3,0xb300,??_C@_0P@LCLN@Invalid?5player?$AA@
1,0x148a48,??0CChatSlider@@QAA@HHHHHHP6AXHPAVheroWindow@@@ZW4EGraphics@slider@@H@Z
1,0xf3a8,?ProcessHover@advManager@@QAAHHH@Z
1,0x8d14c,?replay@type_record_show_boat@@UAAX_N@Z
1,0x9d01c,??0?$vector@W4SpellID@@V?$allocator@W4SpellID@@@std@@@std@@QAA@ABV?$allocator@W4SpellID@@@1@@Z
3,0x11d20,??_C@_0N@DEKA@HPS113Bs?4PCX?$AA@
3,0x10f90,??_C@_0N@EBDJ@HPL004Kn?4PCX?$AA@
3,0x10fa0,??_C@_0N@ECNF@HPS005Kn?4PCX?$AA@
1,0xe4300,?get_map_score@game@@QBAFXZ
1,0xed688,?loadMapLayer@NewfullMap@@AAAHPAXHH@Z
1,0xecf98,?readMapLayer@NewfullMap@@AAAHPAXHH@Z
1,0xed384,?saveMapLayer@NewfullMap@@AAAHPAXHH@Z
3,0x14074,??_C@_1BC@GEG@?$AAA?$AAu?$AAt?$AAo?$AAs?$AAa?$AAv?$AAe?$AA?$AA@
3,0x1f358,??_C@_0BI@PBAE@DDERR_CURRENTLYNOTAVAIL?$AA@
1,0x3b964,?__destroy_aux@std@@YAXPAPAVtype_artifact_effect@@U__false_type@@@Z
1,0x11ce68,?RemoteCleanup@@YAXXZ
3,0x1aa9c,??_C@_0N@IHLO@Muckmire?4wav?$AA@
1,0xd9f94,?get_resType@resource@@QBA?AW4EResourceType@@XZ
3,0x1a888,??_C@_0N@DCGD@MagicBlt?4wav?$AA@
1,0x153580,?HasValidSpellTarget@combatManager@@QAA_NW4SpellID@@W4TSkillMastery@@H_N2@Z
3,0x114d0,??_C@_0N@BPOL@HPL046Wz?4PCX?$AA@
1,0xac494,?InitRandomArtifacts@game@@QAAXXZ
3,0x11ed0,??_C@_0N@CPFL@HPL126Wh?4PCX?$AA@
1,0xfb400,?iterator_category@std@@YA?AUrandom_access_iterator_tag@1@PBVCObjectType@@@Z
1,0x146c88,?LoadCompleteVMFile@@YA_NPAD@Z
1,0x39c8c,?construct@std@@YAXPAUtype_creature_value@@ABU2@@Z
1,0x644a4,?uninitialized_fill_n@std@@YAPAUTObstacle@combatManager@@PAU23@IABU23@@Z
1,0xc1a68,?load_vector@@YA_NPAXAAV?$vector@JV?$allocator@J@std@@@std@@@Z
3,0x11380,??_C@_0N@CPBD@HPS036Al?4PCX?$AA@
3,0x11b30,??_C@_0N@IAJG@HPL097Br?4PCX?$AA@
3,0x38010,?iVWTerrains@@3_NA
1,0x198434,??0File@@QAA@XZ
1,0x198468,??1File@@QAA@XZ
1,0x2c614,?AI_approximate_strength@@YAJPBVhero@@@Z
1,0xa50ac,?SetName@playerData@@QAAXPAD@Z
1,0x2e30,?clear_hotkeys@button@@QAAXXZ
1,0xc4cac,?_M_fill_insert@?$vector@Utype_creature_bank@@V?$allocator@Utype_creature_bank@@@std@@@std@@QAAXPAUtype_creature_bank@@IABU3@@Z
1,0xfb498,?__copy@std@@YAPAVCObject@@PAV2@00Urandom_access_iterator_tag@1@PAH@Z
3,0x11b50,??_C@_0N@DNND@HPL098Br?4PCX?$AA@
3,0x11b60,??_C@_0N@DODP@HPS099Br?4PCX?$AA@
3,0x11e00,??_C@_0N@OFFP@HPS120Wh?4PCX?$AA@
3,0x11e30,??_C@_0N@OGLD@HPL121Wh?4PCX?$AA@
3,0x1e8c8,??_C@_08BPEA@TBFrmag5?$AA@
1,0x2cb74,?destroy@std@@YAXPAUtype_monster_data@@0@Z
1,0x8f494,?clear@?$vector@Utype_shroud_change@type_record_shroud@@V?$allocator@Utype_shroud_change@type_record_shroud@@@std@@@std@@QAAXXZ
3,0xd278,?glMilliCounter@@3KA
3,0x112d0,??_C@_0N@OFJH@HPL030Dr?4PCX?$AA@
3,0x112e0,??_C@_0N@OGHL@HPS031Dr?4PCX?$AA@
1,0x161a50,?InitializeCampaignDialogText@@YA_NXZ
1,0x38c20,??0?$vector@UHeroDestination@@V?$allocator@UHeroDestination@@@std@@@std@@QAA@ABV?$allocator@UHeroDestination@@@1@@Z
1,0x7c6bc,?ProcessMapChangeNew@advManager@@QAAXPAVCMapChange@@@Z
1,0xc238c,?destroy@std@@YAXPAVmine@@0@Z
1,0x1300dc,?lossCompare@@YAHPBX0@Z
1,0x14aaa0,?SetKnob@slider@@IAAXH@Z
3,0x1ddf4,??_C@_08HGOO@TBRmup_0?$AA@
1,0x1fbdc,?IsFlying@hero@@QBA_N_N@Z
3,0x11a80,??_C@_0N@GDKO@HPS092Wl?4PCX?$AA@
1,0x6d430,?CheckWin@combatManager@@QAAHPAUmessage@@@Z
3,0xa78c,??_C@_0L@BLIN@ccmcor?4def?$AA@
1,0x8cfa8,??0type_record_show_boat@@QAA@PAVboat@@Utype_point@@@Z
3,0x11f30,??_C@_0N@KODC@HPL129Mk?4PCX?$AA@
1,0x41e5c,?consider_summon@type_AI_spellcaster@@IBAXAAUtype_spell_choice@@@Z
3,0xa674,??_C@_0L@KJLJ@cblord?4def?$AA@
1,0x9dc28,?__unguarded_insertion_sort@std@@YAXPAW4SpellID@@0Vspell_level_order@@@Z
3,0x6ca8,??_C@_0M@LJH@C17SPE1?4DEF?$AA@
3,0x3dd0,??_C@_0L@CEBE@G3A_se?4pcx?$AA@
3,0x3e18,??_C@_0L@LEEJ@G3C_se?4pcx?$AA@
3,0xb4e0,??_C@_0BD@IEOC@Already?5registered?$AA@
3,0x116d0,??_C@_0N@LDKN@HPL062Dm?4PCX?$AA@
3,0x11400,??_C@_0N@NFOP@HPS040Wz?4PCX?$AA@
3,0x11430,??_C@_0N@NGAD@HPL041Wz?4PCX?$AA@
1,0x101f34,?GetSessionInfo@CHeroSessions@@QAA_NKPAD0AAHAAW4eSessionStatus@1@@Z
1,0x11c754,?HasOldChat@CChatManager@@QAA_NXZ
1,0x19a840,?Open@heroWindowManager@@UAAHH@Z
3,0xaba4,??_C@_0L@BLBP@AdvObjMask?$AA@
3,0x11590,??_C@_0N@PDNK@HPL052Hr?4PCX?$AA@
1,0x148d78,??1CChatWidget@@UAA@XZ
1,0x38b14,??A?$vector@Utype_point@@V?$allocator@Utype_point@@@std@@@std@@QBAABUtype_point@@I@Z
1,0xbdb5c,??A?$vector@Utype_point@@V?$allocator@Utype_point@@@std@@@std@@QAAAAUtype_point@@I@Z
1,0xedbf8,?readGeneratorData@NewfullMap@@QAAHPAXPAVCObject@@@Z
3,0x1ea3c,??_C@_08NHDA@TBFrdw_5?$AA@
1,0x1f9f4,?cell@NewfullMap@@QAAPAVNewmapCell@@Utype_point@@@Z
1,0x29458,?__iter_swap@std@@YAXPAPAVarmy@@00@Z
1,0x38b58,?back@?$vector@JV?$allocator@J@std@@@std@@QAAAAJXZ
1,0x6a65c,??_G?$basic_string@DU?$char_traits@D@std@@V?$allocator@D@2@@std@@QAAPAXI@Z
3,0x13820,??_C@_0M@DJDE@loadbar?4pcx?$AA@
1,0x341f4,?attempt_step@@YA_NPAVhero@@AAUpathCell@@_N2@Z
1,0x79ea8,?DrawCursorShadow@advManager@@QAAXHH@Z
2,0x4fc4,??_7CLevelPickWaitDlg@@6B@
1,0x2de8,?GetRealWidth@widget@@UBAHXZ
1,0xc3b0c,?uninitialized_copy@std@@YAPAPAVCSprite@@PAPAV2@00@Z
1,0x1491e0,?OnKeyPress@CEnterNameEdit@@UAAHAAUmessage@@@Z
1,0xa6274,?MineTypesOwned@game@@QAAHHH@Z
1,0x11c1f8,?HandlePlayerDrop@CDPlayHeroes@@QAAXK@Z
1,0x19074c,?CheckForDefeatedTownLoss@LossConditionStruct@@QAA_NHPBVtown@@@Z
1,0x43414,??E?$_Deque_iterator@W4SpellID@@U?$_Const_traits@W4SpellID@@@std@@U?$_Buf_size_traits@W4SpellID@@$0A@@3@@std@@QAAAAU01@XZ
1,0x10a3ac,??0TPalette16@@QAA@PBUTRGBA@@HHHHHH@Z
2,0x5654,??_7CHeroDlg@@6B@
3,0x1e760,??_C@_08LAFF@TBSthrd1?$AA@
1,0x9d0f4,?size@?$vector@VCObject@@V?$allocator@VCObject@@@std@@@std@@QBAIXZ
1,0x7fdb4,_ShowCursor
3,0x1e988,??_C@_08MLAE@TBFrboat?$AA@
1,0xd88,?ProcessRightSelect@TAdventureMapWindow@@QAA_NABUmessage@@@Z
1,0x27fe0,?get_best_hex@type_AI_attack_hex_chooser@@QBAJXZ
3,0x1b130,??_C@_0L@ILNB@trrecb?4def?$AA@
3,0x10dc,??_C@_06BDIM@gosolo?$AA@
3,0xa23c,??_C@_0L@BCEG@crangl?4def?$AA@
3,0x14500,?gMonFrameInfo@@3AAY0HK@$$CBUSMonFrameInfo@@A
1,0x110c0,?ScanForHeroOrBoat@advManager@@QAA_NHHHGAAY05UTDrawParts@@@Z
1,0x3b30c,?__linear_insert@std@@YAXPAUtype_creature_value@@0U2@@Z
1,0xfc520,?__uninitialized_fill_n@std@@YAPAVTreasureData@@PAV2@IABV2@0@Z
1,0x147dd4,??0CRequestHeroFaceMsg@@QAA@H@Z
1,0x7feb4,?_open@@YAHPBDHH@Z
1,0xc5788,?__destroy@std@@YAXPAVhero@@00@Z
3,0x1b02c,??_C@_0N@GHCF@landmine?4wav?$AA@
1,0x2bc40,?simulate_combat@type_AI_combat_data@@QAAXAAV1@@Z
1,0x2108,?UpdateHeroLocator@TAdvMenu@@QAAXH_N0@Z
1,0x31f94,?set@type_AI_creature_purchaser@@QAAXPAVtown@@@Z
3,0x5ad0,??_C@_08EEKG@CH04?4DEF?$AA@
1,0x63e5c,?_M_root@?$_Rb_tree@W4SpellID@@W41@U?$_Identity@W4SpellID@@@std@@U?$less@W4SpellID@@@3@V?$allocator@W4SpellID@@@3@@std@@IBAAAPAU?$_Rb_tree_node@W4SpellID@@@2@XZ
1,0xbdd58,??1?$vector@UTownExtra@@V?$allocator@UTownExtra@@@std@@@std@@QAA@XZ
1,0x148384,?HeaderConfirmed@CNewPlayerUpdateProc@@QAAXXZ
3,0xad70,??_C@_0N@JCFB@hs_turn_ne_e?$AA@
3,0x2e50,??_C@_08MBHC@itpt?4def?$AA@
1,0x19c698,??3@YAXPAX@Z
1,0x66c24,??1?$_STL_alloc_proxy@PAPAVwidget@@PAV1@V?$allocator@PAVwidget@@@std@@@std@@QAA@XZ
1,0xc3d80,?uninitialized_copy@std@@YAPAUTBlackMarket@@PAU2@00@Z
1,0x168a98,?hire@town@@QAAXPAVhero@@J@Z
1,0x3b480,?__unguarded_insertion_sort_aux@std@@YAXPAJ00@Z
3,0x12334,??_C@_0M@INHO@hiscore?4pcx?$AA@
1,0x161aa4,?InitializeCreditsText@@YA_NXZ
1,0x43fc,?uninitialized_fill_n@std@@YAPAHPAHIABH@Z
1,0xbd20c,??0CGameTransmitEndMsg@@QAA@HHHHK@Z
1,0xa4d58,?Init@playerData@@QAAXXZ
3,0x1f078,??_C@_0L@NHEP@VWMag1?4def?$AA@
1,0xf798c,?_S_whichword@?$_Base_bitset@$02K@std@@SAII@Z
1,0x194b48,?VWDrawShroud@advManager@@QAAXHHHHH@Z
1,0x9cf74,?empty@?$basic_string@DU?$char_traits@D@std@@V?$allocator@D@2@@std@@QBA_NXZ
3,0xcc70,?bStopOnTrigger@@3PAEA
1,0x13012c,?sizeCompare@@YAHPBX0@Z
3,0x1aa50,??_C@_0L@GKLE@Prayer?4wav?$AA@
3,0xa200,??_C@_0L@LJDK@ccavlr?4def?$AA@
1,0x8f044,??_Etype_record_erase@@UAAPAXI@Z
1,0x8f044,??_Gtype_record_erase@@UAAPAXI@Z
3,0x1dde8,??_C@_08EHIO@TBRmdw_6?$AA@
1,0x11ff34,??0?$CAutoArray@VCDPlayPlayer@@@@QAA@XZ
1,0x11ff64,??1?$CAutoArray@VCDPlayPlayer@@@@UAA@XZ
3,0x1ab68,??_C@_0M@KMKO@Disease?4wav?$AA@
1,0x70aec,?SetMessage@CMessageKill@@QAAXPAVCNetMsg@@@Z
1,0x8c678,?load@type_event_record@@UAA_NPAX@Z
1,0x230bc,?SaveFizzleSource@heroWindowManager@@QAAXABUSLimitData@@@Z
3,0x1d688,??_C@_08JCMB@TODtr1Ha?$AA@
1,0x28ce8,?value_type@std@@YAPAUtype_creature_value@@PBU2@@Z
1,0xc650c,?__copy_backward@std@@YAPAUTBlackMarket@@PAU2@00Urandom_access_iterator_tag@1@PAH@Z
1,0xe6e50,?GetMapExtraPtr@@YAPAGHHH@Z
1,0x3831c,??1type_knowledge_artifact@@UAA@XZ
1,0x718dc,?GetBaseCreature@@YA?AW4TCreatureType@@W4TTownType@@H@Z
2,0x79f0,_GUID_MiscellaneousCallbacks
1,0x19c974,_LeaveCriticalSection
1,0x39c54,?uninitialized_fill_n@std@@YAPAUtype_creature_value@@PAU2@IABU2@@Z
1,0xd60dc,??1TAutoStrPtr@?%E:\gamedcs\herodefs.cpp483311085@@QAA@XZ
3,0x1ea6c,??_C@_08OGFA@TBFrup_3?$AA@
1,0xe9a70,?size@?$vector@ULODEntry@@V?$allocator@ULODEntry@@@std@@@std@@QBAIXZ
3,0x1f7c8,??_C@_0BC@GCH@DDERR_TOOBIGWIDTH?$AA@
1,0x3b0fc,?__partial_sort@std@@YAXPAUtype_creature_value@@000U?$greater@Utype_creature_value@@@1@@Z
1,0xa75d0,?SaveRumours@game@@AAAHPAX@Z
1,0x10ab44,?Colorize@TPalette16@@QAAXMM@Z
1,0x12caa8,?get_lith_exits@game@@QBAABV?$vector@Utype_point@@V?$allocator@Utype_point@@@std@@@std@@J@Z
3,0xab7c,??_C@_07HIB@Tileset?$AA@
1,0x94314,?DoEventMine@advManager@@AAAXPAVNewmapCell@@PAVhero@@Utype_point@@_N@Z
1,0x146564,?VMLoadFile@@YA_NPADPAVBuffer@@@Z
1,0x197e58,?ProcessRightSelect@CHeroWindowEx@@UAA_NH@Z
1,0x1985e4,?Read@File@@UAAKPAXK@Z
3,0x2e27c,?gbWaitForRemoteReceive@@3HA
1,0x14da64,?__uninitialized_fill_n@std@@YAPAVTSpellbookEntry@TSpellbookWindow@@PAV23@IABV23@0@Z
1,0x488c,?__uninitialized_fill_n_aux@std@@YAPAPAVwidget@@PAPAV2@IABQAV2@U__false_type@@@Z
1,0xe5f68,?NormalDialogTimeOut@@YAXPBDHHHHHHHHHHH@Z
1,0x129774,?__uninitialized_copy@std@@YAPAPAVtextWidget@@PAPAV2@000@Z
1,0x43000,??0?$_STL_alloc_proxy@PAPAW4SpellID@@PAW41@V?$allocator@W4SpellID@@@std@@@std@@QAA@ABV?$allocator@W4SpellID@@@1@ABQAPAW4SpellID@@@Z
3,0x2b38,??_C@_09BGJL@PLICH?4def?$AA@
1,0x4128,?capacity@?$vector@PAVwidget@@V?$allocator@PAVwidget@@@std@@@std@@QBAIXZ
3,0x3e00,??_C@_0L@OHAF@G3B_co?4pcx?$AA@
3,0x1677c,?gbFollowPlayerMode@@3_NA
1,0x63e30,??0?$_Vector_base@UTObstacle@combatManager@@V?$allocator@UTObstacle@combatManager@@@std@@@std@@QAA@ABV?$allocator@UTObstacle@combatManager@@@1@@Z
3,0x70a4,??_C@_0M@PDH@soretrn?4def?$AA@
1,0x12f26c,??_ECBitmapWidget@@UAAPAXI@Z
1,0x12f26c,??_GCBitmapWidget@@UAAPAXI@Z
1,0x71728,?allocate@?$allocator@W4TArtifact@@@std@@QBAPAW4TArtifact@@IPBX@Z
3,0x2d51c,?gbInNewGameSetup@@3HA
3,0x1d95c,??_C@_08HKJN@TOFHlyAA?$AA@
1,0xe79d4,?__uninitialized_copy_aux@std@@YAPAUtype_point@@PBU2@0PAU2@U__false_type@@@Z
1,0x9ca84,?GetMine@game@@QAAPAVmine@@H@Z
3,0x2eb0,??_C@_0N@MCEK@itgflags?4def?$AA@
1,0x82f20,??_ETSkuttleBoatWindow@@UAAPAXI@Z
1,0x82f20,??_GTSkuttleBoatWindow@@UAAPAXI@Z
1,0x4edcc,?Swap@armyGroup@@QAAXHPAV1@H@Z
2,0x2278,??_7TCombatResultsWindow@@6B@
1,0x82378,??0CDiffMaker@@QAA@PAEH0H@Z
1,0xfb2a4,?__destroy@std@@YAXPAVBlackBoxData@@00@Z
3,0x1f288,?lpBackBuffer@@3PAUIDirectDrawSurface4@@A
1,0x28228,??A?$vector@JV?$allocator@J@std@@@std@@QAAAAJI@Z
1,0x57938,?zBufferDraw@button@@UBAXPAGH@Z
1,0x62358,?RemoveArmyFromGrid@combatManager@@QAAXABVarmy@@@Z
3,0x1df68,??_C@_08ONHE@TBTwhrd3?$AA@
1,0x17ad78,?Close@TTavernWindow@@UAAX_N@Z
2,0x7940,_IID_IDDVideoPortContainer
1,0xc2828,?__stl_alloc_rebind@std@@YAAAV?$allocator@UTBlackMarket@@@1@AAV21@PBUTBlackMarket@@@Z
1,0x91f44,?DoEventBoat@advManager@@AAAXPAVhero@@PAVNewmapCell@@@Z
1,0x9da3c,?__destroy@std@@YAXPAV?$basic_string@DU?$char_traits@D@std@@V?$allocator@D@2@@1@00@Z
1,0xf6304,??0?$_Vector_base@UTObjectCell@NewmapCell@@V?$allocator@UTObjectCell@NewmapCell@@@std@@@std@@QAA@ABV?$allocator@UTObjectCell@NewmapCell@@@1@@Z
1,0x16c3e8,?Close@townManager@@UAAXXZ
1,0x1984d8,?UpdateError@File@@IAAXPAD@Z
1,0x28ba4,?uninitialized_fill_n@std@@YAPAJPAJIABJ@Z
1,0xf9538,?destroy@std@@YAXPAVTTownEvent@@0@Z
1,0xfd2b4,?destroy@std@@YAXPAVTTownEvent@@@Z
1,0x36a1c,?get_value@type_antimagic_artifact@@UBAJPBVhero@@_N1@Z
1,0x8a154,?HostSession@CDPlay@@UAA_NPADKK0@Z
1,0xdab04,?inflate_blocks_sync_point@@YAHPAUinflate_blocks_state@@@Z
3,0x137dc,?ColorCyclingEnabled@@3_NA
3,0x1b0b4,??_C@_0N@NHPG@IceRayEx?4wav?$AA@
1,0x3d7b0,?is_last_action@type_AI_spellcaster@@IBA_NXZ
1,0x14dca8,?__partial_sort@std@@YAXPAVTSpellbookEntry@TSpellbookWindow@@000@Z
2,0x189c,?ObstacleInfo@combatManager@@0QBUTObstacleInfo@1@B
1,0x70ac8,??0CMessageKill@@QAA@PAVCNetMsg@@@Z
3,0xace4,??_C@_0M@HHEI@hs_stand_ne?$AA@
1,0x128ac4,??0?$_Vector_base@Utype_artifact_offering@@V?$allocator@Utype_artifact_offering@@@std@@@std@@QAA@ABV?$allocator@Utype_artifact_offering@@@1@@Z
3,0x1e598,??_C@_08BECM@TBDnhrd3?$AA@
1,0xa8c6c,?compare_heroes@@YAHPBX0@Z
2,0x46f4,??_7VRKeyboard@@6B@
1,0xf1bf8,?loadObject@NewfullMap@@QAAHPAXAAVCObject@@@Z
1,0xf16c8,?readObject@NewfullMap@@QAAHPAXAAVCObject@@@Z
1,0x19c5f0,?GetMap@Bitmap816@@QBAPBEHH@Z
1,0x6ab94,?value_type@std@@YAPAPAV?$basic_string@DU?$char_traits@D@std@@V?$allocator@D@2@@1@PBQAV21@@Z
2,0x51dc,??_7TResourceDisplay@@6B@
1,0x7bdcc,?ValidMoveWithEvent@advManager@@QAAHPAVhero@@H@Z
1,0x8e0b8,?record_erase_object@game@@QAAXPAVNewmapCell@@Utype_point@@@Z
1,0x123bf8,??_EResolutionSwitch@@UAAPAXI@Z
1,0x123bf8,??_GResolutionSwitch@@UAAPAXI@Z
3,0x1d13c,??_C@_08PAID@TOrcen1a?$AA@
1,0x9d920,?__final_insertion_sort@std@@YAXPAW4SpellID@@0Vspell_level_order@@@Z
1,0x164b88,?__uninitialized_copy_aux@std@@YAPAPADPAPAD00U__true_type@@@Z
1,0x289a8,?__stl_alloc_rebind@std@@YAAAV?$allocator@W4SpellID@@@1@AAV21@PBW4SpellID@@@Z
1,0x748ac,?clear@CSpriteFrame@@QAAXXZ
1,0x14de5c,?__pop_heap@std@@YAXPAVTSpellbookEntry@TSpellbookWindow@@00V23@PAH@Z
1,0x182e24,??0TGiveResourceWindow@@QAA@HH@Z
1,0x38fb4,?erase@?$vector@UpathCell@@V?$allocator@UpathCell@@@std@@@std@@QAAPAUpathCell@@PAU3@0@Z
1,0x43348,?__uninitialized_copy_aux@std@@YA?AU?$_Deque_iterator@W4SpellID@@U?$_Nonconst_traits@W4SpellID@@@std@@U?$_Buf_size_traits@W4SpellID@@$0A@@3@@1@U?$_Deque_iterator@W4SpellID@@U?$_Const_traits@W4SpellID@@@std@@U?$_Buf_size_traits@W4SpellID@@$0A@@3@@124a1190d
2,0x8850,_GUID_NOTIFICATION_SEGMENT
1,0x8b568,?GetReceiveQueueSize@CDPlay@@UAA_NKKAAK0@Z
1,0x10bbf4,?Colorize@TPalette24@@QAAXMM@Z
1,0x15ca44,?Close@swapManager@@UAAXXZ
1,0x2958,?DoTownKnob@TAdvMenu@@QAAX_N@Z
1,0x29054,?__destroy_aux@std@@YAXU?$_Deque_iterator@W4SpellID@@U?$_Nonconst_traits@W4SpellID@@@std@@U?$_Buf_size_traits@W4SpellID@@$0A@@3@@1@0U__false_type@@@Z
1,0x69198,??1TCombatResultsWindow@@UAA@XZ
1,0xd7bd0,?ViewHiScore@highScoreManager@@QAAXXZ
1,0xe8344,??0TLevelUpWindow@@QAA@PAVhero@@HHH@Z
1,0xff7e0,??0TCSLock@@QAA@PAUCRITICAL_SECTION@@@Z
3,0x1fb44,??_C@_0BD@MOND@DDERR_NOOPTIMIZEHW?$AA@
1,0x1cd68,?SetInitialMapOrigin@advManager@@QAAXXZ
1,0x8cac4,?create@type_record_teleport@@SAPAVtype_event_record@@XZ
1,0x9d460,?deallocate@?$allocator@V?$basic_string@DU?$char_traits@D@std@@V?$allocator@D@2@@std@@@std@@SAXPAV?$basic_string@DU?$char_traits@D@std@@V?$allocator@D@2@@2@I@Z
3,0x1b1e0,??_C@_0M@GKMK@sysopb4?4def?$AA@
1,0x57f5c,??1?$_STL_alloc_proxy@PAHHV?$allocator@H@std@@@std@@QAA@XZ
1,0xfb1c0,?__destroy@std@@YAXPAUTObjectCell@NewmapCell@@00@Z
3,0x1f084,??_C@_0L@DHCA@VWMag2?4def?$AA@
2,0x295c,??_7type_event_record@@6B@
1,0xcab04,?get_obscured_town@type_obscuring_object@@QBAPAVtown@@XZ
3,0x11f40,??_C@_0N@NKBE@hotraits?4txt?$AA@
1,0xe9ef8,?construct@std@@YAXPAULODEntry@@ABU2@@Z
1,0x11b940,?calc_crc_long@@YAHPAEH@Z
1,0x13575c,?SetupLoadGameMode@TSingleSelectionWindow@@QAAXXZ
1,0x19776c,?SaveBackground@heroWindow@@AAAHXZ
1,0x6aa24,?destroy@std@@YAXPAPAV?$basic_string@DU?$char_traits@D@std@@V?$allocator@D@2@@1@0@Z
1,0x6ad18,?destroy@std@@YAXPAPAV?$basic_string@DU?$char_traits@D@std@@V?$allocator@D@2@@1@@Z
1,0xbfc78,?end@?$vector@Vgarrison@@V?$allocator@Vgarrison@@@std@@@std@@QAAPAVgarrison@@XZ
1,0xc387c,?erase@?$vector@Vgenerator@@V?$allocator@Vgenerator@@@std@@@std@@QAAPAVgenerator@@PAV3@0@Z
3,0x1e7d8,??_C@_08HECF@TBStext4?$AA@
1,0xbf0,?animate_bottom_view@TAdventureMapWindow@@QAAX_N@Z
3,0x3de8,??_C@_0L@DKOA@G3B_en?4pcx?$AA@
1,0x8848c,?SetData@ds_genericsample@@QAA_NPAVwavfile@@KKK_N@Z
1,0xd52b0,?get_player@hero@@QBAPAVplayerData@@XZ
1,0xfcbc0,?capacity@?$vector@USecondarySkillData@@V?$allocator@USecondarySkillData@@@std@@@std@@QBAIXZ
3,0x1d3d8,??_C@_07MJJB@TOipain?$AA@
1,0x188640,?DoMarketplace@@YAXXZ
3,0x1060,??_C@_0BB@OHLK@ajpnyernqltbgbar?$AA@
1,0x51198,?clear@Bitmap16Bit@@QAAXXZ
1,0x527f0,?clear@Bitmap24Bit@@QAAXXZ
1,0x65dbc,??0TCombatCreatureSubWindow@@QAA@HHHHPAVheroWindow@@H@Z
1,0x853f4,?DrawObstacleAt@combatManager@@QAAXH@Z
1,0x4608,?__stl_alloc_rebind@std@@YAAAV?$allocator@H@1@AAV21@PBH@Z
1,0x48c60,?ComputeAttackerDamageReduction@army@@QBANPBV1@_N@Z
1,0x508bc,??0TAutoStrPtr@?%E:\gamedcs\artifact.cpp2645527351@@QAA@XZ
3,0xaeb8,?show_res@@3_NA
1,0xf4f04,??1?$vector@UTObjectCell@NewmapCell@@V?$allocator@UTObjectCell@NewmapCell@@@std@@@std@@QAA@XZ
1,0x11b8c4,?DPSD@@YAXHPADH@Z
1,0x12dea8,?Main@CHotspotWidget@@UAAHAAUmessage@@@Z
1,0x19cb90,_FindFirstFileW
1,0x289ac,?__stl_alloc_rebind@std@@YAAAV?$allocator@J@1@AAV21@PBJ@Z
1,0xbd980,?back@?$vector@VCObjectType@@V?$allocator@VCObjectType@@@std@@@std@@QAAAAVCObjectType@@XZ
1,0xc3a34,?destroy@std@@YAXPAVCObjectType@@0@Z
1,0x11d1c8,?ReceiveChat@@YAXPADH@Z
1,0xbded4,??0?$allocator@UTBlackMarket@@@std@@QAA@XZ
1,0xbdedc,??1?$allocator@UTBlackMarket@@@std@@QAA@XZ
1,0x148e98,?RestoreBackground@CChatWidget@@QBAXXZ
1,0x14e198,?__push_heap@std@@YAXPAVTSpellbookEntry@TSpellbookWindow@@HHV23@@Z
3,0xe4,__imp__SetFilePointer
1,0xeb248,?WindowHandler@VideomodeChoice@@UAAHAAUmessage@@@Z
3,0x15a6c,??_C@_09MAFC@mumap?4pcx?$AA@
3,0x16a5c,??_C@_0CD@LDAP@Error?5setting?5connection?5setting@
1,0x145120,?OnDeleteFile@TSingleSelectionWindow@@QAAXXZ
1,0x1415a8,?SendChat@TSingleSelectionWindow@@QAAXKPBD@Z
3,0x1d94c,??_C@_07JNKA@TOFCasD?$AA@
3,0x1d834,??_C@_07KENL@TOSOgr1?$AA@
1,0x13f770,?UpdatePlayerPositions@TSingleSelectionWindow@@QAAX_N@Z
3,0x3487c,?gSellArtifactWindowHelp@@3PAUTHelpText@@A
1,0x29568,?__adjust_heap@std@@YAXPAPAVarmy@@HHPAV2@Vfunc_moves_before@@@Z
1,0xb85c4,?ReceiveSaveGame@game@@QAAHHHH_N0@Z
1,0x9b3b4,?HeroLoses@advManager@@QAAXPAVhero@@H@Z
1,0xc39f8,?uninitialized_fill_n@std@@YAPAVCObjectType@@PAV2@IABV2@@Z
1,0x54614,?zBufferDraw@coloredBorder@@UBAXPAGH@Z
1,0x4098,?__stl_alloc_rebind@std@@YAAAV?$allocator@D@1@AAV21@PBD@Z
3,0xa7b4,??_C@_0L@DJLL@cbdrgn?4def?$AA@
3,0x1cf08,??_C@_08MGE@TOCsCas3?$AA@
1,0x4d65c,?__copy@std@@YA?AU?$_Deque_iterator@W4SpellID@@U?$_Nonconst_traits@W4SpellID@@@std@@U?$_Buf_size_traits@W4SpellID@@$0A@@3@@1@U21@00Urandom_access_iterator_tag@1@PAH@Z
3,0xb384,??_C@_0M@DPHH@Send?5to?5big?$AA@
1,0xf9374,?destroy@std@@YAXPAVMonsterData@@0@Z
1,0x93b18,?DoEventLeanTo@advManager@@AAAXPAVhero@@PAVNewmapCell@@_N@Z
3,0x140a0,??_C@_1BM@IPBA@?$AAM?$AAo?$AAv?$AAe?$AA?5?$AAR?$AAe?$AAm?$AAi?$AAn?$AAd?$AAe?$AAr?$AA?$AA@
3,0x21fd4,?playingBINK@BinkManager@@3UBinkManagerStruct@1@A
1,0x4ed28,?GetNumArmies@armyGroup@@QBAHXZ
1,0x8af78,?DeletePlayerFromGroup@CDPlay@@UAA_NKK@Z
1,0xc1edc,?save_vector@@YA_NPAXAAV?$vector@Utype_university@@V?$allocator@Utype_university@@@std@@@std@@@Z
2,0x8b00,_IID_IDirectMusicComposer
3,0xada0,??_C@_0N@FNPK@hs_turn_se_e?$AA@
1,0xbe4b8,??1?$vector@Utype_creature_bank@@V?$allocator@Utype_creature_bank@@@std@@@std@@QAA@XZ
1,0x11c4ac,?TurnDurationMsg@CChatManager@@QAAXPBDZZ
1,0x27fd4,?get_enemy_group@type_AI_combat_parameters@@QBAJXZ
1,0x6a810,?begin@?$vector@PAV?$basic_string@DU?$char_traits@D@std@@V?$allocator@D@2@@std@@V?$allocator@PAV?$basic_string@DU?$char_traits@D@std@@V?$allocator@D@2@@std@@@2@@std@@QAAPAPAV?$basic_string@DU?$char_traits@D@std@@V?$allocator@D@2@@2@XZ
1,0xc6274,?__destroy@std@@YAXPAVCObjectType@@00@Z
1,0xfa9e8,?fill@std@@YAXPAPAVCSprite@@0ABQAV2@@Z
1,0xfb47c,?iterator_category@std@@YA?AUrandom_access_iterator_tag@1@PBVCObject@@@Z
1,0x128ee4,?_M_insert_overflow@?$vector@Utype_artifact_offering@@V?$allocator@Utype_artifact_offering@@@std@@@std@@IAAXPAUtype_artifact_offering@@ABU3@I@Z
1,0x382d0,??1type_power_artifact@@UAA@XZ
1,0x31398,?buy_mage_guild@type_AI_player@@QAAXPAVhero@@PAVtown@@@Z
1,0xd7764,?GetCreatureType@THillFortWindow@@ABA?AW4TCreatureType@@H@Z
1,0x135e80,?UpdateMainWindow@TSingleSelectionWindow@@QAAXXZ
1,0x168ba0,?GetNativeTerrain@town@@QBA?AW4TTerrainType@@XZ
1,0x2dec,?sleep@widget@@QAAX_N@Z
1,0x47690,?get_adjusted_attack@army@@QBAJPBV1@_N@Z
1,0x8016c,_BinkGetRects
1,0xbce00,??0mine@@QAA@XZ
1,0xf638c,?erase@?$vector@VCObjectType@@V?$allocator@VCObjectType@@@std@@@std@@QAAPAVCObjectType@@PAV3@0@Z
3,0x17dd8,?LastSchool@TSpellbookWindow@@0W4TSpellSchool@@A
1,0x14f6ac,?check_fire_wall@combatManager@@QAA_NJPAVarmy@@_N@Z
1,0xf9958,?copy@std@@YAPAVBlackBoxData@@PAV2@00@Z
1,0x101510,?OnJoin@TMultiPlayerWindow@@QAA_NXZ
1,0x4c778,?consider_attack@army@@QAAXPBV1@JJ@Z
1,0xd55b8,?WalkOnWater@hero@@QAAXH@Z
1,0xf5ce0,?clear@?$vector@Vmine@@V?$allocator@Vmine@@@std@@@std@@QAAXXZ
1,0x118b38,?GetMonsterCost@@YAXHAAY06H@Z
1,0x11c558,?SystemMsg@CChatManager@@QAAXPBDZZ
1,0x198214,?rbegin@?$vector@PAVwidget@@V?$allocator@PAVwidget@@@std@@@std@@QBA?AV?$reverse_iterator@PBQAVwidget@@PAV1@ABQAV1@PBQAV1@H@2@XZ
3,0x2c9ac,?giTCPNumPlayers@@3HA
1,0x147e04,??0CRequestHeroFaceReplyMsg@@QAA@HH@Z
1,0x12fdf0,?GetGameVersion@@YAXPAD@Z
1,0x57c4c,??0type_func_button@@QAA@JJJJJPBDP6AHAAUmessage@@@ZHH@Z
1,0xf4d08,?resize@?$vector@USecondarySkillData@@V?$allocator@USecondarySkillData@@@std@@@std@@QAAXI@Z
1,0x147574,??0CNetPlayerHandlerPlayer@@QAA@XZ
1,0xb1f60,?StartAITheme@@YAXXZ
1,0xbfa9c,?insert@?$vector@USign@@V?$allocator@USign@@@std@@@std@@QAAXPAUSign@@IABU3@@Z
1,0xe7874,?_M_allocate_and_copy@?$vector@Utype_point@@V?$allocator@Utype_point@@@std@@@std@@IAAPAUtype_point@@IPBU3@0@Z
1,0x19b3f0,?BlitToScreenWithPointerX@heroWindowManager@@AAAXHHHHHH@Z
2,0x80d0,_IID_IDirectSoundBuffer
1,0x28a0c,?allocate@?$_STL_alloc_proxy@PAPAVarmy@@PAV1@V?$allocator@PAVarmy@@@std@@@std@@QAAPAPAVarmy@@I@Z
1,0x1264dc,?backpack_click@type_sacrifice_window@@QAAXJ_N@Z
1,0x55188,?animate@type_bottom_view_window@@UAAXXZ
1,0x65244,??1TCombatControlSubWindow@@UAA@XZ
1,0x97364,?DoWanderingMonsterResult@advManager@@AAAXPAVNewmapCell@@PAVhero@@Utype_point@@_N@Z
3,0xcf98,?gNeutralBaseResourceValues@@3PAHA
3,0x17aec,??_C@_0BE@OPFN@?2CD?9ROM?2heroes3?4snd?$AA@
1,0x41fc,?_M_do_reset@?$_Base_bitset@$00K@std@@QAAXXZ
3,0xacfc,??_C@_0M@OELF@hs_stand_se?$AA@
3,0x2ca14,?gHierarchyMask@@3PAY0CM@_JA
2,0x4a40,??_7CMPInputDlg@@6B@
1,0xbe920,?_M_do_reset@?$_Base_bitset@$01K@std@@QAAXXZ
1,0xf77ec,?_M_do_reset@?$_Base_bitset@$02K@std@@QAAXXZ
1,0x10380c,?pick_next_alignment@@YA?AW4TTownType@@EW41@@Z
3,0x31398,?iOverviewItems@@3HA
3,0x1fa90,??_C@_0BA@IHOJ@DDERR_NOTLOCKED?$AA@
2,0x7ad0,_GUID_OptSurfaceUmodeInfo
2,0x3464,??_7CHSInputDlg@@6B@
1,0xfc95c,?__uninitialized_copy@std@@YAPAUTownExtra@@PAU2@000@Z
1,0x27d44,?get_controlling_side@army@@QBAHXZ
1,0x38728,??A?$bitset@$0BC@K@std@@QBA_NI@Z
1,0x42ef0,?size@?$deque@W4SpellID@@V?$allocator@W4SpellID@@@std@@$0A@@std@@QBAIXZ
1,0x266d4,?choose_melee_target@combatManager@@AAA_NPBVarmy@@_NAAJAAVtype_AI_combat_parameters@@@Z
1,0x11cd14,?OnFunctionKey@CChatEdit@@UAAHUmessage@@H@Z
1,0x91bfc,?get_black_box@advManager@@QBAPAVBlackBoxData@@PBUExtraInfoUnion@@@Z
1,0xc6bf8,?__uninitialized_copy@std@@YAPAVgarrison@@PAV2@000@Z
1,0xec80c,?Init@NewfullMap@@AAAXH_N@Z
1,0x148038,??0CBadVersionMsg@@QAA@PBD0@Z
3,0xb16c,??_C@_0N@DDMJ@diboxbck?4pcx?$AA@
1,0x11bc88,?HandleLowLevelMsg@CDPlayHeroes@@IAA_NPAVCNetMsg@@@Z
3,0x1cda4,??_C@_0N@MCEA@TPCasTow?4pcx?$AA@
2,0x8460,_DPAID_Modem
3,0xa214,??_C@_0L@EFDI@cchamp?4def?$AA@
3,0xa250,??_C@_0L@PDHE@ccentr?4def?$AA@
1,0x116ca4,?WindowHandler@TQuestLogWindow@@UAAHAAUmessage@@@Z
1,0x11ce14,?InitRemote@@YA_NW4eNetGameType@@PBD@Z
1,0x12859c,?clear_hover_widget@widget@@SAXXZ
1,0x199170,?DDBlit@@YAXPAUIDirectDrawSurface4@@ABUtagRECT@@01K@Z
3,0x3df4,??_C@_0L@PMGH@G3B_se?4pcx?$AA@
1,0xe29a8,?DisplayVCWinLoss@@YA_NAAUVictoryConditionStruct@@AAH1_N@Z
1,0xf318c,?loadMapObjects@NewfullMap@@AAAHPAX@Z
1,0xf2c20,?readMapObjects@NewfullMap@@AAAHPAX@Z
1,0xf3018,?saveMapObjects@NewfullMap@@AAAHPAX@Z
1,0x1583ec,?_S_key@?$_Rb_tree@W4SpellID@@W41@U?$_Identity@W4SpellID@@@std@@U?$less@W4SpellID@@@3@V?$allocator@W4SpellID@@@3@@std@@KAABW4SpellID@@PAU_Rb_tree_node_base@2@@Z
3,0x1e22c,??_C@_08IKEM@TBInup_2?$AA@
1,0x322f8,?get_purchase_value@type_AI_creature_purchaser@@QAAJPBVarmyGroup@@F0QBJ@Z
1,0x1236d4,?_S_key@?$_Rb_tree@VTCacheMapKey@ResourceManager@@U?$pair@$$CBVTCacheMapKey@ResourceManager@@PAVresource@@@std@@U?$_Select1st@U?$pair@$$CBVTCacheMapKey@ResourceManager@@PAVresource@@@std@@@4@U?$less@VTCacheMapKey@ResourceManager@@@4@V?$allocator@U29cbee34
1,0x1255cc,?create_creature_icons@type_sacrifice_window@@AAAJJJJJJAAJPAPAViconWidget@@1PAPAVtextWidget@@_N@Z
1,0xf6190,?erase@?$vector@W4SpellID@@V?$allocator@W4SpellID@@@std@@@std@@QAAPAW4SpellID@@PAW43@0@Z
1,0x12b3f0,?check_adjacent_monster@@YA_NPBVhero@@AAUpathCell@@W4type_search_type@@@Z
3,0x1f5bc,??_C@_0BD@FJEG@DDERR_NOT4BITCOLOR?$AA@
1,0x2d5ec,?__adjust_heap@std@@YAXPAUtype_monster_data@@HHU2@@Z
1,0x3166c,?do_best_swap@type_AI_creature_swapper@@IAAJ_N@Z
1,0xc6158,?allocate@?$allocator@Vmine@@@std@@QBAPAVmine@@IPBX@Z
1,0xfb018,?uninitialized_fill_n@std@@YAPAVTTownEvent@@PAV2@IABV2@@Z
1,0x6aa7c,?__stl_alloc_rebind@std@@YAAAV?$allocator@PAV?$basic_string@DU?$char_traits@D@std@@V?$allocator@D@2@@std@@@1@AAV21@PBQAV?$basic_string@DU?$char_traits@D@std@@V?$allocator@D@2@@1@@Z
3,0x16c40,??_C@_0N@LBAD@dfault24?4pcx?$AA@
1,0x4f160,?GetArmyMorale@armyGroup@@QBAHHPBVhero@@PBVtown@@_N2@Z
3,0x15a54,??_C@_0M@KGKO@muBsrch?4def?$AA@
1,0x11cf64,?TransmitRemoteData@@YAHPAVCNetMsg@@H_N1@Z
3,0x2b90,??_C@_0N@LMDD@DrainLif?4wav?$AA@
1,0xe9ff4,?__uninitialized_copy_aux@std@@YAPAULODEntry@@PAU2@00U__false_type@@@Z
3,0x1ce34,??_C@_0N@EBGJ@TPMageIn?4pcx?$AA@
3,0xadc0,??_C@_0N@DAHB@hs_turn_s_se?$AA@
1,0x882b8,??0ds_genericsample@@QAA@AAV0@@Z
1,0x14d80c,?__stl_alloc_rebind@std@@YAAAV?$allocator@VTSpellbookEntry@TSpellbookWindow@@@1@AAV21@PBVTSpellbookEntry@TSpellbookWindow@@@Z
1,0x169c7c,?GetTownName@game@@QBAPBDH@Z
2,0x8490,_DPAID_INetW
3,0x1eeec,??_C@_0N@GFDN@TPMrkAsS?4pcx?$AA@
1,0x3285c,?AI_arrange_army_for_combat@@YAXPAVhero@@PBV1@ABVarmyGroup@@@Z
3,0x2c3c,??_C@_0M@IAHH@bigfont?4fnt?$AA@
1,0xc37b0,?insert@?$vector@W4TArtifact@@V?$allocator@W4TArtifact@@@std@@@std@@QAAXPAW4TArtifact@@IABW43@@Z
1,0x14ac44,?VideoNextFrame@@YAXXZ
1,0x19cc2c,_WinMainCRTStartup
3,0xb418,??_C@_0P@BAL@No?5new?5players?$AA@
3,0x224,MAPLEDEV_NULL_THUNK_DATA
3,0xa304,??_C@_0L@HBFH@cbtree?4def?$AA@
1,0xf5470,?size@?$vector@VMonsterData@@V?$allocator@VMonsterData@@@std@@@std@@QBAIXZ
1,0x1450a8,?OnBadVersionMsg@TSingleSelectionWindow@@QAA_NPAVCNetMsg@@@Z
3,0x1f5e8,??_C@_0BD@ECCH@DDERR_NOT8BITCOLOR?$AA@
1,0x3bb20,?__copy_backward@std@@YAPAUtype_creature_value@@PAU2@00Urandom_access_iterator_tag@1@PAH@Z
1,0x96eec,?monsters_sell_out@advManager@@AAA_NPAVhero@@PAVNewmapCell@@Utype_point@@_N3@Z
1,0xf65e8,??0?$_Vector_base@VCObject@@V?$allocator@VCObject@@@std@@@std@@QAA@ABV?$allocator@VCObject@@@1@@Z
3,0x16874,??_C@_0N@GFKF@timeover?4wav?$AA@
1,0x1d0bc,?PopupPlayerTurnInfo@@YAXXZ
1,0x4cb94,?GetCroppedX@CSpriteFrame@@QBAHXZ
1,0x4cb98,?GetCroppedY@CSpriteFrame@@QBAHXZ
3,0x2d6c4,?GlobalTimer@@3VCTimer@@A
1,0xe78fc,?uninitialized_copy@std@@YAPAUtype_point@@PBU2@0PAU2@@Z
1,0x1fdac,?get_location@town@@QBA?AUtype_point@@XZ
1,0x28138,??1?$allocator@W4SpellID@@@std@@QAA@XZ
2,0xb98,??_7type_antimorale_artifact@@6B@
1,0x3a858,?__copy@std@@YAPAPAVtype_artifact_effect@@PAPAV2@00Urandom_access_iterator_tag@1@PAH@Z
1,0x4ce38,??0?$allocator@W4SpellID@@@std@@QAA@XZ
1,0x899e0,?GetDS@ds_engine@@QAAPAUIDirectSound@@XZ
1,0xfd2d4,?__uninitialized_copy_aux@std@@YAPAUSecondarySkillData@@PBU2@0PAU2@U__false_type@@@Z
3,0x6df8,??_C@_0N@GFLM@SgFrBack?4pcx?$AA@
2,0x8440,_DPAID_Phone
3,0x10c,__imp__LeaveCriticalSection
3,0x5e84,??_C@_0N@PPEI@SgRmTw1C?4pcx?$AA@
1,0xbaca4,?GiveTimeEventReward@game@@QAAXABVTTimedEvent@@@Z
3,0x139c0,??_C@_04KHAC@?0?5?$CG?5?$AA@
1,0x122fcc,?_M_leftmost@?$_Rb_tree@VTCacheMapKey@ResourceManager@@U?$pair@$$CBVTCacheMapKey@ResourceManager@@PAVresource@@@std@@U?$_Select1st@U?$pair@$$CBVTCacheMapKey@ResourceManager@@PAVresource@@@std@@@4@U?$less@VTCacheMapKey@ResourceManager@@@4@V?$allocaf2a295f8
1,0x2b038,?cast_summoning@type_AI_combat_data@@IAAXAAUtype_spell_choice@@@Z
3,0x6dd8,??_C@_0N@EFNL@SgDnBack?4pcx?$AA@
3,0x65b4,??_C@_0N@PFNE@SgStWa61?4pcx?$AA@
3,0x1f980,??_C@_0BI@DACF@DDERR_NOPALETTEATTACHED?$AA@
1,0x550b8,??0type_bottom_view_window@@QAA@PAVheroWindow@@@Z
1,0x66b80,??0?$allocator@PAVwidget@@@std@@QAA@XZ
1,0x66b84,??1?$allocator@PAVwidget@@@std@@QAA@XZ
2,0x7fe0,_IID_IDirect3DRMAnimationArray
3,0x5b84,??_C@_0N@DEDO@SgCsDrwC?4pcx?$AA@
3,0x5ccc,??_C@_0N@MFCD@SgCsManC?4pcx?$AA@
1,0x770ec,?DrawTileShadow@CSpriteFrame@@QBAXHHHHPAGHHHHHAAVTPalette16@@_N2@Z
1,0xf4c88,??A?$bitset@$0DA@K@std@@QBA_NI@Z
3,0x16acc,??_C@_0BE@PLCI@Successful?5connect?$CB?$AA@
1,0x163db4,??0?$vector@PADV?$allocator@PAD@std@@@std@@QAA@I@Z
2,0x8890,_GUID_NOTIFICATION_COMMAND
1,0x1c580,?CheckDimHero@advManager@@QAAXXZ
1,0xc8d38,?__destroy_aux@std@@YAXPAVgarrison@@U__false_type@@@Z
3,0x1b388,??_C@_0N@GKLA@CampDiag?4txt?$AA@
3,0x2bf70,?ArtifactEventText@@3PBVTTextResource@@B
1,0x14a380,?Select@slider@@QAAHAAUmessage@@_N@Z
1,0x65ad8,??1TCombatHeroSubWindow@@UAA@XZ
1,0x893e4,?ClearCache@ds_engine@@QAAXXZ
1,0xc3d08,?uninitialized_copy@std@@YAPAUtype_point@@PAU2@00@Z
1,0x14ddfc,?destroy@std@@YAXPAVTSpellbookEntry@TSpellbookWindow@@@Z
1,0x231d0,?size@?$vector@Vtown@@V?$allocator@Vtown@@@std@@@std@@QBAIXZ
3,0x70d4,??_C@_0M@HCOA@sysob11?4def?$AA@
1,0x61318,?InLineOfSight@combatManager@@QBA_NHH@Z
3,0x1f298,?menue_surface@@3PAUIDirectDrawSurface4@@A
1,0x4cef4,?pop_front@?$deque@W4SpellID@@V?$allocator@W4SpellID@@@std@@$0A@@std@@QAAXXZ
3,0x3268,??_C@_0N@OKJN@campaign?4tmp?$AA@
3,0x63bc,??_C@_0N@CHHD@SgDnMoat?4pcx?$AA@
1,0x8a624,?Send@CDPlay@@UAA_NPAXKKK_N@Z
3,0x13854,??_C@_0DI@DABC@Unable?5to?5initialize?5resources?5?9@
3,0x1e07c,??_C@_08HDFM@TBInmag4?$AA@
3,0x30,__imp__memcpy
3,0x3f2c,??_C@_0L@DPFP@E2A_en?4pcx?$AA@
3,0x3f98,??_C@_0L@KPAC@E2C_en?4pcx?$AA@
3,0xa7a0,??_C@_0L@BNDJ@crdrgn?4def?$AA@
3,0xa660,??_C@_0L@NGGJ@cbknig?4def?$AA@
1,0xdc894,?KeyboardMessageHandler@@YAHPAXIIJ@Z
3,0x1aab8,??_C@_0L@EIDD@Frenzy?4wav?$AA@
2,0x89b0,_GUID_DisableTimeSig
1,0x5dfb4,?FreeIcons@combatManager@@AAAXXZ
3,0x1d358,??_C@_08LMEE@TOicas2a?$AA@
1,0x8c710,??0type_record_move_hero@@QAA@PAVhero@@DUtype_point@@@Z
1,0xc8e68,?__destroy_aux@std@@YAXPAPAVCSprite@@U__false_type@@@Z
3,0x2d518,?giWeekTypeExtra@@3HA
1,0x27200,?berserk_attack@combatManager@@QAAXPAVarmy@@PBV2@@Z
1,0x14d514,??1?$_Vector_base@VTSpellbookEntry@TSpellbookWindow@@V?$allocator@VTSpellbookEntry@TSpellbookWindow@@@std@@@std@@QAA@XZ
3,0x33b1c,?gAbbSecondarySkillLevels@@3PAPBDA
1,0x3a0f4,?uninitialized_copy@std@@YAPAUtype_creature_source@@PAU2@00@Z
1,0x54300,?GetPalette24@Bitmap816@@QAAAAVTPalette24@@XZ
3,0x65a4,??_C@_0N@BFLL@SgStWa62?4pcx?$AA@
1,0xe9330,??0LODFile@@QAA@XZ
3,0x34f04,?gMineDescriptions@@3PAPBDA
3,0xd274,?gbForegroundApp@@3_NA
1,0xe9374,??1LODFile@@QAA@XZ
3,0xe0,__imp__ReadFile
3,0xad60,??_C@_0N@DJFA@hs_turn_ne_n?$AA@
1,0xa9e88,?SetupOrigData@game@@QAAXXZ
1,0x146bfc,?FindFileOnVMS@@YA_NPAD@Z
1,0x14b528,?MemorySample@soundManager@@QAAPAVds_memsample@@PAVsample@@@Z
3,0x1e940,??_C@_08JOJD@TBFrmark?$AA@
1,0xe90c0,?GetFileSize@LODFile@@QAAHXZ
1,0xd5800,?reset_artifacts@hero@@QAAXXZ
1,0xf746c,??0?$_STL_alloc_proxy@PAVCObjectType@@V1@V?$allocator@VCObjectType@@@std@@@std@@QAA@ABV?$allocator@VCObjectType@@@1@ABQAVCObjectType@@@Z
1,0x3db2c,?get_mass_damage_effect@type_AI_spellcaster@@IBAJJJ@Z
3,0x5c40,??_C@_0N@GFEH@SgCsWa32?4pcx?$AA@
2,0x5ef8,??_7CTextEntrySave@@6B@
3,0x14228,??_C@_1BE@HMDE@?$AAT?$AAe?$AAs?$AAt?$AA?5?$AAB?$AAl?$AAi?$AAt?$AA?$AA@
3,0x1e1f0,??_C@_08LLCM@TBIndw_4?$AA@
3,0x5db8,??_C@_0N@EFLC@SgRmWa42?4pcx?$AA@
1,0x11c71c,?GetNextFreeMsgNbr@CChatManager@@IAAHXZ
1,0x38f34,??0?$_Vector_base@Utype_creature_value@@V?$allocator@Utype_creature_value@@@std@@@std@@QAA@ABV?$allocator@Utype_creature_value@@@1@@Z
3,0x5dc8,??_C@_0N@KFNN@SgRmWa41?4pcx?$AA@
1,0x72fc4,?DrawAdvObjWithFlagScaled50@CSprite@@QBAXHHHHHPAGHHHHHG@Z
1,0xa4ee8,?add_garrison_hero@playerData@@QAA_NPAVtown@@@Z
1,0x11f62c,??0CAllReadyToPlayMsg@@QAA@XZ
1,0x3b1d4,?__linear_insert@std@@YAXPAUtype_creature_value@@0U2@U?$greater@Utype_creature_value@@@1@@Z
3,0x608c,??_C@_0N@KGLP@SgInTpWl?4pcx?$AA@
1,0x12db70,?__copy_backward@std@@YAPAVTSeerHut@@PAV2@00Urandom_access_iterator_tag@1@PAH@Z
3,0x17038,?difficultyRating@@3PAKA
1,0x2c728,?size@?$vector@Utype_monster_data@@V?$allocator@Utype_monster_data@@@std@@@std@@QBAIXZ
3,0x5c50,??_C@_0N@IFCI@SgCsWa31?4pcx?$AA@
1,0x9c988,?WagonIsFull@ExtraInfoUnion@@QBA_NXZ
3,0xa700,??_C@_0L@FMAC@cbehol?4def?$AA@
3,0xa4e4,??_C@_0L@JDON@ccerbu?4def?$AA@
3,0x2993c,?combatMusic@@3HA
1,0x12189c,?SetPath@ResourceManager@@YAXPBD@Z
3,0x1d944,??_C@_07ECFF@TOFDck1?$AA@
1,0x4ea78,?load@armyGroup@@QAAHPAX@Z
1,0xc2238,?construct@std@@YAXPAUTBlackMarket@@ABU2@@Z
1,0x18c00c,?WindowHandler@TSellArtifactWindow@@UAAHAAUmessage@@@Z
1,0x1b164,?SetEnvironmentOrigin@advManager@@QAAXUtype_point@@H@Z
1,0x3a5d8,?uninitialized_copy@std@@YAPAUHeroDestination@@PAU2@00@Z
1,0x8a158,?JoinSession@CDPlay@@UAA_NPAU_GUID@@PAD@Z
2,0x4f80,??_7CNetMsgHandlerPause@@6B@
3,0x1b6a8,??_C@_07FNAG@AGRText?$AA@
1,0x19c968,_EnterCriticalSection
1,0xd5914,?GetSpellSchoolLevel@hero@@QBA?AW4TSkillMastery@@W4TSpellSchool@@@Z
1,0x12f84c,?SavedGameExists@@YA_NPAD@Z
1,0x20544,??A?$vector@Vgenerator@@V?$allocator@Vgenerator@@@std@@@std@@QAAAAVgenerator@@I@Z
1,0x3fa24,?get_muck_and_mire_value@type_AI_spellcaster@@IBAJPBVarmy@@Utype_enchant_data@@@Z
1,0x63b10,??1?$allocator@_N@std@@QAA@XZ
1,0xe6eb4,?GetSet@mouseManager@@QBA?AW4EPointerSet@1@XZ
1,0xfa860,?copy_backward@std@@YAPAVCObjectType@@PAV2@00@Z
1,0xfe414,??0?$allocator@_N@std@@QAA@XZ
1,0x3a8e8,?__uninitialized_fill_n@std@@YAPAUpathCell@@PAU2@IABU2@0@Z
3,0x1eaf4,??_C@_0N@EFID@FortressTown?$AA@
1,0x19e80,?MonsterQuickView@advManager@@QAAXPBVNewmapCell@@HH@Z
1,0x1584a8,?_S_value@?$_Rb_tree@W4SpellID@@W41@U?$_Identity@W4SpellID@@@std@@U?$less@W4SpellID@@@3@V?$allocator@W4SpellID@@@3@@std@@KAAAW4SpellID@@PAU?$_Rb_tree_node@W4SpellID@@@2@@Z
1,0x2ed4,?GetCurrHero@game@@QAAPAVhero@@XZ
1,0x63d4c,?begin@?$_Rb_tree@W4SpellID@@W41@U?$_Identity@W4SpellID@@@std@@U?$less@W4SpellID@@@3@V?$allocator@W4SpellID@@@3@@std@@QBA?AU?$_Rb_tree_iterator@W4SpellID@@U?$_Const_traits@W4SpellID@@@std@@@2@XZ
1,0x122de8,??0?$pair@VTCacheMapKey@ResourceManager@@PAVresource@@@std@@QAA@ABVTCacheMapKey@ResourceManager@@ABQAVresource@@@Z
1,0x129758,?__uninitialized_fill_n@std@@YAPAUtype_artifact_offering@@PAU2@IABU2@0@Z
3,0x1d11c,??_C@_08KFBC@TOrtre1h?$AA@
1,0x75810,?Draw@CSpriteFrame@@QBAXHHHHPAGHHHHHAAVTPalette16@@_N2@Z
1,0x122a60,?_S_minimum@_Rb_tree_node_base@std@@SAPAU12@PAU12@@Z
3,0xa638,??_C@_09FKAM@clich?4def?$AA@
1,0x12393c,?_M_create_node@?$_Rb_tree@VTCacheMapKey@ResourceManager@@U?$pair@$$CBVTCacheMapKey@ResourceManager@@PAVresource@@@std@@U?$_Select1st@U?$pair@$$CBVTCacheMapKey@ResourceManager@@PAVresource@@@std@@@4@U?$less@VTCacheMapKey@ResourceManager@@@4@V?$allbb9acac5
1,0xfc380,?__uninitialized_copy@std@@YAPAUTObjectCell@NewmapCell@@PAU23@000@Z
1,0x111630,?AI_visit_hill_fort@@YAXPAVhero@@@Z
3,0x380c4,?memoryBuffer@@3PAVBitmap16Bit@@A
3,0x167f4,??_C@_0BG@LMIF@DPlay?5Send?5error?5?$FL?$CFs?$FN?$AA@
1,0x6abc4,?find_if@std@@YAPBDPBD0V?$binder2nd@U?$_Eq_traits@U?$char_traits@D@std@@@std@@@1@Uinput_iterator_tag@1@@Z
1,0x1799bc,?WindowHandler@TBuyBuildWindow@@UAAHAAUmessage@@@Z
1,0x8f67c,??1?$_STL_alloc_proxy@PAUtype_shroud_change@type_record_shroud@@U12@V?$allocator@Utype_shroud_change@type_record_shroud@@@std@@@std@@QAA@XZ
1,0x9d2a8,??0?$allocator@V?$basic_string@DU?$char_traits@D@std@@V?$allocator@D@2@@std@@@std@@QAA@XZ
1,0xd8ea4,??1CHighScoreEdit@@UAA@XZ
1,0x79b0,?GetCursorSampleSet@advManager@@QAAXH@Z
1,0x14886c,?HeaderRequested@CNewPlayerUpdateMan@@QAAXKH@Z
3,0x1a9d0,??_C@_0N@PDBC@Animdead?4wav?$AA@
3,0x1dcb0,??_C@_08LMGJ@TBRmhall?$AA@
3,0x3820c,?lastKoordX@@3PAHA
3,0x381e4,?lastKoordY@@3PAHA
1,0x72ac4,?DrawInterface@CSprite@@QBAXHHHHHPAGHHHHH_N@Z
1,0x8cc1c,?save@type_record_claim_mine@@UAA_NPAX@Z
1,0xc5680,?__destroy@std@@YAXPAVgenerator@@00@Z
1,0x19c7f4,_ceil
1,0x19c9e0,_malloc
1,0x2d000,?__destroy_aux@std@@YAXPAUtype_monster_data@@0U__false_type@@@Z
3,0x16bf0,?numSoundCD@@3HA
3,0x1d734,??_C@_07CALO@TODmin2?$AA@
3,0x1d20c,??_C@_07HKOK@TOTHal1?$AA@
3,0x1e430,??_C@_08LMAP@TBNcup_1?$AA@
2,0x87b0,_CLSID_DirectMusicMotifTrack
2,0x85e0,_GUID_DMUS_PROP_XG_Hardware
1,0x19c680,_strlen
1,0x19c740,__muld
1,0x5177c,?Colorize@Bitmap16Bit@@QAAXHHHHG@Z
1,0x8cbb4,?load@type_record_claim_mine@@UAA_NPAX@Z
1,0x11fdbc,??_ECGameTransferDlg@@UAAPAXI@Z
1,0x11fdbc,??_GCGameTransferDlg@@UAAPAXI@Z
1,0x14b7f4,?ProcessStopAndPlayMP3@@YAXXZ
1,0xe7fd0,?Process1WindowsMessage@@YAXXZ
1,0x1296c0,?__destroy@std@@YAXPAUtype_artifact_offering@@00@Z
1,0x12d238,?DoProgressDialog@TSeerHut@@AAAXXZ
1,0x1637d4,??_EtextEntryWidget@@UAAPAXI@Z
1,0x1637d4,??_GtextEntryWidget@@UAAPAXI@Z
1,0x190038,?CheckForUpgradedTown@VictoryConditionStruct@@QAA_NXZ
3,0x7104,??_C@_0M@NEFN@BigFont?4fnt?$AA@
1,0x12964c,?uninitialized_copy@std@@YAPAPAVsample@@PAPAV2@00@Z
1,0x1027f4,?UpdateOK@CMPInputDlg@@UAAXXZ
3,0x1b13c,??_C@_0L@MAOO@tsbtns?4def?$AA@
1,0x3ae0,?_M_throw_length_error@?$_String_base@DV?$allocator@D@std@@@std@@QBAXXZ
3,0xa19c,??_C@_0L@BEKB@crgrif?4def?$AA@
3,0xa9e8,??_C@_0L@KACE@cchydr?4def?$AA@
1,0x1970c0,?enable@widget@@UAAX_N@Z
1,0x122a70,?_S_maximum@_Rb_tree_node_base@std@@SAPAU12@PAU12@@Z
1,0x28ac0,?_M_destroy_nodes@?$_Deque_base@W4SpellID@@V?$allocator@W4SpellID@@@std@@$0A@@std@@IAAXPAPAW4SpellID@@0@Z
1,0x547c0,??0bitmapBorder@@QAA@HHHHHPBDH_N@Z
3,0x3e0c,??_C@_0L@HCMO@G3C_en?4pcx?$AA@
3,0x3dc4,??_C@_0L@OCJD@G3A_en?4pcx?$AA@
1,0xbe888,?_M_do_sanitize@?$bitset@$0DA@K@std@@AAAXXZ
3,0x1f204,??_C@_0CH@OHFG@Rename?5destination?5file?5already?5@
1,0x5433c,??0border@@QAA@XZ
1,0x89bc4,??1?$tree@K@@QAA@XZ
1,0xbdb84,??0?$vector@Utype_point@@V?$allocator@Utype_point@@@std@@@std@@QAA@ABV?$allocator@Utype_point@@@1@@Z
1,0xa2b5c,??0Buffer@@QAA@XZ
1,0x75b20,?DrawCreatureImpl@CSpriteFrame@@ABAXHHHHPAGHHHHHAAVTPalette16@@_NG2@Z
1,0x89bb8,??0?$tree@K@@QAA@XZ
1,0xa2b98,??1Buffer@@QAA@XZ
1,0xc6b24,?construct@std@@YAXPAVgarrison@@ABV2@@Z
1,0x803bc,_deflateSetDictionary@12
3,0x1dfe0,??_C@_08CMFF@TBTwdw_4?$AA@
1,0x1987fc,?IsNormal@CFindFile@@QAA_NXZ
1,0x894dc,?CacheSample@ds_engine@@AAAPAVds_memsample@@PBD@Z
1,0xfb584,?__copy@std@@YAPAVTreasureData@@PAV2@00Urandom_access_iterator_tag@1@PAH@Z
1,0x1240ec,??0type_army_slot_widget@@QAA@JJJJJJPBD_N@Z
3,0x1e610,??_C@_08NFAN@TBDndw_4?$AA@
1,0x543d8,??1border@@UAA@XZ
1,0xfd514,??_GBlackBoxData@@QAAPAXI@Z
1,0xc9fd4,_gzread@12
1,0xfb34c,?iterator_category@std@@YA?AUrandom_access_iterator_tag@1@PBUSecondarySkillData@@@Z
1,0x164a00,?iterator_category@std@@YA?AUrandom_access_iterator_tag@1@PBQAV?$vector@PADV?$allocator@PAD@std@@@1@@Z
2,0xda4,??_7bitmapBorder@@6B@
1,0x57dbc,?GetPalette24@CSprite@@QAAAAVTPalette24@@XZ
1,0x70c5c,?swap@std@@YAXAA_N0@Z
3,0xb2c0,??_C@_07GHND@Generic?$AA@
1,0x9c7b4,?GetCampfireSize@ExtraInfoUnion@@QBAFXZ
1,0xca244,_gzseek@12
1,0x11d770,?InitConnection@@YA_NPADPAU_DPCOMPORTADDRESS@@@Z
1,0x14e7b0,?get@TAutoStrPtr@?%E:\gamedcs\spelldefs.cpp1007929134@@QBAPADXZ
1,0x4d41c,?_M_reserve_map_at_back@?$deque@W4SpellID@@V?$allocator@W4SpellID@@@std@@$0A@@std@@IAAXI@Z
1,0x80160,_BinkDDSurfaceType
1,0xc5e4c,?copy@std@@YAPAVgenerator@@PAV2@00@Z
1,0xd914c,??1CHSInputDlg@@UAA@XZ
1,0xf7e94,?_M_fill_insert@?$vector@VCObjectType@@V?$allocator@VCObjectType@@@std@@@std@@QAAXPAVCObjectType@@IABV3@@Z
1,0x102718,??1CMPInputDlg@@UAA@XZ
3,0x17e98,??_C@_0P@MFMO@?$HL?$CFs?$HN?6?$CFs?5?$CFs?3?5?$CFd?$AA@
1,0x82b9c,??0TSkuttleBoatWindow@@QAA@XZ
1,0xbe568,?size@?$vector@UTRumour@game@@V?$allocator@UTRumour@game@@@std@@@std@@QBAIXZ
1,0xe71b0,??1combatManager@@QAA@XZ
1,0xf774c,?insert@?$vector@VTTownEvent@@V?$allocator@VTTownEvent@@@std@@@std@@QAAXPAVTTownEvent@@IABV3@@Z
3,0xb260,??_C@_0BC@GKMF@Cant?5create?5group?$AA@
3,0x137cc,?loadBar@@3PAVBitmap816@@A
1,0x120904,?__copy_backward@std@@YAPAPAPAVCNetMsg@@PAPAPAV2@00Urandom_access_iterator_tag@1@PAH@Z
3,0x1e478,??_C@_08LLFK@TBDnmage?$AA@
1,0x14741c,?AssignData@NewSMapHeader@@QAAXPAVCMapHeaderData@@PAD1@Z
3,0x1be5c,??_C@_0L@CFBJ@TPGate?4pcx?$AA@
3,0x1de48,??_C@_08ECAC@TBTwmage?$AA@
1,0x8c708,?replay@type_event_record@@UAAX_N@Z
1,0xbfb90,?erase@?$vector@Vmine@@V?$allocator@Vmine@@@std@@@std@@QAAPAVmine@@PAV3@0@Z
1,0x143810,?OnNameChange@TSingleSelectionWindow@@QAAXHPBD@Z
3,0x1ae18,??_C@_0L@NJFB@C13spF?4def?$AA@
1,0x1578b4,?SpellTargetMessage@combatManager@@QAAXHH_N@Z
1,0x160700,?DoModal@TSystemOptionsWindow@@QAAXXZ
1,0x44ac,?__copy@std@@YAPAHPAH00Urandom_access_iterator_tag@1@0@Z
1,0x82cb0,??1TSkuttleBoatWindow@@UAA@XZ
2,0x34a8,??_7THighScoreWindow@@6B@
1,0x12fd68,?ProcessMouse@@YAKPAX@Z
1,0x10e0f8,?AI_visit_war_factory@@YAXPAVhero@@@Z
1,0x1211ec,??_ETResourceDisplay@@UAAPAXI@Z
1,0x1211ec,??_GTResourceDisplay@@UAAPAXI@Z
1,0x7fff4,?DCfopen@@YAPAXPBDZZ
1,0x86098,?DrawObject@combatManager@@QAAHPBVBitmap816@@HH@Z
1,0xf1cd8,?readObjectType@NewfullMap@@QAAHPAXAAVCObjectType@@@Z
2,0x8b70,_DLSID_SupportsDLS1
2,0x8b80,_DLSID_SupportsDLS2
3,0x1d01c,??_C@_08HBKC@TOCsCrs2?$AA@
2,0x6bcc,??_7TTradeResourceWindow@@6B@
1,0x1984d0,?GetLastError@File@@QAAPADXZ
3,0x6c98,??_C@_0N@EPOE@ObBhS14b?4def?$AA@
1,0xca1c4,_gzgets@12
1,0xfd018,?__uninitialized_fill_n_aux@std@@YAPAVTSeerHut@@PAV2@IABV2@U__false_type@@@Z
1,0x14d364,?GetContextMask@TSpellbookWindow@@QBAIXZ
3,0x6c30,??_C@_0M@FNKJ@ObLvS09?4def?$AA@
3,0x16ae0,??_C@_0O@GILN@Username?$DN?$FL?$CFs?$FN?$AA@
1,0x1129c,?GetFlaggedObjectOwner@@YAHPAVNewmapCell@@@Z
3,0x1e49c,??_C@_08BNHN@TBDnmag4?$AA@
2,0x83d0,_DPLPROPERTY_MessagesSupported
1,0x2600c,?choose_creature_spell@combatManager@@AAA_NPBVarmy@@AAJAAVtype_AI_combat_parameters@@@Z
1,0x70920,?CheckAutoScrolling@combatManager@@QAAXXZ
2,0x473c,??_7soundManager@@6B@
1,0xf771c,?deallocate@?$_STL_alloc_proxy@PAVTTimedEvent@@V1@V?$allocator@VTTimedEvent@@@std@@@std@@QAAXPAVTTimedEvent@@I@Z
3,0x1dbfc,??_C@_08CPMC@TBCsup_2?$AA@
1,0x38c8,?_M_terminate_string_aux@?$basic_string@DU?$char_traits@D@std@@V?$allocator@D@2@@std@@AAAXU__true_type@@@Z
1,0x94c8c,?DoEventRallyFlag@advManager@@AAAXPAVhero@@PAVNewmapCell@@_N@Z
1,0xa0970,?build_combat_path@searchArray@@AAA_NPBVarmy@@HHH@Z
3,0x2daec,?divideStatus@@3HA
1,0x122b08,?SetPixelFormat@TPalette16@@SAXIII@Z
1,0x3fc20,?get_poison_value@type_AI_spellcaster@@IBAJPBVarmy@@Utype_enchant_data@@@Z
1,0x3e658,?get_sorrow_value@type_AI_spellcaster@@IBAJPBVarmy@@Utype_enchant_data@@@Z
3,0x3eb4,??_C@_0M@BJAM@E1P1_co?4pcx?$AA@
3,0x3efc,??_C@_0M@IJFB@E1P3_co?4pcx?$AA@
3,0x110a0,??_C@_0N@MN@HPS013Cl?4PCX?$AA@
1,0x127a08,??1type_skeleton_window@@UAA@XZ
1,0x12f86c,?SaveValid@@YA_NPBD@Z
1,0x393a8,?deallocate@?$_STL_alloc_proxy@PAUHeroDestination@@U1@V?$allocator@UHeroDestination@@@std@@@std@@QAAXPAUHeroDestination@@I@Z
1,0xc8110,?__uninitialized_fill_n_aux@std@@YAPAVmine@@PAV2@IABV2@U__false_type@@@Z
1,0xf76d4,?insert@?$vector@VTTimedEvent@@V?$allocator@VTTimedEvent@@@std@@@std@@QAAXPAVTTimedEvent@@IABV3@@Z
1,0x1202fc,?_M_push_back_aux@?$deque@PAVCNetMsg@@V?$allocator@PAVCNetMsg@@@std@@$0A@@std@@IAAXABQAVCNetMsg@@@Z
1,0x1dc24,?FindAdjacentMonster@advManager@@QAA_NUtype_point@@AAU2@0@Z
3,0x6ee4,??_C@_0M@BLFF@CmBkSub?4pcx?$AA@
1,0xa26d4,?LongestWrappedLineWidth@font@@QBAHPBDH@Z
1,0x17f6e8,?Recruit@TCastleWindow@@AAAXH@Z
3,0x1348,?RoadFilenames@@3PAPBDA
1,0x5f1d0,?CombineGroups@combatManager@@AAAXPAVarmyGroup@@0@Z
3,0xa584,??_C@_0L@NADJ@cadevl?4def?$AA@
1,0x87d9c,?OpenOffset@wavfile@@QAA_NK@Z
1,0xc33f4,?allocate@?$allocator@Utype_point@@@std@@QBAPAUtype_point@@IPBX@Z
1,0x11e39c,?HandlePlayerDead@@YAXH_N@Z
1,0x19a440,?AppPaint@@YAHPAX0@Z
1,0x2d36c,?distance_type@std@@YAPAHPBUtype_monster_data@@@Z
2,0xb78,??_7type_luck_artifact@@6B@
1,0x3aee0,?__destroy_aux@std@@YAXPAUHeroDestination@@0U__false_type@@@Z
1,0xc5f8c,??4TRumour@game@@QAAAAU01@ABU01@@Z
3,0x1de6c,??_C@_08OECF@TBTwmag4?$AA@
1,0x1f3c8,?DrawAdvObjWithFlag@CSprite@@QBAXHHHHHPAVBitmap16Bit@@HHG_N@Z
1,0x28e6c,?partial_sort@std@@YAXPAPAVarmy@@00Vfunc_moves_before@@@Z
1,0xbfe04,??0?$_STL_alloc_proxy@PAUtype_university@@U1@V?$allocator@Utype_university@@@std@@@std@@QAA@ABV?$allocator@Utype_university@@@1@ABQAUtype_university@@@Z
1,0xc8994,?destroy@std@@YAXPAUTownExtra@@@Z
1,0x118bb4,??0TRecruitWindow@@QAA@HHHPAVrecruitUnit@@@Z
2,0x8970,_GUID_Enable_Auto_Download
1,0x432fc,?allocate@?$_STL_alloc_proxy@IW4SpellID@@V?$allocator@W4SpellID@@@std@@@std@@QAAPAW4SpellID@@I@Z
1,0xc89d4,?destroy@std@@YAXPAVtown@@@Z
1,0x2da4,?min@@YAHHH@Z
1,0x89c14,?AddItem@?$tree@K@@QAAXPBDPAK@Z
1,0x5fcec,?GetTargetWallIndex@combatManager@@SA?AW4TWallTargetId@@H@Z
1,0x652a8,??0TCombatPlacementSubWindow@@QAA@PAVheroWindow@@@Z
3,0x10fb0,??_C@_0N@GPKM@HPL005Kn?4PCX?$AA@
1,0xf840c,?_M_fill_insert@?$vector@VTreasureData@@V?$allocator@VTreasureData@@@std@@@std@@QAAXPAVTreasureData@@IABV3@@Z
3,0x1f274,?Gr_in_Surf@@3_NA
3,0x11180,??_C@_0N@CEOI@HPS020Rn?4PCX?$AA@
3,0x114f0,??_C@_0N@DBHO@HPL047Wz?4PCX?$AA@
3,0x114c0,??_C@_0N@DCJC@HPS046Wz?4PCX?$AA@
1,0x16467c,?__stl_alloc_rebind@std@@YAAAV?$allocator@PAV?$vector@PADV?$allocator@PAD@std@@@std@@@1@AAV21@PBQAV?$vector@PADV?$allocator@PAD@std@@@1@@Z
1,0x168a10,?set_legal_buildings@town@@QAAX_J@Z
1,0xec098,?get_map_object@NewmapCell@@QBA?AW4TAdventureObjectType@@XZ
1,0x8f2fc,??0CMCClaimTown@@QAA@CH@Z
3,0x122dc,??_C@_0M@ENPB@mubchck?4def?$AA@
1,0x19c788,__divi64
3,0x20064,?iThisMinY@@3HA
1,0x669f4,?set_disabled_frame@button@@QAAXJ@Z
3,0xb794,??_C@_09LDA@Quest?4wav?$AA@
3,0xab58,??_C@_07NBFD@Palette?$AA@
1,0xaa3f0,?GiveTroopsToNeutralTown@game@@QAAXH@Z
3,0x11cb0,??_C@_0N@LLNB@HPL109Bm?4PCX?$AA@
1,0x11c6bc,?UpdateWidget@CChatManager@@QAAXPAVtextWidget@@_NH@Z
1,0x216e4,?__destroy_aux@std@@YAXPAPAUpathCell@@U__false_type@@@Z
1,0xc9754,??_ETGameTypeWindow@@UAAPAXI@Z
1,0xc9754,??_GTGameTypeWindow@@UAAPAXI@Z
3,0x113c0,??_C@_0N@LMMD@HPS038Al?4PCX?$AA@
3,0x11d50,??_C@_0N@NADB@HPL114Bs?4PCX?$AA@
1,0xa7a24,?LoadBlackMarkets@game@@AAAHPAX@Z
3,0xcbc0,?gSpellLimits@@3PACA
1,0x11f928,?Wait@CWaitForReadyPlayersDlg@@QAAXXZ
1,0x157354,?SpellCastWorkChance@combatManager@@QBAMHHPBVarmy@@_N11@Z
3,0x1398,?flagFilenames@@3PAPBDA
1,0x178638,?WindowHandler@TTownMenu@@UAAHAAUmessage@@@Z
1,0x8da80,??0type_record_player_death@@QAA@D@Z
3,0xb750,??_C@_08CBEN@Luck?4wav?$AA@
3,0x11cc0,??_C@_0N@IELO@HPS110Bm?4PCX?$AA@
3,0x11170,??_C@_0N@ILNK@HPL019Rn?4PCX?$AA@
1,0x15f13c,?SendChat@CSwapManagerChatEdit@@UAAXPBDH@Z
1,0x4cc8c,?GetNativeTerrain@townManager@@SA?AW4TTerrainType@@H@Z
1,0x89b5c,?Clear@?$tree@Vds_genericsample@@@@QAAX_N@Z
3,0x10f60,??_C@_0N@KFKI@HPS003Kn?4PCX?$AA@
3,0x10f50,??_C@_0N@KGEE@HPL002Kn?4PCX?$AA@
3,0x118f0,??_C@_0N@LLCE@HPL079Nc?4PCX?$AA@
1,0x1483a8,?RequestConfirmation@CNewPlayerUpdateProc@@IAAXXZ
1,0x28dac,?__copy@std@@YAPAJPAJ00Urandom_access_iterator_tag@1@PAH@Z
1,0xca7d4,?GetSpecificAbilityTextShort@hero@@QAAPBDXZ
1,0x12681c,?add_artifact@type_sacrifice_window@@AAA_NUtype_artifact@@W4TArtifactSlot@@@Z
1,0x147da4,??0CSetFilterMsg@@QAA@H@Z
1,0x63f74,?_S_color@?$_Rb_tree@W4SpellID@@W41@U?$_Identity@W4SpellID@@@std@@U?$less@W4SpellID@@@3@V?$allocator@W4SpellID@@@3@@std@@KAAA_NPAU?$_Rb_tree_node@W4SpellID@@@2@@Z
1,0x11cddc,?IsOpen@CChatEdit@@UAA_NXZ
1,0x18bee8,?SetRolloverText@TBuyArtifactWindow@@AAAXH@Z
1,0x39f4,?_M_do_sanitize@?$_Sanitize@K$09@std@@SAXAAK@Z
1,0xe5ed4,?get_quickview_size@@YAXPBDPAH1@Z
1,0x14e0e4,?pop_heap@std@@YAXPAVTSpellbookEntry@TSpellbookWindow@@0@Z
1,0x14dea0,?sort_heap@std@@YAXPAVTSpellbookEntry@TSpellbookWindow@@0@Z
1,0x2b5a4,?kill@type_AI_combat_data@@IAAXXZ
1,0x4cf2c,??H?$_Deque_iterator@W4SpellID@@U?$_Nonconst_traits@W4SpellID@@@std@@U?$_Buf_size_traits@W4SpellID@@$0A@@3@@std@@QBA?AU01@H@Z
3,0x1ddac,??_C@_08BCGL@TBRmdw_1?$AA@
1,0x1817a0,??_ETCastleWindow@@UAAPAXI@Z
1,0x1817a0,??_GTCastleWindow@@UAAPAXI@Z
1,0x72d98,?DrawHeroShadow@CSprite@@QBAXHHHHHHPAGHHHHH_N@Z
1,0x1edb0,??0type_point@@QAA@FFF@Z
3,0x159a4,??_C@_0N@IABO@mouseManager?$AA@
3,0xae40,?g_pdinput@@3PAUIDirectInputW@@A
1,0xe9a58,??1?$_STL_alloc_proxy@PAULODEntry@@U1@V?$allocator@ULODEntry@@@std@@@std@@QAA@XZ
1,0x1641dc,??0?$_STL_alloc_proxy@PAPADPADV?$allocator@PAD@std@@@std@@QAA@ABV?$allocator@PAD@1@ABQAPAD@Z
3,0x1d320,??_C@_08CCL@TOimag3a?$AA@
3,0x1e844,??_C@_08EABE@TBStup_0?$AA@
1,0x3a848,?iterator_category@std@@YA?AUrandom_access_iterator_tag@1@PBQAVtype_artifact_effect@@@Z
1,0x541b0,?Draw@Bitmap816@@QBAXHHHHPAVBitmap16Bit@@HH_N@Z
1,0xfd05c,?__uninitialized_copy_aux@std@@YAPAVTTimedEvent@@PAV2@00U__false_type@@@Z
1,0x18fae4,??_Etype_university_skill_button@@UAAPAXI@Z
1,0x80064,?DCfclose@@YAHPAX@Z
1,0xf5238,??0?$vector@PAVCSprite@@V?$allocator@PAVCSprite@@@std@@@std@@QAA@ABV?$allocator@PAVCSprite@@@1@@Z
1,0x63fec,?allocate@?$allocator@U?$_Rb_tree_node@W4SpellID@@@std@@@std@@QBAPAU?$_Rb_tree_node@W4SpellID@@@2@IPBX@Z
3,0x11c60,??_C@_0N@FHI@HPS107Bm?4PCX?$AA@
1,0x18fae4,??_Gtype_university_skill_button@@UAAPAXI@Z
1,0xc94f8,?DoModal@TGameTypeWindow@@QAAXXZ
1,0x196cd0,?Main@widget@@UAAHAAUmessage@@@Z
1,0x3a20c,?uninitialized_copy@std@@YAPAPAUpathCell@@PAPAU2@00@Z
1,0x54440,?Main@border@@UAAHAAUmessage@@@Z
3,0x2e3c,??_C@_03CBOF@?$CFdk?$AA@
1,0x149f04,?Main@slider@@UAAHAAUmessage@@@Z
1,0x3a960,?partial_sort@std@@YAXPAUtype_creature_value@@00U?$greater@Utype_creature_value@@@1@@Z
1,0x3e17c,?get_bless_value@type_AI_spellcaster@@IBAJPBVarmy@@Utype_enchant_data@@@Z
1,0xbf38c,??1?$_Vector_base@Utype_university@@V?$allocator@Utype_university@@@std@@@std@@QAA@XZ
1,0xbc668,?_M_subtract@_Bit_iterator_base@std@@QBAHABU12@@Z
1,0xbeb88,?erase@?$vector@UTBlackMarket@@V?$allocator@UTBlackMarket@@@std@@@std@@QAAPAUTBlackMarket@@PAU3@0@Z
1,0xce260,?get_morale_description@hero@@QBA?AV?$basic_string@DU?$char_traits@D@std@@V?$allocator@D@2@@std@@XZ
1,0x19cac4,_CreateFileForMappingW
1,0x74314,?DrawPointer@CSpriteFrame@@QBAXPAGHHHHHAAVTPalette16@@_N@Z
1,0x9cf4c,??1CLevelPickWaitDlg@@UAA@XZ
1,0x11e630,??0CLevelPickWaitDlg@@QAA@XZ
1,0x4c9c0,?min@@YANNN@Z
1,0x148838,?HeaderConfirmed@CNewPlayerUpdateMan@@QAAXK@Z
1,0x145cfc,?myEnumFiles@@YAHPAUIFlashDevice@@KPBU_FSFILEDESC@@PAX@Z
1,0xc5d38,?distance_type@std@@YAPAHPBUTRumour@game@@@Z
3,0xd2fc,?gbUseWaveout@@3HA
1,0xfe494,??0?$_STL_alloc_proxy@PAIIV?$allocator@_N@std@@@std@@QAA@ABV?$allocator@_N@1@ABQAI@Z
1,0x389a0,??0?$vector@UpathCell@@V?$allocator@UpathCell@@@std@@@std@@QAA@ABV?$allocator@UpathCell@@@1@@Z
1,0x7234c,?clear@CSprite@@QAAXXZ
1,0xc20d8,?destroy@std@@YAXPAUtype_point@@0@Z
1,0xc21b8,?destroy@std@@YAXPAUtype_point@@@Z
1,0x114b90,?get_value_of_well@hero@@QBAJXZ
1,0x12eac8,??0CTeamAlignmentDlg@@QAA@_N@Z
1,0x4aa3c,?attack_wall@army@@AAAXW4TWallTargetId@@ABUtype_ballistics_traits@@@Z
1,0x6ccc0,?MoveCursor@combatManager@@QAAXHH_N0@Z
1,0x7d1ec,?clear_carryover_pool@SCampaign@@QAAXW4TCarryOverPoolNumber@@@Z
1,0x12b038,??1CTeamAlignmentDlg@@UAA@XZ
1,0x12ca94,?get_liths@game@@QBAABV?$vector@Utype_point@@V?$allocator@Utype_point@@@std@@@std@@J@Z
1,0x7c390,?OnClaimTown@advManager@@QAAXPAVCMapChange@@@Z
3,0x31b1c,?SeerAlreadyHaveProposalText@@3PAPBDA
1,0x8cc6c,?replay@type_record_claim_mine@@UAAX_N@Z
1,0xcc540,?UpdateArmies@hero@@QAAXXZ
1,0xf95ac,?construct@std@@YAXPAUTownExtra@@ABU2@@Z
2,0x8a80,_IID_IDirectMusicSegment
1,0x20bdc,?_S_whichword@?$_Base_bitset@$01K@std@@SAII@Z
1,0x81f00,?CalcDimensions@CTextDialog@@MAAXPBDPAVfont@@AAH222@Z
1,0xd38d8,?HasSecondarySkill@hero@@QAA_NH@Z
1,0x1414e4,?OnDurationSlider@TSingleSelectionWindow@@QAAXH@Z
3,0x1ef2c,??_C@_04HCBO@1?1?$CFd?$AA@
3,0x1fc34,??_C@_0DI@IJJL@DirectDraw?5Error?5?$CI?$CFd?$CJ?3?6?6?5?5?8?$CFs?8?6?6@
2,0x221c,??_7type_combat_sub_window@@6B@
1,0x11de9c,?GetPriorPlayer@@YAHH@Z
1,0x164784,?copy_backward@std@@YAPAPADPAPAD00@Z
3,0x2a9c,??_C@_0L@OBAH@?$CFswnce?482M?$AA@
1,0x11ad04,??0recruitUnit@@QAA@PAVarmyGroup@@_NW4TCreatureType@@PAF232323@Z
1,0x190488,?CheckForFlaggedGeneratorWin@VictoryConditionStruct@@QAA_NXZ
3,0x168e8,??_C@_0BC@NENH@TCP?1IP?5Connection?$AA@
1,0x19c9a4,_toupper
3,0xb338,??_C@_0O@MNOP@Out?5of?5memory?$AA@
1,0x129ad8,?destroy@std@@YAXPAPAVtextWidget@@@Z
1,0x390e0,??0?$_Vector_base@UHeroDestination@@V?$allocator@UHeroDestination@@@std@@@std@@QAA@IABV?$allocator@UHeroDestination@@@1@@Z
1,0x74918,?SetPixelFormat@CSpriteFrame@@SAXIII@Z
1,0xa5f30,?BuildingsOwned@playerData@@QAAHHHH@Z
1,0xf22cc,?saveObjectType@NewfullMap@@QAAHPAXAAVCObjectType@@@Z
1,0x110018,?GetTurnAIVars@philAI@@QAAXH@Z
1,0x151b44,?get_failure_reason@combatManager@@AAA?AV?$basic_string@DU?$char_traits@D@std@@V?$allocator@D@2@@std@@W4SpellID@@PBDJ@Z
1,0x1ee9c,??0SLimitData@@QAA@HHHH@Z
1,0x57084,??A?$vector@PAVwidget@@V?$allocator@PAVwidget@@@std@@@std@@QAAAAPAVwidget@@I@Z
1,0x128b80,?begin@?$vector@PAViconWidget@@V?$allocator@PAViconWidget@@@std@@@std@@QAAPAPAViconWidget@@XZ
1,0x181468,?SetResourceDisplay@CTownNetMsgHandler@@QAAXPAVTResourceDisplay@@@Z
1,0x38660,??1type_tome_artifact@@UAA@XZ
1,0xfa238,??0?$_Vector_base@USecondarySkillData@@V?$allocator@USecondarySkillData@@@std@@@std@@QAA@IABV?$allocator@USecondarySkillData@@@1@@Z
3,0x1fbe8,??_C@_0BF@CHHM@DDERR_VIDEONOTACTIVE?$AA@
1,0x1f524,?DrawInterface@CSprite@@QBAXHHHHHPAVBitmap16Bit@@HH_N@Z
1,0x1498a4,?Delete@?$CAutoArray@H@@UAA_NK@Z
1,0x164354,?deallocate@?$allocator@PAV?$vector@PADV?$allocator@PAD@std@@@std@@@std@@SAXPAPAV?$vector@PADV?$allocator@PAD@std@@@2@I@Z
3,0xae50,?DPadOff@@3_NA
1,0x8ff74,?__uninitialized_copy_aux@std@@YAPAPAVtype_event_record@@PAPAV2@00U__false_type@@@Z
1,0x1307dc,?GetPlayer@CNetPlayerHandler@@QAAPAVCNetPlayerHandlerPlayer@@K@Z
1,0x191660,??1TViewArmyWindow@@UAA@XZ
1,0x2b90c,?do_melee_combat@type_AI_combat_data@@IAAXAAV1@@Z
1,0x2b094,?cast_spell@type_AI_combat_data@@IAAXAAV1@W4type_speed_catagory@@@Z
3,0x2c5bc,?cOverrideMIDIDriver@@3PADA
1,0x1f234,?IsValidSeq@CSprite@@QBAHH@Z
3,0x3ea8,??_C@_0M@CGO@E1P1_se?4pcx?$AA@
1,0xd8ebc,??0CHSInputDlg@@QAA@H@Z
3,0x15988,??_C@_0M@HFCC@crspell?4DEF?$AA@
3,0x1d4b4,??_C@_07MCBB@TONCas1?$AA@
1,0x7c1d8,?OnMoveHero@advManager@@QAAXPAVCMapChange@@@Z
1,0x11f71c,??0CPlayerActiveMsg@@QAA@XZ
3,0x16c98,??_C@_0M@DINH@AltSacr?4def?$AA@
1,0x155a08,?ClearEffects@combatManager@@QAAXXZ
3,0xa8d0,??_C@_0L@ELBC@cabehe?4def?$AA@
1,0x9c930,?GetTreasureArtifact@ExtraInfoUnion@@QBA?AW4TArtifact@@XZ
3,0x16abc,??_C@_0BA@JAFC@Last?5error?$DN?$FL?$CFs?$FN?$AA@
3,0x1e97c,??_C@_08BGBB@TBFrhrd2?$AA@
1,0x2a9e8,?cast_area_effect@type_AI_combat_data@@IBAXAAUtype_spell_choice@@AAV1@JJ@Z
1,0x29cac,?cast_resurrection@type_monster_data@@QAAXAAUtype_spell_choice@@PBVhero@@@Z
3,0xac90,??_C@_0O@MJCB@cs_special_ur?$AA@
3,0x17e6c,??_C@_0L@LODH@SPLEVW?4def?$AA@
3,0x1e838,??_C@_08HBHE@TBStdw_6?$AA@
1,0x48524,?ComputeBaseDamage@army@@QBAH_N@Z
1,0x5acf0,??0CMapHeaderData@@QAA@XZ
1,0x716c8,?construct@std@@YAXPAW4TArtifact@@ABW42@@Z
3,0x1e964,??_C@_08BCPG@TBFrspec?$AA@
1,0x16a2b0,?Draw@townObject@@QAAXH_N@Z
1,0x47904,?get_controller@army@@QBAPAVhero@@XZ
1,0xca3c4,_gzerror@8
1,0xfec54,?Update@mouseManager@@QAAX_N@Z
3,0x1e01c,??_C@_08BNDF@TBTwup_2?$AA@
3,0x1ac,__imp__GetWindowThreadProcessId
3,0x1e64c,??_C@_08OEGN@TBDnup_2?$AA@
1,0x8fbd4,?allocate@?$allocator@PAVtype_event_record@@@std@@QBAPAPAVtype_event_record@@IPBX@Z
1,0x10e3f8,?AI_enter_town@@YAXPAVhero@@PAVtown@@@Z
3,0x1da4c,??_C@_08NGNC@TBCsmag4?$AA@
2,0x7cf0,_CLSID_CDirect3DRMTexture
3,0x2a40,?giWalkingYMod@@3HA
1,0x8a378,?DestroyGroup@CDPlay@@UAA_NK@Z
3,0x1d788,??_C@_08FKN@TOSHal1a?$AA@
1,0xbe658,??A?$vector@JV?$allocator@J@std@@@std@@QBAABJI@Z
1,0x122f6c,??0?$allocator@U?$pair@$$CBVTCacheMapKey@ResourceManager@@PAVresource@@@std@@@std@@QAA@XZ
1,0x28928,?construct@std@@YAXPAJABJ@Z
3,0x13e28,??_C@_0M@LAHF@mmenuhs?4def?$AA@
1,0x12973c,?__uninitialized_copy@std@@YAPAUtype_artifact_offering@@PAU2@000@Z
1,0x163750,?Save@CTextEntrySave@@QAAXHH@Z
3,0x1680c,??_C@_0CA@FPKO@Sending?5to?5invalid?5player?$DP?5?$FL?$CFd?$FN?$AA@
2,0x8810,_CLSID_DirectMusicBand
1,0x212ec,?__copy@std@@YAPAUtype_dialog_resource@@PAU2@00Urandom_access_iterator_tag@1@PAH@Z
1,0x101784,?OnTCP@TMultiPlayerWindow@@QAA_NXZ
3,0x36e54,?DwellingCosts@town@@1PAY1O@6HA
2,0x8510,_CLSID_DirectMusicSynth
1,0x484d0,?get_fire_shield_strength@army@@QBAMXZ
1,0xc5b50,?iterator_category@std@@YA?AUrandom_access_iterator_tag@1@PBVgarrison@@@Z
2,0x4910,??_7CMultiPlayerWindowEdit@@6B@
1,0x10cbf8,?GetAdjacentCellIndex@army@@QBAHHH@Z
2,0x7d80,_CLSID_CDirect3DRMMeshInterpolator
1,0x58774,?ShowTerritorySmacker@@YAX_N@Z
1,0x8fcf4,?uninitialized_fill_n@std@@YAPAPAVtype_event_record@@PAPAV2@IABQAV2@@Z
1,0xc5b64,?distance_type@std@@YAPAHPBVgarrison@@@Z
1,0x127a8c,?unselect@type_skeleton_window@@AAAXXZ
3,0xa9fc,??_C@_0L@IGOI@caelem?4def?$AA@
3,0xa138,??_C@_0L@JML@cpkman?4def?$AA@
1,0x8354c,?show_creature_spell_error@combatManager@@AAA_NPADPBVarmy@@@Z
1,0x14ac68,?LoadAnimHeaders@@YA_NXZ
3,0x17e10,??_C@_0L@GHAH@spells?4def?$AA@
3,0x33374,?gLuckText@@3PAPBDA
3,0x184,__imp__UnmapViewOfFile
1,0x39348,?deallocate@?$_STL_alloc_proxy@PAPAUpathCell@@PAU1@V?$allocator@PAUpathCell@@@std@@@std@@QAAXPAPAUpathCell@@I@Z
1,0x52570,?GetMap@Bitmap816@@QAAPAEHH@Z
3,0x1da28,??_C@_08HAPF@TBCsmage?$AA@
1,0x17ad3c,?Open@TTavernWindow@@UAAHH_N@Z
1,0x1917a4,?DoModal@TViewArmyWindow@@QAAXXZ
2,0x8280,_GUID_Unknown
3,0x20008,?inAdvMenu@@3_NA
3,0x1ad7c,??_C@_0M@BOL@C04spW0?4def?$AA@
1,0x13c434,?SetFilter@TSingleSelectionWindow@@QAAXH@Z
3,0x1d904,??_C@_08HPDH@TOFMrkAA?$AA@
1,0x3add0,?__uninitialized_copy@std@@YAPAPAVtype_artifact_effect@@PAPAV2@000@Z
1,0x12f014,?Draw@CHotspotWidget@@UBAXXZ
3,0x1f6d4,??_C@_0BF@EBGI@DDERR_COLORKEYNOTSET?$AA@
1,0x548fc,?Draw@bitmapBorder@@UBAXXZ
1,0x70474,?AddArmy@combatManager@@QAAPAVarmy@@HHHHHH@Z
1,0x12f790,?GetResourceBonusDescription@@YAPBDH@Z
1,0x3b084,?__uninitialized_copy_aux@std@@YAPAPAUpathCell@@PAPAU2@00U__false_type@@@Z
3,0x34828,?gNewGameHelp@@3PAUTHelpText@@A
1,0x80130,_gzwrite@12
1,0x9d2b8,?begin@?$vector@W4TArtifact@@V?$allocator@W4TArtifact@@@std@@@std@@QAAPAW4TArtifact@@XZ
1,0x11f524,?Start@CHourGlass@@QAAXXZ
1,0x39310,?deallocate@?$_STL_alloc_proxy@PAUpathCell@@U1@V?$allocator@UpathCell@@@std@@@std@@QAAXPAUpathCell@@I@Z
3,0x6b34,??_C@_0M@OHAP@ObSnS09?4def?$AA@
1,0xc8cac,?__uninitialized_fill_n_aux@std@@YAPAVgenerator@@PAV2@IABV2@U__false_type@@@Z
1,0x1292ac,?construct@std@@YAXPAPAVtextWidget@@ABQAV2@@Z
3,0x1ec1c,??_C@_0N@ODMH@hallnecr?4def?$AA@
1,0x188cc8,?SetWidgetOn@TTradeResourceWindow@@AAAXF@Z
1,0x92814,?DoEventCreatureGenerator@advManager@@AAAXPAVhero@@PAVNewmapCell@@Utype_point@@_N@Z
1,0x9c808,?GetLeanToAmount@ExtraInfoUnion@@QBAFXZ
1,0x19c8b4,__wcsicmp
1,0x7bee4,?ValidMove@advManager@@QAAHPBVhero@@HH_N@Z
1,0x8f644,??1?$_Vector_base@Utype_shroud_change@type_record_shroud@@V?$allocator@Utype_shroud_change@type_record_shroud@@@std@@@std@@QAA@XZ
1,0xc7a38,?__copy@std@@YAPAUtype_creature_bank@@PAU2@00Urandom_access_iterator_tag@1@PAH@Z
1,0x3a12c,?uninitialized_fill_n@std@@YAPAUtype_creature_source@@PAU2@IABU2@@Z
3,0x1b204,??_C@_0M@IKKF@sysopb7?4def?$AA@
1,0x46bec,?do_attack@army@@AAA_NPAV1@H@Z
2,0x2254,??_7TCombatOptionsWindow@@6B@
1,0x67af0,?HighlightMovementShadow@TCombatOptionsWindow@@AAAXXZ
1,0x91fec,?DoEventBorderGuard@advManager@@AAAXUtype_point@@PAVNewmapCell@@_N@Z
1,0xf78ac,?deallocate@?$allocator@VMonsterData@@@std@@SAXPAVMonsterData@@I@Z
3,0x1f72c,??_C@_0BC@OHLB@DDERR_SURFACEBUSY?$AA@
1,0x3adb4,?__uninitialized_copy@std@@YAPAUHeroDestination@@PAU2@000@Z
3,0x2a30,?giWalkingFrom@@3HA
1,0xfd0e4,?__uninitialized_copy_aux@std@@YAPAVTTownEvent@@PAV2@00U__false_type@@@Z
1,0xfa2b0,?get_allocator@?$vector@W4SpellID@@V?$allocator@W4SpellID@@@std@@@std@@QBA?AV?$allocator@W4SpellID@@@2@XZ
1,0x128630,??1type_backpack_slot_widget@@UAA@XZ
2,0x58d4,??_7CEnterNameEdit@@6B@
3,0x18,__imp_??3@YAXPAX@Z
3,0xd4,__imp__CreateFileW
3,0xc4,__imp__CreateThread
3,0x3e84,??_C@_0L@CPFN@E1C_se?4pcx?$AA@
3,0x3e3c,??_C@_0L@LPAA@E1A_se?4pcx?$AA@
3,0x1ec5c,??_C@_0L@BANC@TPMage?4pcx?$AA@
3,0x1dbc0,??_C@_08BOKC@TBCsdw_4?$AA@
1,0x1987bc,?GetLength@CFindFile@@QAAKXZ
1,0xc39bc,?uninitialized_copy@std@@YAPAVCObjectType@@PAV2@00@Z
3,0x14088,??_C@_1BG@EEOA@?$AAS?$AAh?$AAo?$AAw?$AA?5?$AAR?$AAo?$AAu?$AAt?$AAe?$AA?$AA@
1,0x46fb0,?do_attack@army@@QAAXH@Z
1,0x528f8,?Draw@Bitmap24Bit@@QBAXHHHHPAVBitmap16Bit@@HH@Z
3,0xb1ec,??_C@_04DMP@?4mp3?$AA@
1,0x94760,?DoEventPrison@advManager@@AAAXPAVhero@@PAVNewmapCell@@Utype_point@@_N@Z
1,0xd4070,?GetLuck@hero@@QBAHPBV1@_N1@Z
1,0xfc98c,?__uninitialized_fill_n@std@@YAPAUTownExtra@@PAU2@IABU2@0@Z
1,0x63a50,?RowIsOdd@combatManager@@QBA_NH@Z
1,0x1f1dc,?GetNumFrames@CSprite@@QBAHH@Z
1,0x9e778,?AddManager@executive@@QAAHPAVbaseManager@@H@Z
1,0x3ae38,?__uninitialized_fill_n_aux@std@@YAPAUtype_creature_value@@PAU2@IABU2@U__false_type@@@Z
1,0xcd740,?update_all_slots@THeroScreenWindow@@QAAXXZ
1,0x12bbc8,?enter_hostile_trigger@searchArray@@AAA_NPBVhero@@AAUpathCell@@@Z
3,0x2e278,?mainMenu@@3PAVTMainMenu@@A
1,0x17484c,?DoHall@townManager@@AAAXXZ
1,0x18b114,?ComputeTradeRatios@TSellCreatureWindow@@AAAXHHPAH00@Z
3,0xaadc,??_C@_1O@FLIE@?$AA?$CF?$AAl?$AAs?$AA?5?$AA?3?$AA?5?$AA?$AA@
1,0xaf3c,?ProcessMapSelect2@advManager@@QAAXABUmessage@@AAUtype_point@@AAPAVNewmapCell@@@Z
1,0x680d0,??_ETCombatOptionsWindow@@UAAPAXI@Z
1,0x680d0,??_GTCombatOptionsWindow@@UAAPAXI@Z
1,0xbaef4,?CheckForTimeEvent@game@@QAAXXZ
2,0x7950,_IID_IDirectDrawVideoPort
1,0x8ed18,??0type_record_teleport@@IAA@XZ
1,0x8ed88,??1type_record_teleport@@UAA@XZ
1,0xb4fa0,?RandomizeHeroPool@game@@QAAXXZ
1,0x198324,?erase@?$vector@PAVwidget@@V?$allocator@PAVwidget@@@std@@@std@@QAAPAPAVwidget@@PAPAV3@0@Z
1,0x2c870,??0?$allocator@Utype_monster_data@@@std@@QAA@XZ
1,0x2c874,??1?$allocator@Utype_monster_data@@@std@@QAA@XZ
1,0x181650,??_ETGarrisonWindow@@UAAPAXI@Z
1,0x181650,??_GTGarrisonWindow@@UAAPAXI@Z
3,0x1d800,??_C@_07GODB@TOSBlk2?$AA@
1,0x53708,?importPCXFile@Bitmap8Bit@@AAAHPBD@Z
3,0x334c8,?gAdventureWindowHelp@@3PAUTHelpText@@A
1,0x61160,?InCastle@combatManager@@SA_NH@Z
1,0xc4064,?uninitialized_copy@std@@YAPAVtown@@PAV2@00@Z
1,0x123054,?deallocate@?$_STL_alloc_proxy@PAU?$_Rb_tree_node@U?$pair@$$CBVTCacheMapKey@ResourceManager@@PAVresource@@@std@@@std@@U12@V?$allocator@U?$pair@$$CBVTCacheMapKey@ResourceManager@@PAVresource@@@std@@@2@@std@@QAAXPAU?$_Rb_tree_node@U?$pair@$$CBVTCachf5ef8d7a
1,0xeb080,??1VideomodeChoice@@UAA@XZ
1,0xb1748,?ClaimMine@game@@QAAXHHW4type_action_type@@@Z
1,0x12d3c8,?DoRefusalDialog@TSeerHut@@AAAXXZ
1,0x8daec,?load@type_record_player_death@@UAA_NPAX@Z
1,0xfad68,?uninitialized_fill_n@std@@YAPAVTSeerHut@@PAV2@IABV2@@Z
1,0x122bf8,??MTCacheMapKey@ResourceManager@@QBA_NABV01@@Z
3,0x1a838,??_C@_0N@CBDN@WatrWalk?4wav?$AA@
3,0x3462c,?gDwellingInfo@@3PAY0O@PBDA
1,0x3da7c,?get_damage_spell_value@type_AI_spellcaster@@IBAJPBVarmy@@Utype_enchant_data@@@Z
3,0x13650,?inflate_mask@@3PAIA
3,0x1da70,??_C@_08PCJF@TBCsdock?$AA@
1,0x2b7bc,?get_final_melee_value@type_AI_combat_data@@IBAJXZ
3,0x1e748,??_C@_08MMOP@TBStblak?$AA@
1,0x18176c,??_ETTavernWindow@@UAAPAXI@Z
1,0x18176c,??_GTTavernWindow@@UAAPAXI@Z
3,0x6d30,??_C@_0O@DCBL@combatManager?$AA@
1,0x8dcd8,?load@type_record_shroud@@UAA_NPAX@Z
1,0x8db2c,?save@type_record_player_death@@UAA_NPAX@Z
1,0x8dd88,?save@type_record_shroud@@UAA_NPAX@Z
1,0x38d04,?size@?$vector@PAVtype_artifact_effect@@V?$allocator@PAVtype_artifact_effect@@@std@@@std@@QBAIXZ
1,0x56e3c,??_Etype_bottom_view_window@@UAAPAXI@Z
1,0x56e3c,??_Gtype_bottom_view_window@@UAAPAXI@Z
1,0x874dc,?DrawCombatHero@CSprite@@QBAXHHHHHHPAVBitmap16Bit@@HH_N@Z
1,0xac1a4,?RandomizeHolyGrail@game@@QAAXXZ
1,0xc4974,?uninitialized_copy@std@@YAPAVboat@@PAV2@00@Z
2,0x8990,_GUID_Clear_All_Bands
1,0x793c,?InMapArea@advManager@@QAAHHH@Z
1,0x283bc,?begin@?$vector@JV?$allocator@J@std@@@std@@QAAPAJXZ
1,0x168c3c,?InitializeBuildingCostsTables@town@@SA_NXZ
3,0x3f20,??_C@_0M@HBJI@E1P4_co?4pcx?$AA@
3,0x3ed8,??_C@_0M@MBHP@E1P2_co?4pcx?$AA@
1,0xf5940,??0?$vector@VTTownEvent@@V?$allocator@VTTownEvent@@@std@@@std@@QAA@ABV?$allocator@VTTownEvent@@@1@@Z
1,0x19b0fc,?DoQuickView@heroWindowManager@@QAAXPAVheroWindow@@@Z
3,0xae0c,??_C@_07FMEP@default?$AA@
3,0x1d8bc,??_C@_07HOPE@TOFTavA?$AA@
3,0x1d82c,??_C@_07ODPO@TOSOrc1?$AA@
3,0xa228,??_C@_0L@LINJ@cangel?4def?$AA@
1,0x8fbac,?allocate@?$allocator@Utype_shroud_change@type_record_shroud@@@std@@QBAPAUtype_shroud_change@type_record_shroud@@IPBX@Z
3,0x1ab08,??_C@_09BKFE@Blind?4wav?$AA@
3,0x1d064,??_C@_07CKGM@TOrmag1?$AA@
3,0x6e7c,??_C@_0M@MDJF@CmBkDes?4pcx?$AA@
1,0xfd81c,?SafeRandom@@YAHHH@Z
1,0x1270f0,?creature_click@type_sacrifice_window@@QAAXJ_N0@Z
1,0x21044,?size@?$vector@Utype_dialog_resource@@V?$allocator@Utype_dialog_resource@@@std@@@std@@QBAIXZ
1,0x5706c,??1TBottomViewEnemyTurn@@UAA@XZ
1,0x155b28,?ShowMassSpell@combatManager@@QAAXAAY11BE@_NH_N@Z
1,0x199054,?DDAppBlitX@@YAXABUtagRECT@@HH@Z
1,0x83f84,?ScrollCombatArea@combatManager@@QAA_NHH_N0@Z
1,0xc56d8,?__destroy@std@@YAXPAVboat@@00@Z
1,0xfca58,?__destroy_aux@std@@YAXPAVMonsterData@@0U__false_type@@@Z
1,0x143138,?UpdateTown@TSingleSelectionWindow@@QAAXHW4TTownType@@_N@Z
3,0x1fa48,??_C@_0BO@IOJH@DDERR_EXCLUSIVEMODEALREADYSET?$AA@
1,0x11ca60,?HasChat@CChatManager@@QAA_NXZ
3,0x40d0,??_C@_09NCPA@E2_bg?4pcx?$AA@
1,0xc82cc,?__uninitialized_copy_aux@std@@YAPAUtype_university@@PAU2@00U__false_type@@@Z
1,0x56f3c,??1TBottomViewMessage@@UAA@XZ
1,0x85478,?DrawWallAt@combatManager@@QAAXHH@Z
1,0x10c9a4,?ValidPath@army@@QAA_NH_N@Z
1,0x18fb18,??1type_university_skill_button@@UAA@XZ
1,0x3a6c0,?__destroy@std@@YAXPAUpathCell@@00@Z
1,0x63f78,??0?$_STL_alloc_proxy@PAU?$_Rb_tree_node@W4SpellID@@@std@@U12@V?$allocator@W4SpellID@@@2@@std@@QAA@ABV?$allocator@W4SpellID@@@1@ABQAU?$_Rb_tree_node@W4SpellID@@@1@@Z
1,0x4434,?iterator_category@std@@YA?AUrandom_access_iterator_tag@1@PBD@Z
1,0x27fe4,?get_hex_value@type_AI_attack_hex_chooser@@QBAJXZ
3,0x33be8,?cTavernInfo@@3PAPBDA
1,0x3a7a4,?__copy@std@@YAPAUtype_creature_value@@PAU2@00Urandom_access_iterator_tag@1@PAH@Z
1,0x32038,?do_best_purchase@type_AI_creature_purchaser@@IAAJ_N@Z
1,0x9c8e4,?SetSkeleton@ExtraInfoUnion@@QAAXF_NF@Z
1,0xce1cc,?rotate_backpack_right@hero@@QAAXXZ
1,0x8b968,?EnumGroupsInGroup@CDPlayLobby@@UAA_NPAV?$CAutoArray@VCDPlayGroup@@@@KK@Z
1,0x1a440,?MobilizeCurrHero@advManager@@QAAXH_N0@Z
1,0x8fe2c,?__uninitialized_copy@std@@YAPAUtype_shroud_change@type_record_shroud@@PAU23@000@Z
1,0x8caec,?get_type@type_record_teleport@@UBA?AW4type_event_record_type@@XZ
1,0xbf580,?begin@?$vector@JV?$allocator@J@std@@@std@@QBAPBJXZ
1,0xfaa4c,?uninitialized_fill_n@std@@YAPAVTreasureData@@PAV2@IABV2@@Z
1,0x130828,?IsFaceTaken@CNetPlayerHandler@@QAA_NHH@Z
1,0xbf798,??1?$_STL_alloc_proxy@PAVgarrison@@V1@V?$allocator@Vgarrison@@@std@@@std@@QAA@XZ
3,0x17d60,??_C@_0N@OIBI@soundManager?$AA@
3,0x1e4b4,??_C@_08PDBK@TBDntvrn?$AA@
1,0x2c668,?GetPrimarySkill@hero@@QBAHH@Z
1,0x438a8,?WaitSample@army@@QAAXW4TSampleID@1@@Z
1,0x5e9ac,?SetupAdjacencyArray@combatManager@@AAAXXZ
3,0x1d938,??_C@_08LKEB@TOFGnl2H?$AA@
3,0x9c,__imp__OutputDebugStringW
1,0x392a4,?deallocate@?$_STL_alloc_proxy@PAUtype_creature_source@@U1@V?$allocator@Utype_creature_source@@@std@@@std@@QAAXPAUtype_creature_source@@I@Z
1,0x42fcc,??0?$_Deque_iterator@W4SpellID@@U?$_Nonconst_traits@W4SpellID@@@std@@U?$_Buf_size_traits@W4SpellID@@$0A@@3@@std@@QAA@XZ
3,0x34e8c,?gViewArmyHelp@@3PAUTHelpText@@A
1,0x3b928,?__iter_swap@std@@YAXPAJ00@Z
3,0x169c0,??_C@_0BP@IMEJ@Getting?5connection?5settings?4?4?4?$AA@
1,0x128bb0,??1?$_Vector_base@PAViconWidget@@V?$allocator@PAViconWidget@@@std@@@std@@QAA@XZ
2,0x89c0,_GUID_EnableTimeSig
1,0xf2784,?loadObjectType@NewfullMap@@QAAHPAXAAVCObjectType@@@Z
1,0x148c8c,?IsSaved@CChatSave@CChatWidget@@QAA_NXZ
1,0x8fa94,?destroy@std@@YAXPAPAVtype_event_record@@0@Z
3,0x34824,?PrimaryStatNames@@3PBVTTextResource@@B
1,0x3668,?push_back@?$vector@HV?$allocator@H@std@@@std@@QAAXABH@Z
1,0x38498,??1type_luck_artifact@@UAA@XZ
1,0x3af94,?__uninitialized_fill_n_aux@std@@YAPAUtype_creature_source@@PAU2@IABU2@U__false_type@@@Z
3,0x2bc0,??_C@_0N@OPGH@Deathblo?4wav?$AA@
1,0xc5218,?_M_fill_insert@?$vector@Vgenerator@@V?$allocator@Vgenerator@@@std@@@std@@QAAXPAVgenerator@@IABV3@@Z
3,0x31a48,?GreenMask@ResourceManager@@3HA
1,0x162b50,?SetFocus@textEntryWidget@@UAAX_N@Z
1,0x19a114,?DDRestoreSurfaces@@YAJXZ
1,0x3942c,?allocate@?$allocator@Utype_creature_value@@@std@@QBAPAUtype_creature_value@@IPBX@Z
1,0x126420,?update_backpack@type_sacrifice_window@@AAAXXZ
1,0x42994,?__deque_buf_size@std@@YAIII@Z
1,0x3a2cc,?fill@std@@YAXPAJ0ABJ@Z
3,0x1cdb4,??_C@_0N@PMKE@TPCasInf?4pcx?$AA@
3,0x1f9ac,??_C@_0BG@MIGH@DDERR_BLTFASTCANTCLIP?$AA@
1,0x1188,?SetElevationToggleImage@TAdventureMapWindow@@QAA_NH@Z
1,0x8014c,_allocimage
1,0x718d8,?__destroy_aux@std@@YAXPAW4TArtifact@@U__false_type@@@Z
3,0x16b68,??_C@_0O@DJNC@HandleNewHost?$AA@
3,0x16790,?g_playerTurn@@3HA
3,0x1b268,??_C@_0N@BAJH@terrname?4txt?$AA@
1,0x6a310,?OnChatActivate@TCombatWindow@@QAAX_N@Z
1,0x1635dc,?SetText@textEntryWidget@@UAAXPBD@Z
3,0x1e394,??_C@_08OGBC@TBNchrd4?$AA@
2,0x7e30,_IID_IDirect3DRMFrame
2,0x7e40,_IID_IDirect3DRMFrame2
2,0x7e50,_IID_IDirect3DRMFrame3
1,0x1f118,?GetPitch@Bitmap16Bit@@QBAHXZ
1,0x1f100,?GetWidth@Bitmap16Bit@@QBAHXZ
1,0x22a40,?Disguise@advManager@@QAAXW4TSkillMastery@@@Z
1,0x533b0,?GetPitch@Bitmap24Bit@@QBAHXZ
3,0xa920,??_C@_0L@IFKN@caliza?4def?$AA@
2,0x28cc,??_7type_record_teleport@@6B@
1,0xc5534,?__copy@std@@YAPAUtype_point@@PAU2@00Urandom_access_iterator_tag@1@PAH@Z
1,0x122b24,?GetWidth@Bitmap24Bit@@QBAHXZ
1,0x1674d4,?get_horde@town@@QBA?AW4type_building_id@@J@Z
3,0x1ebac,??_C@_0L@NCNC@TPRank?4pcx?$AA@
1,0x171118,?WindowHandler@TMageGuildWindow@@UAAHAAUmessage@@@Z
1,0x9a528,?RecruitEvent@advManager@@QAAFPAVhero@@W4TCreatureType@@F@Z
3,0x1ab7c,??_C@_0N@CALH@Deathcld?4wav?$AA@
3,0x1ebc4,??_C@_0N@IOIJ@TPTHBkCs?4pcx?$AA@
3,0x100,__imp__DeleteCriticalSection
1,0x3a27c,?copy_backward@std@@YAPAJPAJ00@Z
3,0x1e178,??_C@_08HKAN@TBInhrd3?$AA@
1,0x289a4,?__stl_alloc_rebind@std@@YAAAV?$allocator@PAVarmy@@@1@AAV21@PBQAVarmy@@@Z
1,0x88afc,?Pause@ds_genericsample@@UAA_NXZ
1,0x86380,?ComputeMaxExtent@combatManager@@QAAXXZ
1,0xebbbc,?Load@TTimedEvent@@QAAHPAX@Z
1,0x154c50,?DoBolt@combatManager@@QAAXHHHHHHHHHHHHHHHHH@Z
2,0x8960,_GUID_ConnectToDLSCollection
1,0x2845c,??1?$_STL_alloc_proxy@PAUtype_creature_value@@U1@V?$allocator@Utype_creature_value@@@std@@@std@@QAA@XZ
3,0x5fac,??_C@_0N@PECD@SgTwWa11?4pcx?$AA@
3,0x640c,??_C@_0N@PEID@SgDnWa62?4pcx?$AA@
1,0xc0208,?deallocate@?$allocator@Vhero@@@std@@SAXPAVhero@@I@Z
3,0x13a88,??_C@_0N@BBID@resource?4def?$AA@
1,0x11e894,?OnHeroLevelUpdate@CLevelPickWaitDlg@@IAAXPAVCNetMsg@@@Z
3,0x44,__imp__strtok
1,0xbc95c,?clear_visited_bits@ExtraInfoUnion@@QAAXXZ
2,0x7f50,_IID_IDirect3DRMAnimationSet2
1,0x2d7bc,?__copy_backward@std@@YAPAUtype_monster_data@@PAU2@00Urandom_access_iterator_tag@1@PAH@Z
3,0x607c,??_C@_0N@LHIA@SgInMlip?4pcx?$AA@
3,0x6fb4,??_C@_0N@MHDG@ComSlide?4def?$AA@
3,0x166a4,??_C@_0N@FGFD@CrBkgRam?4pcx?$AA@
1,0x14a694,?GetRealHeight@slider@@UBAHXZ
2,0x8ab0,_IID_IDirectMusicPerformance
3,0xacf0,??_C@_0L@IHI@hs_stand_e?$AA@
3,0x3fe0,??_C@_0L@EPKA@N1B_en?4pcx?$AA@
1,0xe3e48,?CongratsWait@@YAXHPADHHH@Z
3,0x15ab0,?giOverviewType@@3HA
3,0x316e0,?SoundHeaderCD@@3PAUSoundHeaderStruct@@A
1,0x439b0,?initialize@army@@QAAXW4TCreatureType@@JPBVhero@@JJJ@Z
3,0x5c30,??_C@_0N@LFMH@SgCsArch?4pcx?$AA@
1,0x163808,??0TTextResource@@QAA@XZ
1,0x19c938,_WaitForSingleObject
3,0x6e88,??_C@_0N@KGLL@CmBkGrTr?4pcx?$AA@
1,0xc8d30,?__destroy_aux@std@@YAXPAVgenerator@@U__false_type@@@Z
1,0xf5d1c,?push_back@?$vector@Vgenerator@@V?$allocator@Vgenerator@@@std@@@std@@QAAXABVgenerator@@@Z
2,0x5724,??_7CBitmapWidget@@6B@
3,0x1e0f4,??_C@_08ENON@TBInhal4?$AA@
1,0x2dfa0,?is_marked@type_town_threat_checker@@MBA_NPBVtown@@@Z
3,0x436c,??_C@_0N@JCJF@campev2s?4pcx?$AA@
1,0x2a28,?UpdateSpellButton@TAdvMenu@@QAAXPBVhero@@@Z
1,0x4fd88,??0?$basic_string@DU?$char_traits@D@std@@V?$allocator@D@2@@std@@QAA@ABV01@@Z
1,0xa13e8,?find_flyer_attack_cell@army@@ABA_NH@Z
3,0x16768,??_C@_0N@GKGO@crtoinfo?4pcx?$AA@
1,0x149514,?OnKeyPress@CSaveGameEdit@@UAAHAAUmessage@@@Z
2,0x2210,??_7combatManager@@6B@
3,0x6e14,??_C@_0M@PAFK@CmBkCur?4pcx?$AA@
3,0x6de8,??_C@_0N@KEOD@SgStBack?4pcx?$AA@
3,0x38274,__exitflag
1,0x20498,??A?$vector@VCObjectType@@V?$allocator@VCObjectType@@@std@@@std@@QAAAAVCObjectType@@I@Z
1,0x275e8,?simulate_melee_attack@combatManager@@AAAXPAVarmy@@0J@Z
3,0xa2c8,??_C@_0L@PCBB@cpegas?4def?$AA@
1,0x88d14,?Play@ds_streamsample@@UAA_NH@Z
3,0x6e4c,??_C@_0N@OGEA@CmBkDrDd?4pcx?$AA@
1,0xbdf90,?size@?$vector@USign@@V?$allocator@USign@@@std@@@std@@QBAIXZ
3,0x2c9a8,?giTCPHostStatus@@3HA
1,0x4a78,?__copy@std@@YAPADPAD00Urandom_access_iterator_tag@1@PAH@Z
1,0x39f08,?copy@std@@YAPAUpathCell@@PAU2@00@Z
1,0x12fdd4,?StopMouseThread@@YAXXZ
3,0x1b258,??_C@_0N@BHGO@CampHigh?4txt?$AA@
3,0x5f9c,??_C@_0N@BEEM@SgTwWa12?4pcx?$AA@
3,0x641c,??_C@_0N@BEOM@SgDnWa61?4pcx?$AA@
1,0x14a508,?Deselect@slider@@QAAHAAUmessage@@@Z
1,0x12956c,?uninitialized_copy@std@@YAPAPAVtextWidget@@PAPAV2@00@Z
3,0x1d400,??_C@_07BED@TOimp1a?$AA@
3,0x5fcc,??_C@_0N@CCHH@SgTwTw11?4pcx?$AA@
1,0x97b7c,?do_event_watering_hole@advManager@@AAAXPAVhero@@PAVNewmapCell@@_N@Z
1,0x54308,??_EBitmap816@@UAAPAXI@Z
1,0x54308,??_GBitmap816@@UAAPAXI@Z
1,0x8ccfc,??0type_record_claim_town@@QAA@JD@Z
1,0xf71f4,??1?$_STL_alloc_proxy@PAPAVCSprite@@PAV1@V?$allocator@PAVCSprite@@@std@@@std@@QAA@XZ
1,0x14cecc,?WindowHandler@TSpellbookWindow@@UAAHAAUmessage@@@Z
1,0x362e0,??0type_might_artifact@@QAA@J@Z
1,0x3ae74,?__destroy_aux@std@@YAXPAUpathCell@@0U__false_type@@@Z
3,0x10efc,?akSSkillTraits@@3AAY0BM@$$CBUTSSkillTraits@@A
2,0x47b4,??_7TMainMenu@@6B@
1,0x101da8,??0CHotSeatMan@@QAA@XZ
3,0x1d134,??_C@_07JJGH@TOrholy?$AA@
3,0x1da64,??_C@_08DILF@TBCstvrn?$AA@
3,0x2c5cc,?bSaveMusicPosition@@3PAEA
3,0x2d874,?gConfig@@3UconfigStruct@@A
3,0x16d5c,??_C@_0N@FIFF@scnrvict?4def?$AA@
3,0x675c,??_C@_0N@DEIL@SgFrWa61?4pcx?$AA@
3,0xd310,??_C@_07GLHK@?$DMfd?3?$CFd?$DO?$AA@
3,0x1e2f8,??_C@_08NBPC@TBNchal3?$AA@
1,0xc1c,?draw_bottom_view@TAdventureMapWindow@@QAAX_N@Z
3,0x62fc,??_C@_0N@EEDD@SgNcWa11?4pcx?$AA@
1,0x1285e4,??1type_doll_slot_widget@@UAA@XZ
1,0x14ae00,?CloseSmacker@SmackManager@@YAXXZ
3,0x1ed48,??_C@_0N@FIFH@buildtwn?482M?$AA@
1,0x192ad8,?create_upgrade_widget@TViewArmyWindow@@AAAXXZ
2,0x8110,_IID_IDirectSoundCaptureBuffer
1,0x126a70,?sacrifice@type_sacrifice_window@@CAHAAUmessage@@@Z
2,0x89d0,_GUID_DisableTempo
3,0x630c,??_C@_0N@HCAI@SgNcTw12?4pcx?$AA@
3,0x62ec,??_C@_0N@KEFM@SgNcWa12?4pcx?$AA@
1,0xbe494,??0?$vector@Utype_creature_bank@@V?$allocator@Utype_creature_bank@@@std@@@std@@QAA@ABV?$allocator@Utype_creature_bank@@@1@@Z
1,0x2d824,?__push_heap@std@@YAXPAUtype_monster_data@@HHU2@@Z
3,0x6574,??_C@_0N@KDMF@SgStTpW1?4pcx?$AA@
1,0xe74b4,??1type_dialog_icon@@QAA@XZ
1,0x57730,?Select@button@@QAAHAAUmessage@@@Z
3,0x631c,??_C@_0N@JCGH@SgNcTw11?4pcx?$AA@
1,0x6cfe8,?ClientToCombat@combatManager@@QAAXAAH0@Z
1,0xf7414,?deallocate@?$_STL_alloc_proxy@PAUTObjectCell@NewmapCell@@U12@V?$allocator@UTObjectCell@NewmapCell@@@std@@@std@@QAAXPAUTObjectCell@NewmapCell@@I@Z
1,0x125c34,?update_all_slots@type_sacrifice_window@@AAAXXZ
3,0x5fbc,??_C@_0N@MCBI@SgTwTw12?4pcx?$AA@
3,0x674c,??_C@_0N@NEOE@SgFrWa62?4pcx?$AA@
1,0xb3d8c,?clear_recruits@game@@AAAXQAW4THeroID@@@Z
1,0x389bc,??1?$vector@UpathCell@@V?$allocator@UpathCell@@@std@@@std@@QAA@XZ
1,0x39e8,?_S_whichbit@?$_Base_bitset@$00K@std@@SAII@Z
3,0x401c,??_C@_0M@PELC@N1CD_co?4pcx?$AA@
1,0x128cd8,??0?$_STL_alloc_proxy@PAPAVtextWidget@@PAV1@V?$allocator@PAVtextWidget@@@std@@@std@@QAA@ABV?$allocator@PAVtextWidget@@@1@ABQAPAVtextWidget@@@Z
1,0x14dc30,?__uninitialized_copy_aux@std@@YAPAVTSpellbookEntry@TSpellbookWindow@@PAV23@00U__false_type@@@Z
1,0x172f34,??0type_monster_join_window@@QAA@PAVhero@@AAVarmyGroup@@@Z
1,0xbffe8,?_S_whichbit@?$_Base_bitset@$01K@std@@SAII@Z
1,0x122a80,?_Rb_tree_rotate_left@std@@YAXPAU_Rb_tree_node_base@1@AAPAU21@@Z
1,0x47944,?is_natural_enemy@@YA_NW4TCreatureType@@0@Z
1,0x10997c,?WindowHandler@TOverviewWindow@@UAAHAAUmessage@@@Z
1,0x186c34,??1TSellArtifactWindow@@UAA@XZ
1,0x76384,?DrawAdvObjWithFlagAlpha@CSpriteFrame@@QBAXHHHHPAGHHHHHAAVTPalette16@@G_N@Z
1,0x11af98,??1TRecruitQuickWindow@@UAA@XZ
1,0x18838c,??1TSellCreatureWindow@@UAA@XZ
1,0x18f97c,?purchase_click@type_university_window@@KAHAAUmessage@@@Z
1,0x9d974,?uninitialized_copy@std@@YAPAV?$basic_string@DU?$char_traits@D@std@@V?$allocator@D@2@@1@PAV21@00@Z
1,0x16110c,?InitializeCampaignRegionNames@@YA_NXZ
1,0x1e86c,?MoreTreesNear@advManager@@QAAHUtype_point@@@Z
1,0x8f330,??_Etype_event_record@@UAAPAXI@Z
1,0x8f330,??_Gtype_event_record@@UAAPAXI@Z
1,0xb6114,?ExperienceValueOfStack@game@@QAAHPBVarmyGroup@@PBVhero@@@Z
3,0x6d24,??_C@_0L@GDOM@combat?$CF02d?$AA@
1,0xc6298,?value_type@std@@YAPAVCObject@@PBV2@@Z
1,0xf68d4,??0?$_Vector_base@VTreasureData@@V?$allocator@VTreasureData@@@std@@@std@@QAA@ABV?$allocator@VTreasureData@@@1@@Z
1,0x198778,?FindFile@CFindFile@@QAA_NPBD@Z
1,0xd6b94,?convertID2HelpID@THillFortWindow@@ABAHH@Z
1,0xe9058,??_ETLevelUpWindow@@UAAPAXI@Z
1,0xe9058,??_GTLevelUpWindow@@UAAPAXI@Z
1,0xff3e0,?ShowPointer@mouseManager@@QAAX_N@Z
3,0x1d4a0,??_C@_06IJBD@TONTav?$AA@
3,0x6a20,??_C@_0M@EFJ@ObDRk04?4def?$AA@
3,0x6164,??_C@_0N@EGO@SgInTw12?4pcx?$AA@
1,0x66ad4,??_ETCombatHeroSubWindow@@UAAPAXI@Z
1,0x66ad4,??_GTCombatHeroSubWindow@@UAAPAXI@Z
1,0xbafec,?CheckForTownEvent@game@@QAAXXZ
1,0xf4cb0,??0?$vector@USecondarySkillData@@V?$allocator@USecondarySkillData@@@std@@@std@@QAA@ABV?$allocator@USecondarySkillData@@@1@@Z
1,0x1018ec,?OnIPX@TMultiPlayerWindow@@QAA_NXZ
1,0x1581e4,?insert@?$set@W4SpellID@@U?$less@W4SpellID@@@std@@V?$allocator@W4SpellID@@@3@@std@@QAA?AU?$pair@U?$_Rb_tree_iterator@W4SpellID@@U?$_Const_traits@W4SpellID@@@std@@@std@@_N@2@ABW4SpellID@@@Z
1,0x4f078,?GetMorale@armyGroup@@QBAHPBVhero@@PBVtown@@0PBV1@_N3@Z
1,0x11cd64,?OnEnter@CChatEdit@@UAAHUmessage@@@Z
3,0x1fcf8,??_C@_0BE@EMHE@insufficient?5memory?$AA@
1,0x47af8,?get_average_damage@army@@QBAJABV1@_NJ1J@Z
1,0xa7abc,?load@type_creature_bank@@QAA_NPAX@Z
1,0xa7b60,?save@type_creature_bank@@QAA_NPAX@Z
1,0x14b2d8,?WaitSample@soundManager@@QAAXPAVds_memsample@@H@Z
3,0x353b8,?gMonthNames@@3PAPBDA
3,0x1e4c0,??_C@_08DJDK@TBDndock?$AA@
1,0x19040c,?CheckForDefeatedMonsterWin@VictoryConditionStruct@@QAA_NPBVhero@@Utype_point@@@Z
2,0xe2c,??_7TBottomViewEnemyTurn@@6B@
3,0x138cc,??_C@_0M@KGGI@Players?4pal?$AA@
3,0x1de90,??_C@_08MAGC@TBTwdock?$AA@
1,0x6d004,?CombatToScreen@combatManager@@QAAXAAH0@Z
1,0xc2a4c,?copy@std@@YAPAUTRumour@game@@PAU23@00@Z
3,0x1b4f8,??_C@_0BE@GODH@Buy?5Artifact?5Window?$AA@
3,0x1f3a4,??_C@_0BK@BLOA@DDERR_INCOMPATIBLEPRIMARY?$AA@
1,0x51228,?importPCXFile@Bitmap16Bit@@AAAHPBD@Z
1,0x148348,?HeaderRequested@CNewPlayerUpdateProc@@QAAXH@Z
3,0x1d2b8,??_C@_07CLKN@TOTNag1?$AA@
3,0x1d6e8,??_C@_07DFKL@TODMed1?$AA@
1,0x38740,?size@?$vector@Utype_creature_source@@V?$allocator@Utype_creature_source@@@std@@@std@@QBAIXZ
1,0xfa4dc,?allocate@?$_STL_alloc_proxy@PAUSecondarySkillData@@U1@V?$allocator@USecondarySkillData@@@std@@@std@@QAAPAUSecondarySkillData@@I@Z
1,0x14abb0,?enable@slider@@UAAX_N@Z
1,0x1665a0,?GiveSpells@town@@QBAXPAVhero@@@Z
1,0x5281c,?importPCXFile@Bitmap24Bit@@AAAHPBD@Z
1,0xd7b88,?Close@highScoreManager@@UAAXXZ
1,0xf0390,?readMonsterData@NewfullMap@@QAAHPAXPAVCObject@@@Z
1,0x149718,?Destroy@?$CAutoArray@H@@QAAX_N@Z
1,0xc746c,?uninitialized_fill_n@std@@YAPAVgenerator@@PAV2@IABV2@@Z
1,0x19c7c4,__dtoi
1,0x19c8d8,__itoa
1,0x19c908,__dtou
1,0x19c914,__utod
1,0x19c9b0,__itos
1,0x19ca40,__stoi
1,0x19cc14,__utos
1,0x4868c,?ComputeAttackerDamageBonuses@army@@QBAHH_NPAV1@0J@Z
1,0xbc754,??A?$vector@_NV?$allocator@_N@std@@@std@@QAA?AU_Bit_reference@1@I@Z
1,0x126064,?set_creature_mode@type_sacrifice_window@@AAAXXZ
1,0x8bf38,?SysMsgSetPlayerOrGroupName@CDPlay@@MAA_NPAUDPMSG_SETPLAYERORGROUPNAME@@K@Z
3,0xd2f4,?gbLeaveNetBoxAlone@@3HA
1,0xf33fc,?GenerateHeightMap@NewfullMap@@QAAXABVCObject@@AAY175D@Z
1,0x190e78,??0TViewArmyWindow@@QAA@ABVarmyGroup@@HPBVhero@@PBVtown@@HHH_N3@Z
3,0xd1c4,?giDebugBuildingToBuild@@3HA
1,0x70b88,?begin@?$vector@Utype_artifact@@V?$allocator@Utype_artifact@@@std@@@std@@QAAPAUtype_artifact@@XZ
1,0xb4b58,?GetRandomMonster@game@@QAA?AW4TCreatureType@@HH@Z
3,0x17b00,?SCS@@3PAUSampleChannelStruct@@A
3,0x1d73c,??_C@_07LAAL@TODman2?$AA@
3,0x1e370,??_C@_08CCGC@TBNcext1?$AA@
1,0xb4e04,?GetRandomSpell@game@@QAA?AW4SpellID@@H@Z
3,0x123e8,??_C@_0BL@KPEJ@unknown?5compression?5method?$AA@
1,0xa10c4,?get_travel_time@searchArray@@QBAJPBVarmy@@J@Z
1,0xbca4c,?SetScholar@ExtraInfoUnion@@QAAXW4ScholarAwards@@W4TPrimarySkill@@W4TSecondarySkill@@W4SpellID@@@Z
3,0x11a00,??_C@_0N@CAG@HPS088Wl?4PCX?$AA@
3,0x1e6dc,??_C@_08JFEP@TBStcstl?$AA@
1,0x1fa94,?GetShrineSpell@ExtraInfoUnion@@QBA?AW4SpellID@@XZ
1,0x392dc,?allocate@?$_STL_alloc_proxy@PAUtype_creature_value@@U1@V?$allocator@Utype_creature_value@@@std@@@std@@QAAPAUtype_creature_value@@I@Z
1,0x644dc,?uninitialized_copy@std@@YAPAUtype_artifact@@PAU2@00@Z
1,0x6bebc,?is_computer_action@combatManager@@AAA_NXZ
1,0x11e01c,?HandlePlayerDrop@@YAXK@Z
1,0x3a05c,?allocate@?$allocator@Utype_creature_source@@@std@@QBAPAUtype_creature_source@@IPBX@Z
1,0x8e77c,?clear_event_records@game@@QAAXD@Z
3,0x1d4fc,??_C@_08JFAF@TONsmita?$AA@
1,0x2069c,??0?$vector@Utype_dialog_resource@@V?$allocator@Utype_dialog_resource@@@std@@@std@@QAA@ABV?$allocator@Utype_dialog_resource@@@1@@Z
3,0x1434,?gbLastDebugState@@3HA
1,0x3d604,??0type_AI_spellcaster@@QAA@PAVcombatManager@@J_N@Z
1,0x43430,?construct@std@@YAXPAW4SpellID@@ABW42@@Z
1,0x715cc,?_M_insert_overflow@?$vector@W4TArtifact@@V?$allocator@W4TArtifact@@@std@@@std@@IAAXPAW4TArtifact@@ABW43@I@Z
1,0x1499f0,??0slider@@QAA@XZ
3,0x33a3c,?gSpeedNames@@3PAPBDA
1,0x11cbf4,?UpdateScreen@CChatEdit@@UAAXXZ
1,0x390ac,?begin@?$vector@Vtown@@V?$allocator@Vtown@@@std@@@std@@QBAPBVtown@@XZ
1,0x8015c,_savepcx
1,0x118b68,?RecruitSliderCallback@@YAXHPAVheroWindow@@@Z
3,0xfac,?_S_end_free@?$__node_alloc@$0A@$0A@@std@@0PADA
1,0x80150,_loadpcx
1,0xbd2c8,??0CMCClaimShipYard@@QAA@Utype_point@@H@Z
1,0x129304,?construct@std@@YAXPAPAViconWidget@@ABQAV2@@Z
3,0x1daac,??_C@_08BHBB@TBCshal2?$AA@
1,0xf6078,?resize@?$vector@USecondarySkillData@@V?$allocator@USecondarySkillData@@@std@@@std@@QAAXIABUSecondarySkillData@@@Z
1,0x149ba4,??1slider@@UAA@XZ
3,0x2e3d0,?gbBlackoutPlayer@@3HA
2,0x4d94,??_7TQuickCreatureWindow@@6B@
1,0x161428,?InitializePrimaryStatNames@@YA_NXZ
1,0x172cf4,?WindowHandler@type_garrison_base_window@@MAAHAAUmessage@@@Z
1,0x10f37c,??0type_spellvalue@@QAA@PBVhero@@@Z
1,0x9d140,??A?$vector@VMonsterData@@V?$allocator@VMonsterData@@@std@@@std@@QAAAAVMonsterData@@I@Z
3,0xbbc8,?gCapitolSpriteNames@@3PAPBDA
1,0x11c330,?Init@CChatManager@@QAAXXZ
3,0x6d7c,??_C@_0M@OHLB@CmFlagR?4def?$AA@
1,0xbffd4,?_M_do_sanitize@?$_Sanitize@K$0BA@@std@@SAXAAK@Z
1,0x19cdb0,__c_exit
1,0x2b3c,?UpdateSleepButton@TAdvMenu@@QAAXPBVhero@@@Z
1,0x400b8,?get_earth_protection_value@type_AI_spellcaster@@IBAJPBVarmy@@Utype_enchant_data@@@Z
3,0x3ec0,??_C@_0M@BMJK@E1P2_en?4pcx?$AA@
3,0x3f08,??_C@_0M@KMHN@E1P4_en?4pcx?$AA@
1,0x5d3e0,??0combatManager@@QAA@XZ
1,0xc4eb8,?_M_insert_overflow@?$vector@UTRumour@game@@V?$allocator@UTRumour@game@@@std@@@std@@IAAXPAUTRumour@game@@ABU34@I@Z
3,0x13708,??_C@_01MLA@P?$AA@
3,0x380b0,?iVWTowns@@3_NA
2,0x8610,_GUID_DMUS_PROP_DLS1
2,0x8620,_GUID_DMUS_PROP_DLS2
1,0xccd9c,?ApplyBattleWinTemps@hero@@QAAXXZ
3,0x11890,??_C@_0N@GGB@HPL076Nc?4PCX?$AA@
2,0x5fe8,??_7TTownGateWindow@@6B@
3,0x325c,??_C@_08NFFE@un44?4def?$AA@
3,0x3e6c,??_C@_0L@HMBB@E1B_co?4pcx?$AA@
3,0xa2dc,??_C@_0L@NOEN@capegs?4def?$AA@
1,0x1799b8,?SetRightClickText@TBuyBuildWindow@@AAAXH@Z
1,0x38710,?length@?$basic_string@DU?$char_traits@D@std@@V?$allocator@D@2@@std@@QBAIXZ
1,0x3a648,?uninitialized_fill_n@std@@YAPAPAVtype_artifact_effect@@PAPAV2@IABQAV2@@Z
3,0x1af30,??_C@_0L@NLKN@sp07_A?4def?$AA@
1,0x1700c0,??1THallWindow@@UAA@XZ
1,0x36ab4,??0type_antimorale_artifact@@QAA@XZ
1,0x385c8,??1type_antimorale_artifact@@UAA@XZ
1,0x9c950,?EmptyWagon@ExtraInfoUnion@@QAAXXZ
1,0xd7bf4,?WriteHighScores@@YAXXZ
1,0x363b4,??0type_knowledge_artifact@@QAA@J@Z
2,0x2634,??_7CDPlayLobby@@6B@
1,0x158fa4,?RestoreBackground@TSubWindow@@QAAXXZ
1,0x15ea00,?Update@swapManager@@QAAXXZ
2,0x6b18,??_7TGiveResourceWindow@@6B@
1,0x19742c,?RemoveAndDeleteWidget@heroWindow@@QAAXH@Z
1,0x10fe64,?get_value_of_increase@type_spellvalue@@QAAJJJJJ@Z
3,0x1d29c,??_C@_08CLIB@TOTGol1A?$AA@
1,0x4134,?allocate@?$_STL_alloc_proxy@PAPAVwidget@@PAV1@V?$allocator@PAVwidget@@@std@@@std@@QAAPAPAVwidget@@I@Z
1,0x5ab48,?get_campaign_name@@YA?AV?$basic_string@DU?$char_traits@D@std@@V?$allocator@D@2@@std@@XZ
3,0x3a7c,??_C@_0M@ILP@FMAO_co?4pcx?$AA@
1,0xbe2c4,??1?$vector@Vboat@@V?$allocator@Vboat@@@std@@@std@@QAA@XZ
1,0xc8220,?__uninitialized_fill_n_aux@std@@YAPAVboat@@PAV2@IABV2@U__false_type@@@Z
1,0xd3e40,?GiveRandomArtifact@hero@@QAAHXZ
1,0x114b88,?get_value_of_spring@hero@@QBAJXZ
3,0x208,DDRAW_NULL_THUNK_DATA
1,0x19ca64,_RegisterClassW
1,0x54598,?Draw@border@@UBAXXZ
3,0xabc0,??_C@_07FOEF@cs_walk?$AA@
1,0xcb698,?save@hero@@QAAHPAX@Z
1,0xe4298,?get_base_map_score@game@@QBAFXZ
1,0xede58,?readTreasureData@NewfullMap@@QAAHPAXPAVTreasureData@@@Z
1,0xcebe0,?ExitDialog@THeroScreenWindow@@UAAHAAUmessage@@@Z
2,0x5f78,??_7iconBackedTextWidget@@6B@
1,0x70398,?SetCombatViewArmy@combatManager@@QAAXH@Z
1,0x888fc,?GetVolume@ds_genericsample@@QAAEXZ
1,0xfac98,?copy_backward@std@@YAPAVBlackBoxData@@PAV2@00@Z
1,0x11df10,?UpdateCurrentPlayers@@YAXXZ
1,0x19ca7c,_DestroyWindow
1,0x6ebbc,?CheckChangeHighlighter@combatManager@@QAAXH@Z
1,0x74138,?DrawAdvObj@CSpriteFrame@@QBAXHHHHPAGHHHHHAAVTPalette16@@_N@Z
1,0xe76f8,??1?$_STL_alloc_proxy@PAUTObstacle@combatManager@@U12@V?$allocator@UTObstacle@combatManager@@@std@@@std@@QAA@XZ
1,0xfceb8,?__uninitialized_copy_aux@std@@YAPAVMonsterData@@PAV2@00U__false_type@@@Z
3,0x1d6a0,??_C@_08NIBB@TODvor1a?$AA@
1,0x7a8c,?DoAdvCommand@advManager@@QAAPAVNewmapCell@@AAUtype_point@@@Z
1,0x2cd54,?__final_insertion_sort@std@@YAXPAUtype_monster_data@@0@Z
1,0x9c820,?MagicSpringIsFull@ExtraInfoUnion@@QBA_NXZ
1,0xfbb4c,??4TreasureData@@QAAAAV0@ABV0@@Z
1,0xf5664,?push_back@?$vector@VBlackBoxData@@V?$allocator@VBlackBoxData@@@std@@@std@@QAAXABVBlackBoxData@@@Z
1,0x19cc74,__onexit
1,0xbde98,?clear@?$vector@UTBlackMarket@@V?$allocator@UTBlackMarket@@@std@@@std@@QAAXXZ
3,0x113a0,??_C@_0N@BIG@HPS037Al?4PCX?$AA@
3,0x15aac,?textButtonDynamic@@3PAPAVtextButton@@A
1,0x127e50,?creature_click@type_skeleton_window@@QAAXJJ_N@Z
1,0x3884c,?size@?$vector@Utype_creature_value@@V?$allocator@Utype_creature_value@@@std@@@std@@QBAIXZ
1,0x702bc,?ResetCycleTimers@combatManager@@QAAXXZ
1,0x9c924,?GetSeaChestArtifact@ExtraInfoUnion@@QBA?AW4TArtifact@@XZ
2,0x7eb0,_IID_IDirect3DRMLight
1,0x0,_adler32@12
3,0x17e54,??_C@_0L@HMLN@SPLEVA?4def?$AA@
2,0x8920,_GUID_IDirectMusicChordMap
1,0x2d74,?GetText@TTextResource@@QBAPBDH@Z
1,0x37eec,?get_danger_value@searchArray@@QBAJUtype_point@@@Z
3,0x3d28,??_C@_0L@CLLL@G1C_co?4pcx?$AA@
3,0x3ce0,??_C@_0L@LLOG@G1A_co?4pcx?$AA@
3,0xb058,??_C@_1GA@KBNE@?$AAC?$AAo?$AAu?$AAl?$AAd?$AA?5?$AAn?$AAo?$AAt?$AA?5?$AAs?$AAe?$AAt?$AA?5?$AAc?$AAo?$AAo?$AAp?$AAe?$AAr@
1,0xfb244,?value_type@std@@YAPAVTreasureData@@PBV2@@Z
1,0x18d8b0,?_tr_stored_block@@YAXPAUinternal_state@@PADKH@Z
1,0x2389c,?AICheckRetreat@combatManager@@QAA_NXZ
3,0x11030,??_C@_0N@EMBM@HPL009Cl?4PCX?$AA@
3,0x11350,??_C@_0N@FPEB@HPL034Al?4PCX?$AA@
2,0x5524,??_7type_artifact_offering_widget@@6B@
1,0x61180,?LeftOfMoat@combatManager@@SA_NH@Z
3,0x10fc0,??_C@_0N@DBGL@HPS006Kn?4PCX?$AA@
3,0x10ff0,??_C@_0N@DCIH@HPL007Kn?4PCX?$AA@
3,0x11e80,??_C@_0N@FPAJ@HPS124Wh?4PCX?$AA@
1,0xeb7d0,?Read@TTimedEvent@@QAAHPAX@Z
1,0x632c4,?HexIsBlocked@combatManager@@QBA_NH@Z
1,0x9ed88,??0searchArray@@QAA@XZ
1,0xb0ea8,?Get@NewSMapHeader@@QAAHPBD@Z
3,0x35208,?HighScoreDefaults@@3PBVTSpreadsheetResource@@B
3,0x3938,??_C@_0M@BOF@FMAF_co?4pcx?$AA@
3,0x11480,??_C@_0N@GPLJ@HPS044Wz?4PCX?$AA@
3,0x1d514,??_C@_08NMMG@TONSke1H?$AA@
1,0x188d88,?SetWidgetOff@TGiveResourceWindow@@AAAXF@Z
3,0x11670,??_C@_0N@GMMN@HPL059Dm?4PCX?$AA@
3,0x2ed0,??_C@_0M@IHPF@crest58?4def?$AA@
1,0x9c864,?get_pyramid_spell@ExtraInfoUnion@@QBA?AW4SpellID@@XZ
1,0xbd334,??0CMCBuildBoat@@QAA@Utype_point@@H@Z
3,0x31b64,?SeerCompletionText@@3PAPBDA
3,0x1d42c,??_C@_07HLCE@TOiefr1?$AA@
1,0x19098,?BVResMsg@advManager@@QAAXPBDHH@Z
3,0x11540,??_C@_0N@IDII@HPS050Hr?4PCX?$AA@
1,0x1208d4,?iterator_category@std@@YA?AUrandom_access_iterator_tag@1@PBQAPAVCNetMsg@@@Z
3,0x20050,?mapLimits@advManager@@2USLimitData@@B
3,0x4058,??_C@_0L@PDPE@S1C_se?4pcx?$AA@
1,0xbaeb0,?GiveTownEventReward@game@@QAAXABVTTownEvent@@@Z
1,0xc2de0,?allocate@?$_STL_alloc_proxy@PAVCObject@@V1@V?$allocator@VCObject@@@std@@@std@@QAAPAVCObject@@I@Z
3,0x11450,??_C@_0N@KFLN@HPL042Wz?4PCX?$AA@
3,0x11460,??_C@_0N@KGFB@HPS043Wz?4PCX?$AA@
3,0x4034,??_C@_0L@GDKJ@S1A_se?4pcx?$AA@
1,0x6a724,?size@?$vector@PAV?$basic_string@DU?$char_traits@D@std@@V?$allocator@D@2@@std@@V?$allocator@PAV?$basic_string@DU?$char_traits@D@std@@V?$allocator@D@2@@std@@@2@@std@@QBAIXZ
1,0x8cf64,?replay@type_record_hide_boat@@UAAX_N@Z
3,0x1379c,?giForceSwitchMusic@@3KA
3,0x11040,??_C@_0N@HDHD@HPS010Cl?4PCX?$AA@
3,0x11300,??_C@_0N@JFEF@HPS032Al?4PCX?$AA@
3,0x11330,??_C@_0N@JGKJ@HPL033Al?4PCX?$AA@
3,0x1383c,??_C@_0O@PFIG@Startup?5error?$AA@
1,0xfd16c,?__uninitialized_copy_aux@std@@YAPAUTownExtra@@PAU2@00U__false_type@@@Z
3,0x1e850,??_C@_08OKID@TBStup_1?$AA@
1,0x18b328,?SetupNewTrade@TGiveResourceWindow@@AAAXXZ
3,0xb72c,??_C@_0L@GKMA@Faerie?4wav?$AA@
3,0x11e50,??_C@_0N@JFAN@HPL122Wh?4PCX?$AA@
3,0x11e60,??_C@_0N@JGOB@HPS123Wh?4PCX?$AA@
3,0x11530,??_C@_0N@LMOH@HPL049Hr?4PCX?$AA@
3,0x140f8,??_C@_1BM@DHCG@?$AAT?$AAo?$AAw?$AAn?$AA?5?$AAO?$AAu?$AAt?$AAl?$AAi?$AAn?$AAe?$AAs?$AA?$AA@
3,0x34fa8,?gSystemOptionsHelp@@3PAUTHelpText@@A
1,0xbe76c,??1?$vector@Vhero@@V?$allocator@Vhero@@@std@@@std@@QAA@XZ
3,0x11a50,??_C@_0N@BDPM@HPL090Wl?4PCX?$AA@
3,0x11a20,??_C@_0N@CMJD@HPS089Wl?4PCX?$AA@
3,0x11680,??_C@_0N@MDPP@HPS060Dm?4PCX?$AA@
3,0x11610,??_C@_0N@NBII@HPL056Dm?4PCX?$AA@
3,0x11620,??_C@_0N@NCGE@HPS057Dm?4PCX?$AA@
1,0x5bf44,??_ETCampaignWindow@@UAAPAXI@Z
1,0x5bf44,??_GTCampaignWindow@@UAAPAXI@Z
3,0x137c4,?gLowPage@@3PAXA
1,0x163d98,??0?$vector@PADV?$allocator@PAD@std@@@std@@QAA@ABV?$allocator@PAD@1@@Z
3,0x1d398,??_C@_07BAGM@TOimar2?$AA@
1,0x3b78,?max@std@@YAABIABI0@Z
1,0x399f0,?max@std@@YAABJABJ0@Z
1,0x4d25c,?max@std@@YAABMABM0@Z
1,0x76060,?DrawAdvObjImpl@CSpriteFrame@@ABAXHHHHPAGHHHHHAAVTPalette16@@_NG@Z
1,0x75440,?EncodeAdvObj@CSpriteFrame@@AAAXXZ
1,0x9d550,?max@std@@YAABCABC0@Z
1,0x178760,?SetupStrips@TTownMenu@@QAAXXZ
1,0xeba38,?Save@TTimedEvent@@QAAHPAX@Z
3,0x1e118,??_C@_08FDJJ@TBInblak?$AA@
2,0x7e90,_IID_IDirect3DRMMeshBuilder2
2,0x8040,_IID_IDirect3DRMMeshBuilder3
1,0x9ee08,??1searchArray@@QAA@XZ
3,0x34850,?gMainMenuHelp@@3PAUTHelpText@@A
1,0x38ac,?begin@?$vector@Vtown@@V?$allocator@Vtown@@@std@@@std@@QAAPAVtown@@XZ
1,0x56880,??0TBottomViewEnemyTurn@@QAA@PAVheroWindow@@@Z
1,0x43204,?allocate@?$allocator@PAW4SpellID@@@std@@QBAPAPAW4SpellID@@IPBX@Z
1,0xc3130,?resize@?$vector@W4TArtifact@@V?$allocator@W4TArtifact@@@std@@@std@@QAAXIABW4TArtifact@@@Z
1,0x11f4e8,??1CHourGlass@@QAA@XZ
2,0x6944,??_7TTownMenu@@6B@
3,0x1fc20,??_C@_0BD@FHBH@Error?5type?5unknown?$AA@
3,0x3b24,??_C@_0M@IDD@FMAT_se?4pcx?$AA@
1,0x89ce0,?GetItem@?$tree@Vds_memsample@@@@QAAPAVds_memsample@@PBD@Z
1,0xe9db4,?fill@std@@YAXPAULODEntry@@0ABU2@@Z
3,0x1dda0,??_C@_08LIPM@TBRmdw_0?$AA@
1,0x21a2c,?CastSpell@advManager@@QAAXW4SpellID@@@Z
3,0x1ea90,??_C@_08BJCC@TBFrup_5?$AA@
1,0x85978,?DrawArcher@combatManager@@QAAHPBVCSprite@@HHHHPAUSLimitData@@_N@Z
1,0xdfa3c,?CreditsWait@@YAXXZ
1,0x165258,?Draw@bitmapBackedTextWidget@@UBAXXZ
3,0x1db24,??_C@_08OEIB@TBCsext0?$AA@
1,0x18e728,?handle_click@type_university_skill_button@@UAA_N_N0@Z
1,0x192900,?create_spell_influence_widgets@TViewArmyWindow@@AAAXQBVarmy@@@Z
1,0x11b53c,??_ETRecruitWindow@@UAAPAXI@Z
1,0x11b53c,??_GTRecruitWindow@@UAAPAXI@Z
3,0x31b3c,?SeerEmptyText@@3PAPBDA
1,0x3a610,?uninitialized_copy@std@@YAPAPAVtype_artifact_effect@@PAPAV2@00@Z
1,0x1d804,?TrimLoopingSounds@advManager@@QAAXH@Z
3,0x4070,??_C@_0L@HNFN@S1B_en?4pcx?$AA@
1,0xc7854,?distance_type@std@@YAPAHPBVgenerator@@@Z
3,0x1f8e0,??_C@_0BC@KIDO@DDERR_NOEMULATION?$AA@
3,0x16ccc,??_C@_0M@JOAN@AltSacC?4def?$AA@
1,0x18e790,??0type_university_window@@QAA@PAVhero@@PBUtype_university@@@Z
1,0x4d7b0,?copy_backward@std@@YAPAPAW4SpellID@@PAPAW42@00@Z
3,0x1d99c,??_C@_08CBGL@TOFHyd1A?$AA@
3,0x1d7d0,??_C@_08IFCF@TOSCa1Ea?$AA@
1,0x8b56c,??0CDPlayLobby@@QAA@XZ
3,0x11fe0,?iLastSpot@@3PAHA
1,0x14746c,?GetName@CDPlayPlayer@@QAAPADXZ
3,0x1af3c,??_C@_0L@DLMC@sp07_B?4def?$AA@
3,0x3cec,??_C@_0L@LOHA@G1B_en?4pcx?$AA@
1,0x8bf1c,?SysMsgAddPlayerToGroup@CDPlay@@MAA_NPAUDPMSG_ADDPLAYERTOGROUP@@K@Z
2,0x261c,??_7ds_streamsample@@6B@
3,0x13d0c,??_C@_09MALF@iokay?4def?$AA@
3,0x20048,?iThisMaxY@@3HA
1,0x120834,?__destroy_aux@std@@YAXU?$_Deque_iterator@PAVCNetMsg@@U?$_Nonconst_traits@PAVCNetMsg@@@std@@U?$_Buf_size_traits@PAVCNetMsg@@$0A@@3@@1@0U__false_type@@@Z
3,0x11f0,??_C@_0L@PONH@hpsyyy?4pcx?$AA@
1,0x1ef28,?max@@YAHHH@Z
1,0x82034,??_ECTextDialog@@UAAPAXI@Z
1,0x82034,??_GCTextDialog@@UAAPAXI@Z
3,0x5ac4,??_C@_08OEID@CH05?4DEF?$AA@
1,0x9dfe8,?__iter_swap@std@@YAXPAW4SpellID@@00@Z
1,0xf47cc,??0BlackBoxData@@QAA@XZ
1,0xfe0d0,?SRandom@@YAHHH@Z
1,0x11bb9c,?PollRemote@CDPlayHeroes@@QAA_NXZ
3,0x38fc,??_C@_0M@EHD@FMAE_en?4pcx?$AA@
1,0x7d420,?give_custom_items@SCampaign@@QAAXXZ
1,0x7cc8c,?init@TCustomCampaignTraits@@QAAXXZ
1,0xd2e80,?HeroView@@YAHHHH_N@Z
1,0xf51b8,?resize@?$vector@VCObject@@V?$allocator@VCObject@@@std@@@std@@QAAXI@Z
1,0x176bf0,?MoveHeroToGarrison@townManager@@QAAXXZ
2,0x51e0,??_7ResolutionSwitch@@6B@
3,0x1df44,??_C@_08NGHG@TBTwext0?$AA@
3,0x3fbc,??_C@_0L@JHND@N1A_en?4pcx?$AA@
1,0x60354,?place_obstacle@combatManager@@QAA_NH@Z
1,0x103a08,?GetVictoryConditionText@game@@QAAXPAD@Z
3,0x70,__imp__sqrt
3,0x134,__imp__GetLastError
3,0x14c,__imp__rand
1,0x8a040,??0?$node@Vds_memsample@@@@QAA@PBDPAVds_memsample@@PAV0@@Z
3,0x1ed10,??_C@_06IAJP@?$HL?$CFs?$HN?6?6?$AA@
3,0xa8,__imp__fabs
1,0x693a4,??_ETCombatResultsWindow@@UAAPAXI@Z
1,0x693a4,??_GTCombatResultsWindow@@UAAPAXI@Z
1,0x1022dc,??1CMPInputEdit@@UAA@XZ
3,0x1e8b0,??_C@_08OADC@TBFrmag3?$AA@
1,0x39e0,?_S_whichword@?$_Base_bitset@$00K@std@@SAII@Z
1,0x89fdc,??0?$node@K@@QAA@PBDPAKPAV0@@Z
1,0x2b948,?do_general_melee@type_AI_combat_data@@IAAXAAV1@@Z
1,0x9e898,?CallManager@executive@@QAAXPAVbaseManager@@@Z
1,0x13c698,?SetDifficultyHiLite@TSingleSelectionWindow@@QAAXXZ
3,0x33d28,?gCampaignWindowHelp@@3PAUTHelpText@@A
1,0x3f48,?construct@std@@YAXPAPAVwidget@@ABQAV2@@Z
1,0x2c9fc,?_M_insert_overflow@?$vector@Utype_monster_data@@V?$allocator@Utype_monster_data@@@std@@@std@@IAAXPAUtype_monster_data@@ABU3@I@Z
1,0x3904c,??0?$_Vector_base@PAUpathCell@@V?$allocator@PAUpathCell@@@std@@@std@@QAA@ABV?$allocator@PAUpathCell@@@1@@Z
1,0x3a6a0,?__uninitialized_fill_n@std@@YAPAUtype_creature_value@@PAU2@IABU2@0@Z
1,0x4ce88,?clear@?$vector@PAVarmy@@V?$allocator@PAVarmy@@@std@@@std@@QAAXXZ
1,0x2dd40,??0type_town_threat_checker@@QAA@J@Z
3,0x1e574,??_C@_08CPCO@TBDnext0?$AA@
1,0x120fa0,?Update@TResourceDisplay@@QAAX_N00@Z
1,0x3028,??0CGameChatEdit@@QAA@HHHHHPAD0HW4EJustify@font@@0HHHHHH@Z
1,0xbd9f8,?push_back@?$vector@VCObject@@V?$allocator@VCObject@@@std@@@std@@QAAXABVCObject@@@Z
1,0xe73e0,??_Etype_normal_dialog_frame@@UAAPAXI@Z
1,0xe73e0,??_Gtype_normal_dialog_frame@@UAAPAXI@Z
3,0x1de3c,??_C@_08IJJM@TBRmup_6?$AA@
1,0x2cdcc,?__destroy@std@@YAXPAUtype_monster_data@@00@Z
3,0x1ea18,??_C@_08CIEC@TBFrdw_3?$AA@
1,0xee1a4,?readArtifactData@NewfullMap@@QAAHPAXPAVCObject@@@Z
2,0x8360,_GUID_Friction
1,0x19ca10,_GetKeyState
1,0x29024,?__destroy_aux@std@@YAXPAUtype_creature_value@@0U__false_type@@@Z
1,0x51078,?import@Bitmap16Bit@@QAAXHHPBGH@Z
1,0xf4bfc,??1BlackBoxData@@QAA@XZ
2,0x7bd0,_IID_IDirect3DTexture
2,0x7be0,_IID_IDirect3DTexture2
1,0x28810,?destroy@std@@YAXPAUtype_creature_value@@0@Z
1,0xf9b58,?__stl_alloc_rebind@std@@YAAAV?$allocator@VTTimedEvent@@@1@AAV21@PBVTTimedEvent@@@Z
1,0xfeafc,?Reset@mouseManager@@QAAXXZ
3,0x1375c,?bDefeatedAllPlayers@@3_NA
3,0x3fc8,??_C@_0L@FBFE@N1A_se?4pcx?$AA@
1,0xa68d8,?GetStartingHeroId@game@@QAA?AW4THeroID@@W4TTownType@@HH@Z
1,0xc5dd0,?__stl_alloc_rebind@std@@YAAAV?$allocator@VCObjectType@@@1@AAV21@PBVCObjectType@@@Z
1,0xf7210,??1?$_STL_alloc_proxy@PAVTreasureData@@V1@V?$allocator@VTreasureData@@@std@@@std@@QAA@XZ
1,0xfd3b4,?__copy@std@@YAPAW4SpellID@@PBW42@0PAW42@Urandom_access_iterator_tag@1@PAH@Z
1,0xa2554,?LineWidth@font@@QBAHPBD@Z
1,0xf5d70,?clear@?$vector@Vgenerator@@V?$allocator@Vgenerator@@@std@@@std@@QAAXXZ
1,0x156dc4,?ModifySpellDamageForSpells@combatManager@@QBAHHHPBVarmy@@@Z
3,0x1d3ec,??_C@_08OMAL@TOihnd2h?$AA@
3,0x4040,??_C@_0L@HIML@S1A_co?4pcx?$AA@
3,0x4064,??_C@_0L@OIJG@S1C_co?4pcx?$AA@
1,0x8a484,?EnumGroups@CDPlay@@UAA_NPAV?$CAutoArray@VCDPlayGroup@@@@PAU_GUID@@K@Z
1,0x8aad4,?GetErrorDesc@CDPlay@@UAAXJPAD@Z
3,0x136fc,??_C@_01MHL@U?$AA@
1,0x149c90,?KeyAccel@slider@@QAAXHHHHH@Z
1,0x163650,?SaveBackground@textEntryWidget@@MBAXXZ
1,0x1916d4,?convertID2HelpID@TViewArmyWindow@@ABAHH@Z
1,0x37f50,?get_building_mask@town@@QBA_JXZ
1,0x3d5dc,?initialize@type_AI_spellcaster@@IAAXPAVcombatManager@@J@Z
1,0x128d10,??0?$_STL_alloc_proxy@PAPAViconWidget@@PAV1@V?$allocator@PAViconWidget@@@std@@@std@@QAA@ABV?$allocator@PAViconWidget@@@1@ABQAPAViconWidget@@@Z
3,0x1aae0,??_C@_0M@IMNA@Berserk?4wav?$AA@
3,0x1098,??_C@_0M@BJJA@ajpfveebova?$AA@
3,0xa64c,??_C@_0L@KAML@cplich?4def?$AA@
1,0x8c180,?Destroy@?$CAutoArray@VCDPlayAddressElement@@@@QAAX_N@Z
1,0xe7758,??4?$vector@Utype_point@@V?$allocator@Utype_point@@@std@@@std@@QAAAAV01@ABV01@@Z
3,0x17e78,??_C@_0L@PMCI@SPLEVE?4def?$AA@
1,0x13ebc0,?WindowHandler@TSingleSelectionWindow@@UAAHAAUmessage@@@Z
1,0x16e6cc,??0THallWindow@@QAA@H@Z
1,0x3aadc,?__unguarded_insertion_sort@std@@YAXPAUtype_creature_value@@0U?$greater@Utype_creature_value@@@1@@Z
1,0x198840,?IsArchived@CFindFile@@QAA_NXZ
1,0x83ec0,?UpdateCombatArea@combatManager@@QAAXUSLimitData@@@Z
1,0xf9e94,??0TTownEvent@@QAA@ABV0@@Z
1,0x9d380,??1?$_Vector_base@V?$basic_string@DU?$char_traits@D@std@@V?$allocator@D@2@@std@@V?$allocator@V?$basic_string@DU?$char_traits@D@std@@V?$allocator@D@2@@std@@@2@@std@@QAA@XZ
1,0xfcf8c,?__uninitialized_fill_n_aux@std@@YAPAVBlackBoxData@@PAV2@IABV2@U__false_type@@@Z
1,0x20064,?get_cell@searchArray@@QBAPAUpathCell@@Utype_point@@_N@Z
3,0x40e8,??_C@_09KDLB@S1_bg?4pcx?$AA@
1,0x191f2c,?create_portrait_widget@TViewArmyWindow@@AAAXPBDW4TTownType@@H@Z
1,0x22054,?SkuttleBoat@advManager@@QAAXW4TSkillMastery@@@Z
3,0x2e288,?gcWinText@@3PADA
1,0x52794,?import@Bitmap24Bit@@QAAXHHPBEH@Z
1,0x8bf34,?SysMsgSetPlayerOrGroupData@CDPlay@@MAA_NPAUDPMSG_SETPLAYERORGROUPDATA@@K@Z
3,0x1cec0,??_C@_08DNIB@TOCsM301?$AA@
1,0x1907bc,?CheckForTimeLimitExpired@LossConditionStruct@@QAA_NXZ
1,0x114b98,?set_value_of_duration@hero@@QAAXJ@Z
1,0x3ae08,?__destroy_aux@std@@YAXPAUtype_creature_source@@0U__false_type@@@Z
3,0x13a18,??_C@_0N@BABA@HALLRAMP?4def?$AA@
1,0xf5930,??0?$allocator@VTTimedEvent@@@std@@QAA@XZ
1,0xf5938,??1?$allocator@VTTimedEvent@@@std@@QAA@XZ
1,0x122f70,??1?$allocator@U?$pair@$$CBVTCacheMapKey@ResourceManager@@PAVresource@@@std@@@std@@QAA@XZ
1,0x57e94,??A?$vector@HV?$allocator@H@std@@@std@@QAAAAHI@Z
3,0x38234,?NullLimits@heroWindowManager@@2USLimitData@@B
3,0x3fd4,??_C@_0L@EKDG@N1A_co?4pcx?$AA@
1,0x8a11c,?Init@CDPlay@@UAA_NXZ
1,0x95a34,?DoEventSiren@advManager@@AAAXPAVhero@@PAVNewmapCell@@_N@Z
1,0x130224,?alphaCompare@@YAHPBX0@Z
1,0x164314,?deallocate@?$allocator@PAD@std@@SAXPAPADI@Z
1,0xb1988,?ClaimGarrison@game@@QAAXHH@Z
3,0x3048,??_C@_09IJO@Good1?4h3c?$AA@
1,0xf67a8,??1?$_Vector_base@PAVCSprite@@V?$allocator@PAVCSprite@@@std@@@std@@QAA@XZ
2,0x148,??_7TAdvMenu@@6B@
1,0x60a70,?PlaceAllObstacles@combatManager@@QAAXXZ
3,0x1f55c,??_C@_0P@BPIP@DDERR_NOTFOUND?$AA@
1,0x380d8,??1type_AI_creature_purchaser@@QAA@XZ
1,0xf6c18,??1?$_Vector_base@VBlackBoxData@@V?$allocator@VBlackBoxData@@@std@@@std@@QAA@XZ
3,0x1d3f8,??_C@_07HKHH@TOiholy?$AA@
3,0x1ec3c,??_C@_0N@MDEJ@hallstrn?4def?$AA@
3,0x3e30,??_C@_0L@HJIH@E1A_en?4pcx?$AA@
3,0x3e78,??_C@_0L@OJNK@E1C_en?4pcx?$AA@
1,0x7289c,?DrawAdvObjWithFlag@CSprite@@QBAXHHHHHPAGHHHHHG_N@Z
1,0x92f08,?DoEventFaerieRing@advManager@@AAAXPAVhero@@PAVNewmapCell@@_N@Z
3,0x16d8c,??_C@_0O@CNHN@adop?$CFcpnl?4pcx?$AA@
1,0x160698,?convertID2HelpID@TSystemOptionsWindow@@ABAHH@Z
2,0x78d0,_IID_IDirectDrawSurface2
2,0x78e0,_IID_IDirectDrawSurface3
2,0x78f0,_IID_IDirectDrawSurface4
3,0x2b08,??_C@_0L@KOFJ@cprgre?4def?$AA@
1,0x4fd54,??_ETSplitWindow@@UAAPAXI@Z
1,0x4fd54,??_GTSplitWindow@@UAAPAXI@Z
1,0x8b5c8,??1CDPlayLobby@@UAA@XZ
1,0xb54f8,?ConvertObject@game@@QAAXPAVNewmapCell@@@Z
3,0x17e60,??_C@_0L@BMEH@SPLEVF?4def?$AA@
1,0x1536d4,?get_distance@combatManager@@SAJUtagPOINT@@0@Z
3,0x3d1c,??_C@_0L@DANJ@G1C_se?4pcx?$AA@
3,0x3cd4,??_C@_0L@KAIE@G1A_se?4pcx?$AA@
1,0x6a3ec,??0CCombatChatEdit@@QAA@HHHHHPAD0HW4EJustify@font@@0HHHHHH@Z
1,0x10b484,?AdjustHSV@TPalette16@@QAAXMMMM@Z
1,0x43228,?_M_create_nodes@?$_Deque_base@W4SpellID@@V?$allocator@W4SpellID@@@std@@$0A@@std@@IAAXPAPAW4SpellID@@0@Z
3,0x4004,??_C@_0M@CJFH@N1CD_en?4pcx?$AA@
1,0xf4a78,?get_type@CObject@@QBA?AW4TAdventureObjectType@@XZ
1,0x164958,?value_type@std@@YAPAPADPBQAD@Z
1,0x155664,?ChainLightning@combatManager@@QAAXHHH@Z
1,0x8703c,?SpellEffect@combatManager@@QAAXHHH_N@Z
3,0x1d294,??_C@_07CMG@TOTGar1?$AA@
3,0x6b28,??_C@_0M@EHCK@ObSnS08?4def?$AA@
1,0x37ddc,?is_in_spellbook@hero@@QBA_NW4SpellID@@@Z
1,0x3ed34,?get_disease_value@type_AI_spellcaster@@IBAJPBVarmy@@Utype_enchant_data@@@Z
1,0x117b5c,??1TQuickCreatureWindow@@UAA@XZ
3,0x1689c,??_C@_0P@DLKL@?$CFs?3?5?$CI?$CFs?3?$CFs?$CJ?5?$CFs?$AA@
1,0x71814,?__destroy_aux@std@@YAXPAW4TArtifact@@0U__false_type@@@Z
1,0x197138,??0heroWindow@@QAA@HHHHI@Z
1,0xbe580,??A?$vector@UTRumour@game@@V?$allocator@UTRumour@game@@@std@@@std@@QAAAAUTRumour@game@@I@Z
3,0x1d43c,??_C@_07DKLM@TOimp2a?$AA@
2,0x7a80,_GUID_KernelCaps
1,0x1f0d0,?Enable@mouseManager@@QAAHXZ
1,0x4a97c,?AttackWall@army@@QAAXH@Z
3,0x1b1f8,??_C@_0M@CKIA@sysopb6?4def?$AA@
1,0x8fb80,?deallocate@?$_STL_alloc_proxy@PAPAVtype_event_record@@PAV1@V?$allocator@PAVtype_event_record@@@std@@@std@@QAAXPAPAVtype_event_record@@I@Z
3,0x1decc,??_C@_08CFOG@TBTwhal2?$AA@
1,0x508a4,?GetRow@TSpreadsheetResource@@QBAABV?$vector@PADV?$allocator@PAD@std@@@std@@H@Z
3,0x1e4fc,??_C@_08NMLO@TBDnhal2?$AA@
3,0x178,__imp__CreateFileMappingW
1,0x2848c,??1?$_STL_alloc_proxy@PAJJV?$allocator@J@std@@@std@@QAA@XZ
1,0x4ec98,?GetHomogeneityMoraleAdjust@armyGroup@@QBAHXZ
1,0xee2e0,?readSpellScrollData@NewfullMap@@QAAHPAXPAVCObject@@@Z
1,0x1499ac,?GetCount@?$CAutoArray@H@@UAAKXZ
1,0x158474,??0?$pair@U?$_Rb_tree_iterator@W4SpellID@@U?$_Nonconst_traits@W4SpellID@@@std@@@std@@_N@std@@QAA@ABU?$_Rb_tree_iterator@W4SpellID@@U?$_Nonconst_traits@W4SpellID@@@std@@@1@AB_N@Z
3,0x1dc38,??_C@_08HMPH@TBRmmage?$AA@
3,0x1f5a8,??_C@_0BC@JCJA@DDERR_NOSTRETCHHW?$AA@
1,0x2c93c,??1?$_STL_alloc_proxy@PAUtype_monster_data@@U1@V?$allocator@Utype_monster_data@@@std@@@std@@QAA@XZ
1,0x380f0,??0HeroDestination@@QAA@XZ
1,0xbf5d0,??1?$_Vector_base@PAVtype_event_record@@V?$allocator@PAVtype_event_record@@@std@@@std@@QAA@XZ
3,0x13a78,??_C@_0N@LOGF@HALLFORT?4def?$AA@
3,0x1f01c,??_C@_09KHHN@iOKAY?4def?$AA@
3,0x2bb0,??_C@_0N@IIHF@goodluck?482m?$AA@
1,0xa6cd4,?GetNewHeroId@game@@QAA?AW4THeroID@@W4TTownType@@W4THeroClass@@_N@Z
3,0x1d378,??_C@_07IHE@TOihal2?$AA@
3,0x40dc,??_C@_09FOBK@N1_bg?4pcx?$AA@
3,0x40a0,??_C@_09IOBD@G1_bg?4pcx?$AA@
3,0x1d004,??_C@_08NDJ@TOCsAng1?$AA@
3,0x2e84,??_C@_0M@NGD@smalres?4def?$AA@
1,0x80664,_deflate@8
1,0xdb5e4,_inflate@8
3,0x1dad0,??_C@_08PNJG@TBCsmark?$AA@
1,0x19c950,_DeleteCriticalSection
1,0xfad2c,?uninitialized_copy@std@@YAPAVTSeerHut@@PAV2@00@Z
3,0x1dc80,??_C@_08POJH@TBRmdock?$AA@
3,0x158,__imp__CreateWindowExW
1,0x164370,?_M_fill_insert@?$vector@PADV?$allocator@PAD@std@@@std@@QAAXPAPADIABQAD@Z
1,0x174654,?SetRightClickText@TShipWindow@@AAAXH@Z
2,0x7fc0,_IID_IDirect3DRMPickedArray
1,0xc2ec8,?resize@?$vector@Utype_point@@V?$allocator@Utype_point@@@std@@@std@@QAAXI@Z
3,0x1e94c,??_C@_08KMCF@TBFrsilo?$AA@
1,0x196cbc,?Open@widget@@QAAHHPAVheroWindow@@@Z
1,0xde0e8,??0VRKeyboard@@QAA@PAVtextWidget@@HH@Z
1,0x3a590,?__final_insertion_sort@std@@YAXPAJ0@Z
1,0xca39c,_gzclose@4
3,0x135ac,??_C@_0CD@ODII@oversubscribed?5literal?1length?5tr@
1,0x10a5e0,??0TPalette16@@QAA@PBUTRGBA@@@Z
1,0x10b94c,??0TPalette24@@QAA@PBUTRGBA@@@Z
3,0x1a8e0,??_C@_0N@PONB@Fireblst?4wav?$AA@
1,0xc8bb0,?destroy@std@@YAXPAPAVCSprite@@@Z
3,0x3ee4,??_C@_0M@FELE@E1P3_en?4pcx?$AA@
3,0x3e9c,??_C@_0M@MEOJ@E1P1_en?4pcx?$AA@
1,0xc45e8,?copy_backward@std@@YAPAVmine@@PAV2@00@Z
1,0x147828,??_ECHostWaitDlg@@UAAPAXI@Z
1,0x147828,??_GCHostWaitDlg@@UAAPAXI@Z
2,0x8090,_IID_IDirect3DRMWinDevice
3,0x1b21c,??_C@_0N@BDKJ@genrltxt?4txt?$AA@
3,0x3e90,??_C@_0L@DEDP@E1C_co?4pcx?$AA@
3,0x3e48,??_C@_0L@KEGC@E1A_co?4pcx?$AA@
1,0x5f058,?GetGridIndex@combatManager@@QBAHHH@Z
1,0x9d434,?deallocate@?$_STL_alloc_proxy@PAV?$basic_string@DU?$char_traits@D@std@@V?$allocator@D@2@@std@@V12@V?$allocator@V?$basic_string@DU?$char_traits@D@std@@V?$allocator@D@2@@std@@@2@@std@@QAAXPAV?$basic_string@DU?$char_traits@D@std@@V?$allocator@D@2@@2@I@Z
3,0x141a8,??_C@_1CE@GOHO@?$AAL?$AAa?$AAs?$AAt?$AA?5?$AAS?$AAo?$AAu?$AAn?$AAd?$AA?5?$AAV?$AAo?$AAl?$AAu?$AAm?$AAe?$AA?$AA@
1,0x12efc0,?ExitDialog@CSingleSelPopup@@QAAHAAUmessage@@@Z
1,0x19308c,?VWDrawHeroPart@advManager@@QAAXHAAUTDrawParts@@HHHHHH@Z
1,0x53618,?exportPCXFile@Bitmap8Bit@@QAAHPBD@Z
1,0x1648b8,?uninitialized_copy@std@@YAPAPAV?$vector@PADV?$allocator@PAD@std@@@1@PAPAV21@00@Z
3,0x7120,??_C@_09MFGH@iOkay?4def?$AA@
1,0x8f364,??_Etype_record_shroud@@UAAPAXI@Z
1,0x8f364,??_Gtype_record_shroud@@UAAPAXI@Z
1,0xfa3e8,?allocate@?$allocator@VBlackBoxData@@@std@@QBAPAVBlackBoxData@@IPBX@Z
3,0x1ac20,??_C@_0M@MAB@C05spF0?4def?$AA@
3,0x1fa68,??_C@_0BD@CJKH@DDERR_NOTFLIPPABLE?$AA@
1,0x2017c,?GetPalette@Bitmap816@@QAAAAVTPalette16@@XZ
1,0x6d988,?RightClick@combatManager@@QAAHH@Z
1,0x11ec64,??0CGameTransferSmack@@QAA@XZ
1,0x11ec88,??1CGameTransferSmack@@QAA@XZ
1,0x81748,??0TDialogBox@@QAA@HHHHI@Z
1,0xac63c,?match_underground_gates@game@@AAAXXZ
1,0xce648,?get_luck_description@hero@@QBA?AV?$basic_string@DU?$char_traits@D@std@@V?$allocator@D@2@@std@@XZ
3,0x136a8,??_C@_0N@CKIH@inputManager?$AA@
3,0x15bd0,?progname@@3PAGA
3,0x136dc,??_C@_09NKGE@VRKey?4def?$AA@
2,0x4a9c,??_7TOverviewWindow@@6B@
3,0x2c2c,??_C@_0N@DPDD@GPuCrDiv?4pcx?$AA@
1,0xb6054,?GiveArmy@game@@QAAXPAVarmyGroup@@HHH@Z
1,0x19ceb0,_timeEndPeriod
1,0x19c77c,__muli64
1,0x7ffe8,?read@@YAHHPAXI@Z
1,0xe724c,??4playerData@@QAAAAV0@ABV0@@Z
1,0xe7954,?__copy@std@@YAPAUtype_point@@PBU2@0PAU2@Urandom_access_iterator_tag@1@PAH@Z
1,0xfeb1c,?SetPointer@mouseManager@@QAAXHW4EPointerSet@1@@Z
1,0x83e8c,?FullUpdate@combatManager@@QAAXXZ
1,0x11f550,?GetQueueSize@@YA_NHAAK0@Z
1,0x490f4,?adjust_damage@army@@QBAJPAV1@J_N1JPAJ@Z
3,0x1d3a8,??_C@_08HEEI@TOimp1ha?$AA@
1,0x193724,?VWDrawBoatPart@advManager@@QAAXHAAUTDrawParts@@HHHHHH@Z
1,0x475ec,?CheckLuck@army@@QAAXXZ
1,0x6d508,?is_outside_placement_boundry@combatManager@@QAA_NHH@Z
1,0x181638,??1type_monster_join_window@@UAA@XZ
1,0x19c6a4,_memmove
1,0x38eb8,??1?$_Vector_base@Utype_creature_source@@V?$allocator@Utype_creature_source@@@std@@@std@@QAA@XZ
1,0x181404,?get_generator_bonus@town@@QBAJJ@Z
1,0x407e8,?get_fire_shield_value@type_AI_spellcaster@@IBAJPBVarmy@@Utype_enchant_data@@@Z
1,0x84420,?UpdateGrid@combatManager@@QAAHHH@Z
1,0xe7c90,_WinMain
1,0x1490d0,??_ECSingleSelectionChatEdit@@UAAPAXI@Z
1,0x1490d0,??_GCSingleSelectionChatEdit@@UAAPAXI@Z
1,0x381ec,??1type_scouting_artifact@@UAA@XZ
2,0x7ec0,_IID_IDirect3DRMTexture
1,0xebf98,?get_trigger_cell@NewmapCell@@QAAPAV1@XZ
1,0x164940,?fill@std@@YAXPAPAV?$vector@PADV?$allocator@PAD@std@@@1@0ABQAV21@@Z
3,0xa90c,??_C@_0L@GDGH@cpliza?4def?$AA@
3,0x17dd4,?LastPage@TSpellbookWindow@@0HA
2,0x87e0,_CLSID_DirectMusicSignPostTrack
3,0x3d04,??_C@_0L@GDJF@G1B_co?4pcx?$AA@
1,0x7ffec,?_write@@YAHHPBXI@Z
1,0x12f36c,??_ECTownDlg@@UAAPAXI@Z
1,0x12f36c,??_GCTownDlg@@UAAPAXI@Z
2,0x5a08,??_7TSpellbookWindow@@6B@
1,0x1747fc,?DoShipyard@@YAXH@Z
3,0x7010,??_C@_0N@ENCI@TwCrPort?4def?$AA@
1,0x9c970,?GetWagonResource@ExtraInfoUnion@@QBA?AW4EGameResource@@XZ
1,0x121a2c,?GetResource@ResourceManager@@YAPAVTGenericResource@@PBD@Z
1,0x1eb78,?GetRouteArray@advManager@@QAAGHHH@Z
1,0x23058,?GetManaCost@hero@@QBAHH@Z
1,0x38d50,??0?$vector@PAVtype_artifact_effect@@V?$allocator@PAVtype_artifact_effect@@@std@@@std@@QAA@ABV?$allocator@PAVtype_artifact_effect@@@1@@Z
1,0x1225dc,?Dispose@ResourceManager@@YAXPAVCSprite@@@Z
1,0x1295dc,?uninitialized_copy@std@@YAPAPAViconWidget@@PAPAV2@00@Z
1,0x173a88,?SetRightClickText@TBlacksmithWindow@@AAAXH@Z
2,0x86f0,_CLSID_DirectMusicPerformance
2,0x84a0,_DPAID_ComPort
1,0x92dec,?do_event_dragon_city@advManager@@AAAXPAVhero@@PAVNewmapCell@@Utype_point@@_N@Z
1,0xf6c6c,?end@?$vector@VTSeerHut@@V?$allocator@VTSeerHut@@@std@@@std@@QAAPAVTSeerHut@@XZ
2,0x4ffc,??_7CDPlayHeroes@@6B@
1,0x962dc,?DoTreasureDialog@advManager@@AAAXPAVhero@@H_N@Z
1,0x9f718,?TestPossibleDirections@searchArray@@AAAXPBVhero@@AAUpathCell@@JJ_NUtype_point@@W4TSkillMastery@@W4type_search_type@@W4TTerrainType@@@Z
3,0x38020,?scaleLine@@3PAHA
3,0x22c,__imp__timeBeginPeriod
1,0x382e8,??_Etype_knowledge_artifact@@UAAPAXI@Z
1,0x382e8,??_Gtype_knowledge_artifact@@UAAPAXI@Z
1,0xc753c,?__destroy_aux@std@@YAXPAUTownExtra@@0U__false_type@@@Z
3,0x313d8,?giCurPlayerBit@@3EA
1,0x149108,??1CSingleSelectionChatEdit@@UAA@XZ
1,0x283b8,?begin@?$vector@UTObstacle@combatManager@@V?$allocator@UTObstacle@combatManager@@@std@@@std@@QAAPAUTObstacle@combatManager@@XZ
3,0x1ed78,??_C@_0N@FFAG@TPTavSel?4pcx?$AA@
2,0x8870,_GUID_NOTIFICATION_MEASUREANDBEAT
1,0x19cad0,_MapViewOfFile
1,0x39a58,?_M_insert_overflow@?$vector@UHeroDestination@@V?$allocator@UHeroDestination@@@std@@@std@@IAAXPAUHeroDestination@@ABU3@I@Z
1,0x29348,?destroy@std@@YAXPAW4SpellID@@@Z
1,0x54bf0,?Draw2@bitmapBorder16@@QBAXXZ
1,0xe9e30,?__destroy@std@@YAXPAULODEntry@@00@Z
1,0x15f084,??0CGiveMeStuffMsg@@QAA@XZ
3,0x1d23c,??_C@_07KPCC@TOTBlkA?$AA@
1,0x365e4,??0type_morale_artifact@@QAA@J@Z
3,0x1e298,??_C@_08BADB@TBNcmag5?$AA@
3,0x1cd94,??_C@_0N@LGMJ@TPCasRam?4pcx?$AA@
3,0x407c,??_C@_0L@LLNK@S1B_se?4pcx?$AA@
1,0xbe4ec,?push_back@?$vector@Utype_creature_bank@@V?$allocator@Utype_creature_bank@@@std@@@std@@QAAXABUtype_creature_bank@@@Z
1,0xffaac,?AddHelp@@YAXPAUTHelpText@@PBD1@Z
3,0x31a58,?MAX_SCREEN_Y@@3FA
1,0xc3aa0,?uninitialized_fill_n@std@@YAPAVCObject@@PAV2@IABV2@@Z
1,0xe755c,??0type_dialog_icon@@QAA@ABU0@@Z
3,0x32820,?VideoHeader@@3PAUAnimHeaderStruct@@A
3,0xb43c,??_C@_0L@CLNM@Connecting?$AA@
3,0x1e064,??_C@_08IMCO@TBInmag2?$AA@
1,0x6acdc,?__uninitialized_fill_n_aux@std@@YAPAPAV?$basic_string@DU?$char_traits@D@std@@V?$allocator@D@2@@1@PAPAV21@IABQAV21@U__false_type@@@Z
1,0xc7714,?__destroy_aux@std@@YAXPAUtype_creature_bank@@0U__false_type@@@Z
1,0x128a0c,?size@?$vector@PAVsample@@V?$allocator@PAVsample@@@std@@@std@@QBAIXZ
2,0x8af0,_IID_IDirectMusicChordMap
1,0x3ad0,?min@std@@YAABIABI0@Z
1,0x3997c,?min@std@@YAABJABJ0@Z
1,0x6ea10,?CheckChangeSelector@combatManager@@QAAXXZ
1,0x8bf0c,?IsHost@CDPlay@@UAA_NXZ
1,0x12ab20,?UpdateAllyEnemyFlags@CScenarioInfoDlg@@QAAXXZ
3,0x1e40c,??_C@_08NIEB@TBNcdw_5?$AA@
1,0x4ccdc,??0?$deque@W4SpellID@@V?$allocator@W4SpellID@@@std@@$0A@@std@@QAA@ABV?$allocator@W4SpellID@@@1@@Z
1,0x44e14,?add_item@@YA_NAAV?$vector@PAVarmy@@V?$allocator@PAVarmy@@@std@@@std@@PAVarmy@@@Z
3,0x1ce54,??_C@_0N@CPEI@TPMageDn?4pcx?$AA@
1,0x70ad0,??1CMessageKill@@QAA@XZ
1,0xc0800,?_M_fill_insert@?$vector@UTBlackMarket@@V?$allocator@UTBlackMarket@@@std@@@std@@QAAXPAUTBlackMarket@@IABU3@@Z
1,0x129384,?__stl_alloc_rebind@std@@YAAAV?$allocator@Utype_artifact_offering@@@1@AAV21@PBUtype_artifact_offering@@@Z
1,0xa6230,?guess_grail_location@playerData@@QAAXJ@Z
3,0x1e1d8,??_C@_08EEFO@TBIndw_2?$AA@
3,0x1e358,??_C@_08MEHF@TBNcboat?$AA@
1,0xca338,_gzeof@4
1,0xea06c,?destroy@std@@YAXPAULODEntry@@@Z
1,0x3494,??_ETAdvMenu@@UAAPAXI@Z
1,0x3494,??_GTAdvMenu@@UAAPAXI@Z
1,0x466c,?__uninitialized_fill_n@std@@YAPAPAVwidget@@PAPAV2@IABQAV2@0@Z
1,0x3cae4,?get_ranged_attack_value@type_AI_combat_parameters@@QBAJABVarmy@@0@Z
1,0x6a540,?OnEscape@CCombatChatEdit@@UAAHUmessage@@@Z
1,0x16423c,?insert@?$vector@PAV?$vector@PADV?$allocator@PAD@std@@@std@@V?$allocator@PAV?$vector@PADV?$allocator@PAD@std@@@std@@@2@@std@@QAAXPAPAV?$vector@PADV?$allocator@PAD@std@@@2@IABQAV32@@Z
2,0x8010,_IID_IDirect3DRMInterpolator
1,0xbd8a0,?set@?$bitset@$0DA@K@std@@QAAAAV12@I@Z
1,0xd9cac,?SetPalette@iconWidget@@QAAXPBD@Z
1,0x19c998,_strncpy
1,0x19c9c8,_strncat
1,0x19c9d4,_strncmp
1,0x8bc0c,?EnumGroupsCallback@@YAHKKPBUDPNAME@@KPAX@Z
1,0x19c6b0,_tolower
1,0xb208,?set_town_help@@YAXPADPBVNewmapCell@@@Z
1,0x304cc,?trade_resources@type_AI_player@@QAAXQBHJ@Z
3,0x404c,??_C@_0L@DFHD@S1C_en?4pcx?$AA@
3,0x4028,??_C@_0L@KFCO@S1A_en?4pcx?$AA@
1,0xc8cf8,?__destroy_aux@std@@YAXPAUTBlackMarket@@U__false_type@@@Z
3,0x31a5c,?MAX_SCREEN_X@@3FA
1,0xc01b0,?deallocate@?$allocator@Utype_creature_bank@@@std@@SAXPAUtype_creature_bank@@I@Z
3,0x13e5c,??_C@_09KHAD@B?5?$DN?550?5Hz?$AA@
1,0xf782c,?deallocate@?$allocator@USecondarySkillData@@@std@@SAXPAUSecondarySkillData@@I@Z
3,0x16e14,?notifyNoSaved@@3_NA
3,0x3cc8,??_C@_0L@GGAD@G1A_en?4pcx?$AA@
1,0x14b65c,?ClearMemSample@@YAXUSAMPLE2@@@Z
3,0x3d10,??_C@_0L@PGFO@G1C_en?4pcx?$AA@
1,0x11e718,?handle_message@CLevelPickWaitDlg@@UAAHAAUmessage@@@Z
1,0x12419c,??0type_sacrifice_window@@QAA@PAVhero@@H@Z
3,0x11e4,??_C@_0L@OFMH@hpsxxx?4pcx?$AA@
1,0x3a58,?deallocate@?$__node_alloc@$0A@$0A@@std@@SAXPAXI@Z
1,0xeb0e4,?Test@VideomodeChoice@@QAAXXZ
3,0x166c4,??_C@_0N@BMDO@CrBkgInf?4pcx?$AA@
1,0x15c470,??0swapManager@@QAA@PAVhero@@0@Z
3,0x1b22c,??_C@_0N@FDMN@campbttn?4txt?$AA@
3,0x1be4c,??_C@_0N@PIJB@building?4txt?$AA@
3,0x6564,??_C@_0N@JIGB@SgStMlip?4pcx?$AA@
3,0x7050,??_C@_0N@KHPP@spellint?4def?$AA@
3,0x1b2c8,??_C@_0N@KMFH@skilllev?4txt?$AA@
1,0x1902c4,?IsGrailTarget@VictoryConditionStruct@@QAA_NPAVtown@@@Z
3,0x6e20,??_C@_0N@CKOC@CmBkBoat?4pcx?$AA@
3,0x66ec,??_C@_0N@EGLN@SgFrDrwC?4pcx?$AA@
3,0x6d40,??_C@_0N@MCEI@ccellgrd?4pcx?$AA@
1,0x11e6a4,?WaitForLevels@CLevelPickWaitDlg@@QAAXH@Z
3,0x1dc74,??_C@_08DELH@TBRmtvrn?$AA@
3,0x16a08,??_C@_0CG@BCMF@CDPlayLobby?3?3Connect?5?9?5MaxPlayer@
1,0x19c6bc,_sprintf
3,0x63ac,??_C@_0N@GGNK@SgDnDrwC?4pcx?$AA@
1,0xe9d64,?copy_backward@std@@YAPAULODEntry@@PAU2@00@Z
1,0xf4abc,?get_obscured_trigger@type_obscuring_object@@QBA_NXZ
1,0x27c78,?can_cast_resurrect@army@@QBA_NXZ
3,0x606c,??_C@_0N@OJKK@SgInMoat?4pcx?$AA@
3,0xca64,?gHeroGoldCost@@3HA
1,0x14d3cc,?GetSchoolFromPosition@TSpellbookWindow@@CA?AW4TSpellSchool@@H@Z
1,0x39298,??0?$_STL_alloc_proxy@PAUtype_creature_source@@U1@V?$allocator@Utype_creature_source@@@std@@@std@@QAA@ABV?$allocator@Utype_creature_source@@@1@ABQAUtype_creature_source@@@Z
1,0x64a84,??0type_combat_sub_window@@QAA@PAVheroWindow@@PBD@Z
3,0x7094,??_C@_0N@KAKJ@codefaul?4def?$AA@
1,0x8be70,??0CDPlayGroup@@QAA@PADK@Z
1,0x8fc84,?_M_allocate_and_copy@?$vector@Utype_shroud_change@type_record_shroud@@V?$allocator@Utype_shroud_change@type_record_shroud@@@std@@@std@@IAAPAUtype_shroud_change@type_record_shroud@@IPAU34@0@Z
1,0x12e3f0,?CreateWin@CHeroDlg@@QAA_NPAVBitmap816@@PBDPAVCSprite@@H11@Z
1,0x1639a4,??1TTextResource@@UAA@XZ
1,0x166950,?initialize_spells@town@@QAAXXZ
1,0x2d278,?__unguarded_insertion_sort_aux@std@@YAXPAUtype_monster_data@@00@Z
2,0x7c30,_IID_IDirect3DExecuteBuffer
1,0x39218,??1?$_STL_alloc_proxy@PAUpathCell@@U1@V?$allocator@UpathCell@@@std@@@std@@QAA@XZ
1,0x1286c8,??1type_army_slot_widget@@UAA@XZ
1,0x40060,?get_air_protection_value@type_AI_spellcaster@@IBAJPBVarmy@@Utype_enchant_data@@@Z
1,0x8fe80,?__uninitialized_fill_n@std@@YAPAPAVtype_event_record@@PAPAV2@IABQAV2@0@Z
1,0x80148,_pcxinfo
1,0xfb2f4,?value_type@std@@YAPAVTTimedEvent@@PBV2@@Z
3,0x1d408,??_C@_08JLGC@TOigog1a?$AA@
1,0x5fc8,?HandleGiftRequestMsg@CAdvMgrNetMsgHandler@@IAAXPAVCNetMsg@@@Z
3,0x1fab4,??_C@_0L@PFPD@DDERR_NODC?$AA@
1,0x8eddc,??_Etype_record_claim_mine@@UAAPAXI@Z
1,0x8eddc,??_Gtype_record_claim_mine@@UAAPAXI@Z
1,0x9db74,?__unguarded_partition@std@@YAPAW4SpellID@@PAW42@0W42@Vspell_level_order@@@Z
1,0x9d330,?begin@?$vector@VBlackBoxData@@V?$allocator@VBlackBoxData@@@std@@@std@@QAAPAVBlackBoxData@@XZ
1,0xea9b0,??0VideomodeChoice@@QAA@XZ
1,0x2a868,?get_damage_spell_value@type_AI_combat_data@@IBAXAAUtype_spell_choice@@ABV1@@Z
1,0xc25f0,?destroy@std@@YAXPAUTRumour@game@@0@Z
3,0x1d8d4,??_C@_07DMIC@TOFCas2?$AA@
3,0x1e244,??_C@_08HFDO@TBInup_4?$AA@
3,0x2c78,?akArtifactSlotTraits@@3AAY0BC@$$CBUTArtifactSlotTraits@@A
3,0x40ac,??_C@_09FGGA@G2_bg?4pcx?$AA@
3,0x13798,?gbInCombat@@3HA
1,0x128c40,??1?$_STL_alloc_proxy@PAUtype_artifact_offering@@U1@V?$allocator@Utype_artifact_offering@@@std@@@std@@QAA@XZ
3,0x1f7dc,??_C@_0BC@JHBM@DDERR_UNSUPPORTED?$AA@
2,0x7cc0,_CLSID_CDirect3DRMMeshBuilder
1,0x42a3c,?find_resurrection_target@combatManager@@QAAPAVarmy@@W4SpellID@@JJ_N@Z
3,0x2c5c,??_C@_0M@LGDP@iCancel?4def?$AA@
1,0xd96bc,?GetRealWidth@iconWidget@@UBAHXZ
3,0x1d490,??_C@_07HKF@TONMag4?$AA@
1,0x28170,??0?$vector@PAVarmy@@V?$allocator@PAVarmy@@@std@@@std@@QAA@ABV?$allocator@PAVarmy@@@1@@Z
1,0x36350,??0type_power_artifact@@QAA@J@Z
1,0x3dcc4,?get_chain_lightning_value@type_AI_spellcaster@@IBAJJW4TSkillMastery@@PAVarmy@@@Z
3,0x5e94,??_C@_0N@EBKI@SgRmTw2C?4pcx?$AA@
3,0x1d9a8,??_C@_07DJLG@TOFGnl2?$AA@
1,0x431a4,?uninitialized_copy@std@@YAPAPAVarmy@@PBQAV2@0PAPAV2@@Z
1,0xb1fa4,?TurnOnAIMusic@game@@QAAXXZ
1,0x18e3b8,?GetVersionInfo@TFileVersionInfo@@ABA_NPBDPAV?$basic_string@DU?$char_traits@D@std@@V?$allocator@D@2@@std@@@Z
2,0x8170,_DSPROPSETID_Gain
1,0x3b8f0,?sort_heap@std@@YAXPAJ0@Z
3,0x3fec,??_C@_0L@IJCH@N1B_se?4pcx?$AA@
1,0x7c328,?OnClaimMine@advManager@@QAAXPAVCMapChange@@@Z
1,0xcc0bc,?belongs_to_human@hero@@QBA_NXZ
1,0x163e58,?end@?$vector@PAV?$vector@PADV?$allocator@PAD@std@@@std@@V?$allocator@PAV?$vector@PADV?$allocator@PAD@std@@@std@@@2@@std@@QAAPAPAV?$vector@PADV?$allocator@PAD@std@@@2@XZ
3,0x1e448,??_C@_08OJCB@TBNcup_3?$AA@
1,0x6091c,?PlaceLargeObstacle@combatManager@@QAAHI@Z
1,0xfc670,?__uninitialized_copy@std@@YAPAVBlackBoxData@@PAV2@000@Z
1,0xa4548,?SaveGarrisonPool@game@@AAAHPAX@Z
2,0x4dbc,??_7TQuickTownWindow@@6B@
1,0x3ad84,?__unguarded_insertion_sort@std@@YAXPAJ0@Z
1,0x54d8c,??1coloredBorder@@UAA@XZ
1,0x8fd90,?distance_type@std@@YAPAHPBQAVtype_event_record@@@Z
3,0x33798,?gCampaignBriefHelp@@3PAUTHelpText@@A
3,0x1a8,__imp__IsRectEmpty
1,0x3a6e4,?__uninitialized_fill_n@std@@YAPAUHeroDestination@@PAU2@IABU2@0@Z
3,0x4088,??_C@_0L@KALI@S1B_co?4pcx?$AA@
1,0xe7490,??0type_dialog_icon@@QAA@XZ
3,0x16bec,?numSound@@3HA
1,0x1451a0,?CheckHandleNet@CSingleSelectionNetMsgHandler@@UAAPAVCNetMsg@@_NPA_N@Z
3,0x1d478,??_C@_07HGO@TONMag1?$AA@
1,0x190abc,??0TViewArmyWindow@@QAA@PBVarmy@@HH_N@Z
1,0xe7710,?deallocate@?$_STL_alloc_proxy@PAPAVresource@@PAV1@V?$allocator@PAVresource@@@std@@@std@@QAAXPAPAVresource@@I@Z
1,0x128d54,?deallocate@?$_STL_alloc_proxy@PAPAVsample@@PAV1@V?$allocator@PAVsample@@@std@@@std@@QAAXPAPAVsample@@I@Z
3,0x1ed18,??_C@_0M@BKBL@TownPop?4pcx?$AA@
2,0x81c0,_IID_IDirectInputDevice2W
1,0x2de68,?clear_marks@type_town_threat_checker@@MBAXXZ
2,0x222c,??_7TCombatControlSubWindow@@6B@
1,0x14dedc,?__iter_swap@std@@YAXPAVTSpellbookEntry@TSpellbookWindow@@00@Z
1,0x2668,?UpdateTownLocators@TAdvMenu@@QAAXH_N0@Z
1,0x1fefc,?GetInfoFlag@game@@QBA_NW4GlobalInfoFlags@@H@Z
1,0x28afc,?uninitialized_copy@std@@YAPAPAVarmy@@PAPAV2@00@Z
1,0x172af0,?SetCommandAndText@type_garrison_base_window@@IAAXAAUmessage@@@Z
1,0x4d860,?__copy_backward@std@@YAPAPAW4SpellID@@PAPAW42@00Urandom_access_iterator_tag@1@PAH@Z
1,0x11cf94,?PollRemote@@YAXXZ
1,0x66aa0,??_GTCombatPlacementSubWindow@@UAAPAXI@Z
1,0xb4c84,?GetRandomArtifactId@game@@QAA?AW4TArtifact@@H@Z
1,0x167848,?increase_population@town@@QAAXW4TCreatureType@@0J@Z
1,0xbff34,?deallocate@?$_STL_alloc_proxy@PAUTRumour@game@@U12@V?$allocator@UTRumour@game@@@std@@@std@@QAAXPAUTRumour@game@@I@Z
1,0x19148c,??0TViewArmyWindow@@QAA@HHH_N@Z
1,0x4324,?uninitialized_fill_n@std@@YAPAPAVwidget@@PAPAV2@IABQAV2@@Z
1,0x429c0,?GetMorale@army@@QBAH_N@Z
1,0x66aa0,??_ETCombatPlacementSubWindow@@UAAPAXI@Z
1,0xbc7ec,?Reset@TPickRandomTownName@@QAAXXZ
3,0x331e8,?gSpecialBuildingNames@@3PAY0L@PBDA
1,0x1970a8,?process_hover@widget@@UAAXXZ
1,0xd482c,?GetSurrenderCostFactor@hero@@QBAMXZ
3,0x137ac,?gbMPlayerHost@@3_NA
2,0x8b90,_DLSID_SampleMemorySize
1,0x70c38,??1?$_STL_alloc_proxy@PAUtype_artifact@@U1@V?$allocator@Utype_artifact@@@std@@@std@@QAA@XZ
1,0xf8988,?_M_fill_insert@?$vector@VBlackBoxData@@V?$allocator@VBlackBoxData@@@std@@@std@@QAAXPAVBlackBoxData@@IABV3@@Z
1,0x168504,?can_build@town@@QBA_NF@Z
3,0x1110,??_C@_06PHBE@?$CFs?0?5?$CFs?$AA@
3,0x3ff8,??_C@_0L@JCEF@N1B_co?4pcx?$AA@
1,0x63648,?LearnSpellFromEagleEye@combatManager@@QAAXH@Z
3,0xb36c,??_C@_0L@NJEM@No?5players?$AA@
1,0x128310,?all_creatures@type_skeleton_window@@CAHAAUmessage@@@Z
1,0x158e14,??1TSubWindow@@UAA@XZ
1,0x85fd4,?DrawWall@combatManager@@QAAHPBVBitmap816@@HHHHHH@Z
1,0xfcac4,?__destroy_aux@std@@YAXPAVTSeerHut@@0U__false_type@@@Z
3,0x1d508,??_C@_08LMFG@TOnshrda?$AA@
3,0x16af0,??_C@_0BK@MFCH@Handling?5player?5drop?5?$FL?$CFd?$FN?$AA@
1,0x166688,?View@town@@QAAXH@Z
3,0x1d55c,??_C@_08EFOB@TONSkel1?$AA@
1,0x15efd4,??0CHeroUpdateMsg@@QAA@PAVhero@@0@Z
1,0x1971d0,??1heroWindow@@UAA@XZ
1,0xc4878,?fill@std@@YAXPAVgarrison@@0ABV2@@Z
3,0x331e4,?MineNames@@3PBVTTextResource@@B
1,0x2000c,?get_alignment@game@@QBA?AW4TTownType@@H@Z
3,0x3e54,??_C@_0L@KBPE@E1B_en?4pcx?$AA@
3,0xb738,??_C@_0L@KMGF@Gazebo?4wav?$AA@
3,0x16714,??_C@_0L@EICN@TPrcrt?4pcx?$AA@
3,0x4094,??_C@_09KBAL@FM_bg?4pcx?$AA@
1,0x64694,?__destroy_aux@std@@YAXPAUTObstacle@combatManager@@0U__false_type@@@Z
1,0xbff64,??0?$_STL_alloc_proxy@PAPAVtype_event_record@@PAV1@V?$allocator@PAVtype_event_record@@@std@@@std@@QAA@ABV?$allocator@PAVtype_event_record@@@1@ABQAPAVtype_event_record@@@Z
1,0x11c1d8,?HandleHostXFer@CDPlayHeroes@@IAAXXZ
1,0x120c54,??0TResourceDisplay@@QAA@PAVheroWindow@@_N@Z
1,0x16a72c,??0TTownScreenWindow@@QAA@XZ
1,0x16adf0,??1TTownScreenWindow@@UAA@XZ
2,0x8910,_GUID_IDirectMusicBand
1,0x37e7c,?limit_was_reached@searchArray@@QBA_NXZ
1,0xe704c,??0CCombatTypeMsg@@QAA@H@Z
1,0x16370c,??0CTextEntrySave@@QAA@HH@Z
1,0x164b00,?__uninitialized_fill_n_aux@std@@YAPAPADPAPADIABQADU__true_type@@@Z
1,0x167458,?get_gold_income@town@@QBAF_N@Z
3,0x3cf8,??_C@_0L@HIPH@G1B_se?4pcx?$AA@
1,0x38e8c,??0?$_Vector_base@Utype_creature_source@@V?$allocator@Utype_creature_source@@@std@@@std@@QAA@ABV?$allocator@Utype_creature_source@@@1@@Z
3,0x40b8,??_C@_09BOEO@G3_bg?4pcx?$AA@
1,0x1225c0,?Dispose@ResourceManager@@YAXPAVsample@@@Z
1,0x14930c,??0CSaveGameEdit@@QAA@HHHHHPAD0HW4EJustify@font@@0HHHHHH@Z
1,0x158d34,??0TSubWindow@@QAA@XZ
1,0x19cd30,__cinit
1,0x19c800,_atan
1,0x19cb18,_srand
1,0x19cbf0,_atan2
3,0x39f8,??_C@_0M@NCJ@FMAL_en?4pcx?$AA@
3,0xb020,??_C@_1DG@OOAO@?$AAN?$AAo?$AA?5?$AAj?$AAo?$AAy?$AAs?$AAt?$AAi?$AAc?$AAk?$AAs?$AA?5?$AAw?$AAe?$AAr?$AAe?$AA?5?$AAf?$AAo@
1,0xcaf98,?load@hero@@QAAHPAX@Z
3,0x33b30,?cTownCommand@@3PAPBDA
1,0x398c,?allocate@?$_STL_alloc_proxy@PADDV?$allocator@D@std@@@std@@QAAPADI@Z
1,0x38ac4,?push_back@?$vector@PAUpathCell@@V?$allocator@PAUpathCell@@@std@@@std@@QAAXABQAUpathCell@@@Z
3,0x1b654,??_C@_0N@CNOG@cPersonality?$AA@
1,0x1f738,?DrawShroudTile@CSprite@@QBAXHHHHHPAVBitmap16Bit@@HH_N1@Z
1,0x39374,??0?$_STL_alloc_proxy@PAUHeroDestination@@U1@V?$allocator@UHeroDestination@@@std@@@std@@QAA@ABV?$allocator@UHeroDestination@@@1@ABQAUHeroDestination@@@Z
1,0x4a480,?GoBerserk@army@@QAAXXZ
1,0x128fb4,?_M_insert_overflow@?$vector@PAVtextWidget@@V?$allocator@PAVtextWidget@@@std@@@std@@IAAXPAPAVtextWidget@@ABQAV3@I@Z
1,0x14961c,??_GCNewPlayerUpdateMan@@QAAPAXI@Z
1,0x438e8,?InitClean@army@@QAAXXZ
1,0x9e838,?RemoveManager@executive@@QAAXPAVbaseManager@@@Z
1,0x12743c,?handle_widget_hover@type_sacrifice_window@@UAAXPAVwidget@@@Z
1,0x35910,?AI_build_ship@@YAXPBVhero@@JJJ@Z
1,0xaa6f8,?GiveTroopsToNeutralTowns@game@@QAAXXZ
1,0x128914,?push_back@?$vector@PAVtextWidget@@V?$allocator@PAVtextWidget@@@std@@@std@@QAAXABQAVtextWidget@@@Z
1,0x1689dc,?get_silo_income@town@@QBAPAHXZ
3,0x1d1e4,??_C@_07DPDF@TOTGld5?$AA@
3,0x1f470,??_C@_0L@NEBN@DDERR_NO3D?$AA@
2,0x8cac,__NULL_IMPORT_DESCRIPTOR
1,0x4ca8c,?Draw@Bitmap16Bit@@QBAXHHHHPAV1@HH_N@Z
3,0xa520,??_C@_0L@MMPN@cpfien?4def?$AA@
3,0x1e520,??_C@_08DGDJ@TBDnmark?$AA@
3,0x1d538,??_C@_08GLDJ@TOnnecra?$AA@
3,0x14,__imp_??2@YAPAXI@Z
1,0x40130,?get_duration@type_AI_spellcaster@@IBANJ_N@Z
3,0x3e60,??_C@_0L@GHHD@E1B_se?4pcx?$AA@
1,0xf75bc,??0?$_STL_alloc_proxy@PAVMonsterData@@V1@V?$allocator@VMonsterData@@@std@@@std@@QAA@ABV?$allocator@VMonsterData@@@1@ABQAVMonsterData@@@Z
1,0x100c44,?RefreshSessions@TMultiPlayerWindow@@QAAXXZ
3,0x1ab9c,??_C@_0L@KDFC@C10spW?4def?$AA@
3,0x1d2a8,??_C@_07EEFL@TOTMag1?$AA@
3,0x1ece4,??_C@_0L@MLLE@TPShip?4pcx?$AA@
1,0x70a58,??0CCombatMainMsg@@QAA@HHHHH@Z
3,0x1d5ec,??_C@_07OMEM@TODmag1?$AA@
2,0x8600,_GUID_DMUS_PROP_GS_Capable
1,0x8af50,?AddPlayerToGroup@CDPlay@@UAA_NKK@Z
1,0xbeae4,??0?$_Vector_base@UTownExtra@@V?$allocator@UTownExtra@@@std@@@std@@QAA@ABV?$allocator@UTownExtra@@@1@@Z
1,0xa5ff0,?NumOfGivenArtifact@playerData@@QBAHH@Z
1,0x148c50,?Save@CChatSave@CChatWidget@@QAAXHH@Z
3,0x1def0,??_C@_08MPGB@TBTwmark?$AA@
1,0x16ba90,?UpdateTownInfo@townManager@@QAAXXZ
1,0xc4408,?fill@std@@YAXPAUSign@@0ABU2@@Z
3,0x13704,??_C@_01KEJN@O?$AA@
1,0x161870,?InitializeTavernText@@YA_NXZ
3,0x13e8c,??_C@_01KOLO@2?$AA@
1,0x1289a0,??1?$vector@PAViconWidget@@V?$allocator@PAViconWidget@@@std@@@std@@QAA@XZ
3,0x136ec,??_C@_01KFAL@E?$AA@
1,0x1296fc,?value_type@std@@YAPAPAViconWidget@@PBQAV2@@Z
3,0x3060,??_C@_0N@DJBN@Neutral1?4h3c?$AA@
2,0x2564,??_7TDimensionDoorWindow@@6B@
3,0x136f4,??_C@_01KGOM@T?$AA@
1,0xfbfb0,??4?$vector@USecondarySkillData@@V?$allocator@USecondarySkillData@@@std@@@std@@QAAAAV01@ABV01@@Z
1,0x11ef34,??0CNetMsgHandler@@QAA@XZ
1,0x167900,?change_generator_bonus@town@@QAAXW4TCreatureType@@J@Z
3,0xb77c,??_C@_09NJNI@Store?4wav?$AA@
3,0xd264,?MAP_WIDTH@@3HA
1,0x1309f0,??0TSingleSelectionWindow@@QAA@H@Z
1,0x83e58,?UpdateCombatArea@combatManager@@QAAXXZ
1,0xaeb64,?loadVictoryCondition@NewSMapHeader@@QAAHDPAX@Z
1,0xadf38,?readVictoryCondition@NewSMapHeader@@QAAHDPAX@Z
1,0xdda50,?Main@inputManager@@UAAHAAUmessage@@@Z
1,0xc3468,?resize@?$vector@Vgenerator@@V?$allocator@Vgenerator@@@std@@@std@@QAAXIABVgenerator@@@Z
3,0xcf80,?gMageBaseResourceValues@@3PAHA
3,0x136d8,??_C@_01KGCH@Q?$AA@
3,0xcdc0,?gDwellingType@@3PAY0O@W4TCreatureType@@A
3,0x33bc8,?gMineEventText@@3PAPBDA
1,0x558a8,??0TBottomViewHero@@QAA@PAVheroWindow@@@Z
3,0x2e68,??_C@_0L@PKE@itmcls?4def?$AA@
1,0x665e0,??1TCombatCreatureSubWindow@@UAA@XZ
3,0x2d858,?giOverviewReturnActionExtra@@3HA
1,0x12b2e0,?BuildPath@searchArray@@QAAHPBVhero@@J@Z
1,0x164038,?resize@?$vector@PAV?$vector@PADV?$allocator@PAD@std@@@std@@V?$allocator@PAV?$vector@PADV?$allocator@PAD@std@@@std@@@2@@std@@QAAXIABQAV?$vector@PADV?$allocator@PAD@std@@@2@@Z
2,0xc48,??_7type_AI_spellcaster@@6B@
1,0x55df4,??0TBottomViewTown@@QAA@PAVheroWindow@@@Z
3,0x13728,??_C@_01KEFG@J?$AA@
1,0xfc5e0,?__uninitialized_fill_n@std@@YAPAVMonsterData@@PAV2@IABV2@0@Z
3,0x16660,?CreatureBackgroundNames@@3PAPBDA
1,0x198798,?Close@CFindFile@@QAAXXZ
1,0x28b6c,?uninitialized_copy@std@@YAPAJPAJ00@Z
1,0x39774,?_M_insert_overflow@?$vector@PAUpathCell@@V?$allocator@PAUpathCell@@@std@@@std@@IAAXPAPAUpathCell@@ABQAU3@I@Z
1,0x3b66c,?sort_heap@std@@YAXPAUtype_creature_value@@0U?$greater@Utype_creature_value@@@1@@Z
1,0xbf94c,?insert@?$vector@UTBlackMarket@@V?$allocator@UTBlackMarket@@@std@@@std@@QAAXPAUTBlackMarket@@IABU3@@Z
3,0x14374,??_C@_1CA@FAFA@?$AAC?$AAo?$AAm?$AAb?$AAa?$AAt?$AA?5?$AAB?$AAa?$AAl?$AAl?$AAi?$AAs?$AAt?$AAa?$AA?$AA@
3,0x1f33c,??_C@_0BK@JIOM@DDERR_CANNOTDETACHSURFACE?$AA@
2,0x10e8,?sElevationOverlay@combatManager@@0QBUSElevationOverlay@1@B
1,0x7c688,?OnHideHero@advManager@@QAAXPAVCMapChange@@@Z
1,0x47c04,?can_shoot@army@@QBA_NPBV1@@Z
3,0xa9c0,??_C@_0L@EBEP@cwyvmn?4def?$AA@
1,0xa0a8c,?check_enemy_armies@searchArray@@AAA_NJJJJ@Z
1,0xbc010,?GetLocalPlayer@game@@QAAPAVplayerData@@XZ
3,0x1423c,??_C@_1CC@JKHN@?$AAS?$AAh?$AAo?$AAw?$AA?5?$AAC?$AAo?$AAm?$AAb?$AAa?$AAt?$AA?5?$AAG?$AAr?$AAi?$AAd?$AA?$AA@
1,0x17a734,??1TTavernWindow@@UAA@XZ
3,0x1db0c,??_C@_08HFBE@TBCshrd2?$AA@
1,0x3274,??0CAdventurMapChatEdit@@QAA@HHHHHPAD0HW4EJustify@font@@0HHHHHH@Z
1,0x39d74,?uninitialized_fill_n@std@@YAPAUHeroDestination@@PAU2@IABU2@@Z
3,0xa998,??_C@_0L@LEKI@cgbasi?4def?$AA@
3,0xa3f4,??_C@_0L@NJI@camage?4def?$AA@
3,0xaddc,??_C@_0L@CMBO@chs_fidget?$AA@
2,0x7870,_CLSID_DirectDraw
3,0xac28,??_C@_0L@CGNC@cs_turn_lf?$AA@
1,0xbd400,??0CGameXferAckMsg@@QAA@XZ
1,0xc7b98,?allocate@?$_STL_alloc_proxy@PAVgenerator@@V1@V?$allocator@Vgenerator@@@std@@@std@@QAAPAVgenerator@@I@Z
1,0x6481c,?__destroy_aux@std@@YAXPAUTObstacle@combatManager@@U__false_type@@@Z
1,0x80154,_freeimage
1,0x89f7c,?Find_Data@?$tree@Vds_memsample@@@@QAA_NPAVds_memsample@@@Z
3,0x17ae8,?PlayingSmacker@SmackManager@@3_NA
2,0x8a40,_GUID_DefaultGMCollection
2,0xb88,??_7type_school_artifact@@6B@
1,0x3a684,?__destroy@std@@YAXPAUtype_creature_source@@00@Z
1,0x80958,_deflateCopy@8
1,0xaf488,?loadLossCondition@NewSMapHeader@@QAAHDPAX@Z
1,0xaf118,?readLossCondition@NewSMapHeader@@QAAHDPAX@Z
1,0xfe3f8,?_M_bit_alloc@?$_Bvector_base@V?$allocator@_N@std@@@std@@IAAPAII@Z
1,0x4b278,?LeftX@army@@QBAHXZ
1,0x152dec,?find_spell_target@combatManager@@AAAPAVarmy@@W4SpellID@@JJ_N1@Z
3,0x35174,?gMPHelp@@3PAUTHelpText@@A
3,0x1d6c8,??_C@_08GMNG@TODtrg1a?$AA@
1,0xc785c,?__copy@std@@YAPAVgenerator@@PAV2@00Urandom_access_iterator_tag@1@PAH@Z
1,0x3b59c,?destroy@std@@YAXPAUHeroDestination@@@Z
1,0x40248,?get_cancel_value@type_AI_spellcaster@@IBAJAAVarmy@@_N@Z
3,0x23c,__imp__GetVideoOutputFormat
3,0x6bc0,??_C@_0M@NIH@ObRgS04?4def?$AA@
1,0x69f94,?scroll_down@TCombatWindow@@SAHAAUmessage@@@Z
1,0x11c87c,?UpdateNewChat@CChatManager@@IAAXXZ
3,0x1b674,??_C@_0BL@DHJK@const_wise_tree_price_text?$AA@
1,0xb9b98,?TownIDToTownPos@game@@QAAHPAVplayerData@@H@Z
1,0xa0804,?set_moat@searchArray@@AAAXPBVarmy@@@Z
1,0x19ca58,_CreateWindowExW
3,0xa188,??_C@_0L@LKBO@cgriff?4def?$AA@
1,0xd38b0,?GetNthSS@hero@@QAAHH@Z
1,0x12f2a0,??1CBitmapWidget@@UAA@XZ
3,0x1ee40,??_C@_0L@JJC@TPMrkB?4def?$AA@
1,0x432e0,?__uninitialized_copy@std@@YAPAPAVarmy@@PBQAV2@0PAPAV2@1@Z
3,0xa46c,??_C@_0L@BLEB@cgtita?4def?$AA@
1,0xf9b34,?__stl_alloc_rebind@std@@YAAAV?$allocator@VMonsterData@@@1@AAV21@PBVMonsterData@@@Z
1,0x10cd50,?GetBestDirection@army@@QAAHHHH@Z
1,0x1732e8,??0TBlacksmithWindow@@QAA@HH@Z
1,0x946b4,?DoEventPowerSchool@advManager@@AAAXPAVhero@@PAVNewmapCell@@_N@Z
1,0x173a1c,??1TBlacksmithWindow@@UAA@XZ
1,0x8a3cc,?EnumConnections@CDPlay@@UAA_NPAV?$CAutoArray@VCDPlayConnection@@@@@Z
1,0xc2620,?destroy@std@@YAXPAVhero@@0@Z
3,0x11930,??_C@_0N@MBHB@HPL081Ov?4PCX?$AA@
3,0x11900,??_C@_0N@MCJN@HPS080Ov?4PCX?$AA@
3,0x327d8,?campaignMode@@3_NA
1,0x4ccf8,?push_back@?$deque@W4SpellID@@V?$allocator@W4SpellID@@@std@@$0A@@std@@QAAXABW4SpellID@@@Z
3,0x2d520,?bMusicIsLooping@@3PAEA
3,0x2c6a4,?gText@@3PADA
1,0x11fe10,?empty@?$deque@PAVCNetMsg@@V?$allocator@PAVCNetMsg@@@std@@$0A@@std@@QBA_NXZ
1,0x24a34,?get_attack_change@combatManager@@AAAJPBVarmy@@0AAVtype_AI_combat_parameters@@@Z
1,0x41558,?get_clone_value@type_AI_spellcaster@@IBAJPBVarmy@@Utype_enchant_data@@@Z
1,0xbc418,?ResetGame@game@@QAAXXZ
1,0xf86c8,?_M_fill_insert@?$vector@VMonsterData@@V?$allocator@VMonsterData@@@std@@@std@@QAAXPAVMonsterData@@IABV3@@Z
1,0x10a210,??_ETOverviewWindow@@UAAPAXI@Z
1,0x10a210,??_GTOverviewWindow@@UAAPAXI@Z
3,0x165a0,??_C@_0M@JNKL@iOkay32?4def?$AA@
1,0x426b0,?cast_spell@type_AI_spellcaster@@QAA_N_N@Z
1,0xc447c,?_M_insert_overflow@?$vector@Vmine@@V?$allocator@Vmine@@@std@@@std@@IAAXPAVmine@@ABV3@I@Z
1,0x1304a8,?SetNextPlayer@CNetPlayerHandler@@QAA_NH@Z
1,0x181684,??1TGarrisonWindow@@UAA@XZ
3,0x117a0,??_C@_0N@FJBI@HPS069Dk?4PCX?$AA@
3,0x11790,??_C@_0N@FKPE@HPL068Dk?4PCX?$AA@
3,0x2d6e0,?gcRegAppPath@@3PADA
3,0x1d1b8,??_C@_08IDMF@TOrdr2aa?$AA@
1,0x39168,?erase@?$vector@PAVtype_artifact_effect@@V?$allocator@PAVtype_artifact_effect@@@std@@@std@@QAAPAPAVtype_artifact_effect@@PAPAV3@0@Z
1,0xbe404,?push_back@?$vector@Utype_university@@V?$allocator@Utype_university@@@std@@@std@@QAAXABUtype_university@@@Z
1,0x120ee8,??1TResourceDisplay@@UAA@XZ
1,0x43c4,?uninitialized_copy@std@@YAPAHPAH00@Z
3,0x11870,??_C@_0N@HFNP@HPL075Nc?4PCX?$AA@
3,0x11840,??_C@_0N@HGDD@HPS074Nc?4PCX?$AA@
1,0x147d6c,??0CSortMapsMsg@@QAA@HH@Z
1,0xa5c4c,?FindHero@playerData@@QBAHH@Z
2,0x8560,_IID_IDirectMusicPortDownload
1,0x4224,?_S_freelist_index@?$__node_alloc@$0A@$0A@@std@@CAII@Z
1,0x63c1c,?push_back@?$vector@UTObstacle@combatManager@@V?$allocator@UTObstacle@combatManager@@@std@@@std@@QAAXABUTObstacle@combatManager@@@Z
1,0x88624,?Init@ds_genericsample@@AAAX_N@Z
1,0x9c8d8,?GetSkeletonArtifact@ExtraInfoUnion@@QBAFXZ
3,0x11ba0,??_C@_0N@IBIA@HPS101Br?4PCX?$AA@
3,0x11b90,??_C@_0N@ICGM@HPL100Br?4PCX?$AA@
3,0x11740,??_C@_0N@OEFN@HPS066Dk?4PCX?$AA@
2,0x7dd0,_IID_IDirect3DRMObject
2,0x7de0,_IID_IDirect3DRMObject2
1,0xbea08,?erase@?$vector@Utype_point@@V?$allocator@Utype_point@@@std@@@std@@QAAPAUtype_point@@PAU3@0@Z
3,0x11c30,??_C@_0N@HFCK@HPL105Bm?4PCX?$AA@
3,0x11c00,??_C@_0N@HGMG@HPS104Bm?4PCX?$AA@
1,0xe9940,?end@?$vector@ULODEntry@@V?$allocator@ULODEntry@@@std@@@std@@QAAPAULODEntry@@XZ
1,0xe955c,?set_filemap@LODFile@@QAAX_N@Z
3,0x11820,??_C@_0N@LPNL@HPS073Nc?4PCX?$AA@
3,0x11db0,??_C@_0N@KDIP@HPL117Bs?4PCX?$AA@
1,0xee410,?readResourceData@NewfullMap@@QAAHPAXPAVCObject@@@Z
3,0x1b5c8,??_C@_0O@ENDH@gOwnedByColor?$AA@
1,0xa3320,?Grow@generator@@QAAXXZ
1,0xa0a44,?mark_enemy@searchArray@@AAAXJJ@Z
1,0xf8b1c,?_M_insert_overflow@?$vector@VTSeerHut@@V?$allocator@VTSeerHut@@@std@@@std@@IAAXPAVTSeerHut@@ABV3@I@Z
1,0xbe540,??0?$allocator@Utype_creature_bank@@@std@@QAA@XZ
3,0x1e2e0,??_C@_08NMBP@TBNchall?$AA@
1,0x1c484,?HideRoute@advManager@@QAAXHHH@Z
3,0x2afc,??_C@_09GELK@pelfx?4def?$AA@
1,0x4d07c,?clear@?$deque@W4SpellID@@V?$allocator@W4SpellID@@@std@@$0A@@std@@QAAXXZ
1,0xbe548,??1?$allocator@Utype_creature_bank@@@std@@QAA@XZ
1,0x139498,?MakeHeroFilter@TSingleSelectionWindow@@QAAXXZ
1,0x9e228,?__push_heap@std@@YAXPAW4SpellID@@HHW42@Vspell_level_order@@@Z
1,0x1224cc,?ReadFromBitmapResource@ResourceManager@@YAHPAXH@Z
1,0x1675d4,?get_legion_bonus@town@@QBAJJ@Z
1,0x29f58,?initialize_creatures@type_AI_combat_data@@IAAXNPBVhero@@@Z
1,0x4f20c,?GetLuck@armyGroup@@QBAHPBVhero@@PBVtown@@0PBV1@_N3@Z
1,0x129954,?__uninitialized_copy_aux@std@@YAPAPAVtextWidget@@PAPAV2@00U__false_type@@@Z
1,0x4968,?capacity@?$basic_string@DU?$char_traits@D@std@@V?$allocator@D@2@@std@@QBAIXZ
1,0x3fdb8,?get_haste_value@type_AI_spellcaster@@IBAJPBVarmy@@Utype_enchant_data@@@Z
1,0x45204,?EndWalk@army@@QAAXXZ
3,0x2b510,?sfx@@3Vds_engine@@A
3,0x2e548,?hmnuCurrent@@3PAXA
1,0x11bb20,?SysMsgSessionLost@CDPlayHeroes@@UAA_NPAUDPMSG_GENERIC@@K@Z
1,0x14d880,?uninitialized_copy@std@@YAPAVTSpellbookEntry@TSpellbookWindow@@PAV23@00@Z
3,0x1e9c4,??_C@_08OJGD@TBFrhrd4?$AA@
1,0xc8a74,?destroy@std@@YAXPAVboat@@@Z
3,0x142b4,??_C@_1CO@LHKI@?$AAC?$AAo?$AAm?$AAb?$AAa?$AAt?$AA?5?$AAA?$AAr?$AAm?$AAy?$AA?5?$AAI?$AAn?$AAf?$AAo?$AA?5?$AAL?$AAe?$AAv@
1,0x9df04,?destroy@std@@YAXPAV?$basic_string@DU?$char_traits@D@std@@V?$allocator@D@2@@1@@Z
1,0xf9094,?_M_insert_overflow@?$vector@UTownExtra@@V?$allocator@UTownExtra@@@std@@@std@@IAAXPAUTownExtra@@ABU3@I@Z
1,0x11ecd8,?Start@CGameTransferSmack@@QAAXXZ
1,0x1416f4,?DisplayChat@TSingleSelectionWindow@@QAAXXZ
1,0x14de58,?distance_type@std@@YAPAHPBVTSpellbookEntry@TSpellbookWindow@@@Z
1,0x18c8e4,??_ETTradeResourceWindow@@UAAPAXI@Z
1,0x18c8e4,??_GTTradeResourceWindow@@UAAPAXI@Z
3,0x29770,?playerSlot@@3HA
3,0x1e898,??_C@_08BDPA@TBFrmage?$AA@
3,0x1de00,??_C@_08NMHJ@TBRmup_1?$AA@
1,0x41624,?get_curse_value@type_AI_spellcaster@@IBAJPBVarmy@@Utype_enchant_data@@@Z
1,0x53d60,?clear@Bitmap816@@QAAXXZ
1,0x1473cc,??0CNetPlayerInfo@@QAA@PADK@Z
3,0x1f428,??_C@_0BJ@EJCO@DDERR_INVALIDPIXELFORMAT?$AA@
3,0x71f0,??_C@_0BB@DBBJ@surrender?5battle?$AA@
1,0x28308,??1?$_Vector_base@Utype_creature_value@@V?$allocator@Utype_creature_value@@@std@@@std@@QAA@XZ
1,0x283c4,?erase@?$vector@JV?$allocator@J@std@@@std@@QAAPAJPAJ0@Z
1,0x2b624,?get_attack@type_AI_combat_data@@IBAJW4type_speed_catagory@@_N@Z
1,0x38b88,?erase@?$vector@JV?$allocator@J@std@@@std@@QAAPAJPAJ@Z
1,0x7ee64,?DestroyDirectInput@@YAXXZ
3,0xd2f0,?gbNoCDRom@@3HA
1,0x126e24,?set_creature_sacrifice@type_sacrifice_window@@AAAXJJ@Z
1,0x2ac58,?cast_mass_damage_spell@type_AI_combat_data@@IAAXAAUtype_spell_choice@@PBVhero@@@Z
1,0x33cf8,?AI_choose_destination@@YAHPAVhero@@JAAUHeroDestination@@AAJ_N3@Z
1,0x120888,??E?$_Deque_iterator@PAVCNetMsg@@U?$_Nonconst_traits@PAVCNetMsg@@@std@@U?$_Buf_size_traits@PAVCNetMsg@@$0A@@3@@std@@QAAAAU01@XZ
3,0x1fa14,??_C@_0BG@MKKH@DDERR_INVALIDPOSITION?$AA@
1,0x101e00,??0CMultiPlayerWindowEdit@@QAA@HHHHHPAD0HW4EJustify@font@@0HHHHHH@Z
1,0x12935c,?construct@std@@YAXPAPAVsample@@ABQAV2@@Z
1,0x2b890,?do_ranged_combat@type_AI_combat_data@@IAAXAAV1@@Z
1,0xa4c68,?SaveObeliskPool@game@@AAAHPAX@Z
3,0x356f8,?HumanCPU@@3PAPBDA
1,0x472f4,?WalkTo@army@@QAA_NH_N@Z
1,0x1236f8,?_S_key@?$_Rb_tree@VTCacheMapKey@ResourceManager@@U?$pair@$$CBVTCacheMapKey@ResourceManager@@PAVresource@@@std@@U?$_Select1st@U?$pair@$$CBVTCacheMapKey@ResourceManager@@PAVresource@@@std@@@4@U?$less@VTCacheMapKey@ResourceManager@@@4@V?$allocator@Uacde9551
3,0xfa8,?_S_start_free@?$__node_alloc@$0A@$0A@@std@@0PADA
3,0x2a90,??_C@_0L@HPDB@?$CFsshot?482M?$AA@
3,0x2b20,??_C@_0M@JBIG@cprgtix?4def?$AA@
3,0x5aa0,??_C@_08GEBG@CH01?4DEF?$AA@
3,0xb910,?gArtifactSpritePrefix@@3PBDB
1,0xebc90,?Read@TTownEvent@@QAAHPAX@Z
1,0x25c80,?choose_to_run@combatManager@@AAA_NPBVarmy@@PBJPBVsearchArray@@@Z
3,0xb354,??_C@_0BF@LOMP@No?5name?5server?5found?$AA@
1,0x70bd4,??0?$allocator@Utype_artifact@@@std@@QAA@XZ
1,0x70bd8,??1?$allocator@Utype_artifact@@@std@@QAA@XZ
3,0xa340,??_C@_0L@COBM@cgdrag?4def?$AA@
3,0xa408,??_C@_0L@KMNI@cgenie?4def?$AA@
3,0xa32c,??_C@_0L@MKGM@cwunic?4def?$AA@
1,0x74484,?DrawHeroAlpha@CSpriteFrame@@QBAXHHHHPAGHHHHHAAVTPalette16@@_N@Z
1,0x8b614,?GetConnectionSettings@CDPlayLobby@@QAAPAUDPLCONNECTION@@KPAK@Z
1,0xe226c,?PlayerDead@@YAXH@Z
1,0x162968,??A?$vector@PADV?$allocator@PAD@std@@@std@@QAAAAPADI@Z
1,0x129af4,?destroy@std@@YAXPAPAViconWidget@@@Z
1,0x3ef90,?get_air_shield_value@type_AI_spellcaster@@IBAJPBVarmy@@Utype_enchant_data@@@Z
3,0x139e0,??_C@_0CH@CONG@?6?$CFs?6?6Heroes?5III?5encountered?5an?5e@
1,0x9824c,?DispatchEvent@advManager@@AAAXPAVhero@@PAVNewmapCell@@Utype_point@@_N@Z
1,0xc1dd4,?save_vector@@YA_NPAXAAV?$vector@Utype_point@@V?$allocator@Utype_point@@@std@@@std@@@Z
1,0x1268a4,?empty_backpack@type_sacrifice_window@@AAAXXZ
3,0x1d634,??_C@_08IGIN@TODhall1?$AA@
3,0x1e928,??_C@_08NOID@TBFrhal3?$AA@
1,0x14a67c,?GetRealWidth@slider@@UBAHXZ
1,0x5088c,?GetNumberOfRows@TSpreadsheetResource@@QBAHXZ
1,0xbd944,??0?$allocator@W4TArtifact@@@std@@QAA@XZ
1,0xbd94c,??1?$allocator@W4TArtifact@@@std@@QAA@XZ
1,0x42e68,??0?$vector@PAVarmy@@V?$allocator@PAVarmy@@@std@@@std@@QAA@ABV01@@Z
1,0xe225c,?TrueFalseDialogHandler@@YAHAAUmessage@@@Z
1,0x10feb8,?value_of_experience@@YAMPBVhero@@ABVarmyGroup@@@Z
1,0x122af8,?Release@resource@@QAAHXZ
1,0x12bfe0,?check_town_portal@searchArray@@AAAXPBVhero@@ABUpathCell@@J@Z
1,0x12cabc,?get_whirlpools@game@@QBAABV?$vector@Utype_point@@V?$allocator@Utype_point@@@std@@@std@@XZ
1,0x3b940,?__unguarded_linear_insert@std@@YAXPAJJ@Z
1,0x103888,?GetLossConditionText@game@@QAAXPAD@Z
1,0x8d4b0,??0type_record_hide_hero@@QAA@PAVhero@@D@Z
1,0x148f98,??0CSingleSelectionChatEdit@@QAA@HHHHHPAD0HW4EJustify@font@@0HHHHHH@Z
3,0x2e284,?gbNoSound@@3HA
1,0xe7fb8,?AppExit@@YAXXZ
1,0x1030bc,?Add@?$CAutoArray@VCDPlaySession@@@@UAA_NPAVCDPlaySession@@@Z
3,0x5b18,??_C@_08PBLG@CH11?4DEF?$AA@
1,0xe9c58,?__stl_alloc_rebind@std@@YAAAV?$allocator@ULODEntry@@@1@AAV21@PBULODEntry@@@Z
1,0xfc550,?__copy_backward@std@@YAPAVTreasureData@@PAV2@00Urandom_access_iterator_tag@1@PAH@Z
1,0x14d92c,?__introsort_loop@std@@YAXPAVTSpellbookEntry@TSpellbookWindow@@00H@Z
1,0x38118,??_F?$vector@PAVtype_artifact_effect@@V?$allocator@PAVtype_artifact_effect@@@std@@@std@@QAAXXZ
1,0x384fc,??_Etype_school_artifact@@UAAPAXI@Z
1,0x384fc,??_Gtype_school_artifact@@UAAPAXI@Z
3,0x16788,?gbPlayerDrop@@3_NA
1,0x123088,?_S_color@?$_Rb_tree@VTCacheMapKey@ResourceManager@@U?$pair@$$CBVTCacheMapKey@ResourceManager@@PAVresource@@@std@@U?$_Select1st@U?$pair@$$CBVTCacheMapKey@ResourceManager@@PAVresource@@@std@@@4@U?$less@VTCacheMapKey@ResourceManager@@@4@V?$allocator95f3672f
1,0xc6948,?__uninitialized_copy@std@@YAPAUSign@@PAU2@000@Z
1,0xfda8c,?SetGameDefaults@@YAXXZ
1,0x14d578,?deallocate@?$_STL_alloc_proxy@PAVTSpellbookEntry@TSpellbookWindow@@V12@V?$allocator@VTSpellbookEntry@TSpellbookWindow@@@std@@@std@@QAAXPAVTSpellbookEntry@TSpellbookWindow@@I@Z
3,0xa5ac,??_C@_0L@HEBJ@cwskel?4def?$AA@
3,0x1397c,??_C@_0BP@OCDH@Copyright?51999?5The?53DO?5Company?$AA@
1,0x17f0f4,??1TCastleWindow@@UAA@XZ
1,0x4dbb8,??0TSplitWindow@@QAA@HHW4TCreatureType@@@Z
1,0x8cdd8,?replay@type_record_claim_town@@UAAX_N@Z
1,0xf760c,?insert@?$vector@VBlackBoxData@@V?$allocator@VBlackBoxData@@@std@@@std@@QAAXPAVBlackBoxData@@IABV3@@Z
3,0x141cc,??_C@_1BG@JJIG@?$AAB?$AAi?$AAn?$AAk?$AA?5?$AAV?$AAi?$AAd?$AAe?$AAo?$AA?$AA@
1,0xc5ad4,?distance_type@std@@YAPAHPBVmine@@@Z
1,0x6446c,?uninitialized_copy@std@@YAPAUTObstacle@combatManager@@PAU23@00@Z
1,0x8a458,?CloseSession@CDPlay@@UAA_NXZ
1,0x99bac,?EraseObj@advManager@@QAAXPAVNewmapCell@@Utype_point@@_N@Z
3,0x2c9fc,?gbHitEvent@@3HA
1,0x149590,??_ECSaveGameEdit@@UAAPAXI@Z
1,0x149590,??_GCSaveGameEdit@@UAAPAXI@Z
3,0x1e7e4,??_C@_08NOLC@TBStext5?$AA@
1,0xbe1a0,??0?$allocator@Vgenerator@@@std@@QAA@XZ
1,0xbe1a8,??1?$allocator@Vgenerator@@@std@@QAA@XZ
3,0xcc1c,?gbGotFirstHeartbeat@@3HA
2,0x7a20,_GUID_VideoPortCaps
1,0xaf2b4,?saveLossCondition@NewSMapHeader@@QAAHDPAX@Z
1,0x129388,?__stl_alloc_rebind@std@@YAAAV?$allocator@PAVtextWidget@@@1@AAV21@PBQAVtextWidget@@@Z
1,0xfeb18,?Main@mouseManager@@UAAHAAUmessage@@@Z
3,0x1d84c,??_C@_08JJNP@TOSBeh1a?$AA@
3,0x1260,??_C@_0M@KJCI@iOk6432?4def?$AA@
1,0x4cb90,?GetCroppedWidth@CSpriteFrame@@QBAHXZ
1,0x4c210,?is_valid_caliph_spell@@YA_NW4SpellID@@PBVarmy@@@Z
1,0xc9788,??0TGenericResource@@QAA@PBDHPBX@Z
1,0xd4d60,?GetMobility@hero@@QBAHXZ
1,0xc7ea0,?__uninitialized_copy_aux@std@@YAPAUtype_point@@PAU2@00U__false_type@@@Z
3,0x31a40,?RedShift@ResourceManager@@3HA
3,0x2e504,?iWhichPlayerFoundGrail@@3HA
1,0x165330,??_EiconBackedTextWidget@@UAAPAXI@Z
1,0x165330,??_GiconBackedTextWidget@@UAAPAXI@Z
3,0x1e544,??_C@_08LKFM@TBDnspec?$AA@
1,0xcd17c,?CheckLevel@hero@@QAAXXZ
1,0xedd14,?readHolyGrailData@NewfullMap@@QAAHPAXPAVCObject@@@Z
3,0xaf78,??_C@_1EO@PGMB@?$AAC?$AAo?$AAu?$AAl?$AAd?$AA?5?$AAn?$AAo?$AAt?$AA?5?$AAc?$AAr?$AAe?$AAa?$AAt?$AAe?$AA?5?$AAD?$AAi?$AAr@
1,0xfc6d0,?__copy_backward@std@@YAPAVBlackBoxData@@PAV2@00Urandom_access_iterator_tag@1@PAH@Z
3,0xa37c,??_C@_0L@IGEB@cgremm?4def?$AA@
1,0x1201a0,??1?$_STL_alloc_proxy@PAPAPAVCNetMsg@@PAPAV1@V?$allocator@PAVCNetMsg@@@std@@@std@@QAA@XZ
1,0x15843c,??R?$less@W4SpellID@@@std@@QBA_NABW4SpellID@@0@Z
1,0x163d2c,??_ETSpreadsheetResource@@UAAPAXI@Z
1,0x163d2c,??_GTSpreadsheetResource@@UAAPAXI@Z
1,0x458a0,?range_attack@army@@AAAXPAV1@@Z
3,0x32808,?AnimHeader@@3PAUAnimHeaderStruct@@A
3,0x170,__imp__TranslateMessage
1,0x1fb2c,?get_location@type_obscuring_object@@QBA?AUtype_point@@XZ
1,0x39230,??1?$_STL_alloc_proxy@PAPAUpathCell@@PAU1@V?$allocator@PAUpathCell@@@std@@@std@@QAA@XZ
1,0xbe044,??0?$allocator@USign@@@std@@QAA@XZ
1,0xbe04c,??1?$allocator@USign@@@std@@QAA@XZ
1,0xdb50c,_inflateInit2_@16
3,0x1df14,??_C@_08EDAE@TBTwspec?$AA@
3,0x1f950,??_C@_0BF@DLEF@DDERR_HWNDSUBCLASSED?$AA@
1,0x130670,?AddNewPlayer@CNetPlayerHandler@@QAA_NPAVCNetPlayerInfo@@@Z
1,0x14d8b8,?uninitialized_fill_n@std@@YAPAVTSpellbookEntry@TSpellbookWindow@@PAV23@IABV23@@Z
1,0x188dbc,?SetWidgetDisabled@TGiveResourceWindow@@AAAXF@Z
1,0x1f148,?GetWidth@CSprite@@QBAHXZ
1,0x39fb0,?__stl_alloc_rebind@std@@YAAAV?$allocator@PAUpathCell@@@1@AAV21@PBQAUpathCell@@@Z
3,0xabf4,??_C@_08PGOF@cs_death?$AA@
1,0x12249c,?ReadFromSpriteResource@ResourceManager@@YAHPAXH@Z
1,0x39cbc,?destroy@std@@YAXPAUpathCell@@0@Z
1,0x80144,_crc32@12
1,0x6f984,?ProcessNextAction@combatManager@@QAAHAAUmessage@@_N@Z
1,0x822e4,?GetData@CDiffFile@@QAAPAEXZ
3,0x1df8c,??_C@_08CJMP@TBTwext3?$AA@
1,0x2094c,?begin@?$vector@PAVCSprite@@V?$allocator@PAVCSprite@@@std@@@std@@QAAPAPAVCSprite@@XZ
1,0xf7aec,?_M_fill_insert@?$vector@W4SpellID@@V?$allocator@W4SpellID@@@std@@@std@@QAAXPAW4SpellID@@IABW43@@Z
3,0x1e5bc,??_C@_08NAJH@TBDnext3?$AA@
1,0x19c86c,_wsprintfW
1,0x19cb24,_vsprintf
1,0x2cad8,?sort@std@@YAXPAUtype_monster_data@@0@Z
1,0xae5b4,?saveVictoryCondition@NewSMapHeader@@QAAHDPAX@Z
3,0x1deb4,??_C@_08HELP@TBTwcas3?$AA@
1,0xcc4e0,?HeroScreenUpdate@hero@@QAAXXZ
3,0x1e4e4,??_C@_08INOH@TBDncas3?$AA@
1,0x42db0,??0?$deque@W4SpellID@@V?$allocator@W4SpellID@@@std@@$0A@@std@@QAA@ABV01@@Z
1,0xe9888,??0?$vector@ULODEntry@@V?$allocator@ULODEntry@@@std@@@std@@QAA@ABV?$allocator@ULODEntry@@@1@@Z
1,0x1307b4,?PlayerExists@CNetPlayerHandler@@QAA_NK@Z
1,0x142cc0,?UpdateNameLists@TSingleSelectionWindow@@QAAXXZ
3,0x1ad28,??_C@_0M@JMCM@C15spE9?4def?$AA@
3,0x1b1bc,??_C@_0M@EKHK@sysopb1?4def?$AA@
1,0xbf994,?deallocate@?$_STL_alloc_proxy@PAUTBlackMarket@@U1@V?$allocator@UTBlackMarket@@@std@@@std@@QAAXPAUTBlackMarket@@I@Z
1,0xe717c,??_GsoundManager@@QAAPAXI@Z
1,0xff818,??_EmouseManager@@UAAPAXI@Z
1,0xff818,??_GmouseManager@@UAAPAXI@Z
1,0x9cbd0,??0CMCEraseObject@@QAA@Utype_point@@@Z
3,0x1d108,??_C@_08CHCE@TOrgar2a?$AA@
1,0x31808,?do_swap@type_AI_creature_swapper@@QAAXPAVhero@@PAVarmyGroup@@0@Z
1,0x85844,?DrawOccupant@combatManager@@QAAXHHH@Z
1,0xbd0a0,?set_background_animation@TAdventureMapWindow@@QAAX_N@Z
3,0x1e9a0,??_C@_08CNBD@TBFrext1?$AA@
1,0x16d23c,?ShowText@townManager@@QAAXXZ
3,0x180,__imp__MapViewOfFile
1,0x29b94,?get_resurrection_value@type_monster_data@@QBAJAAUtype_spell_choice@@PBVhero@@@Z
3,0xa7c8,??_C@_0L@PBJF@cgobli?4def?$AA@
1,0x12f150,??1CSpriteWidget@@UAA@XZ
1,0x1478e4,??0CGameHeaderInfoInitMsgEx@@QAA@PADK_N@Z
1,0xbdf80,??0?$allocator@Vtown@@@std@@QAA@XZ
1,0xbdf88,??1?$allocator@Vtown@@@std@@QAA@XZ
1,0x17f54c,?SetRolloverText@TCastleWindow@@AAAXAAUmessage@@@Z
1,0xf97f8,?copy@std@@YAPAVCObject@@PAV2@00@Z
1,0x1580c4,?AbleToSummonElemental@combatManager@@QAA_NW4SpellID@@J@Z
1,0x188e94,?SetWidgetOn@TSellArtifactWindow@@AAAXF@Z
3,0x314c4,?gsThisNetPlayerInfo@@3VCNetPlayerInfo@@A
1,0x37dcc,?get_value_of_knowledge@hero@@QBAJXZ
3,0x1b498,??_C@_0M@HPEB@Multiplayer?$AA@
1,0x170128,??0TMageGuildWindow@@QAA@XZ
1,0x6cee4,?MoveCursorMenu@combatManager@@QAAXHH@Z
3,0xb2d8,??_C@_0P@FIEF@Invalid?5object?$AA@
1,0x102cf8,?GetPlayerCount@CHotSeatDlg@@QAAHXZ
3,0x35b74,?SpecialBuildingCosts@town@@1PAY186HA
1,0x20970,?begin@?$vector@Vgarrison@@V?$allocator@Vgarrison@@@std@@@std@@QAAPAVgarrison@@XZ
1,0xf53dc,?resize@?$vector@VTreasureData@@V?$allocator@VTreasureData@@@std@@@std@@QAAXI@Z
1,0x14e228,?__pop_heap_aux@std@@YAXPAVTSpellbookEntry@TSpellbookWindow@@00@Z
1,0x1640e0,??0?$_Vector_base@PAV?$vector@PADV?$allocator@PAD@std@@@std@@V?$allocator@PAV?$vector@PADV?$allocator@PAD@std@@@std@@@2@@std@@QAA@IABV?$allocator@PAV?$vector@PADV?$allocator@PAD@std@@@std@@@1@@Z
3,0x1e8d4,??_C@_08FLLA@TBFrtvrn?$AA@
1,0x2097c,?begin@?$vector@Vboat@@V?$allocator@Vboat@@@std@@@std@@QAAPAVboat@@XZ
1,0x8e1d0,?record_show_hero@game@@QAAXPAVhero@@DUtype_point@@_N@Z
1,0xc29c4,?__stl_alloc_rebind@std@@YAAAV?$allocator@Vgarrison@@@1@AAV21@PBVgarrison@@@Z
1,0x11ff0c,??0?$_Deque_iterator@PAVCNetMsg@@U?$_Nonconst_traits@PAVCNetMsg@@@std@@U?$_Buf_size_traits@PAVCNetMsg@@$0A@@3@@std@@QAA@XZ
1,0x127acc,?update_buttons@type_skeleton_window@@AAAXXZ
1,0x2818c,??1?$vector@PAVarmy@@V?$allocator@PAVarmy@@@std@@@std@@QAA@XZ
1,0x6aa80,?allocate@?$_STL_alloc_proxy@PAPAV?$basic_string@DU?$char_traits@D@std@@V?$allocator@D@2@@std@@PAV12@V?$allocator@PAV?$basic_string@DU?$char_traits@D@std@@V?$allocator@D@2@@std@@@2@@std@@QAAPAPAV?$basic_string@DU?$char_traits@D@std@@V?$allocator@D2ce52a3a
1,0xc0368,?_M_insert_overflow@?$vector@VCObject@@V?$allocator@VCObject@@@std@@@std@@IAAXPAVCObject@@ABV3@I@Z
1,0x122de4,??1?$pair@$$CBVTCacheMapKey@ResourceManager@@PAVresource@@@std@@QAA@XZ
1,0x3e40,?_M_do_left_shift@?$_Base_bitset@$00K@std@@QAAXI@Z
1,0x88904,?PlayWait@ds_genericsample@@UAA_NHK@Z
1,0xc4374,?uninitialized_copy@std@@YAPAUSign@@PAU2@00@Z
1,0xf9f9c,??0?$vector@USecondarySkillData@@V?$allocator@USecondarySkillData@@@std@@@std@@QAA@ABV01@@Z
3,0x15b68,??_C@_0M@BAK@OvButn4?4def?$AA@
3,0x34328,?gSacrificeWindowHelp@@3PAUTHelpText@@A
1,0x5c278,?SetupCastle@townManager@@QAAXPAVheroWindow@@H@Z
3,0xac1c,??_C@_0L@LNPP@cs_turn_fr?$AA@
1,0x9ce08,??1type_university_window@@UAA@XZ
1,0xc2810,?__stl_alloc_rebind@std@@YAAAV?$allocator@Utype_point@@@1@AAV21@PBUtype_point@@@Z
1,0xbf104,?resize@?$vector@Vgarrison@@V?$allocator@Vgarrison@@@std@@@std@@QAAXIABVgarrison@@@Z
1,0xf5f88,??0CObjectType@@QAA@XZ
1,0x15d440,?SendHeroUpdate@swapManager@@QAAXXZ
3,0x1e1cc,??_C@_08LLOH@TBIndw_1?$AA@
3,0xa390,??_C@_0L@DKGC@cgargo?4def?$AA@
3,0x2c564,?RandomTavernText@@3PBVTTextResource@@B
3,0x1a91c,??_C@_0N@JPBL@Firestrm?4wav?$AA@
1,0xe8058,?Get@GameTime@@YAKXZ
3,0x13d04,??_C@_05OMCJ@?$CFs?6?$CFs?$AA@
3,0x1010,??_C@_0L@NKGA@ajpnagvbpu?$AA@
3,0xac10,??_C@_0L@IONA@cs_turn_rf?$AA@
3,0xb584,??_C@_0P@KHJL@Cant?5load?5capi?$AA@
1,0x91db8,?HandleMapEvent@advManager@@AAAXPAVhero@@PAVNewmapCell@@Utype_point@@_N@Z
1,0xfd54c,??_GTTimedEvent@@QAAPAXI@Z
1,0x129b4c,??1sample@@QAA@XZ
1,0x14d858,?allocate@?$allocator@VTSpellbookEntry@TSpellbookWindow@@@std@@QBAPAVTSpellbookEntry@TSpellbookWindow@@IPBX@Z
3,0x1d16c,??_C@_07LJKC@TOruni1?$AA@
3,0x1d0d4,??_C@_07ONHK@TOrmrk2?$AA@
1,0xc6244,?__uninitialized_fill_n@std@@YAPAVCObjectType@@PAV2@IABV2@0@Z
1,0xdcaa0,?MouseMessageHandler@@YAHPAXIIJ@Z
1,0xcacfc,?restore_cell@type_obscuring_object@@QAAXXZ
1,0x11424,?DrawHeroPart@advManager@@QAAXHAAUTDrawParts@@HHHHHH@Z
1,0x393e0,?deallocate@?$_STL_alloc_proxy@PAPAVtype_artifact_effect@@PAV1@V?$allocator@PAVtype_artifact_effect@@@std@@@std@@QAAXPAPAVtype_artifact_effect@@I@Z
3,0xb504,??_C@_0BG@KAC@Authentication?5failed?$AA@
1,0xb1230,?ClaimTown@game@@QAAXHH_N0@Z
3,0x1d0ac,??_C@_07BENN@TOrhal1?$AA@
3,0x1fa7c,??_C@_0BE@PLOG@DDERR_CANTDUPLICATE?$AA@
1,0x390a8,?begin@?$vector@Utype_point@@V?$allocator@Utype_point@@@std@@@std@@QBAPBUtype_point@@XZ
1,0x31ffc,?set@type_AI_creature_purchaser@@QAAXW4TCreatureType@@PAF@Z
1,0xbf808,??1?$_STL_alloc_proxy@PAUTRumour@game@@U12@V?$allocator@UTRumour@game@@@std@@@std@@QAA@XZ
1,0xc69fc,?construct@std@@YAXPAVmine@@ABV2@@Z
1,0xc45ac,?uninitialized_copy@std@@YAPAVmine@@PAV2@00@Z
3,0x2e3b4,?giShowIntro@@3HA
1,0x367cc,??0type_duration_artifact@@QAA@J@Z
1,0x54e24,??_EbitmapBorder16@@UAAPAXI@Z
1,0x54e24,??_GbitmapBorder16@@UAAPAXI@Z
3,0x4104,?CampaignSmacks@@3PAUCampaignSmackStruct@@A
1,0x9c7a4,?IsDefendedArtifact@ExtraInfoUnion@@QBA_NXZ
3,0x1230c,??_C@_0L@KCJ@iam017?4def?$AA@
2,0x6808,??_7TMageGuildWindow@@6B@
2,0x88d0,_GUID_RhythmParam
1,0x27888,?find_AI_targets@combatManager@@QAAXJPBVarmy@@_NABVtype_AI_combat_parameters@@PAVsearchArray@@@Z
3,0x2c68,??_C@_06COGA@?6?$CFs?5?$CL1?$AA@
1,0x176eb0,?RedrawTownScreen@townManager@@QAAXXZ
1,0x3814,??1?$_String_base@DV?$allocator@D@std@@@std@@QAA@XZ
1,0x861cc,?DrawMoatOverlay@combatManager@@QAAHH@Z
1,0xc8ee8,??1CObjectType@@QAA@XZ
1,0x2d24,?destroy@std@@YAXPAD0@Z
1,0x3fe8,?destroy@std@@YAXPAH0@Z
1,0x288f8,?destroy@std@@YAXPAJ0@Z
1,0x39d58,?destroy@std@@YAXPAJ@Z
1,0x5b570,??0TCampaignWindow@@QAA@H@Z
3,0x13788,?gbSkipIntro@@3HA
3,0x316dc,?SoundHeader@@3PAUSoundHeaderStruct@@A
2,0x7df0,_IID_IDirect3DRMDevice
2,0x7e00,_IID_IDirect3DRMDevice2
1,0x37df8,?get_resource_value@type_AI_player@@QBANW4EGameResource@@@Z
3,0xa2b4,??_C@_0L@PCKE@cgrelf?4def?$AA@
2,0x7ed0,_IID_IDirect3DRMTexture2
2,0x7ee0,_IID_IDirect3DRMTexture3
3,0x1c0,__imp__FindFirstFileW
1,0x25124,?mark_friendly_armies@combatManager@@ABAXPBVarmy@@PAJJABVtype_AI_combat_parameters@@@Z
1,0x3abb0,?__unguarded_partition@std@@YAPAUtype_creature_value@@PAU2@0U2@@Z
1,0xc55fc,?__destroy@std@@YAXPAVtown@@00@Z
1,0x396c,?_S_maskbit@?$_Base_bitset@$00K@std@@SAKI@Z
1,0x2842c,??1?$_Vector_base@JV?$allocator@J@std@@@std@@QAA@XZ
1,0x57f2c,??1?$_Vector_base@HV?$allocator@H@std@@@std@@QAA@XZ
3,0xb51c,??_C@_0P@HHPN@Cant?5load?5sspi?$AA@
1,0x8a744,?FlushReceiveQueue@CDPlay@@UAA_NXZ
1,0xbf85c,?_S_maskbit@?$_Base_bitset@$01K@std@@SAKI@Z
1,0x20280,?GetTownTypeName@townManager@@SAPBDH@Z
1,0x32288,?do_purchase@type_AI_creature_purchaser@@QAAXPAVarmyGroup@@F0QAJ_N@Z
1,0x37e20,?set_subtract_mode@type_AI_creature_purchaser@@QAAX_N@Z
1,0x9cf24,??1CWaitForRemoteBattleDlg@@UAA@XZ
1,0xfe068,?FileSize@@YAJPAD@Z
1,0x477e8,?get_adjusted_defense@army@@QBAJPBV1@_N@Z
1,0x60ce0,?MakeCreaturesVanish@combatManager@@QAAXXZ
3,0xb310,??_C@_0O@DLED@Invalid?5group?$AA@
1,0x8bba4,?EnumAddressCallback@@YAHABU_GUID@@KPBXPAX@Z
3,0x137a8,?gbMPlayer@@3_NA
1,0x181604,??_Etype_monster_join_window@@UAAPAXI@Z
1,0x181604,??_Gtype_monster_join_window@@UAAPAXI@Z
3,0x1b3c8,??_C@_0BK@NFMB@Single?5Scenario?5Selection?$AA@
3,0x1ecd8,??_C@_0L@KFOF@iBUY30?4def?$AA@
1,0x1933d8,?VWDrawHeroPartShadow@advManager@@QAAXHAAUTDrawParts@@HHHHHH@Z
1,0xc4fd8,?uninitialized_copy@std@@YAPAUTRumour@game@@PAU23@00@Z
1,0x744e4,?SetPalette@CSprite@@QAAXAAVTPalette16@@@Z
1,0x1262e4,?artifact_click@type_sacrifice_window@@QAAXW4TArtifactSlot@@_N@Z
1,0x44cc,?value_type@std@@YAPAHPBH@Z
1,0x4c82c,?get_multi_head_directions@army@@QBAJJPBV1@J@Z
1,0x88348,??1ds_genericsample@@QAA@XZ
1,0x1473f8,?SetText@textWidget@@UAAXPBD@Z
3,0x17ad8,?VideoFile@@3PAXA
3,0x1e454,??_C@_08LMME@TBNcup_4?$AA@
3,0x1d234,??_C@_07NOPK@TOTMrkS?$AA@
3,0x16650,??_C@_0N@NDBA@townqvbk?4pcx?$AA@
3,0x1af78,??_C@_08PJPE@poof?4def?$AA@
2,0x7880,_CLSID_DirectDrawClipper
1,0x157ae4,?ShowSpellMessage@combatManager@@QAAXHHPAVarmy@@@Z
2,0x7ff0,_IID_IDirect3DRMUserVisual
1,0x1e5e8,?DoSystemOptions@advManager@@QAA_NXZ
3,0xa8e4,??_C@_0L@HJGF@cgnoll?4def?$AA@
3,0xb664,??_C@_0N@MJJN@telptout?4wav?$AA@
1,0xe9e2c,?value_type@std@@YAPAULODEntry@@PBU2@@Z
3,0x16a30,??_C@_0CK@GDNA@CDPlayLobby?3?3Connect?5?9?5CurrentPl@
3,0x1ab34,??_C@_09JPEE@Clone?4wav?$AA@
3,0x1b168,??_C@_0M@PBKO@swapManager?$AA@
1,0x164290,??0?$_STL_alloc_proxy@PAPAV?$vector@PADV?$allocator@PAD@std@@@std@@PAV12@V?$allocator@PAV?$vector@PADV?$allocator@PAD@std@@@std@@@2@@std@@QAA@ABV?$allocator@PAV?$vector@PADV?$allocator@PAD@std@@@std@@@1@ABQAPAV?$vector@PADV?$allocator@PAD@std@@@1@@Z
3,0x5c04,??_C@_0M@OMF@SgCsWa5?4pcx?$AA@
2,0x22a0,??_7CCombatChatEdit@@6B@
1,0xc19e8,?load_vector@@YA_NPAXAAV?$vector@Utype_point@@V?$allocator@Utype_point@@@std@@@std@@@Z
1,0x29500,?__destroy_aux@std@@YAXPAUtype_creature_value@@U__false_type@@@Z
2,0x2974,??_7type_record_shroud@@6B@
3,0x6d08,??_C@_09CCDF@walls?4txt?$AA@
1,0xd2d24,?UpdateHeroLocators@THeroScreenWindow@@QAAXXZ
3,0x2e4f4,?gpTownManager@@3PAVtownManager@@A
1,0x14be88,??0TSpellbookWindow@@QAA@ABVhero@@PBVarmyGroup@@W4TSpellContext@0@_N@Z
1,0xf6274,?resize@?$vector@UTObjectCell@NewmapCell@@V?$allocator@UTObjectCell@NewmapCell@@@std@@@std@@QAAXIABUTObjectCell@NewmapCell@@@Z
1,0x610e0,?TestRaiseDoor@combatManager@@QAAXXZ
1,0x15f588,??0TSystemOptionsWindow@@QAA@XZ
1,0x160634,??1TSystemOptionsWindow@@UAA@XZ
1,0x19b328,?UpdateScreen@heroWindowManager@@QAAXHHHHHH@Z
1,0x37fbc,?GetTeam@game@@QBAHH@Z
2,0x7bb0,_IID_IDirect3DDevice2
1,0x8fdd4,?iterator_category@std@@YA?AUrandom_access_iterator_tag@1@PBUtype_shroud_change@type_record_shroud@@@Z
1,0xa5e0c,?NextTown@playerData@@QAAHXZ
1,0x1294fc,?uninitialized_copy@std@@YAPAUtype_artifact_offering@@PAU2@00@Z
1,0x14762c,?SetText@textButton@@QAAXPBD@Z
1,0x1084a0,?OverviewSliderCallback@@YAXHPAVheroWindow@@@Z
3,0x1fcd0,??_C@_0L@DFEP@file?5error?$AA@
3,0xb274,??_C@_0BD@JCOM@Cant?5create?5player?$AA@
1,0xe1b90,?NullHandler@@YAHAAUmessage@@@Z
1,0xf6978,?erase@?$vector@VMonsterData@@V?$allocator@VMonsterData@@@std@@@std@@QAAPAVMonsterData@@PAV3@0@Z
2,0x7c90,_CLSID_CDirect3DRMViewport
1,0x4ca0c,?GetName@army@@QBAPBDXZ
1,0x9de8c,?__uninitialized_copy_aux@std@@YAPAV?$basic_string@DU?$char_traits@D@std@@V?$allocator@D@2@@1@PAV21@00U__false_type@@@Z
1,0xbf194,??0?$_Vector_base@Vgarrison@@V?$allocator@Vgarrison@@@std@@@std@@QAA@ABV?$allocator@Vgarrison@@@1@@Z
3,0x13e78,??_C@_04EILL@B?5?$DN?5?$AA@
1,0x1952b8,??0TViewWorldWindow@@QAA@XZ
1,0x63a30,?AdjustPrimarySkill@hero@@QAAXHH@Z
1,0x8b708,?GetGroupConnectionSettings@CDPlayLobby@@UAAPAUDPLCONNECTION@@K@Z
1,0xc2b2c,??0CObjectType@@QAA@ABV0@@Z
1,0xbe8f0,?_M_do_set@?$_Base_bitset@$01K@std@@QAAXXZ
3,0xaa4c,??_C@_0L@NBDA@cggole?4def?$AA@
3,0xa8f8,??_C@_0L@NJEA@cgnolm?4def?$AA@
3,0x1ce24,??_C@_0N@NGBA@TPMageTw?4pcx?$AA@
1,0x69850,??0TCombatWindow@@QAA@_N@Z
1,0x716f0,?__stl_alloc_rebind@std@@YAAAV?$allocator@W4TArtifact@@@1@AAV21@PBW4TArtifact@@@Z
3,0xdd90,??_C@_02KPO@?$CL1?$AA@
3,0x1eae8,??_C@_0L@IHAF@StrongHold?$AA@
1,0x27edc,?get_wall_strength@combatManager@@QBAJW4TWallTargetId@@@Z
3,0x1b338,??_C@_0N@BHJG@TvrnInfo?4txt?$AA@
2,0x8100,_IID_IDirectSoundCapture
1,0xc6e3c,?copy_backward@std@@YAPAUtype_university@@PAU2@00@Z
3,0x2d6c0,?gbRetreatWin@@3_NA
1,0x14ab4c,?UpdateResolution@slider@@UAAXH@Z
3,0xb320,??_C@_07BLJB@No?5caps?$AA@
1,0x29504,?__destroy_aux@std@@YAXPAW4SpellID@@U__false_type@@@Z
3,0x2c034,?cRandomTavernText@@3PAPBDA
3,0x1b328,??_C@_0N@MIGJ@CastInfo?4txt?$AA@
1,0x26464,?choose_spell_action@combatManager@@AAA_NPBVarmy@@AAJAAVtype_AI_combat_parameters@@@Z
1,0x4d100,?_M_push_back_aux@?$deque@W4SpellID@@V?$allocator@W4SpellID@@@std@@$0A@@std@@IAAXABW4SpellID@@@Z
1,0x5ac18,?show@widget@@QAAXXZ
3,0x62b0,??_C@_0N@FPJM@SgNcArch?4pcx?$AA@
1,0x89850,?PauseStream@ds_engine@@QAA_NXZ
1,0x1183b8,??0TQuickTownWindow@@QAA@PBVgarrison@@W4TViewLevel@0@@Z
1,0x11f3a8,?SetDuration@CTurnDuration@@QAAXK@Z
3,0x12c,__imp__strncmp
3,0x5e54,??_C@_0N@KCDI@SgRmMan2?4pcx?$AA@
1,0xc8cf0,?__destroy_aux@std@@YAXPAUTownExtra@@U__false_type@@@Z
1,0x1488a4,?PlayerDropped@CNewPlayerUpdateMan@@QAAXK@Z
3,0x1e8e0,??_C@_08JBJA@TBFrdock?$AA@
1,0x38e48,?begin@?$vector@Utype_creature_source@@V?$allocator@Utype_creature_source@@@std@@@std@@QAAPAUtype_creature_source@@XZ
1,0x5ad18,??0SGameSetupOptions@@QAA@XZ
1,0xfc768,?__uninitialized_fill_n@std@@YAPAVTSeerHut@@PAV2@IABV2@0@Z
1,0xfdbd0,?ReadPrefs@@YAXXZ
1,0x29978,?get_enchantment_value@type_monster_data@@QBAJAAUtype_spell_choice@@PBVhero@@1@Z
1,0x54294,?SetPalette@Bitmap816@@QAAXPAVTPalette24@@@Z
1,0x7a6c4,?handle_stop_on_trigger@advManager@@AAAPAVNewmapCell@@PAVhero@@PAV2@_N2PAHJJ@Z
1,0x8c35c,??_G?$CAutoArray@VCDPlayAddressElement@@@@UAAPAXI@Z
1,0x1386c0,?GetHeader@TSingleSelectionWindow@@QAAHPADPAUGameSelectionHeadersStruct@@@Z
1,0xf73f4,??0?$_STL_alloc_proxy@PAUTObjectCell@NewmapCell@@U12@V?$allocator@UTObjectCell@NewmapCell@@@std@@@std@@QAA@ABV?$allocator@UTObjectCell@NewmapCell@@@1@ABQAUTObjectCell@NewmapCell@@@Z
1,0xf013c,?readAbandonedMineData@NewfullMap@@QAAHPAXPAVCObject@@@Z
1,0x12af90,?SetDifficultyHiLite@CScenarioInfoDlg@@QAAXXZ
2,0x7e20,_IID_IDirect3DRMViewport2
1,0x147f90,??0CNewPlayerMsg@@QAA@PAVCNetPlayerInfo@@PAD@Z
3,0x2b68,??_C@_0M@HCNL@pplizax?4def?$AA@
3,0x5f60,??_C@_0N@OPIM@SgTwArch?4pcx?$AA@
1,0xbc6e0,?end@?$vector@_NV?$allocator@_N@std@@@std@@QBA?AU?$_Bit_iter@_NPB_N@2@XZ
1,0xc564c,?value_type@std@@YAPAVmine@@PBV2@@Z
2,0xbb0,??_7type_income_artifact@@6B@
3,0x8,__imp___purecall
2,0xbd4,??_7type_combat_artifact@@6B@
3,0x5e64,??_C@_0N@ECFH@SgRmMan1?4pcx?$AA@
1,0x115268,??1TPuzzleWindow@@UAA@XZ
1,0x2e7d8,?end_turn@type_AI_player@@QAAXXZ
3,0x432c,??_C@_0N@LGLJ@campgd2s?4pcx?$AA@
3,0xcd18,?bApproachFromAnyDirection@@3PAEA
1,0xf4f38,?insert@?$vector@UTObjectCell@NewmapCell@@V?$allocator@UTObjectCell@NewmapCell@@@std@@@std@@QAAPAUTObjectCell@NewmapCell@@PAU34@ABU34@@Z
3,0x1e3e8,??_C@_08INKE@TBNcdw_2?$AA@
1,0x192b40,?create_dismiss_widget@TViewArmyWindow@@AAAXXZ
1,0x103054,??0?$CAutoArray@VCDPlaySession@@@@QAA@XZ
1,0x103084,??1?$CAutoArray@VCDPlaySession@@@@UAA@XZ
3,0x1b5fc,??_C@_0M@CEKD@cMoraleInfo?$AA@
1,0xfba1c,?uninitialized_copy@std@@YAPAUSecondarySkillData@@PBU2@0PAU2@@Z
1,0x103200,??_E?$CAutoArray@VCDPlaySession@@@@UAAPAXI@Z
1,0x8fe64,?__uninitialized_copy@std@@YAPAPAVtype_event_record@@PAPAV2@000@Z
1,0xa1e30,?DrawCursor@font@@QAAXPAVBitmap16Bit@@HHHHHHH_N@Z
2,0x56f8,??_7CSpriteWidget@@6B@
1,0x1495e4,??_ETSingleSelectionWindow@@UAAPAXI@Z
1,0x1495e4,??_GTSingleSelectionWindow@@UAAPAXI@Z
1,0x198544,?SetAttribute@File@@QAA_NPADW4FileAttribute@@@Z
3,0x220,__imp__MapleCreateDevice
1,0x5abf4,?hide@widget@@QAAXXZ
1,0xbe6e8,?size@?$vector@Vhero@@V?$allocator@Vhero@@@std@@@std@@QBAIXZ
1,0xc72e0,?uninitialized_copy@std@@YAPAVgenerator@@PAV2@00@Z
3,0x1e274,??_C@_08EFNE@TBNcmag2?$AA@
3,0x1d5b0,??_C@_08NIKL@TONzomb2?$AA@
3,0x18c,__imp__RegCloseKey
3,0x71b8,??_C@_0L@NAHC@win?5battle?$AA@
1,0x80100,?dreamprintf@@YAXPAGZZ
1,0x159328,??0TSwapWindow@@QAA@QAPAVhero@@@Z
1,0xe9f3c,?__uninitialized_copy@std@@YAPAULODEntry@@PAU2@000@Z
3,0x6154,??_C@_0N@DCFF@SgInWa11?4pcx?$AA@
1,0xc15ac,?_M_insert_overflow@?$vector@Utype_creature_bank@@V?$allocator@Utype_creature_bank@@@std@@@std@@IAAXPAUtype_creature_bank@@ABU3@I@Z
3,0x1eca0,??_C@_0M@OACN@iOK6432?4def?$AA@
1,0x176f24,?ResetStrips@townManager@@QAAXXZ
1,0x38d4,?_M_allocate_block@?$_String_base@DV?$allocator@D@std@@@std@@QAAXI@Z
3,0x672c,??_C@_0N@FEDA@SgFrTw22?4pcx?$AA@
1,0x63268,?DoorCanBeLowered@combatManager@@ABA_NXZ
1,0x5e3d8,?FreeArmies@combatManager@@AAAXXZ
1,0xc4218,?uninitialized_fill_n@std@@YAPAVtown@@PAV2@IABV2@@Z
3,0x38014,?iVWResources@@3_NA
2,0x81b0,_IID_IDirectInputDeviceW
3,0x669c,??_C@_0N@IEAB@SgStTw1C?4pcx?$AA@
1,0x8dac0,?create@type_record_player_death@@SAPAVtype_event_record@@XZ
1,0x9cb78,??0CHeroLevelUpdateMsg@@QAA@HHPAC0@Z
1,0x14d56c,??0?$_STL_alloc_proxy@PAVTSpellbookEntry@TSpellbookWindow@@V12@V?$allocator@VTSpellbookEntry@TSpellbookWindow@@@std@@@std@@QAA@ABV?$allocator@VTSpellbookEntry@TSpellbookWindow@@@1@ABQAVTSpellbookEntry@TSpellbookWindow@@@Z
1,0x508e4,??0TArtifactTraits@@QAA@XZ
3,0x63ec,??_C@_0N@HEFH@SgDnTw22?4pcx?$AA@
1,0x5e690,?InitNonVisualVars@combatManager@@QAAXXZ
1,0xc32d8,?deallocate@?$allocator@VCObject@@@std@@SAXPAVCObject@@I@Z
1,0x28144,?size@?$vector@PAVarmy@@V?$allocator@PAVarmy@@@std@@@std@@QBAIXZ
1,0x8dc24,??0type_record_shroud@@QAA@XZ
3,0x1d8fc,??_C@_07DIDO@TOFHal4?$AA@
3,0x1d968,??_C@_07MGAP@TOFGnl1?$AA@
3,0x63fc,??_C@_0N@JEDI@SgDnTw21?4pcx?$AA@
3,0x70f4,??_C@_0N@MFBF@CPResult?4pcx?$AA@
3,0xd2e4,?gbDontTryRedbook@@3HA
2,0xb68,??_7type_morale_artifact@@6B@
3,0x6144,??_C@_0N@NCDK@SgInWa12?4pcx?$AA@
1,0xc3000,?allocate@?$_STL_alloc_proxy@PAUtype_university@@U1@V?$allocator@Utype_university@@@std@@@std@@QAAPAUtype_university@@I@Z
1,0x14169c,?ReceiveChat@TSingleSelectionWindow@@QAAXKPAD_N@Z
2,0x86d0,_GUID_DMUS_PROP_LegacyCaps
1,0x40b8,?begin@?$basic_string@DU?$char_traits@D@std@@V?$allocator@D@2@@std@@QAAPADXZ
3,0x673c,??_C@_0N@LEFP@SgFrTw21?4pcx?$AA@
3,0x6174,??_C@_0N@OEAB@SgInTw11?4pcx?$AA@
1,0x8f398,??1type_record_shroud@@UAA@XZ
1,0xf5964,??1?$vector@VTTownEvent@@V?$allocator@VTTownEvent@@@std@@@std@@QAA@XZ
3,0x168fc,??_C@_0P@KCNL@IPX?5Connection?$AA@
1,0x5204,?WindowHandler@TAdventureOptionsWindow@@UAAHAAUmessage@@@Z
1,0x3ca94,?get_simple_attack_effect@type_AI_combat_parameters@@QBAJABVarmy@@0_NJ@Z
3,0x159b8,?pHotSeatMan@@3PAVCHotSeatMan@@A
1,0x11e8e0,??0CWaitForRemoteBattleDlg@@QAA@XZ
3,0x1a938,??_C@_0N@MAFB@Airsheld?4wav?$AA@
3,0xcc20,?gDefaultMenu@@3PAXA
1,0xe7988,?__uninitialized_copy@std@@YAPAUtype_point@@PBU2@0PAU2@1@Z
1,0x102d4c,?UpdateOK@CHotSeatDlg@@QAAXXZ
3,0xfec,??_C@_0BD@PMCD@ajpniregvatbherlrf?$AA@
1,0x129720,?__destroy@std@@YAXPAPAVsample@@00@Z
1,0x31ec,??_ECGameChatEdit@@UAAPAXI@Z
1,0x31ec,??_GCGameChatEdit@@UAAPAXI@Z
1,0xc2ab0,?__stl_alloc_rebind@std@@YAAAV?$allocator@Vhero@@@1@AAV21@PBVhero@@@Z
1,0x196ffc,?set_help_text@widget@@QAAXPBD0_N@Z
1,0x38a9c,??1?$vector@PAUpathCell@@V?$allocator@PAUpathCell@@@std@@@std@@QAA@XZ
1,0x45fc0,?get_clockwise@army@@QBAJJ@Z
3,0x15a18,??_C@_0M@BEDA@muBmodm?4def?$AA@
1,0x20d64,?_M_insert_overflow@?$vector@Utype_dialog_resource@@V?$allocator@Utype_dialog_resource@@@std@@@std@@IAAXPAUtype_dialog_resource@@ABU3@I@Z
1,0xbb490,?get_underground_gate_exit@game@@QBA?AUtype_point@@PBVNewmapCell@@@Z
1,0x5feac,?KeepAttack@combatManager@@AAAXW4TArcherID@1@@Z
1,0xfafdc,?uninitialized_copy@std@@YAPAVTTownEvent@@PAV2@00@Z
1,0x497c,?uninitialized_copy@std@@YAPADPAD00@Z
3,0x1ab40,??_C@_0M@HIBN@SumnElm?4wav?$AA@
1,0xbe0a4,??1?$vector@Vmine@@V?$allocator@Vmine@@@std@@@std@@QAA@XZ
1,0x19a424,?GetDesktopHeight@@YAHXZ
1,0x209a0,?begin@?$vector@PAUpathCell@@V?$allocator@PAUpathCell@@@std@@@std@@QAAPAPAUpathCell@@XZ
3,0xa9ac,??_C@_0L@GPKE@cwyver?4def?$AA@
3,0x20c,__imp__DirectInputCreateW
3,0x2bf8,??_C@_0L@IOJE@SGEXPL?4DEF?$AA@
3,0xb19c,??_C@_05BAJN@?$CFs?9?$CFs?$AA@
3,0xca28,??_C@_0M@KFLG@gtsingl?4def?$AA@
3,0x1ecac,??_C@_0N@IEFE@AVCgar10?4def?$AA@
1,0x3c9ac,?get_simple_attack_effect@type_AI_combat_parameters@@QBAJABVarmy@@J0J_NJ@Z
2,0x88e0,_GUID_IDirectMusicStyle
1,0x4b354,?get_second_grid_index@army@@QBAHXZ
1,0x8e2f8,?record_teleport@game@@QAAXPAVhero@@Utype_point@@@Z
1,0xb69f4,?ProcessOnMapTowns@game@@QAAXXZ
1,0x142e3c,?TurnChatOn@TSingleSelectionWindow@@QAAX_N@Z
1,0x40628,?get_counterstroke_value@type_AI_spellcaster@@IBAJPBVarmy@@Utype_enchant_data@@@Z
1,0xd6178,?get_dead_army@hexcell@@QBAPAVarmy@@H@Z
1,0x103200,??_G?$CAutoArray@VCDPlaySession@@@@UAAPAXI@Z
1,0x122d64,??1?$_Rb_tree@VTCacheMapKey@ResourceManager@@U?$pair@$$CBVTCacheMapKey@ResourceManager@@PAVresource@@@std@@U?$_Select1st@U?$pair@$$CBVTCacheMapKey@ResourceManager@@PAVresource@@@std@@@4@U?$less@VTCacheMapKey@ResourceManager@@@4@V?$allocator@U?$pai948f267d
1,0x14549c,?VMSaveFile@@YA_NPADPAEKK@Z
1,0x16c940,?SetCommandAndText@townManager@@QAAXAAUmessage@@@Z
1,0x58dac,?AddBonusIcons@TCampaignBrief@@QAAXXZ
3,0x7204,??_C@_0L@LKAO@losecastle?$AA@
1,0xbe2f8,?push_back@?$vector@Vboat@@V?$allocator@Vboat@@@std@@@std@@QAAXABVboat@@@Z
1,0x120788,?__destroy_aux@std@@YAXPAPAVCNetMsg@@U__false_type@@@Z
3,0x16bb8,??_C@_0BC@CJNA@?$CFs?5?$CFd?5?$CFs?5?$CFd?5?$CFs?5?$CFd?$AA@
3,0x1efe0,??_C@_0L@HCID@iBuy30?4def?$AA@
1,0x19c80c,_atoi
1,0x19cd7c,__exit
3,0xf18,___xi_a
3,0xf1c,___xi_z
1,0x5150c,?FillRect@Bitmap16Bit@@QAAXHHHHG@Z
1,0xc0fa4,?_M_fill_insert@?$vector@Vgarrison@@V?$allocator@Vgarrison@@@std@@@std@@QAAXPAVgarrison@@IABV3@@Z
1,0x14b780,?launch_sample@@YAXPBDHH@Z
1,0x163ecc,??1?$vector@PAV?$vector@PADV?$allocator@PAD@std@@@std@@V?$allocator@PAV?$vector@PADV?$allocator@PAD@std@@@std@@@2@@std@@QAA@XZ
1,0x174990,?show_hall_side@townManager@@QAAXXZ
2,0x6980,??_7townManager@@6B@
3,0x1d1cc,??_C@_07GKNA@TOTGld2?$AA@
1,0x203e8,??1reference@?$bitset@$0DA@K@std@@QAA@XZ
1,0x1ff40,?GetCurrTown@game@@QAAPAVtown@@XZ
1,0xc13c,?SetRolloverText@advManager@@QAAXPAVNewmapCell@@HH@Z
1,0x26fa8,?place_shooter@combatManager@@AAAXPBVarmy@@@Z
1,0x50944,??1reference@?$bitset@$0BC@K@std@@QAA@XZ
1,0xf5ac8,??1reference@?$bitset@$0EG@K@std@@QAA@XZ
3,0x1d1f4,??_C@_07IBCE@TOTCas1?$AA@
3,0x2af0,??_C@_0M@FAEB@cprzeax?4def?$AA@
3,0x32850,?iLastVolume@@3PAKA
1,0x6a814,??0?$_Vector_base@PAV?$basic_string@DU?$char_traits@D@std@@V?$allocator@D@2@@std@@V?$allocator@PAV?$basic_string@DU?$char_traits@D@std@@V?$allocator@D@2@@std@@@2@@std@@QAA@ABV?$allocator@PAV?$basic_string@DU?$char_traits@D@std@@V?$allocator@D@2@@s4beefccf
1,0x9028c,?InitializeAdventureEventText@@YA_NXZ
1,0xe1ccc,?NormalDialogHandler@@YAHAAUmessage@@@Z
1,0x509b0,??0?$_Base_bitset@$00K@std@@QAA@XZ
1,0xc9b44,??0?$_Base_bitset@$01K@std@@QAA@XZ
1,0xf7058,??0?$_Base_bitset@$02K@std@@QAA@XZ
1,0xebf6c,?get_object@TObjectCell@NewmapCell@@QBAPAVCObject@@XZ
1,0x1fa80,?GetItemId@ExtraInfoUnion@@QBAFXZ
1,0xe70e0,??_GcombatManager@@QAAPAXI@Z
1,0x27d34,?get_AI_possible_targets@army@@QBAJXZ
1,0x2c9b4,?allocate@?$allocator@Utype_monster_data@@@std@@QBAPAUtype_monster_data@@IPBX@Z
1,0x4e11c,??1TSplitWindow@@UAA@XZ
3,0x2dd4,??_C@_05GGPB@?$CFs?5?$CFd?$AA@
1,0x7a4d0,?end_move_hero@advManager@@AAAPAVNewmapCell@@PAVhero@@PAV2@_NJJ2PAH@Z
3,0xb658,??_C@_05JKGE@?$CFs?5?$CFs?$AA@
1,0x114bc4,?set_attack_bonuses@type_AI_player@@SAXMM@Z
3,0x17a60,__GUID_59c842a1_c2b2_11d1_bb4d_00c04fc324bc
1,0x196f88,?send_message@widget@@QAAHW4ECommands@1@H@Z
1,0x36dc,??0?$bitset@$09K@std@@QAA@K@Z
1,0xc5628,?__destroy@std@@YAXPAUSign@@00@Z
1,0xe7608,??1?$vector@UTObstacle@combatManager@@V?$allocator@UTObstacle@combatManager@@@std@@@std@@QAA@XZ
3,0x1f7b4,??_C@_0BB@GBAJ@DDERR_TOOBIGSIZE?$AA@
3,0x1d61c,??_C@_07CJDD@TODcas1?$AA@
1,0x38b00,??0?$allocator@PAUpathCell@@@std@@QAA@XZ
1,0x38b04,??1?$allocator@PAUpathCell@@@std@@QAA@XZ
1,0x3bed8,?__push_heap@std@@YAXPAUtype_creature_value@@HHU2@@Z
1,0x5f934,?SetNextArmy@combatManager@@QAAXHH@Z
1,0xc40f8,?fill@std@@YAXPAVtown@@0ABV2@@Z
1,0x16462c,?copy@std@@YAPAPAV?$vector@PADV?$allocator@PAD@std@@@1@PAPAV21@00@Z
2,0x8670,_GUID_DMUS_PROP_SamplePlaybackRate
1,0x4fd34,?IsMindSpell@@YA_NH@Z
3,0x31ac,??_C@_0P@LGAD@CampainMusic02?$AA@
1,0x63e74,?_M_empty_initialize@?$_Rb_tree@W4SpellID@@W41@U?$_Identity@W4SpellID@@@std@@U?$less@W4SpellID@@@3@V?$allocator@W4SpellID@@@3@@std@@AAAXXZ
1,0x724c8,?AddFrame@CSprite@@QAAHHPAVCSpriteFrame@@@Z
1,0x8f91c,?reserve@?$vector@PAVtype_event_record@@V?$allocator@PAVtype_event_record@@@std@@@std@@QAAXI@Z
1,0xb7204,?ProcessOnMapHeroes@game@@QAAXXZ
3,0x1cf50,??_C@_08FLCD@TOCsMrk2?$AA@
1,0x8c7e8,?get_type@type_record_move_hero@@UBA?AW4type_event_record_type@@XZ
1,0x124050,??0type_artifact_offering_widget@@QAA@JJJJJJPBD@Z
3,0x319c,??_C@_0P@LGMI@CampainMusic07?$AA@
1,0xbfe74,?deallocate@?$_STL_alloc_proxy@PAUtype_creature_bank@@U1@V?$allocator@Utype_creature_bank@@@std@@@std@@QAAXPAUtype_creature_bank@@I@Z
1,0xa750c,?saveString@game@@SAHPAXAAV?$basic_string@DU?$char_traits@D@std@@V?$allocator@D@2@@std@@@Z
1,0x164508,?uninitialized_fill_n@std@@YAPAPADPAPADIABQAD@Z
1,0x231c4,?max@?$_Integer_limits@H$0?IAAAAAAA@$0HPPPPPPP@$0?0@std@@SAHXZ
1,0x240e4,?choose_shooter_target@combatManager@@ABAJPBVarmy@@AAVtype_AI_combat_parameters@@AAJ@Z
1,0x87620,?ChatChanged@CChatManager@@QAA_NXZ
1,0x4d760,?copy@std@@YAPAPAW4SpellID@@PAPAW42@00@Z
1,0xd93f4,?initialize@iconWidget@@QAAXHHHHHPBDHH_NIH1@Z
2,0x8a00,_GUID_PerfMasterTempo
1,0x50984,?size@?$vector@PAV?$vector@PADV?$allocator@PAD@std@@@std@@V?$allocator@PAV?$vector@PADV?$allocator@PAD@std@@@std@@@2@@std@@QBAIXZ
1,0xe806c,?DelayTil@GameTime@@YAXK@Z
1,0x6428,?HandleTradeRequestMsg@CAdvMgrNetMsgHandler@@IAAXPAVCNetMsg@@@Z
1,0xe7234,??1?$set@W4SpellID@@U?$less@W4SpellID@@@std@@V?$allocator@W4SpellID@@@3@@std@@QAA@XZ
3,0x392c,??_C@_0M@BKIH@FMAF_se?4pcx?$AA@
3,0x389c,??_C@_0M@DKDN@FMAB_se?4pcx?$AA@
3,0x38e4,??_C@_0M@IKNK@FMAD_se?4pcx?$AA@
1,0xf61d8,?resize@?$vector@W4SpellID@@V?$allocator@W4SpellID@@@std@@@std@@QAAXIABW4SpellID@@@Z
1,0x10a8e0,??1TPalette16@@UAA@XZ
1,0x1288a8,??0?$allocator@Utype_artifact_offering@@@std@@QAA@XZ
3,0x1cefc,??_C@_08KGPD@TOCsCas2?$AA@
1,0x400f4,?get_water_protection_value@type_AI_spellcaster@@IBAJPBVarmy@@Utype_enchant_data@@@Z
3,0x21f34,?aArtifactSlotTraitsImp@?%E:\gamedcs\artifact.cpp2645527351@@3PAUTArtifactSlotTraits@@A
1,0x52580,??_EBitmap16Bit@@UAAPAXI@Z
1,0x52580,??_GBitmap16Bit@@UAAPAXI@Z
1,0x164c80,??0textWidget@@QAA@HHHHPBD0W4TColor@font@@HIHH_N@Z
3,0x1d034,??_C@_08DFDD@TOCsSwd2?$AA@
3,0x1ecbc,??_C@_0M@HMDH@TPSmith?4pcx?$AA@
1,0x387a0,??1?$vector@Utype_creature_source@@V?$allocator@Utype_creature_source@@@std@@@std@@QAA@XZ
1,0x39840,?_M_fill_insert@?$vector@JV?$allocator@J@std@@@std@@QAAXPAJIABJ@Z
3,0x16d9c,??_C@_0O@HKJJ@adopflg?$CFc?4pcx?$AA@
1,0x1633d8,?SetupDisplayString@textEntryWidget@@QAAXPADG@Z
3,0x1d04c,??_C@_08OKPD@TOCsCav2?$AA@
2,0x8270,_GUID_POV
1,0x61034,?RaiseDoor@combatManager@@QAAXXZ
3,0xacd8,??_C@_0L@KDHJ@hs_stand_n?$AA@
1,0x17a01c,??0TTavernWindow@@QAA@HH@Z
3,0x69a8,??_C@_0M@NDI@ObBhL16?4pcx?$AA@
3,0xbba8,?gCastleSpriteNames@@3PAPBDA
1,0xc89f4,?destroy@std@@YAXPAUSign@@@Z
1,0xd60fc,??0hexcell@@QAA@XZ
1,0x11ec5c,?IsSaved@CSaveScreen@@QAA_NXZ
1,0x163e54,?begin@?$vector@PAV?$vector@PADV?$allocator@PAD@std@@@std@@V?$allocator@PAV?$vector@PADV?$allocator@PAD@std@@@std@@@2@@std@@QAAPAPAV?$vector@PADV?$allocator@PAD@std@@@2@XZ
2,0x6adc,??_7THallWindow@@6B@
1,0x1ec80,?ExitDialog@CAdvPopup@@MAAHAAUmessage@@@Z
1,0x29398,?make_heap@std@@YAXPAPAVarmy@@0Vfunc_moves_before@@@Z
1,0xe60dc,?DoNormalDialog@@YAXUTNormalDialogInfo@@@Z
3,0x2e534,?iTempX@@3HA
3,0x2e538,?iTempY@@3HA
1,0x198284,?clear@?$vector@PAVwidget@@V?$allocator@PAVwidget@@@std@@@std@@QAAXXZ
1,0x56f08,??_ETBottomViewMessage@@UAAPAXI@Z
1,0x56f08,??_GTBottomViewMessage@@UAAPAXI@Z
3,0xd300,?gbShowAllMaps@@3HA
1,0x1938cc,?VWDrawBoatPartShadow@advManager@@QAAXHAAUTDrawParts@@HHHHHH@Z
3,0x6f44,??_C@_0L@NLMG@icm001?4def?$AA@
3,0x1707c,?lastDiff@@3HA
1,0x1924b0,?create_hitpoints_widget@TViewArmyWindow@@AAAXHH@Z
1,0x4ead0,??0armyGroup@@QAA@W4TCreatureType@@H@Z
3,0x2ea0,??_C@_09IHOB@itmtl?4def?$AA@
1,0xe79a4,?__destroy_aux@std@@YAXPAPAVresource@@0U__false_type@@@Z
1,0xf42f0,?CalculateCellExtra@NewfullMap@@QAAXAAVNewmapCell@@_N@Z
1,0xdb9f4,_inflateSync@4
3,0x1d2c8,??_C@_08INMD@TOTGrm2A?$AA@
3,0x3824c,?ScreenLimits@heroWindowManager@@2USLimitData@@B
1,0x63900,?IsQuickCombat@combatManager@@QBA_NXZ
1,0x14dc00,?__destroy_aux@std@@YAXPAVTSpellbookEntry@TSpellbookWindow@@0U__false_type@@@Z
1,0xbceb4,??0SavedGameHeader@@QAA@XZ
1,0xf5f40,??E?$reverse_iterator@PAUTObjectCell@NewmapCell@@U12@AAU12@PAU12@H@std@@QAA?AV01@H@Z
3,0x1db48,??_C@_08NPID@TBCshrd3?$AA@
1,0x1923c0,?create_shots_widget@TViewArmyWindow@@AAAXABUTCreatureTypeTraits@@HH@Z
3,0x3bfc,??_C@_0M@PJKA@FMAZ_se?4pcx?$AA@
1,0x63b14,??0?$set@W4SpellID@@U?$less@W4SpellID@@@std@@V?$allocator@W4SpellID@@@3@@std@@QAA@XZ
1,0x11f3ec,?AddTime@CTurnDuration@@IAAXK@Z
3,0x2efc,?click_sample@button@@2PAVsample@@A
3,0x3bb4,??_C@_0M@GJPN@FMAX_se?4pcx?$AA@
1,0x1288ac,??1?$allocator@Utype_artifact_offering@@@std@@QAA@XZ
1,0x74198,?DrawAdvObjWithFlag@CSpriteFrame@@QBAXHHHHPAGHHHHHAAVTPalette16@@G_N@Z
1,0xc5ea4,?copy@std@@YAPAUtype_university@@PAU2@00@Z
1,0xf73ac,?erase@?$vector@UTObjectCell@NewmapCell@@V?$allocator@UTObjectCell@NewmapCell@@@std@@@std@@QAAPAUTObjectCell@NewmapCell@@PAU34@0@Z
3,0x1dd7c,??_C@_08BHDK@TBRmext3?$AA@
1,0x19caac,_DispatchMessageW
1,0x2b5ec,?inflict_damage@type_AI_combat_data@@IAAXJJ@Z
3,0x2d94c,?gbRemoteGameOpen@@3HA
1,0xf55cc,??0?$allocator@VMonsterData@@@std@@QAA@XZ
1,0xf55d4,??1?$allocator@VMonsterData@@@std@@QAA@XZ
1,0x12dae8,?copy_backward@std@@YAPAVTSeerHut@@PAV2@00@Z
1,0x12f2ec,??1CHotspotWidget@@UAA@XZ
3,0x1e040,??_C@_08EINA@TBTwup_5?$AA@
1,0x64fcc,??0TCombatControlSubWindow@@QAA@PAVheroWindow@@@Z
3,0xaa38,??_C@_0L@CPNK@cwelem?4def?$AA@
1,0x8fde0,?distance_type@std@@YAPAHPBUtype_shroud_change@type_record_shroud@@@Z
1,0xea5ec,?DoModal@TMainMenu@@QAAXXZ
3,0x1dca4,??_C@_08EKEK@TBRmcas3?$AA@
3,0x1e670,??_C@_08LBII@TBDnup_5?$AA@
3,0x1e190,??_C@_08MAJM@TBInholy?$AA@
1,0x179900,?SetRolloverText@TBuyBuildWindow@@AAAXH@Z
1,0x10a2a8,??0TPalette16@@QAA@XZ
3,0x6b7c,??_C@_0N@IGBJ@ObSwS11b?4def?$AA@
1,0xbcfe4,?Load@SavedGameHeader@@QAAHPAX@Z
1,0xf7908,?deallocate@?$allocator@VTSeerHut@@@std@@SAXPAVTSeerHut@@I@Z
3,0x11270,??_C@_0N@GEFB@HPL027Dr?4PCX?$AA@
2,0x8c34,__IMPORT_DESCRIPTOR_DDRAW
1,0x25b0c,?attempt_shooter_defense@combatManager@@AAA_NPBVarmy@@PBVsearchArray@@ABVtype_AI_combat_parameters@@@Z
2,0x8bd0,_IID_IKsControl
1,0x3f7f0,?get_blind_value@type_AI_spellcaster@@IBAJPBVarmy@@Utype_enchant_data@@@Z
1,0x594b8,??0TCampaignBrief@@QAA@_N0@Z
3,0x6f50,??_C@_0L@DLKJ@icm002?4def?$AA@
3,0x2d85c,?gcTCPName@@3PADA
1,0x24694,?find_move_order@combatManager@@QAAXPAV?$vector@PAVarmy@@V?$allocator@PAVarmy@@@std@@@std@@@Z
3,0x138b0,??_C@_0N@OKFA@UltimateLose?$AA@
3,0x1ab74,??_C@_07FNOL@Age?4wav?$AA@
3,0xb690,??_C@_09FJML@Genie?4wav?$AA@
1,0x96994,?monsters_give_reward@advManager@@AAAXPAVhero@@PAVNewmapCell@@_N@Z
1,0xbe718,??A?$vector@Vhero@@V?$allocator@Vhero@@@std@@@std@@QAAAAVhero@@I@Z
3,0x11b00,??_C@_0N@IDHK@HPS096Br?4PCX?$AA@
1,0x12dff0,?CreateWin@CBonusDlg@@QAA_NPBDPAVCSprite@@H00@Z
1,0x196b18,??_ETViewWorldWindow@@UAAPAXI@Z
1,0x196b18,??_GTViewWorldWindow@@UAAPAXI@Z
1,0x508dc,?set@TAutoStrPtr@?%E:\gamedcs\artifact.cpp2645527351@@QAAXPAD@Z
3,0xa12c,?akCreatureTypeTraits@@3AAY0HK@$$CBUTCreatureTypeTraits@@A
1,0xe99fc,??0?$_Vector_base@ULODEntry@@V?$allocator@ULODEntry@@@std@@@std@@QAA@ABV?$allocator@ULODEntry@@@1@@Z
3,0x1d370,??_C@_07PHMN@TOihal1?$AA@
1,0xc094,?DrawRolloverText@advManager@@QAAXPAD@Z
1,0x22fe4,?DistanceSquared@type_point@@QBAHABU1@@Z
1,0x82eec,??_ETDimensionDoorWindow@@UAAPAXI@Z
1,0x82eec,??_GTDimensionDoorWindow@@UAAPAXI@Z
3,0x11940,??_C@_0N@JPLG@HPS082Ov?4PCX?$AA@
2,0x7b10,_IID_IDirect3D
2,0x7b20,_IID_IDirect3D2
2,0x7b30,_IID_IDirect3D3
1,0x4d304,?copy@std@@YA?AU?$_Deque_iterator@W4SpellID@@U?$_Nonconst_traits@W4SpellID@@@std@@U?$_Buf_size_traits@W4SpellID@@$0A@@3@@1@U21@00@Z
3,0x380d8,?InitWin@@3VBitmap16Bit@@A
1,0x2ab88,?get_mass_damage_value@type_AI_combat_data@@IBAJAAUtype_spell_choice@@PBVhero@@@Z
1,0x54988,?SetPalette@bitmapBorder@@QAAXPBD@Z
3,0x3a94,??_C@_0M@CIIJ@FMAP_se?4pcx?$AA@
3,0x3b6c,??_C@_0M@JIGO@FMAV_se?4pcx?$AA@
3,0x3adc,??_C@_0M@LINE@FMAR_se?4pcx?$AA@
3,0x11290,??_C@_0N@NJBE@HPL028Dr?4PCX?$AA@
3,0x112a0,??_C@_0N@NKPI@HPS029Dr?4PCX?$AA@
1,0x163150,?Draw@textEntryWidget@@UBAXXZ
1,0x190620,?CheckForArtifactTransportWin@VictoryConditionStruct@@QAA_NPBVhero@@Utype_point@@@Z
1,0x93f6c,?DoEventMagicSpring@advManager@@AAAXPAVhero@@PAVNewmapCell@@_N@Z
1,0x16682c,?remove_garrison_hero@town@@QAAXXZ
1,0x188e10,?SetWidgetOff@TBuyArtifactWindow@@AAAXF@Z
3,0x11990,??_C@_0N@FFLC@HPL084Ov?4PCX?$AA@
3,0x119a0,??_C@_0N@FGFO@HPS085Ov?4PCX?$AA@
3,0x11ab0,??_C@_0N@GAEC@HPL093Wl?4PCX?$AA@
3,0x11bd0,??_C@_0N@NPEH@HPL102Br?4PCX?$AA@
1,0xf5f20,??C?$reverse_iterator@PAUTObjectCell@NewmapCell@@U12@AAU12@PAU12@H@std@@QBAPAUTObjectCell@NewmapCell@@XZ
1,0xf7150,??D?$reverse_iterator@PAUTObjectCell@NewmapCell@@U12@AAU12@PAU12@H@std@@QBAAAUTObjectCell@NewmapCell@@XZ
3,0x159bc,??_C@_0N@ONLC@MuDialog?4pcx?$AA@
1,0xc62a0,?__uninitialized_copy@std@@YAPAVCObject@@PAV2@000@Z
1,0xfa1ec,?allocate@?$_STL_alloc_proxy@PAUTownExtra@@U1@V?$allocator@UTownExtra@@@std@@@std@@QAAPAUTownExtra@@I@Z
1,0x171554,??0type_garrison_base_window@@QAA@PAVhero@@HAAVarmyGroup@@@Z
1,0xbfcac,?erase@?$vector@Vgarrison@@V?$allocator@Vgarrison@@@std@@@std@@QAAPAVgarrison@@PAV3@0@Z
3,0x14014,??_C@_1CI@GEBB@?$AAC?$AAo?$AAm?$AAp?$AAu?$AAt?$AAe?$AAr?$AA?5?$AAW?$AAa?$AAl?$AAk?$AA?5?$AAS?$AAp?$AAe?$AAe?$AAd?$AA?$AA@
1,0x54d58,??_EcoloredBorder@@UAAPAXI@Z
1,0x54d58,??_GcoloredBorder@@UAAPAXI@Z
1,0x89328,?PlaySample@ds_engine@@QAA_NPAVds_memsample@@H_N@Z
1,0xbd7e0,??Y?$_Bit_iter@U_Bit_reference@std@@PAU12@@std@@QAAAAU01@H@Z
3,0x1d414,??_C@_07GMEN@TOihnd1?$AA@
1,0x4fdd4,?get_allocator@?$basic_string@DU?$char_traits@D@std@@V?$allocator@D@2@@std@@QBA?AV?$allocator@D@2@XZ
3,0x116e0,??_C@_0N@LAEB@HPS063Dm?4PCX?$AA@
3,0x1e7fc,??_C@_08CEJB@TBStdw_1?$AA@
1,0x29dec,?take_damage@type_monster_data@@QAAJJ@Z
3,0x115a0,??_C@_0N@PADG@HPS053Hr?4PCX?$AA@
3,0x30a0,??_C@_09NJJF@GoodTheme?$AA@
3,0x2a00,??_C@_0CA@JBIN@Warning?$CB?5?5AI?5player?5has?5?$CFi?5?$CFs?4?6?$AA@
1,0xfc3e0,?__copy_backward@std@@YAPAVCObjectType@@PAV2@00Urandom_access_iterator_tag@1@PAH@Z
3,0x33390,?gCombatOptionsHelp@@3PAUTHelpText@@A
1,0x19ca94,_PeekMessageW
3,0x6f5c,??_C@_0L@JLIM@icm003?4def?$AA@
1,0x71880,?__uninitialized_fill_n_aux@std@@YAPAW4TArtifact@@PAW42@IABW42@U__false_type@@@Z
3,0x2c9d0,?giWeekType@@3W4type_week_type@@A
3,0x1d8a4,??_C@_08LDKO@TOFMag2A?$AA@
1,0x38368,??1type_necromancy_artifact@@UAA@XZ
1,0xbf77c,??1?$_STL_alloc_proxy@PAVgenerator@@V1@V?$allocator@Vgenerator@@@std@@@std@@QAA@XZ
3,0x3119c,?overviewBank@@3PAVTResourceDisplay@@A
1,0x289b0,??1?$_STL_alloc_proxy@PAPAW4SpellID@@PAW41@V?$allocator@W4SpellID@@@std@@@std@@QAA@XZ
1,0x103138,?Put@?$CAutoArray@VCDPlaySession@@@@UAA_NKPAVCDPlaySession@@@Z
3,0x1d808,??_C@_06OACP@TOSVah?$AA@
1,0x9c8a4,?GetScholarPrimarySkill@ExtraInfoUnion@@QBA?AW4TPrimarySkill@@XZ
1,0xbdd08,??A?$vector@UTownExtra@@V?$allocator@UTownExtra@@@std@@@std@@QAAAAUTownExtra@@I@Z
1,0x128a04,??0?$allocator@PAViconWidget@@@std@@QAA@XZ
1,0x128a08,??1?$allocator@PAViconWidget@@@std@@QAA@XZ
1,0x18b368,?SetupNewTrade@TBuyArtifactWindow@@AAAXXZ
3,0x144,__imp__SetCapture
1,0x23104,?FizzleForward@heroWindowManager@@QAAXABUSLimitData@@H@Z
3,0x1adac,??_C@_0M@CJJO@C07spF9?4def?$AA@
3,0x1334,?RiverFilenames@@3PAPBDA
1,0x7feb0,?chdir@@YAHPBD@Z
1,0x12f0c8,?Draw@CSpriteWidget@@UBAXXZ
1,0x212e4,?distance_type@std@@YAPAHPBUtype_dialog_resource@@@Z
1,0x9df74,?__pop_heap@std@@YAXPAW4SpellID@@00W42@Vspell_level_order@@PAH@Z
1,0xa67bc,?Scan@game@@QAAHPACHH@Z
1,0x6f664,?process_move_then_attack@combatManager@@AAA_NAAUmessage@@@Z
1,0x89a2c,??1ds_streamsample@@QAA@XZ
1,0x883dc,?Silence@ds_genericsample@@QAA_NKK@Z
1,0xeda4c,?get_trigger@CObject@@QBA?AUtype_point@@XZ
3,0x1e0a0,??_C@_08FHBL@TBIndock?$AA@
1,0x72100,?mmdbf@@YAXPBGZZ
3,0xb4c8,??_C@_0BI@OBJE@Service?5provider?5loaded?$AA@
1,0x122cc0,?insert@?$map@VTCacheMapKey@ResourceManager@@PAVresource@@U?$less@VTCacheMapKey@ResourceManager@@@std@@V?$allocator@U?$pair@$$CBVTCacheMapKey@ResourceManager@@PAVresource@@@std@@@5@@std@@QAA?AU?$pair@U?$_Rb_tree_iterator@U?$pair@$$CBVTCacheMapKey@8bdd476a
1,0x8f6a0,?deallocate@?$_STL_alloc_proxy@PAUtype_shroud_change@type_record_shroud@@U12@V?$allocator@Utype_shroud_change@type_record_shroud@@@std@@@std@@QAAXPAUtype_shroud_change@type_record_shroud@@I@Z
1,0xc8044,?__uninitialized_copy_aux@std@@YAPAUSign@@PAU2@00U__false_type@@@Z
1,0xd39d8,?equip_artifact@hero@@QAA_NABUtype_artifact@@J@Z
1,0x2ac18,?get_mass_damage_value@type_AI_combat_data@@IBAXAAUtype_spell_choice@@AAV1@@Z
1,0xc80cc,?__uninitialized_copy_aux@std@@YAPAVmine@@PAV2@00U__false_type@@@Z
3,0x16c28,??_C@_08GEDG@?2CD?9ROM?2?$AA@
1,0x158180,?is_in_aura@army@@QBA_NXZ
1,0x197eb4,?WindowHandler@CHeroWindowEx@@UAAHAAUmessage@@@Z
1,0x2c004,?AI_quick_combat@@YA_NPAVhero@@0AAVarmyGroup@@PAVtown@@PAVNewmapCell@@@Z
1,0xfd254,?destroy@std@@YAXPAVBlackBoxData@@@Z
1,0x110c04,?AI_PurchaseCreatures@@YAXPAVhero@@PAVgenerator@@@Z
1,0x128844,??1?$vector@Utype_artifact_offering@@V?$allocator@Utype_artifact_offering@@@std@@@std@@QAA@XZ
3,0x6f68,??_C@_0L@PLHG@icm004?4def?$AA@
1,0xf81a4,?_M_fill_insert@?$vector@PAVCSprite@@V?$allocator@PAVCSprite@@@std@@@std@@QAAXPAPAVCSprite@@IABQAV3@@Z
1,0xf6c78,?erase@?$vector@VTSeerHut@@V?$allocator@VTSeerHut@@@std@@@std@@QAAPAVTSeerHut@@PAV3@0@Z
3,0x1edcc,??_C@_03MAC@?9?$CFd?$AA@
3,0x13c00,?bWasInactive@@3_NA
1,0x14787c,??0CLaunchingGameMsg@@QAA@XZ
1,0xe908c,?clear@LODFile@@QAAXXZ
3,0x1d18c,??_C@_07BKA@TOrdwf2?$AA@
3,0x31b04,?SeerRefusalText@@3PAPBDA
1,0x198360,??0?$reverse_iterator@PBQAVwidget@@PAV1@ABQAV1@PBQAV1@H@std@@QAA@PBQAVwidget@@@Z
3,0x268c,??_C@_08KONE@view?4wav?$AA@
1,0x11d2b0,?CalcSpriteDimensions@CAnimatedDlg@@IAAXPAVCSprite@@AAH11@Z
3,0x1f1e0,??_C@_0CD@MAJF@Rename?5source?5file?5does?5not?5exis@
3,0x1f928,??_C@_0BI@NMMO@DDERR_NOCLIPPERATTACHED?$AA@
3,0x58,__imp___gtd
3,0x98,__imp___ged
1,0x89800,?StopStream@ds_engine@@QAA_NXZ
1,0xbc7c8,??0TPickRandomTownName@@QAA@XZ
1,0xbd5ac,??1TPickRandomTownName@@QAA@XZ
3,0x14470,??_C@_1BA@GHGN@?$AAA?$AAp?$AAp?$AAP?$AAa?$AAt?$AAh?$AA?$AA@
1,0x19758c,?WidgetClearStatus@heroWindow@@QAAHHH@Z
3,0xb194,??_C@_06IEJE@?$CFd?4?$CFdk?$AA@
1,0x2cbc,?compare@?$char_traits@D@std@@SAHPBD0I@Z
1,0x20170,?GetHeight@Bitmap816@@QBAHXZ
1,0xc9164,??0TGameTypeWindow@@QAA@_N@Z
1,0xb9b54,?HeroIDToHeroPos@game@@QAAHPAVplayerData@@H@Z
1,0xc777c,?__destroy_aux@std@@YAXPAVhero@@0U__false_type@@@Z
1,0x8eeec,??_Etype_record_hide_boat@@UAAPAXI@Z
1,0x8eeec,??_Gtype_record_hide_boat@@UAAPAXI@Z
1,0x42b4,?deallocate@?$allocator@H@std@@SAXPAHI@Z
1,0x36450,?get_value@type_necromancy_artifact@@UBAJPBVhero@@_N1@Z
1,0x80158,_flipimage
1,0xdda74,?GetEvent@inputManager@@QAA?AUmessage@@XZ
3,0x144fc,??_C@_03LLMP@r?$CLb?$AA@
1,0x3a2e4,?__introsort_loop@std@@YAXPAUtype_creature_value@@00HU?$greater@Utype_creature_value@@@1@@Z
1,0x1299cc,?__uninitialized_copy_aux@std@@YAPAPAViconWidget@@PAPAV2@00U__false_type@@@Z
1,0x142e0,?DrawUnderlay@advManager@@QAAXHHHHH@Z
1,0xa0f54,?PushCombatPoint@searchArray@@AAAXHHHHH@Z
1,0xa27c4,??_Efont@@UAAPAXI@Z
1,0x11affc,?QuickViewRecruit@@YAXPAVtown@@H@Z
3,0x1d22c,??_C@_06PDJK@TOTMrk?$AA@
3,0x6fe0,??_C@_0L@BKJH@ICM012?4def?$AA@
3,0x6f74,??_C@_0L@FLFD@icm005?4def?$AA@
1,0x1992b0,?DDCreateSurface@@YAPAUIDirectDrawSurface4@@KKHPAPAU1@@Z
1,0x35c40,?AI_value_of_observatory@@YAJUtype_point@@JJ@Z
3,0xb23c,??_C@_0BB@LBOL@Buffer?5too?5small?$AA@
3,0x137c8,?gbLowPageGrabbed@@3HA
3,0x1e91c,??_C@_08HEBE@TBFrhal2?$AA@
3,0xd1c8,?giTerrainToMusicTrack@@3PAEA
3,0x1d614,??_C@_06KLPC@TODtav?$AA@
1,0x38ef8,?erase@?$vector@Utype_creature_value@@V?$allocator@Utype_creature_value@@@std@@@std@@QAAPAUtype_creature_value@@PAU3@0@Z
1,0x64600,?__stl_alloc_rebind@std@@YAAAV?$allocator@Utype_artifact@@@1@AAV21@PBUtype_artifact@@@Z
1,0x91c18,?DoEventBlackBox@advManager@@AAAXPAVhero@@PAVNewmapCell@@Utype_point@@_N@Z
1,0xfc86c,?__uninitialized_fill_n@std@@YAPAVTTimedEvent@@PAV2@IABV2@0@Z
1,0x2c708,??1type_AI_combat_data@@QAA@XZ
1,0xf74fc,??0?$_STL_alloc_proxy@PAPAVCSprite@@PAV1@V?$allocator@PAVCSprite@@@std@@@std@@QAA@ABV?$allocator@PAVCSprite@@@1@ABQAPAVCSprite@@@Z
3,0x169a0,??_C@_0BP@GIML@Successful?5MPlayer?5connection?4?$AA@
1,0x1975a8,?GetWidget@heroWindow@@QAAPAVwidget@@H@Z
3,0x2ca0,??_C@_07PCHH@Unknown?$AA@
1,0xc38d0,?insert@?$vector@Utype_university@@V?$allocator@Utype_university@@@std@@@std@@QAAXPAUtype_university@@IABU3@@Z
1,0x17b48c,??0TCastleWindow@@QAA@XZ
1,0x1982e4,??E?$reverse_iterator@PBQAVwidget@@PAV1@ABQAV1@PBQAV1@H@std@@QAA?AV01@H@Z
1,0x63f58,?deallocate@?$allocator@I@std@@SAXPAII@Z
1,0xc620c,?value_type@std@@YAPAVCObjectType@@PBV2@@Z
3,0xde64,??_C@_0M@BPN@hsbtns8?4def?$AA@
1,0xf5590,?clear@?$vector@VMonsterData@@V?$allocator@VMonsterData@@@std@@@std@@QAAXXZ
2,0xd74,??_7coloredBorderFrame@@6B@
1,0xc7fb0,?__uninitialized_copy_aux@std@@YAPAVtown@@PAV2@00U__false_type@@@Z
1,0x9cf80,?size@?$vector@USecondarySkillData@@V?$allocator@USecondarySkillData@@@std@@@std@@QBAIXZ
1,0xc81dc,?__uninitialized_copy_aux@std@@YAPAVboat@@PAV2@00U__false_type@@@Z
2,0x55f0,??_7CScenarioInfoDlg@@6B@
1,0x3df5c,?get_attack_boost_value@type_AI_spellcaster@@IBAJPBVarmy@@0JJN@Z
3,0x1de60,??_C@_08LBMA@TBTwmag3?$AA@
2,0x7dc0,_CLSID_CDirect3DRMProgressiveMesh
3,0x1dac4,??_C@_08OIGD@TBCshal4?$AA@
3,0x21fcc,?updateScreen@BinkManager@@3_NA
3,0x6fd4,??_C@_0L@PKPI@ICM011?4def?$AA@
3,0x31a4c,?BlueBits@ResourceManager@@3HA
1,0x128b50,??1?$_Vector_base@PAVtextWidget@@V?$allocator@PAVtextWidget@@@std@@@std@@QAA@XZ
1,0x22b88,?TeleportTo@advManager@@QAAXPAVhero@@Utype_point@@PBD_N33@Z
1,0x3b718,?__unguarded_linear_insert@std@@YAXPAUtype_creature_value@@U2@U?$greater@Utype_creature_value@@@1@@Z
3,0x6f80,??_C@_0L@LLDM@icm006?4def?$AA@
1,0x949e0,?do_event_pyramid@advManager@@AAAXPAVhero@@PAVNewmapCell@@Utype_point@@_N@Z
1,0xfd41c,?__destroy_aux@std@@YAXPAVMonsterData@@U__false_type@@@Z
1,0x63fcc,?deallocate@?$allocator@U?$_Rb_tree_node@W4SpellID@@@std@@@std@@SAXPAU?$_Rb_tree_node@W4SpellID@@@2@I@Z
2,0x33f4,??_7THillFortWindow@@6B@
1,0xe9e4c,?iterator_category@std@@YA?AUrandom_access_iterator_tag@1@PBULODEntry@@@Z
1,0x1147ac,?AI_examine_map@@YAXXZ
1,0x114be4,?set_danger_zones@searchArray@@QAAXPAJ@Z
1,0x17fd08,?SetupWell@townManager@@QAAXPAVTCastleWindow@@@Z
1,0x90c58,?DoArtifactSkillRequirement@advManager@@AAAXPAVhero@@PAVNewmapCell@@Utype_point@@W4TSecondarySkill@@PBD_N@Z
1,0xbdba8,??1?$vector@Utype_point@@V?$allocator@Utype_point@@@std@@@std@@QAA@XZ
1,0x42fe8,??G?$_Deque_iterator@W4SpellID@@U?$_Nonconst_traits@W4SpellID@@@std@@U?$_Buf_size_traits@W4SpellID@@$0A@@3@@std@@QBAHABU01@@Z
1,0x69e3c,?show_messages@TCombatWindow@@AAAXJ@Z
1,0xfb29c,?value_type@std@@YAPAVBlackBoxData@@PBV2@@Z
3,0x1e490,??_C@_08EIJI@TBDnmag3?$AA@
3,0x1e994,??_C@_08IHIE@TBFrext0?$AA@
1,0x94d84,?DoEventRefugeeCamp@advManager@@AAAXPAVhero@@PAVNewmapCell@@_N@Z
3,0x1f5fc,??_C@_0BC@KLCE@DDERR_NOTEXTUREHW?$AA@
2,0x8770,_CLSID_DirectMusicStyle
1,0x54df0,??_EbitmapBorder@@UAAPAXI@Z
1,0x54df0,??_GbitmapBorder@@UAAPAXI@Z
3,0x3c44,??_C@_0M@HMOF@FMBB_se?4pcx?$AA@
3,0x3c8c,??_C@_0M@MMAC@FMBD_se?4pcx?$AA@
2,0x8030,_IID_IDirect3DRMPicked2Array
1,0x28c94,?__final_insertion_sort@std@@YAXPAPAVarmy@@0Vfunc_moves_before@@@Z
1,0x3652c,?get_value@type_movement_artifact@@UBAJPBVhero@@_N1@Z
1,0x7feac,?beginthread@@YAKP6AXPAX@ZI0@Z
1,0xce168,?rotate_backpack_left@hero@@QAAXXZ
1,0x8e108,?record_hide_boat@game@@QAAXPAVboat@@@Z
1,0xfe4a0,?allocate@?$_STL_alloc_proxy@PAIIV?$allocator@_N@std@@@std@@QAAPAII@Z
3,0x1d88c,??_C@_08KCCA@TOSBeh2a?$AA@
3,0x1040,??_C@_0M@HJDL@ajppbpbahgf?$AA@
1,0x642e0,?copy@std@@YAPAUTObstacle@combatManager@@PAU23@00@Z
3,0xa5fc,??_C@_0L@ONEP@cwrait?4def?$AA@
1,0x7ffe4,?strrchr@@YAPADPBDH@Z
3,0x13a28,??_C@_0N@MIOG@HALLtowr?4def?$AA@
1,0x2859c,?deallocate@?$allocator@J@std@@SAXPAJI@Z
1,0x12ef28,?handle_message@CSingleSelPopup@@UAAHAAUmessage@@@Z
1,0x37464,?AI_get_equip_value@@YAJUtype_artifact@@PBVhero@@_N@Z
1,0x2d72c,?swap@std@@YAXAAUtype_monster_data@@0@Z
1,0x4d6f8,?__destroy@std@@YAXPAW4SpellID@@00@Z
1,0xf4b38,??0TSeerHut@@QAA@XZ
3,0x1b3b0,??_C@_09NIAC@Main?5Menu?$AA@
3,0x1f370,??_C@_0BA@EAOD@DDERR_EXCEPTION?$AA@
1,0x67a14,?convertID2HelpID@TCombatOptionsWindow@@ABAHH@Z
1,0x72538,?ResetPalette@CSprite@@QAAXXZ
1,0xbf88c,??0?$_STL_alloc_proxy@PAW4TArtifact@@W41@V?$allocator@W4TArtifact@@@std@@@std@@QAA@ABV?$allocator@W4TArtifact@@@1@ABQAW4TArtifact@@@Z
1,0x117bb4,??_ETQuickCreatureWindow@@UAAPAXI@Z
1,0x117bb4,??_GTQuickCreatureWindow@@UAAPAXI@Z
1,0x1296dc,?value_type@std@@YAPAPAVtextWidget@@PBQAV2@@Z
1,0x130090,?victoryCompare@@YAHPBX0@Z
3,0x1b524,??_C@_0BF@OOEP@Sell?5Creature?5Window?$AA@
3,0x6f8c,??_C@_0L@BLBJ@icm007?4def?$AA@
1,0x168714,?get_buildable_mask@town@@QBA_JXZ
1,0x1814cc,??_Gstrip@@QAAPAXI@Z
3,0xac34,??_C@_0L@LPEF@cs_turn_fl?$AA@
1,0xc2108,?construct@std@@YAXPAUtype_point@@ABU2@@Z
1,0xbfc48,?deallocate@?$_STL_alloc_proxy@PAVgenerator@@V1@V?$allocator@Vgenerator@@@std@@@std@@QAAXPAVgenerator@@I@Z
3,0x15ac8,??_C@_09DFID@itmcl?4def?$AA@
1,0x8be0c,?Destroy@CDPlayMsg@@QAA_NXZ
1,0xc8b90,?destroy@std@@YAXPAVCObject@@@Z
3,0xb288,??_C@_0BE@PFO@Cant?5create?5session?$AA@
3,0x327fc,?updateScreen@SmackManager@@3_NA
2,0x79d0,_IID_IDirectDrawKernel
1,0x1236cc,?_S_right@?$_Rb_tree@VTCacheMapKey@ResourceManager@@U?$pair@$$CBVTCacheMapKey@ResourceManager@@PAVresource@@@std@@U?$_Select1st@U?$pair@$$CBVTCacheMapKey@ResourceManager@@PAVresource@@@std@@@4@U?$less@VTCacheMapKey@ResourceManager@@@4@V?$allocatorbbcb583a
2,0x1d88,?WallObstacleInfo@combatManager@@0QBUTObstacleInfo@1@B
3,0x6ff8,??_C@_08OBIF@?$CFs?6?$CFd?1?$CFd?$AA@
1,0x87350,?GetCroppedHeight@CSprite@@QBAHHH@Z
1,0x1475dc,?IsHuman@CNetPlayerHandlerPlayer@@QAA_NXZ
3,0x3a4c,??_C@_0M@FLPD@FMAN_se?4pcx?$AA@
3,0x39bc,??_C@_0M@HLEJ@FMAJ_se?4pcx?$AA@
3,0x3a04,??_C@_0M@MLKO@FMAL_se?4pcx?$AA@
3,0x3974,??_C@_0M@OLBE@FMAH_se?4pcx?$AA@
1,0xda138,?inflate_blocks@@YAHPAUinflate_blocks_state@@PAUz_stream_s@@H@Z
3,0x1dfd4,??_C@_08HJLA@TBTwdw_3?$AA@
3,0x2db3c,?stables_bonus@@3JA
3,0x1e604,??_C@_08IAOI@TBDndw_3?$AA@
1,0xbe7f8,??0?$allocator@Vhero@@@std@@QAA@XZ
1,0xbe800,??1?$allocator@Vhero@@@std@@QAA@XZ
1,0x9330,?ProcessSelect@advManager@@QAAHABUmessage@@AAUtype_point@@AAPAVNewmapCell@@@Z
1,0x5aeb4,??4NewSMapHeader@@QAAAAV0@ABV0@@Z
3,0x1e094,??_C@_08JNDL@TBIntvrn?$AA@
1,0x64400,?allocate@?$allocator@UTObstacle@combatManager@@@std@@QBAPAUTObstacle@combatManager@@IPBX@Z
1,0xa6114,?IsLocalHuman@playerData@@QBA_NXZ
3,0xde7c,??_C@_05OHLK@?$CFd?1?$CFd?$AA@
3,0x17de0,?LastHero@TSpellbookWindow@@0W4THeroID@@A
1,0x179b28,?BuildObj@townManager@@QAAXH@Z
1,0xbdd9c,?size@?$vector@UTBlackMarket@@V?$allocator@UTBlackMarket@@@std@@@std@@QBAIXZ
1,0xddc14,?PeekEvent@inputManager@@QAA?AUmessage@@XZ
3,0x2bd0,??_C@_0N@HBPF@WallMiss?482m?$AA@
1,0xeb9a0,?saveTimedEventList@NewfullMap@@QAAHPAX@Z
1,0x11d558,?handle_message@CAnimatedDlg@@UAAHAAUmessage@@@Z
1,0x121524,?SaturateGraphics@ResourceManager@@YAXXZ
1,0x128984,??0?$vector@PAViconWidget@@V?$allocator@PAViconWidget@@@std@@@std@@QAA@ABV?$allocator@PAViconWidget@@@1@@Z
3,0x1f058,?gbInViewWorld@@3HA
1,0xfe248,?get_available_disk_space@@YAKXZ
1,0x11ee04,?SaveScreen@CGameTransferSmack@@QAAXXZ
3,0x1d924,??_C@_07FFNE@TOFCage?$AA@
1,0x4ebc0,?Dismiss@armyGroup@@QAAXH@Z
1,0x903b4,?DoEventShipyard@advManager@@AAAXPAVNewmapCell@@Utype_point@@_N@Z
1,0x128b20,?begin@?$vector@PAVtextWidget@@V?$allocator@PAVtextWidget@@@std@@@std@@QAAPAPAVtextWidget@@XZ
1,0x170fb8,??1TMageGuildWindow@@UAA@XZ
3,0x1d91c,??_C@_07EMIG@TOFAidA?$AA@
1,0xdaae0,?inflate_set_dictionary@@YAXPAUinflate_blocks_state@@PBEI@Z
1,0x48c8,?__destroy_aux@std@@YAXPAPAVwidget@@0U__false_type@@@Z
1,0x4a8b8,?move_to@army@@QAA_NH_N@Z
1,0x58244,?CampaignWait@@YAXH@Z
1,0xfb67c,?__copy@std@@YAPAVBlackBoxData@@PAV2@00Urandom_access_iterator_tag@1@PAH@Z
1,0xff610,?LoadFrame@mouseManager@@AAAXH@Z
3,0x1e160,??_C@_08OLJI@TBInext1?$AA@
1,0xa30c4,?remove_bonus@generator@@QAAXXZ
1,0xebb0c,?loadTimedEventList@NewfullMap@@QAAHPAX@Z
1,0xeb73c,?readTimedEventList@NewfullMap@@QAAHPAX@Z
2,0x7c40,_IID_IDirect3DViewport
2,0x7c50,_IID_IDirect3DViewport2
2,0x7c60,_IID_IDirect3DViewport3
3,0x2b2c,??_C@_0M@KPAO@cprgogx?4def?$AA@
3,0x3950,??_C@_0M@FCKJ@FMAG_se?4pcx?$AA@
3,0x38c0,??_C@_0M@HCBD@FMAC_se?4pcx?$AA@
3,0x3908,??_C@_0M@MCPE@FMAE_se?4pcx?$AA@
3,0x3878,??_C@_0M@OCEO@FMAA_se?4pcx?$AA@
3,0x1efb0,??_C@_0N@KJFM@box64x30?4pcx?$AA@
3,0x16590,??_C@_0N@HJEL@box66x32?4pcx?$AA@
1,0x294c0,?__unguarded_linear_insert@std@@YAXPAPAVarmy@@PAV2@Vfunc_moves_before@@@Z
1,0xfc198,?__copy_backward@std@@YAPAUSecondarySkillData@@PAU2@00Urandom_access_iterator_tag@1@PAH@Z
1,0x3ab4,?deallocate@?$allocator@D@std@@SAXPADI@Z
3,0x29890,?DrawbridgeLimits@combatManager@@2USLimitData@@B
3,0xb7ac,??_C@_05DFPL@?$CFd?5?$CFs?$AA@
1,0xbdb24,??A?$vector@VTTownEvent@@V?$allocator@VTTownEvent@@@std@@@std@@QAAAAVTTownEvent@@I@Z
3,0x1d868,??_C@_07BMEH@TOSOrc2?$AA@
3,0x21fc4,?SurfaceType@BinkManager@@3HA
3,0x1efd0,??_C@_0N@OJBG@box64x32?4pcx?$AA@
1,0xc7008,?__uninitialized_fill_n@std@@YAPAUtype_creature_bank@@PAU2@IABU2@0@Z
1,0xfbf3c,?allocate@?$_STL_alloc_proxy@PAVTTimedEvent@@V1@V?$allocator@VTTimedEvent@@@std@@@std@@QAAPAVTTimedEvent@@I@Z
1,0x122cdc,?erase@?$map@VTCacheMapKey@ResourceManager@@PAVresource@@U?$less@VTCacheMapKey@ResourceManager@@@std@@V?$allocator@U?$pair@$$CBVTCacheMapKey@ResourceManager@@PAVresource@@@std@@@5@@std@@QAAXU?$_Rb_tree_iterator@U?$pair@$$CBVTCacheMapKey@ResourceMa4cbd7ab9
1,0x198864,?Init@File@@AAAXXZ
3,0xf3c,?giSoloPos@@3HA
1,0x39260,??1?$_STL_alloc_proxy@PAPAVtype_artifact_effect@@PAV1@V?$allocator@PAVtype_artifact_effect@@@std@@@std@@QAA@XZ
3,0xae48,?re_timer@@3IA
1,0xe34c4,?GetEnemyCount@@YAHXZ
3,0x16758,??_C@_0P@HOEM@recruitManager?$AA@
1,0x140f24,?OnGameHeaderInfoInitMsg@TSingleSelectionWindow@@QAA_NPAVCNetMsg@@@Z
1,0x38f60,??0?$_Vector_base@Utype_creature_value@@V?$allocator@Utype_creature_value@@@std@@@std@@QAA@IABV?$allocator@Utype_creature_value@@@1@@Z
1,0x1566f8,?demonic_resurrection@combatManager@@QAAXPBVarmy@@PAV2@@Z
1,0x73880,?GetSequenceName@CSprite@@SAPBDHH@Z
3,0x12300,??_C@_0M@IBLG@HiScSta?4def?$AA@
1,0x17320c,?DoEventGarrison@@YAXPAVhero@@PAVgarrison@@@Z
1,0x2a764,?get_chain_lightning_value@type_AI_combat_data@@IBAXAAUtype_spell_choice@@ABV1@J@Z
1,0xe9ed0,?allocate@?$allocator@ULODEntry@@@std@@QBAPAULODEntry@@IPBX@Z
1,0x128ac0,?begin@?$vector@Utype_artifact_offering@@V?$allocator@Utype_artifact_offering@@@std@@@std@@QAAPAUtype_artifact_offering@@XZ
1,0x196ccc,?Close@widget@@QAAXXZ
1,0x3baf4,?swap@std@@YAXAAUtype_creature_value@@0@Z
1,0x6ab04,?find_if@std@@YAPBDPBD0V?$binder2nd@U?$_Eq_traits@U?$char_traits@D@std@@@std@@@1@@Z
1,0xbcb3c,?SetWagon@ExtraInfoUnion@@QAAXW4TArtifact@@@Z
1,0x97dc8,?do_event_witch_hut@advManager@@AAAXPAVhero@@PAVNewmapCell@@_N@Z
1,0xfb660,?iterator_category@std@@YA?AUrandom_access_iterator_tag@1@PBVBlackBoxData@@@Z
1,0xf7684,??0?$_STL_alloc_proxy@PAVTSeerHut@@V1@V?$allocator@VTSeerHut@@@std@@@std@@QAA@ABV?$allocator@VTSeerHut@@@1@ABQAVTSeerHut@@@Z
3,0x3bd8,??_C@_0M@CBND@FMAY_se?4pcx?$AA@
3,0x2c9bc,?iCombatControlNetPos@@3PAHA
3,0x1d094,??_C@_07OPBD@TOrcas1?$AA@
1,0xc7d84,?__uninitialized_copy_aux@std@@YAPAPAVCSprite@@PAPAV2@00U__false_type@@@Z
1,0xf751c,?insert@?$vector@VTreasureData@@V?$allocator@VTreasureData@@@std@@@std@@QAAXPAVTreasureData@@IABV3@@Z
3,0x15b3c,??_C@_0N@LCFG@FlagBack?4pcx?$AA@
3,0xf0,__imp__EventModify
1,0x6ce2c,?GetHexXY@combatManager@@QAAXHAAH0@Z
3,0xd290,?gbAllowTextEntryEscape@@3HA
1,0xd5a40,?InitializeHeroTraitsTable@@YA_NXZ
3,0x1d1a8,??_C@_07HFDC@TOrtre2?$AA@
1,0x2c80c,??1?$vector@Utype_monster_data@@V?$allocator@Utype_monster_data@@@std@@@std@@QAA@XZ
1,0x499ac,?CancelAllSpells@army@@QAAXXZ
3,0x7078,??_C@_05EDJH@?$CFd?9?$CFd?$AA@
1,0xc5a50,?iterator_category@std@@YA?AUrandom_access_iterator_tag@1@PBUSign@@@Z
1,0x145dec,?SetVMIconStatus@TSingleSelectionWindow@@QAAXXZ
3,0x17adc,?AnimFile@@3PAXA
1,0x3b620,?__pop_heap@std@@YAXPAUtype_creature_value@@00U2@U?$greater@Utype_creature_value@@@1@PAH@Z
1,0xc644c,?__uninitialized_copy@std@@YAPAUtype_point@@PAU2@000@Z
1,0x14ac48,?VideoDrawCurrentFrame@@YAXXZ
1,0x9d788,?allocate@?$_STL_alloc_proxy@PAW4SpellID@@W41@V?$allocator@W4SpellID@@@std@@@std@@QAAPAW4SpellID@@I@Z
1,0x3a6bc,?value_type@std@@YAPAUpathCell@@PBU2@@Z
1,0x5f518,?NextArmy@combatManager@@QAA_N_N@Z
3,0xad08,??_C@_0L@FOHK@hs_stand_s?$AA@
1,0xd7e0c,?GetMonType@highScoreManager@@SAHHH@Z
3,0x1ed68,??_C@_0N@BGDB@TPTavDes?4pcx?$AA@
1,0x3b4ec,?__uninitialized_copy_aux@std@@YAPAPAVtype_artifact_effect@@PAPAV2@00U__false_type@@@Z
1,0xfb6e4,?iterator_category@std@@YA?AUrandom_access_iterator_tag@1@PBVTSeerHut@@@Z
1,0x19cb54,_GetWindowThreadProcessId
1,0x4e180,?SplitArmy@armyGroup@@QAAXHPAV1@H_N1@Z
3,0x13c74,??_C@_0DC@EEOH@Heroes?5of?5Might?5and?5Magic?5III?5is@
1,0xff774,?isBusy@mouseManager@@ABA_NXZ
1,0xbdaa0,?size@?$vector@VTTimedEvent@@V?$allocator@VTTimedEvent@@@std@@@std@@QBAIXZ
1,0x6ed18,?TurnOffHighlighter@combatManager@@QAAX_N@Z
3,0x1b1d4,??_C@_0M@KDA@sysopb3?4def?$AA@
3,0x1b50c,??_C@_0BF@NBCL@Sell?5Artifact?5Window?$AA@
3,0x1eb74,??_C@_0N@FAGN@TStatBar?4pcx?$AA@
3,0x3b00,??_C@_0M@PAPK@FMAS_se?4pcx?$AA@
1,0xc7c0c,?__uninitialized_copy_aux@std@@YAPAVCObjectType@@PAV2@00U__false_type@@@Z
1,0xe7864,?__stl_alloc_rebind@std@@YAAAV?$allocator@PAVresource@@@1@AAV21@PBQAVresource@@@Z
1,0x1497a0,?Add@?$CAutoArray@H@@UAA_NPAH@Z
3,0x3b48,??_C@_0M@EABN@FMAU_se?4pcx?$AA@
3,0x3ab8,??_C@_0M@GAKH@FMAQ_se?4pcx?$AA@
3,0x3b90,??_C@_0M@NAEA@FMAW_se?4pcx?$AA@
1,0x8fb18,?capacity@?$vector@Utype_shroud_change@type_record_shroud@@V?$allocator@Utype_shroud_change@type_record_shroud@@@std@@@std@@QBAIXZ
1,0xf6cc0,??0?$_Vector_base@VTSeerHut@@V?$allocator@VTSeerHut@@@std@@@std@@QAA@ABV?$allocator@VTSeerHut@@@1@@Z
1,0x1228ac,?Expunge@ResourceManager@@YAXXZ
1,0x129b3c,??0sample@@QAA@JJJ@Z
1,0x27f64,?InInvisibleColumn@combatManager@@SA_NH@Z
1,0x36c90,?get_value@type_antiluck_artifact@@UBAJPBVhero@@_N1@Z
1,0x63c94,??1?$allocator@UTObstacle@combatManager@@@std@@QAA@XZ
3,0x29854,?RightHeroLimits@combatManager@@2USLimitData@@B
3,0x1aa40,??_C@_0N@LEIC@Disruptr?4wav?$AA@
1,0xc7644,?__destroy_aux@std@@YAXPAVgenerator@@0U__false_type@@@Z
3,0x16be4,?SoundFile@@3PAXA
3,0x1f05c,??_C@_0L@PMAB@VWorld?4pcx?$AA@
1,0x19c944,_WaitForMultipleObjects
1,0x2c6a4,?get_mana@type_AI_combat_data@@QBAJXZ
1,0x50a98,?PlayBink@BinkManager@@YAHHHHHH@Z
1,0x540a8,?Draw@Bitmap816@@QBAXHHHHPAGHHHHH_N@Z
3,0xcc40,?gfSSNavigationMod@@3PAMA
3,0x1b608,??_C@_08JMJE@cNewTurn?$AA@
3,0x102c,??_C@_0BB@EECP@ajppnfgyrnaguenk?$AA@
1,0x4d044,?_cpp_min@@YAABNABN0@Z
3,0x1e460,??_C@_08BGFD@TBNcup_5?$AA@
1,0xbe3d0,??1?$vector@Utype_university@@V?$allocator@Utype_university@@@std@@@std@@QAA@XZ
1,0x114b44,?AI_value_of_event@@YAJPBVhero@@Utype_point@@@Z
1,0x123024,??0?$_Rb_tree_base@U?$pair@$$CBVTCacheMapKey@ResourceManager@@PAVresource@@@std@@V?$allocator@U?$pair@$$CBVTCacheMapKey@ResourceManager@@PAVresource@@@std@@@2@@std@@QAA@ABV?$allocator@U?$pair@$$CBVTCacheMapKey@ResourceManager@@PAVresource@@@std@@@1@@Z
2,0x7bc0,_IID_IDirect3DDevice3
1,0x3b88,?_cpp_min@@YAABHABH0@Z
1,0x11958,?DrawHeroPartShadow@advManager@@QAAXHAAUTDrawParts@@HHHHHH@Z
1,0x129b38,?__destroy_aux@std@@YAXPAPAVsample@@U__false_type@@@Z
1,0x14b2a4,?Main@soundManager@@UAAHAAUmessage@@@Z
1,0x15f064,??0CTradeRequestDoneMsg@@QAA@XZ
1,0x3b4b0,?__uninitialized_copy_aux@std@@YAPAUHeroDestination@@PAU2@00U__false_type@@@Z
2,0x303c,??_7TGenericResource@@6B@
1,0xf6fc0,??0?$_Vector_base@VTTownEvent@@V?$allocator@VTTownEvent@@@std@@@std@@QAA@ABV?$allocator@VTTownEvent@@@1@@Z
3,0x1a8fc,??_C@_0N@KGJI@Deathrip?4wav?$AA@
1,0x1949cc,?VWDrawRoad@advManager@@QAAXHHHHH@Z
1,0x19c7d0,__bcompi64
3,0x1cc,__imp__wcstombs
1,0x8920c,?PlaySample@ds_engine@@QAA_NPBDH_N@Z
1,0x164330,?allocate@?$allocator@PAV?$vector@PADV?$allocator@PAD@std@@@std@@@std@@QBAPAPAV?$vector@PADV?$allocator@PAD@std@@@2@IPBX@Z
3,0x1e0e8,??_C@_08BIAI@TBInhal3?$AA@
3,0x1f968,??_C@_0BF@MOCP@DDERR_HWNDALREADYSET?$AA@
1,0x5add0,??1CSingleSelPopup@@UAA@XZ
3,0x6ae0,??_C@_0M@GEK@ObSnS02?4def?$AA@
3,0x1f380,??_C@_0O@JJAG@DDERR_GENERIC?$AA@
1,0x88c38,??0ds_memsample@@QAA@AAV0@@Z
1,0xbc9b0,?SetGarden@ExtraInfoUnion@@QAAXFW4EGameResource@@@Z
3,0x168bc,??_C@_0BC@PGBA@DPlay?5initialized?$AA@
1,0x120350,?_M_pop_front_aux@?$deque@PAVCNetMsg@@V?$allocator@PAVCNetMsg@@@std@@$0A@@std@@IAAXXZ
1,0x195ac4,??1TViewWorldWindow@@UAA@XZ
1,0x63c90,??0?$allocator@UTObstacle@combatManager@@@std@@QAA@XZ
1,0x69b6c,??1TCombatWindow@@UAA@XZ
3,0xaa24,??_C@_0L@MJBA@cfelem?4def?$AA@
3,0xdc,__imp__CloseHandle
1,0x10ca6c,?ValidAttack@army@@QBAHHHHHPAH@Z
1,0x1201d0,??0?$_STL_alloc_proxy@PAPAPAVCNetMsg@@PAPAV1@V?$allocator@PAVCNetMsg@@@std@@@std@@QAA@ABV?$allocator@PAVCNetMsg@@@1@ABQAPAPAVCNetMsg@@@Z
1,0x14ac60,?VideoDrawRects@@YAXXZ
3,0x1e184,??_C@_08CPOI@TBInhrd4?$AA@
1,0x3fde4,?get_protection_value@type_AI_spellcaster@@IBAJPBVarmy@@W4TSpellSchool@@JJJ@Z
3,0x2c1c,??_C@_0N@EAAB@Resurect?4wav?$AA@
3,0x60f8,??_C@_0N@PBHF@SgInWa41?4pcx?$AA@
1,0x79a48,?StartCursor@advManager@@QAAXH@Z
2,0x6a7c,??_7TBlacksmithWindow@@6B@
3,0x1d308,??_C@_08CPHO@TOimag1a?$AA@
1,0x3659c,?get_value@type_spellcaster_artifact@@UBAJPBVhero@@_N1@Z
1,0x149654,??1CNewMapHeaderInfoMsg@@QAA@XZ
1,0xa2fdc,?save@generator@@QAA_NPAX@Z
1,0x3998c,?sort@std@@YAXPAUtype_creature_value@@0@Z
3,0x31cf0,?VictoryText@@3PAPBDA
1,0x168c20,?UpgradedDwellingID@town@@SA?AW4type_building_id@@W42@@Z
3,0x1d32c,??_C@_08GDHO@TOimag4a?$AA@
2,0x7900,_IID_IDirectDrawPalette
1,0x8c24c,?Get@?$CAutoArray@VCDPlayAddressElement@@@@UAAPAVCDPlayAddressElement@@K@Z
1,0xfb0ac,?fill@std@@YAXPAVTTownEvent@@0ABV2@@Z
3,0x15b24,??_C@_0L@JJHG@OvCast?4pcx?$AA@
1,0x142c9c,?IsMultiPlayer@TSingleSelectionWindow@@QAA_NXZ
1,0x2c6ac,?get_total@type_AI_combat_data@@QBAJXZ
3,0x1e280,??_C@_08OPED@TBNcmag3?$AA@
1,0x20470,??A?$vector@UTObjectCell@NewmapCell@@V?$allocator@UTObjectCell@NewmapCell@@@std@@@std@@QAAAAUTObjectCell@NewmapCell@@I@Z
1,0x363f0,?get_value@type_knowledge_artifact@@UBAJPBVhero@@_N1@Z
1,0xf4eb8,??A?$vector@UTObjectCell@NewmapCell@@V?$allocator@UTObjectCell@NewmapCell@@@std@@@std@@QBAABUTObjectCell@NewmapCell@@I@Z
1,0x140898,?OnNewSetupInfoMsg@TSingleSelectionWindow@@QAA_NPAVCNetMsg@@@Z
1,0x10e678,?AI_friendly_hero_meeting@@YAXPAVhero@@0@Z
1,0xbdccc,??0?$allocator@Utype_point@@@std@@QAA@XZ
1,0xbdcd4,??1?$allocator@Utype_point@@@std@@QAA@XZ
1,0x981ec,?do_event_whirlpool@advManager@@AAAXPAVhero@@PAVNewmapCell@@_N@Z
1,0x10a41c,??0TPalette16@@QAA@PBUtagRGBQUAD@@HHHHHH@Z
3,0x1438,?iSandAnim@@3HA
1,0x8e54c,?ResetVisibility@game@@QAAXHHHHH@Z
1,0xf71d8,??1?$_STL_alloc_proxy@PAVCObject@@V1@V?$allocator@VCObject@@@std@@@std@@QAA@XZ
3,0x60e8,??_C@_0N@BBBK@SgInWa42?4pcx?$AA@
1,0x83ee8,?UpdateCombatArea@combatManager@@QAAXHHHH@Z
1,0xc5704,?__destroy@std@@YAXPAUtype_university@@00@Z
3,0x2e3b8,?gpSoundManager@@3PAVsoundManager@@A
1,0xfb82c,?distance_type@std@@YAPAHPBVTTownEvent@@@Z
1,0x123f88,?handle_click@type_doll_slot_widget@@UAA_N_N0@Z
1,0x50a88,?DrawCurrentBinkFrame@BinkManager@@YAXXZ
3,0x2e4d8,?gpInputManager@@3PAVinputManager@@A
3,0x2e250,?gpMouseManager@@3PAVmouseManager@@A
3,0x1e3f4,??_C@_08CHDD@TBNcdw_3?$AA@
1,0x24e5c,?can_cast_spells@combatManager@@QBA_NJ_N@Z
1,0x64800,?destroy@std@@YAXPAUtype_artifact@@@Z
1,0xc54b0,?uninitialized_fill_n@std@@YAPAVhero@@PAV2@IABV2@@Z
1,0xfb600,?__copy@std@@YAPAVMonsterData@@PAV2@00Urandom_access_iterator_tag@1@PAH@Z
3,0x1b17c,??_C@_0N@FAHK@SysOpBck?4pcx?$AA@
1,0x3840,?end@?$vector@HV?$allocator@H@std@@@std@@QAAPAHXZ
1,0x283c0,?end@?$vector@JV?$allocator@J@std@@@std@@QAAPAJXZ
3,0x63dc,??_C@_0N@ECPN@SgDnTpW1?4pcx?$AA@
1,0x30334,?check_trade_supply@type_AI_player@@IAA_NQBHJQAHAAV?$vector@JV?$allocator@J@std@@@std@@@Z
1,0xe75e4,??1?$_Rb_tree@W4SpellID@@W41@U?$_Identity@W4SpellID@@@std@@U?$less@W4SpellID@@@3@V?$allocator@W4SpellID@@@3@@std@@QAA@XZ
1,0xf5098,??1?$vector@VCObjectType@@V?$allocator@VCObjectType@@@std@@@std@@QAA@XZ
3,0x1b5bc,??_C@_0M@INMK@gMoraleText?$AA@
3,0x1dadc,??_C@_08MPCA@TBCssilo?$AA@
3,0x1e058,??_C@_08NFHL@TBInmage?$AA@
3,0x636c,??_C@_0N@GDGG@SgNcTw2C?4pcx?$AA@
3,0x1cf80,??_C@_08HCD@TOCsGr2H?$AA@
1,0x8ee64,??_Etype_record_claim_town@@UAAPAXI@Z
1,0x8ee64,??_Gtype_record_claim_town@@UAAPAXI@Z
1,0x28264,??1?$vector@JV?$allocator@J@std@@@std@@QAA@XZ
1,0x6a610,??1CCombatChatEdit@@UAA@XZ
1,0xc6300,?__destroy@std@@YAXPAVCObject@@00@Z
1,0x1ae38,?SaveGame@@YA_N_N@Z
1,0xe9944,?erase@?$vector@ULODEntry@@V?$allocator@ULODEntry@@@std@@@std@@QAAPAULODEntry@@PAU3@0@Z
1,0x156a68,?Resurrect@combatManager@@QAAXW4SpellID@@HHW4TSkillMastery@@PBVhero@@@Z
1,0x878a8,?PlayStream@@YAKPAX@Z
2,0x7fa0,_IID_IDirect3DRMVisualArray
3,0x1ae94,??_C@_0N@NPKH@C07spF11?4def?$AA@
1,0x5bd00,??1TCampaignWindow@@UAA@XZ
3,0xa5e8,??_C@_0L@IEHM@cwight?4def?$AA@
3,0xa494,??_C@_0L@JMJL@cfamil?4def?$AA@
3,0x1d114,??_C@_07FLBC@TOrdwft?$AA@
3,0x6ce8,??_C@_0N@HPIC@C07spF10?4def?$AA@
1,0x129a80,?__uninitialized_fill_n_aux@std@@YAPAPAVsample@@PAPAV2@IABQAV2@U__false_type@@@Z
1,0xe9654,?compare@@YAHPBX0@Z
3,0x1a9b4,??_C@_0N@GDAF@Backlash?4wav?$AA@
3,0x601c,??_C@_0N@NDHG@SgTwTw2C?4pcx?$AA@
1,0xe7a2c,?__destroy_aux@std@@YAXPAPAVresource@@U__false_type@@@Z
1,0x147c78,??0CMapFileNameMsg@@QAA@HPADPAW4TTownType@@U_FILETIME@@@Z
1,0x1619b8,?InitializeOverviewText@@YA_NXZ
1,0x7ea04,??0type_artifact@@QAA@W4SpellID@@@Z
1,0x3b960,?__destroy_aux@std@@YAXPAUHeroDestination@@U__false_type@@@Z
1,0xfb894,?iterator_category@std@@YA?AUrandom_access_iterator_tag@1@PBUTownExtra@@@Z
1,0x19aa20,?BroadcastMessage@heroWindowManager@@QAAHHHHH@Z
2,0x7d70,_CLSID_CDirect3DRMFrameInterpolator
1,0xbfd6c,?erase@?$vector@Vboat@@V?$allocator@Vboat@@@std@@@std@@QAAPAVboat@@PAV3@0@Z
1,0x119ce4,?Close@recruitUnit@@UAAXXZ
1,0x15de34,?ExitSwapManager@swapManager@@QAAHAAUmessage@@@Z
1,0x64144,?_M_insert_overflow@?$vector@Utype_artifact@@V?$allocator@Utype_artifact@@@std@@@std@@IAAXPAUtype_artifact@@ABU3@I@Z
1,0x148ca0,??0CChatWidget@@QAA@HHHHPBD0W4TColor@font@@HIHH@Z
1,0xbf53c,??1?$_Vector_base@UTRumour@game@@V?$allocator@UTRumour@game@@@std@@@std@@QAA@XZ
1,0xd6bf8,?Recalculate@THillFortWindow@@AAAX_N@Z
1,0x1787e0,?NewStrips@TTownMenu@@QAAXXZ
2,0x8ae0,_IID_IDirectMusicStyle
1,0x9c9b8,?set_wheel_gold@ExtraInfoUnion@@QAAXF@Z
1,0x14d320,??0TSpellbookEntry@TSpellbookWindow@@QAA@W4SpellID@@W4TSpellSchool@@W4TSkillMastery@@@Z
3,0x1d7e8,??_C@_08HKPD@TOSGob2H?$AA@
2,0x8ac0,_IID_IDirectMusicTool
3,0x3c68,??_C@_0M@DEML@FMBC_se?4pcx?$AA@
3,0x3cb0,??_C@_0M@IECM@FMBE_se?4pcx?$AA@
3,0x3c20,??_C@_0M@KEJG@FMBA_se?4pcx?$AA@
1,0x129b10,?destroy@std@@YAXPAPAVsample@@@Z
3,0x7218,??_C@_0P@DFJK@pickup?$CF02d?482M?$AA@
3,0x1fb68,??_C@_0BH@MJAO@DDERR_DCALREADYCREATED?$AA@
1,0xf5b84,?clear@?$vector@UTownExtra@@V?$allocator@UTownExtra@@@std@@@std@@QAAXXZ
3,0x11fcc,??_C@_0N@OFBJ@APhlftrt?4pcx?$AA@
3,0x1d0f0,??_C@_08OBGG@TOrdwf1h?$AA@
1,0x194850,?VWDrawRiver@advManager@@QAAXHHHHH@Z
3,0x140,__imp__GetKeyState
1,0x88bd8,?Playing@ds_genericsample@@UAA_NXZ
3,0x348a4,?custom_camp_text@@3PBVTTextResource@@B
3,0x2c90,??_C@_0N@GIEN@artslots?4txt?$AA@
1,0x9e1f4,?iterator_category@std@@YA?AUrandom_access_iterator_tag@1@PBW4SpellID@@@Z
1,0x114c14,?swap@std@@YAXAAW4TSecondarySkill@@0@Z
3,0x2db30,?holding_artifact@@3Utype_artifact@@A
3,0x1f0a8,?last_hover_widget@widget@@1PAV1@A
3,0x1f458,??_C@_0BF@IFLE@DDERR_LOCKEDSURFACES?$AA@
1,0x2941c,?sort_heap@std@@YAXPAPAVarmy@@0Vfunc_moves_before@@@Z
1,0xf5074,??0?$vector@VCObjectType@@V?$allocator@VCObjectType@@@std@@@std@@QAA@ABV?$allocator@VCObjectType@@@1@@Z
3,0x1d2d4,??_C@_07PNHP@TOTGar2?$AA@
1,0x36720,?get_value@type_luck_artifact@@UBAJPBVhero@@_N1@Z
1,0xc8c10,?copy@std@@YAPAW4TArtifact@@PBW42@0PAW42@@Z
3,0xde04,??_C@_09JDK@ilckb?4def?$AA@
1,0xd9204,?GetRolloverWidget@CHSInputDlg@@UAAPAVtextWidget@@XZ
3,0x16780,?pDPlay@@3PAVCDPlayHeroes@@A
1,0x13a64,?DrawRoad@advManager@@QAAXHHHHH@Z
1,0x6a870,??1?$_STL_alloc_proxy@PAPAV?$basic_string@DU?$char_traits@D@std@@V?$allocator@D@2@@std@@PAV12@V?$allocator@PAV?$basic_string@DU?$char_traits@D@std@@V?$allocator@D@2@@std@@@2@@std@@QAA@XZ
1,0xa5eb0,?HasMobileHero@playerData@@QAA_NXZ
3,0x142e4,??_C@_1BK@IMDJ@?$AAC?$AAo?$AAm?$AAb?$AAa?$AAt?$AA?5?$AAS?$AAp?$AAe?$AAe?$AAd?$AA?$AA@
3,0x1a978,??_C@_0N@BGKA@Protectw?4wav?$AA@
3,0x1cd3c,??_C@_0N@GMHG@PROrange?4pcx?$AA@
1,0x19cd10,_atexit
1,0x19cd94,__cexit
3,0x1bc,__imp__FreeLibrary
3,0x30ac,??_C@_0N@OIBG@NeutralTheme?$AA@
1,0x35d4,??0?$allocator@D@std@@QAA@XZ
1,0x35d8,??1?$allocator@D@std@@QAA@XZ
1,0x1a65c,?SetTownContext@advManager@@QAAXH_N0@Z
1,0x7a04,?get_mouse_map_point@advManager@@QBA?AUtype_point@@XZ
1,0x28580,?deallocate@?$allocator@PAVarmy@@@std@@SAXPAPAVarmy@@I@Z
1,0x163e78,??0?$vector@PAV?$vector@PADV?$allocator@PAD@std@@@std@@V?$allocator@PAV?$vector@PADV?$allocator@PAD@std@@@std@@@2@@std@@QAA@I@Z
1,0x197104,??_Ewidget@@UAAPAXI@Z
1,0x197104,??_Gwidget@@UAAPAXI@Z
1,0x76688,?DrawAdvObjShadowImpl@CSpriteFrame@@ABAXHHHHPAGHHHHHAAVTPalette16@@_N@Z
1,0xc288c,?__stl_alloc_rebind@std@@YAAAV?$allocator@Vtown@@@1@AAV21@PBVtown@@@Z
1,0xf5bfc,?push_back@?$vector@USign@@V?$allocator@USign@@@std@@@std@@QAAXABUSign@@@Z
1,0x11dec8,?IsValidHuman@@YA_NAAV?$CAutoArray@VCDPlayPlayer@@@@K@Z
1,0x10f4,?HighlightLocators@TAdventureMapWindow@@QAAX_N@Z
1,0x6ab98,?__destroy@std@@YAXPAPAV?$basic_string@DU?$char_traits@D@std@@V?$allocator@D@2@@1@00@Z
1,0xc8b58,?capacity@?$vector@W4TArtifact@@V?$allocator@W4TArtifact@@@std@@@std@@QBAIXZ
1,0xa3178,?update_bonus@generator@@QAAXXZ
1,0xf7c24,?_M_insert_overflow@?$vector@UTObjectCell@NewmapCell@@V?$allocator@UTObjectCell@NewmapCell@@@std@@@std@@IAAXPAUTObjectCell@NewmapCell@@ABU34@I@Z
1,0xf3a24,?calc_cell_extra@NewfullMap@@AAAXAAVNewmapCell@@_N@Z
3,0x1d300,??_C@_07CAOC@TOTTit2?$AA@
3,0x1d550,??_C@_08NPKJ@TONholya?$AA@
1,0x4fddc,?swap@std@@YAXAAW4TCreatureType@@0@Z
3,0x3a70,??_C@_0M@BDNN@FMAO_se?4pcx?$AA@
3,0x39e0,??_C@_0M@DDGH@FMAK_se?4pcx?$AA@
3,0x3a28,??_C@_0M@IDIA@FMAM_se?4pcx?$AA@
3,0x3998,??_C@_0M@KDDK@FMAI_se?4pcx?$AA@
1,0xfc9f0,?__destroy_aux@std@@YAXPAUTObjectCell@NewmapCell@@0U__false_type@@@Z
2,0x5ebc,??_7TSystemOptionsWindow@@6B@
3,0x1f648,??_C@_0BA@OHCK@DDERR_OUTOFCAPS?$AA@
3,0x1fd1c,??_C@_0BF@HPBB@incompatible?5version?$AA@
3,0xb8,__imp__wvsprintfW
1,0x57ed0,??1?$vector@HV?$allocator@H@std@@@std@@QAA@XZ
2,0x6908,??_7TCastleWindow@@6B@
1,0x6a3c0,?DrawWindow@TCombatWindow@@UAAX_NHH@Z
1,0xbf91c,?deallocate@?$_STL_alloc_proxy@PAUTownExtra@@U1@V?$allocator@UTownExtra@@@std@@@std@@QAAXPAUTownExtra@@I@Z
1,0xd92c8,??_ETHighScoreWindow@@UAAPAXI@Z
1,0xd92c8,??_GTHighScoreWindow@@UAAPAXI@Z
1,0x8efa4,??_Etype_record_show_boat@@UAAPAXI@Z
1,0x8efa4,??_Gtype_record_show_boat@@UAAPAXI@Z
1,0xf9b4c,?__stl_alloc_rebind@std@@YAAAV?$allocator@VTSeerHut@@@1@AAV21@PBVTSeerHut@@@Z
2,0x2508,??_7TDialogBox@@6B@
1,0x9e9b0,?MainLoop@executive@@QAAXXZ
1,0x2c960,?allocate@?$_STL_alloc_proxy@PAUtype_monster_data@@U1@V?$allocator@Utype_monster_data@@@std@@@std@@QAAPAUtype_monster_data@@I@Z
3,0x6948,??_C@_0M@FKH@ObRgL06?4pcx?$AA@
1,0xa113c,?obscured_is_trigger@type_obscuring_object@@QBA_NXZ
1,0xc8900,?__uninitialized_copy_aux@std@@YAPAVhero@@PAV2@00U__false_type@@@Z
3,0x2ca00,?gbTextEntryEscaped@@3HA
3,0x2e4e8,?giLimitPlayer@@3HA
1,0x129390,?__stl_alloc_rebind@std@@YAAAV?$allocator@PAVsample@@@1@AAV21@PBQAVsample@@@Z
1,0x40570,?get_antimagic_value@type_AI_spellcaster@@IBAJPBVarmy@@Utype_enchant_data@@@Z
3,0xa1d8,??_C@_0L@BJF@cmonkk?4def?$AA@
1,0xd4960,?GetExperienceBonusFactor@hero@@QBAMXZ
3,0x3366c,?gOwnedByColor@@3PAPBDA
1,0x57f00,??0?$_Vector_base@HV?$allocator@H@std@@@std@@QAA@ABV?$allocator@H@1@@Z
1,0xfcdec,?__uninitialized_fill_n_aux@std@@YAPAUTObjectCell@NewmapCell@@PAU23@IABU23@U__false_type@@@Z
1,0x1436b4,?GetHeroName@TSingleSelectionWindow@@QAAPBDH@Z
1,0x198368,?base@?$reverse_iterator@PBQAVwidget@@PAV1@ABQAV1@PBQAV1@H@std@@QBAPBQAVwidget@@XZ
3,0x71d0,??_C@_0O@GBPH@defend?5castle?$AA@
1,0x153400,?find_animate_dead_target@combatManager@@QAAPAVarmy@@HH@Z
3,0x1e7cc,??_C@_08CBMA@TBStext3?$AA@
1,0x2b7c,?UpdateQuestLogButton@TAdvMenu@@QAAX_N@Z
1,0x4d730,?_M_decrement@?$_Deque_iterator_base@W4SpellID@@U?$_Buf_size_traits@W4SpellID@@$0A@@std@@@std@@QAAXXZ
1,0xc30e4,?allocate@?$_STL_alloc_proxy@PAVhero@@V1@V?$allocator@Vhero@@@std@@@std@@QAAPAVhero@@I@Z
3,0xcc30,?gfSSLogisticsMod@@3PAMA
1,0x19c8f0,_ReadFile
1,0x3c55c,?AI_value_of_morale@@YANJJ@Z
3,0x313c,??_C@_0P@ODOG@CampainMusic05?$AA@
1,0x14db24,?__unguarded_partition@std@@YAPAVTSpellbookEntry@TSpellbookWindow@@PAV23@0V23@@Z
1,0x166408,??0town@@QAA@XZ
3,0x1e2a4,??_C@_08FEMB@TBNctvrn?$AA@
3,0x1e6f4,??_C@_08HMLA@TBStcas3?$AA@
1,0x89aa0,_ResetEvent
1,0xc2e48,?size@?$vector@PAVCSprite@@V?$allocator@PAVCSprite@@@std@@@std@@QBAIXZ
1,0xec6a4,??1NewfullMap@@QAA@XZ
3,0x1b278,??_C@_0N@CHOD@objnames?4txt?$AA@
1,0x19c65c,__fltused
2,0x8020,_IID_IDirect3DRMProgressiveMesh
1,0x89400,?ClearTrash@ds_engine@@AAAXXZ
1,0xc5d94,?uninitialized_copy@std@@YAPAW4TArtifact@@PBW42@0PAW42@@Z
3,0x31668,?chatMan@@3VCChatManager@@A
3,0x1d700,??_C@_08ICPE@TODdra1a?$AA@
3,0xa95c,??_C@_0L@KEEH@cdrfly?4def?$AA@
1,0xc5678,?value_type@std@@YAPAVgenerator@@PBV2@@Z
1,0x1474b8,??0GameSelectionHeadersStruct@@QAA@XZ
1,0x168bb8,?GetTypeName@town@@QBAQBDXZ
3,0x1f27c,?lpDD@@3PAUIDirectDraw4@@A
1,0x63fac,?deallocate@?$allocator@UTObstacle@combatManager@@@std@@SAXPAUTObstacle@combatManager@@I@Z
1,0x6a7d4,??1?$allocator@PAV?$basic_string@DU?$char_traits@D@std@@V?$allocator@D@2@@std@@@std@@QAA@XZ
1,0x8cb88,?create@type_record_claim_mine@@SAPAVtype_event_record@@XZ
1,0x50a00,?begin@?$vector@PAV?$vector@PADV?$allocator@PAD@std@@@std@@V?$allocator@PAV?$vector@PADV?$allocator@PAD@std@@@std@@@2@@std@@QBAPBQAV?$vector@PADV?$allocator@PAD@std@@@2@XZ
1,0x847dc,?DrawBackground@combatManager@@QAAXXZ
1,0x28d60,?__destroy@std@@YAXPAPAVarmy@@00@Z
1,0x79294,?Clip@CSpriteFrame@@ABAXAAH00000HH_N1@Z
2,0x25a0,??_7TSkuttleBoatWindow@@6B@
1,0x8a28c,?DestroyPlayer@CDPlay@@UAA_NK@Z
1,0xa65d4,?get_new_boat_id@game@@QAAHXZ
1,0xc30bc,?resize@?$vector@JV?$allocator@J@std@@@std@@QAAXI@Z
1,0x21644,?destroy@std@@YAXPAUtype_dialog_resource@@@Z
3,0x2e280,?gpPhilAI@@3PAVphilAI@@A
3,0x1e5a4,??_C@_08EBMJ@TBDnhrd4?$AA@
3,0x1de18,??_C@_08IJFH@TBRmup_3?$AA@
1,0x3a680,?value_type@std@@YAPAUtype_creature_source@@PBU2@@Z
1,0x1287b0,?insert@?$basic_string@DU?$char_traits@D@std@@V?$allocator@D@2@@std@@QAAPADPADD@Z
3,0x1df74,??_C@_08LIJB@TBTwhrd4?$AA@
1,0x514c,??1TAdventureOptionsWindow@@UAA@XZ
1,0x2225c,?DimensionDoor@advManager@@QAAXW4TSkillMastery@@@Z
1,0xbd45c,?start@CTimer@@QAAXXZ
3,0x13c54,??_C@_0BO@PNHI@Heroes?5of?5Might?5and?5Magic?5III?$AA@
3,0x1682c,??_C@_0CA@FBHC@?$CK?$CK?$CK?$CK?$CK?$CK?$CK?$CKPlayer?5dropped?9?9?9?9?$DO?$FL?$CFd?$FN?$AA@
1,0x175160,?Main@townManager@@UAAHAAUmessage@@@Z
3,0x17c,__imp__CreateFileForMappingW
1,0x1134,?UpdateQuestLogButton@TAdventureMapWindow@@QAAX_N@Z
1,0xe74d8,??0TNormalDialogInfo@@QAA@ABU0@@Z
1,0xec4fc,??0NewfullMap@@QAA@XZ
1,0x21600,?__uninitialized_fill_n_aux@std@@YAPAUtype_dialog_resource@@PAU2@IABU2@U__false_type@@@Z
1,0x38784,??0?$vector@Utype_creature_source@@V?$allocator@Utype_creature_source@@@std@@@std@@QAA@ABV?$allocator@Utype_creature_source@@@1@@Z
1,0x4b190,?BottomY@army@@QBAHXZ
3,0x43b4,?bitNumber@@3PA_JA
1,0xfc4f0,?__uninitialized_copy@std@@YAPAVTreasureData@@PAV2@000@Z
1,0x10902c,?UpdateRollover@TOverviewWindow@@AAAXPAD@Z
1,0xff448,?GetPointerPosition@mouseManager@@AAAXXZ
1,0x67a40,?DoModal@TCombatOptionsWindow@@QAAXXZ
1,0x103494,?get_alignment_count@@YAJE@Z
1,0x13fd74,?HandleNetMsg@TSingleSelectionWindow@@QAA_NPAVCNetMsg@@AA_N@Z
3,0x1f0,__imp__WriteFile
3,0x31d58,?myContext@@3PAUcontext@@A
1,0x1732a8,?do_monster_join_dialog@@YAXPAVhero@@AAVarmyGroup@@@Z
3,0x168d0,??_C@_0BG@PNLN@E?3?2gamedcs?2remote?4cpp?$AA@
1,0x57130,??0button@@QAA@HHHHHPBDHH_NHH1@Z
1,0x9c898,?GetScholarAward@ExtraInfoUnion@@QBA?AW4ScholarAwards@@XZ
1,0xcc220,?HasArtifact@hero@@QBAHH@Z
3,0x1dab8,??_C@_08LNIG@TBCshal3?$AA@
1,0x1faf0,?get_witch_skill@ExtraInfoUnion@@QBA?AW4TSecondarySkill@@XZ
1,0xb0188,?Save@NewSMapHeader@@QAAHPAX@Z
1,0xbcac8,?SetWagon@ExtraInfoUnion@@QAAXW4EGameResource@@F@Z
3,0x11120,??_C@_0N@DFHD@HPS017Rn?4PCX?$AA@
3,0x11110,??_C@_0N@DGJP@HPL016Rn?4PCX?$AA@
3,0x11960,??_C@_0N@LBCD@HPS083Ov?4PCX?$AA@
3,0x11950,??_C@_0N@LCMP@HPL082Ov?4PCX?$AA@
1,0x116348,??_ETPuzzleWindow@@UAAPAXI@Z
1,0x116348,??_GTPuzzleWindow@@UAAPAXI@Z
1,0x119d98,?siege_artifact_to_creature@@YA?AW4TCreatureType@@W4TArtifact@@@Z
1,0x1261e4,?pick_up_artifact@type_sacrifice_window@@AAAXUtype_artifact@@W4TArtifactSlot@@_N@Z
1,0x125998,?update_experience@type_sacrifice_window@@AAAXXZ
1,0x28400,??0?$_Vector_base@JV?$allocator@J@std@@@std@@QAA@ABV?$allocator@J@1@@Z
1,0x5ef54,?GetBackgroundName@combatManager@@QAAPBDXZ
3,0x115d0,??_C@_0N@BEKH@HPL054Hr?4PCX?$AA@
1,0x8dfe0,?record_claim_mine@game@@QAAXJJ@Z
1,0x8d688,?undo@type_record_hide_hero@@UAAXXZ
1,0xd41fc,?GetMorale@hero@@QBAHPBV1@_N1@Z
1,0xebe3c,?loadTownEventList@NewfullMap@@QAAHPAX@Z
1,0x114be0,?set_mana@type_spellvalue@@QAAXJ@Z
1,0x18f91c,?exit_click@type_university_window@@KAHAAUmessage@@@Z
1,0x3662c,?get_value@type_morale_artifact@@UBAJPBVhero@@_N1@Z
1,0xc5ac0,?iterator_category@std@@YA?AUrandom_access_iterator_tag@1@PBVmine@@@Z
1,0xd5710,?GetHeroSpellBonus@hero@@QBAHW4SpellID@@HH@Z
1,0xd7124,?UpgradeSlot@THillFortWindow@@AAAXH_N@Z
1,0xd7bcc,?Main@highScoreManager@@UAAHAAUmessage@@@Z
1,0xf4d68,??0?$allocator@USecondarySkillData@@@std@@QAA@XZ
1,0xebd24,?saveTownEventList@NewfullMap@@QAAHPAX@Z
1,0x147e3c,??0CSetAGRMsg@@QAA@HH@Z
1,0x1f124,?GetMap@Bitmap16Bit@@QAAPAGHH@Z
1,0x4ca7c,?GetMap@Bitmap16Bit@@QBAPBGHH@Z
1,0x57020,??1TBottomViewKingdom@@UAA@XZ
3,0xb540,??_C@_0M@PIDJ@Sign?5failed?$AA@
3,0x11ac0,??_C@_0N@IEND@HPS094Wl?4PCX?$AA@
1,0xf4d70,??1?$allocator@USecondarySkillData@@@std@@QAA@XZ
1,0x729d0,?DrawAdvObjShadow@CSprite@@QBAXHHHHHPAGHHHHH_N@Z
1,0xbcd58,??0TCustomCampaignTraits@@QAA@XZ
1,0xbe394,?size@?$vector@Utype_university@@V?$allocator@Utype_university@@@std@@@std@@QBAIXZ
1,0x1296e0,?__destroy@std@@YAXPAPAVtextWidget@@00@Z
1,0x31ac,?Activate@CGameChatEdit@@UAAXXZ
1,0x6bea4,?GetPointer@combatManager@@QAAHHH@Z
1,0xfacf0,?fill@std@@YAXPAVBlackBoxData@@0ABV2@@Z
1,0x123098,?allocate@?$_STL_alloc_proxy@PAU?$_Rb_tree_node@U?$pair@$$CBVTCacheMapKey@ResourceManager@@PAVresource@@@std@@@std@@U12@V?$allocator@U?$pair@$$CBVTCacheMapKey@ResourceManager@@PAVresource@@@std@@@2@@std@@QAAPAU?$_Rb_tree_node@U?$pair@$$CBVTCacheMa0aeb366c
3,0x1fcc4,??_C@_0L@JPFB@stream?5end?$AA@
2,0x8370,_GUID_CustomForce
1,0x73b10,?SpriteDataDelete@CSprite@@QBAXXZ
1,0xf5ef0,??0?$reverse_iterator@PAUTObjectCell@NewmapCell@@U12@AAU12@PAU12@H@std@@QAA@XZ
1,0x120004,?Get@?$CAutoArray@VCDPlayPlayer@@@@UAAPAVCDPlayPlayer@@K@Z
3,0x11710,??_C@_0N@JEAP@HPL064Dk?4PCX?$AA@
3,0x11c80,??_C@_0N@LIDN@HPS108Bm?4PCX?$AA@
1,0x14b500,?SwitchAmbientMusic@soundManager@@QAAXH@Z
3,0x1ea78,??_C@_08LDLF@TBFrup_4?$AA@
1,0x1190,?ClearBottomView@TAdventureMapWindow@@QAAXXZ
1,0x27e0,?HighlightLocators@TAdvMenu@@QAAX_N@Z
1,0x5518c,??0TBottomViewNewTurn@@QAA@PAVheroWindow@@@Z
3,0xaec4,??_C@_1EI@LKOJ@?$AAC?$AAo?$AAu?$AAl?$AAd?$AA?5?$AAn?$AAo?$AAt?$AA?5?$AAc?$AAr?$AAe?$AAa?$AAt?$AAe?$AA?5?$AAj?$AAo?$AAy@
3,0x11d60,??_C@_0N@NDNN@HPS115Bs?4PCX?$AA@
3,0x1f9d4,??_C@_0BB@LKO@DDERR_NODDROPSHW?$AA@
3,0x7070,??_C@_06KLJG@?$CFd?$CI?$CFd?$CJ?$AA@
3,0x110d0,??_C@_0N@OEFM@HPL014Cl?4PCX?$AA@
1,0xf4e18,?rbegin@?$vector@UTObjectCell@NewmapCell@@V?$allocator@UTObjectCell@NewmapCell@@@std@@@std@@QAA?AV?$reverse_iterator@PAUTObjectCell@NewmapCell@@U12@AAU12@PAU12@H@2@XZ
3,0x1db30,??_C@_08EOBG@TBCsext1?$AA@
1,0x1ab8,?WindowHandler@TAdvMenu@@UAAHAAUmessage@@@Z
1,0x10520,?UpdateScreen@advManager@@QAAXHH@Z
3,0x2ba0,??_C@_0N@LDJP@LightBlt?4wav?$AA@
3,0xade8,??_C@_0L@DCMC@chs_defeat?$AA@
3,0x11140,??_C@_0N@IIDG@HPS018Rn?4PCX?$AA@
1,0x11b96c,??0CDPlayHeroes@@QAA@XZ
2,0x8710,_CLSID_DirectMusicSegmentState
1,0x23014,?Width@SLimitData@@QBAHXZ
1,0xa19a0,?TeleportTo@army@@QAAHH_N@Z
1,0xc8eb0,??_GCObjectType@@QAAPAXI@Z
3,0x118c0,??_C@_0N@LIMI@HPS078Nc?4PCX?$AA@
1,0xc35c8,?allocate@?$allocator@Utype_university@@@std@@QBAPAUtype_university@@IPBX@Z
1,0xd4b08,?GetFirstAidFactor@hero@@QBAMXZ
1,0x14df44,?__unguarded_linear_insert@std@@YAXPAVTSpellbookEntry@TSpellbookWindow@@V23@@Z
3,0x1b0f0,??_C@_0N@IDGC@MagicRes?4wav?$AA@
3,0x1d424,??_C@_07MHDE@TOipit1?$AA@
1,0xaf64c,?Read@NewSMapHeader@@QAAHPAX@Z
1,0x12d854,?LoadSeerList@TSeerHut@@SAHPAX@Z
1,0xc2044,?construct@std@@YAXPAVCObject@@ABV2@@Z
1,0xfb520,?distance_type@std@@YAPAHPBQAVCSprite@@@Z
1,0x11c268,?SetNetMsgHandler@CDPlayHeroes@@QAAXPAVCNetMsgHandler@@@Z
1,0x18e3bc,_uncompress@16
1,0x290e0,??E?$_Deque_iterator@W4SpellID@@U?$_Nonconst_traits@W4SpellID@@@std@@U?$_Buf_size_traits@W4SpellID@@$0A@@3@@std@@QAAAAU01@XZ
1,0x4d714,??F?$_Deque_iterator@W4SpellID@@U?$_Nonconst_traits@W4SpellID@@@std@@U?$_Buf_size_traits@W4SpellID@@$0A@@3@@std@@QAAAAU01@XZ
1,0x8405c,?ScrollTo@combatManager@@QAA_NUSLimitData@@_N11@Z
1,0xf5854,??0?$vector@VTTimedEvent@@V?$allocator@VTTimedEvent@@@std@@@std@@QAA@ABV?$allocator@VTTimedEvent@@@1@@Z
3,0x11bf0,??_C@_0N@PBNC@HPL103Br?4PCX?$AA@
3,0x11bc0,??_C@_0N@PCDO@HPS102Br?4PCX?$AA@
3,0x1d978,??_C@_08PMNG@TOFFly1a?$AA@
3,0x104,__imp__InitializeCriticalSection
1,0x8a1d0,?UpdateSessionDesc@CDPlay@@UAA_NPAUDPSESSIONDESC2@@@Z
1,0x1208e4,?__copy@std@@YAPAPAPAVCNetMsg@@PAPAPAV2@00Urandom_access_iterator_tag@1@PAH@Z
1,0x203c0,??A?$bitset@$0DA@K@std@@QAA?AUreference@01@I@Z
1,0x50924,??A?$bitset@$0BC@K@std@@QAA?AUreference@01@I@Z
3,0x112b0,??_C@_0N@PHIB@HPL029Dr?4PCX?$AA@
1,0xf5aa0,??A?$bitset@$0EG@K@std@@QAA?AUreference@01@I@Z
3,0x1b1a4,??_C@_0M@HOAM@sorstrt?4def?$AA@
1,0x16e43c,?WindowHandler@TThievesGuildWindow@@UAAHAAUmessage@@@Z
1,0x380a8,??0CGiftRequestMsg@@QAA@HH@Z
1,0xd920c,?WindowHandler@CHSInputDlg@@UAAHAAUmessage@@@Z
1,0x165114,?Draw@iconBackedTextWidget@@UBAXXZ
1,0x167378,?CanBuildDock@town@@QBA_NXZ
1,0xd5508,?get_hit_point_bonus@hero@@QBAJXZ
1,0x11ae58,??0recruitUnit@@QAA@PAVtown@@HH@Z
1,0xf6030,?erase@?$vector@USecondarySkillData@@V?$allocator@USecondarySkillData@@@std@@@std@@QAAPAUSecondarySkillData@@PAU3@0@Z
1,0x158910,?DrawIcons@strip@@QAAX_NW4TCreatureType@@@Z
1,0x823d8,?FindNextSame@CDiffMaker@@IAA_NHHAAH0@Z
1,0xc7130,?copy_backward@std@@YAPAW4TArtifact@@PAW42@00@Z
1,0x11ba38,??1CDPlayHeroes@@UAA@XZ
1,0x11cf34,?TransmitRemoteDataDPID@@YAHPAVCNetMsg@@K_N1@Z
1,0x70b90,??0?$vector@Utype_artifact@@V?$allocator@Utype_artifact@@@std@@@std@@QAA@ABV?$allocator@Utype_artifact@@@1@@Z
3,0x1aa74,??_C@_0M@DGJM@Fortune?4wav?$AA@
1,0x8a678,?Receive@CDPlay@@UAA_NPAK0PAVCDPlayMsg@@K@Z
3,0x1a80c,??_C@_0M@NFPK@Visions?4wav?$AA@
1,0x5714,?InitializeCreatureGeneratorNames@@YA_NXZ
3,0x104c,??_C@_0BB@LOOO@ajpzhpuerwbvpvat?$AA@
1,0x1eff0,??0TDrawParts@@QAA@XZ
1,0xe8020,?SetNoDialogMenus@@YAXH@Z
1,0x3844,?erase@?$vector@HV?$allocator@H@std@@@std@@QAAPAHPAH0@Z
1,0x54618,?Draw@coloredBorder@@UBAXXZ
1,0x9d844,?uninitialized_fill_n@std@@YAPAW4SpellID@@PAW42@IABW42@@Z
1,0x164a74,?__copy_backward@std@@YAPAPADPAPAD00Urandom_access_iterator_tag@1@PAH@Z
1,0x188518,?DoFreelancersGuild@@YAXXZ
3,0x164,__imp__DestroyWindow
1,0xff484,?CheckUpdate@mouseManager@@QAAXXZ
1,0x181a88,??0TTradeResourceWindow@@QAA@HH@Z
3,0xfb0,?_S_heap_size@?$__node_alloc@$0A@$0A@@std@@0IA
1,0x2c8b0,??0?$_Vector_base@Utype_monster_data@@V?$allocator@Utype_monster_data@@@std@@@std@@QAA@IABV?$allocator@Utype_monster_data@@@1@@Z
1,0x80198,_BinkOpenMiles
3,0x32840,?currentLoop@@3HA
1,0x10640,?DrawAdventureMapGems@advManager@@QAAXXZ
2,0xe34,??_7TBottomViewMessage@@6B@
1,0x8ee10,??1type_record_claim_mine@@UAA@XZ
1,0x8f0cc,??_Etype_record_hide_hero@@UAAPAXI@Z
1,0x8f0cc,??_Gtype_record_hide_hero@@UAAPAXI@Z
1,0x1785c8,??1TTownMenu@@UAA@XZ
3,0x1e2b0,??_C@_08JOOB@TBNcdock?$AA@
1,0x188d50,?SetWidgetOn@TGiveResourceWindow@@AAAXF@Z
1,0x8e2bc,?record_player_death@game@@QAAXD@Z
1,0x951f4,?DoEventScholar@advManager@@AAAXPAVhero@@PAVNewmapCell@@Utype_point@@_N@Z
1,0x9e000,?copy_backward@std@@YAPAW4SpellID@@PAW42@00@Z
1,0xbd630,??1playerData@@QAA@XZ
1,0xea2ec,??0TMainMenu@@QAA@XZ
3,0x90,__imp__atan
3,0x94,__imp__atoi
3,0x13c,__imp__atof
1,0x39fbc,?allocate@?$_STL_alloc_proxy@PAUtype_creature_source@@U1@V?$allocator@Utype_creature_source@@@std@@@std@@QAAPAUtype_creature_source@@I@Z
1,0x433d4,?__uninitialized_copy_aux@std@@YAPAPAVarmy@@PBQAV2@0PAPAV2@U__false_type@@@Z
3,0x6f10,??_C@_0M@HMH@BadMrle?4wav?$AA@
1,0x5ae10,??0CampaignHeaderStruct@TCampaignBrief@@QAA@XZ
1,0x5ade8,??1CampaignHeaderStruct@TCampaignBrief@@QAA@XZ
3,0x1ea30,??_C@_08ICNF@TBFrdw_2?$AA@
3,0xa548,??_C@_0L@CMBL@cefree?4def?$AA@
1,0x64214,?_M_increment@?$_Rb_global@_N@std@@SAXPAU_Rb_tree_base_iterator@2@@Z
3,0x5b00,??_C@_08GFDM@CH09?4DEF?$AA@
3,0x5a94,??_C@_08MEDD@CH00?4DEF?$AA@
1,0xc74a8,?__uninitialized_copy@std@@YAPAVhero@@PAV2@000@Z
1,0x1583c8,?_S_key@?$_Rb_tree@W4SpellID@@W41@U?$_Identity@W4SpellID@@@std@@U?$less@W4SpellID@@@3@V?$allocator@W4SpellID@@@3@@std@@KAABW4SpellID@@PAU?$_Rb_tree_node@W4SpellID@@@2@@Z
1,0x6a888,??0?$_STL_alloc_proxy@PAPAV?$basic_string@DU?$char_traits@D@std@@V?$allocator@D@2@@std@@PAV12@V?$allocator@PAV?$basic_string@DU?$char_traits@D@std@@V?$allocator@D@2@@std@@@2@@std@@QAA@ABV?$allocator@PAV?$basic_string@DU?$char_traits@D@std@@V?$allo7d1e4a36
1,0xdf91c,?EarlySetup@@YAHXZ
1,0x1221fc,?GetSoundFile@ResourceManager@@YA_NPADAAPAXAAPAUSoundHeaderStruct@@AAH@Z
2,0x8c20,__IMPORT_DESCRIPTOR_COREDLL
1,0x315d8,?add_creatures@type_AI_creature_swapper@@IAAXW4TCreatureType@@FF@Z
1,0x62478,?ViewArmy@combatManager@@QAAXPAVarmy@@H@Z
1,0x71f20,??0CSequence@@AAA@H@Z
3,0x1df50,??_C@_08HMOB@TBTwext1?$AA@
1,0x177044,?DrawTown@townManager@@QAAXHH_N@Z
3,0x1548,?LoopingSampleNames@@3PAPBDA
3,0x1358,?cursorFilenames@@3PAPBDA
1,0xa55a8,?save@playerData@@QAAHPAX@Z
1,0x143444,?GetDisplayFace@TSingleSelectionWindow@@QAA?AW4THeroID@@H@Z
1,0x163788,??_ECTextEntrySave@@UAAPAXI@Z
1,0x163788,??_GCTextEntrySave@@UAAPAXI@Z
3,0x1e580,??_C@_08IFLJ@TBDnext1?$AA@
3,0xa5b8,??_C@_04GNE@zomb?$AA@
1,0x15802c,?LoadSpellEffect@combatManager@@QAAPAVCSprite@@H@Z
1,0x103150,?Delete@?$CAutoArray@VCDPlaySession@@@@UAA_NK@Z
3,0x16c,__imp__PeekMessageW
1,0x4cf4,??0TAdventureOptionsWindow@@QAA@XZ
1,0xfb054,?copy_backward@std@@YAPAVTTownEvent@@PAV2@00@Z
1,0x126cc4,?return_artifact@type_sacrifice_window@@AAAXABUtype_artifact_offering@@@Z
3,0x2cac,?PlayingBink@BinkManager@@3_NA
1,0x1770bc,??0TTownMenu@@QAA@XZ
3,0x1d480,??_C@_07PINH@TONMag2?$AA@
3,0x1e8a4,??_C@_08EKKF@TBFrmag2?$AA@
1,0x19c878,_wvsprintfW
1,0xfc1ec,?__uninitialized_fill_n@std@@YAPAUSecondarySkillData@@PAU2@IABU2@0@Z
1,0x31ed4,??0type_AI_creature_purchaser@@QAA@JPAVtown@@@Z
1,0xa4cc8,??0playerData@@QAA@XZ
1,0xea578,??1TMainMenu@@UAA@XZ
1,0x15cea4,?UpdateBackpack@swapManager@@AAAXH@Z
3,0x1d594,??_C@_07EACG@TONBkn1?$AA@
1,0x63e6c,?_M_rightmost@?$_Rb_tree@W4SpellID@@W41@U?$_Identity@W4SpellID@@@std@@U?$less@W4SpellID@@@3@V?$allocator@W4SpellID@@@3@@std@@IBAAAPAU?$_Rb_tree_node@W4SpellID@@@2@XZ
3,0x31d20,?tew@@3PAPAVtextEntryWidget@@A
1,0x8c2b4,?Insert@?$CAutoArray@VCDPlayAddressElement@@@@UAA_NKPAVCDPlayAddressElement@@@Z
1,0x8eda0,??0type_record_claim_mine@@IAA@XZ
3,0x2e540,?hInstApp@@3PAXA
1,0xbc868,??0CObject@@QAA@EEEGK@Z
1,0xd49a8,?GetLogisticsFactor@hero@@QBAMXZ
1,0x128be0,?begin@?$vector@PAVsample@@V?$allocator@PAVsample@@@std@@@std@@QAAPAPAVsample@@XZ
1,0x420ac,?set_melee_enemies@type_AI_spellcaster@@IAAXXZ
1,0x19c920,_EventModify
1,0x5af18,??_Ggame@@QAAPAXI@Z
1,0x69cdc,?ProcessRightSelect@TCombatWindow@@QAA_NABUmessage@@@Z
1,0x39200,??1?$_STL_alloc_proxy@PAUtype_creature_source@@U1@V?$allocator@Utype_creature_source@@@std@@@std@@QAA@XZ
3,0x1d880,??_C@_08IOHC@TOSCyc2a?$AA@
1,0x198814,?IsDirectory@CFindFile@@QAA_NXZ
1,0x19ca1c,_SetCapture
3,0x32814,?numVideo@@3HA
1,0x35a10,?AI_get_ship_cost@@YAJPBVhero@@Utype_point@@@Z
1,0x85f1c,?DrawCreatureAndHeroSubwindows@combatManager@@QAAHXZ
1,0x19c1bc,?FadeToBlack@heroWindowManager@@QAAXH_N@Z
1,0x19c824,_OutputDebugStringW
1,0x20448,??0?$allocator@PAVresource@@@std@@QAA@XZ
1,0x20450,??1?$allocator@PAVresource@@@std@@QAA@XZ
1,0x47c74,?enemy_is_adjacent@army@@QBA_NPBV1@@Z
3,0xab4c,??_C@_09GMHI@SpriteDef?$AA@
1,0x20b9c,?deallocate@?$_STL_alloc_proxy@PAUtype_dialog_resource@@U1@V?$allocator@Utype_dialog_resource@@@std@@@std@@QAAXPAUtype_dialog_resource@@I@Z
1,0x129394,?allocate@?$_STL_alloc_proxy@PAUtype_artifact_offering@@U1@V?$allocator@Utype_artifact_offering@@@std@@@std@@QAAPAUtype_artifact_offering@@I@Z
3,0xb0,__imp__SendMessageW
1,0x14b08,?GetCell@advManager@@QAAPAVNewmapCell@@HHH@Z
1,0x6be74,?ValidAttackHex@combatManager@@QAAHH@Z
3,0x1e508,??_C@_08HGCJ@TBDnhal3?$AA@
3,0xacc0,??_C@_0L@HKG@cs_prewalk?$AA@
1,0x72418,?AddFrame@CSprite@@QAAXHPBD@Z
1,0xbac04,?SetupNewRumour@game@@QAAXXZ
3,0x13e1c,??_C@_0M@GEDF@mmenulg?4def?$AA@
3,0x1cf14,??_C@_08CJLG@TOCsH101?$AA@
2,0x7c70,_IID_IDirect3DVertexBuffer
3,0x16600,??_C@_0N@CGKE@heroqvbk?4pcx?$AA@
3,0x34f84,?gRecruitHelp@@3PAUTHelpText@@A
2,0x8570,_IID_IDirectMusicDownload
3,0x603c,??_C@_0N@HIN@SgInDrw2?4pcx?$AA@
1,0xbed90,??0?$_Vector_base@Vtown@@V?$allocator@Vtown@@@std@@@std@@QAA@ABV?$allocator@Vtown@@@1@@Z
1,0xbe274,?size@?$vector@Vboat@@V?$allocator@Vboat@@@std@@@std@@QBAIXZ
1,0xf5e3c,?clear@?$vector@Vboat@@V?$allocator@Vboat@@@std@@@std@@QAAXXZ
3,0x1dc68,??_C@_08HAEH@TBRmmag5?$AA@
1,0x103824,?ShowScenInfo@game@@QAAXXZ
3,0x17e84,??_C@_0BC@MDAN@?$HL?$CFs?$HN?6?$CFs?1?$CFs?5?$CFs?3?5?$CFd?$AA@
3,0x1db54,??_C@_08IKGG@TBCshrd4?$AA@
1,0x69268,?DoModal@TCombatResultsWindow@@QAAXXZ
1,0x69e00,?ClearCombatMessages@TCombatWindow@@QAAXXZ
3,0x3801c,?iVWCenterOffsetW@@3HA
1,0x9a94,?ProcessDeSelect@advManager@@QAAHABUmessage@@AA_NAAUtype_point@@AAPAVNewmapCell@@@Z
1,0x64330,?__stl_alloc_rebind@std@@YAAAV?$allocator@U?$_Rb_tree_node@W4SpellID@@@std@@@1@AAV?$allocator@W4SpellID@@@1@PBU?$_Rb_tree_node@W4SpellID@@@1@@Z
1,0x198320,?end@?$vector@PAVwidget@@V?$allocator@PAVwidget@@@std@@@std@@QBAPBQAVwidget@@XZ
2,0x8410,_DPAID_TotalSize
1,0x718fc,?IsBaseCreature@@YA_NW4TCreatureType@@@Z
3,0x1ded8,??_C@_08IPHB@TBTwhal3?$AA@
1,0x3600,?end@?$vector@PAVwidget@@V?$allocator@PAVwidget@@@std@@@std@@QAAPAPAVwidget@@XZ
2,0x56d0,??_7CTeamAlignmentDlg@@6B@
3,0x2c514,?sgheader@@3USavedGameHeader@@A
1,0xe3ce4,?ShutDown@@YAXPBD@Z
3,0x1dddc,??_C@_08LIDH@TBRmdw_5?$AA@
1,0x190244,?CheckForHeroDefeatWin@VictoryConditionStruct@@QAA_NHPBVhero@@@Z
3,0x1f444,??_C@_0BC@KBCO@DDERR_INVALIDRECT?$AA@
1,0x69fbc,?combat_message@TCombatWindow@@QAAXPBD_N1@Z
1,0x8d7c0,?create@type_record_show_hero@@SAPAVtype_event_record@@XZ
1,0xc8d40,?__destroy_aux@std@@YAXPAVboat@@U__false_type@@@Z
1,0x123b54,??1ResolutionSwitch@@UAA@XZ
3,0x1f5d0,??_C@_0BI@NPCF@DDERR_NOT4BITCOLORINDEX?$AA@
1,0xa5bf4,?LoadHeroPool@game@@AAAHPAX@Z
1,0xf54f4,?push_back@?$vector@VMonsterData@@V?$allocator@VMonsterData@@@std@@@std@@QAAXABVMonsterData@@@Z
1,0x27e9c,?get_backpack@hero@@QBAABUtype_artifact@@J@Z
1,0x80170,_SmackOpen
1,0xc6cfc,?__uninitialized_fill_n@std@@YAPAVgarrison@@PAV2@IABV2@0@Z
1,0xd3ad0,?remove_artifact@hero@@QAAXW4TArtifactSlot@@@Z
1,0x188e78,?SetWidgetDisabled@TBuyArtifactWindow@@AAAXF@Z
3,0x1a8f0,??_C@_0L@HIKO@Meteor?4wav?$AA@
1,0x18b540,?WindowHandler@TTradeResourceWindow@@UAAHAAUmessage@@@Z
1,0x19c608,_zError@4
1,0x72a58,?DrawPointer@CSprite@@QBAXHPAGHHHHH_N@Z
1,0x435c,?destroy@std@@YAXPAPAVwidget@@0@Z
3,0xd2a0,?gTownEligibleBuildMask@@3PA_JA
1,0xc8d70,?__destroy_aux@std@@YAXPAUTRumour@game@@U__false_type@@@Z
3,0x1ebe0,??_C@_0N@LFMC@hallcstl?4def?$AA@
1,0x56bbc,?sum_mobility@TBottomViewEnemyTurn@@AAAJJ@Z
1,0x8aa5c,?AddConnectionEnum@CDPlay@@MAA_NPBU_GUID@@PAXKPBUDPNAME@@K@Z
1,0x122ab8,?_Rb_tree_rotate_right@std@@YAXPAU_Rb_tree_node_base@1@AAPAU21@@Z
1,0x888bc,?SetVolume@ds_genericsample@@QAA_NE@Z
1,0x4eb50,?HasAllUndead@armyGroup@@QBA_NXZ
3,0x6e08,??_C@_0M@ENON@CmBkMag?4pcx?$AA@
1,0x8d7ec,?load@type_record_show_hero@@UAA_NPAX@Z
1,0x8d860,?save@type_record_show_hero@@UAA_NPAX@Z
1,0x9c840,?GardenIsFull@ExtraInfoUnion@@QBA_NXZ
3,0x1e10c,??_C@_08GKKO@TBInsilo?$AA@
1,0x36afc,?get_value@type_antimorale_artifact@@UBAJPBVhero@@_N1@Z
1,0x28840,?destroy@std@@YAXU?$_Deque_iterator@W4SpellID@@U?$_Nonconst_traits@W4SpellID@@@std@@U?$_Buf_size_traits@W4SpellID@@$0A@@3@@1@0@Z
3,0xb710,??_C@_09CGHB@Nomad?4wav?$AA@
1,0x17a7a0,?SetRolloverText@TTavernWindow@@QAAXH@Z
1,0x61cc,?HandleGiftMsg@CAdvMgrNetMsgHandler@@MAAXPAVCNetMsg@@@Z
1,0x128468,?sacrifice@type_skeleton_window@@CAHAAUmessage@@@Z
3,0x31cc4,?TurnDurations@@3PAPBDA
3,0x1b424,??_C@_0BC@BAKH@Adventure?5Options?$AA@
1,0x13fc8,?DrawShroud@advManager@@QAAXHHHHH@Z
1,0xf6bd4,??0?$_Vector_base@VBlackBoxData@@V?$allocator@VBlackBoxData@@@std@@@std@@QAA@ABV?$allocator@VBlackBoxData@@@1@@Z
3,0x311f0,?textWidgetTitle@@3PAPAVtextWidget@@A
2,0x7f90,_IID_IDirect3DRMFrameArray
3,0x1130,??_C@_0L@HPOG@iam004?4def?$AA@
1,0xfd43c,?__destroy_aux@std@@YAXPAVBlackBoxData@@U__false_type@@@Z
1,0x4c994,?NextFrameTime@GameTime@@YAKKJ@Z
1,0x4b624,?PlayAnimation@army@@QAAXHHH@Z
1,0x54a20,?Main@bitmapBorder@@UAAHAAUmessage@@@Z
1,0xa7320,?GenerateStandardFileName@@YAXPAD0@Z
1,0x1429e8,?BeginNewGame@TSingleSelectionWindow@@QAA_NXZ
1,0x16377c,?IsSaved@CTextEntrySave@@QAA_NXZ
1,0x85d00,?DrawSpellEffect@combatManager@@QAAHPBVCSprite@@HHH_N1@Z
1,0x11cb48,??0CChatEdit@@QAA@HHHHHPAD0HW4EJustify@font@@0HHHHHH@Z
1,0x11c5bc,?PlayerDropMsg@CChatManager@@QAAXPBDZZ
1,0x3be80,?__pop_heap_aux@std@@YAXPAUtype_creature_value@@00U?$greater@Utype_creature_value@@@1@@Z
1,0x20638,??A?$vector@PAUpathCell@@V?$allocator@PAUpathCell@@@std@@@std@@QBAABQAUpathCell@@I@Z
1,0x38a60,??A?$vector@PAUpathCell@@V?$allocator@PAUpathCell@@@std@@@std@@QAAAAPAUpathCell@@I@Z
1,0xc6fa0,?fill@std@@YAXPAUtype_creature_bank@@0ABU2@@Z
1,0x477b8,?get_attack_modifier@army@@QBAJPBV1@_N@Z
1,0x53540,??1Bitmap8Bit@@UAA@XZ
1,0x73bf4,?SpriteDataReload@CSprite@@QBAXXZ
3,0xb660,??_C@_03IPBC@?$CFs?4?$AA@
1,0xc2efc,?allocate@?$_STL_alloc_proxy@PAUtype_point@@U1@V?$allocator@Utype_point@@@std@@@std@@QAAPAUtype_point@@I@Z
3,0x1399c,??_C@_0N@MDIE@Win?5Scenario?$AA@
1,0xfd868,?Random@@YAHHH@Z
1,0x14ecbc,?InitiateSpell@combatManager@@QAAXW4SpellID@@@Z
3,0x2c608,?hMainWindow@@3PAXA
3,0x1d758,??_C@_07NLBI@TOSMag2?$AA@
1,0x30c8,?OnKeyPress@CGameChatEdit@@UAAHAAUmessage@@@Z
1,0x28d08,?value_type@std@@YAPAW4SpellID@@ABU?$_Deque_iterator@W4SpellID@@U?$_Nonconst_traits@W4SpellID@@@std@@U?$_Buf_size_traits@W4SpellID@@$0A@@3@@1@@Z
1,0x112dd4,?AI_bribe_monsters@@YA_NPBVhero@@PAVNewmapCell@@W4TCreatureType@@FJ@Z
1,0xc58d8,?iterator_category@std@@YA?AUrandom_access_iterator_tag@1@PBVtown@@@Z
1,0x128dd4,?deallocate@?$allocator@PAVsample@@@std@@SAXPAPAVsample@@I@Z
1,0x168bd0,?get_army@town@@QAAAAVarmyGroup@@XZ
1,0x168bf8,?get_army@town@@QBAABVarmyGroup@@XZ
1,0x3b440,?__linear_insert@std@@YAXPAJ0J@Z
1,0x15f228,?HandleNetMsg@CSwapMgrNetMsgHandler@@UAAPAVCNetMsg@@PAV2@@Z
3,0x1230,??_C@_0L@DNGP@AdvPuz?4def?$AA@
3,0xb770,??_C@_0L@FPDP@Temple?4wav?$AA@
3,0x6d14,??_C@_0P@KPFD@battle?$CF02d?4wav?$AA@
1,0x72284,??1CSprite@@UAA@XZ
1,0xbf6f0,??1?$_STL_alloc_proxy@PAUTownExtra@@U1@V?$allocator@UTownExtra@@@std@@@std@@QAA@XZ
3,0x138e8,??_C@_0CK@DCEC@We?5were?5launched?5by?5a?5DirectPlay@
3,0x14394,??_C@_1CM@HOCB@?$AAC?$AAo?$AAm?$AAb?$AAa?$AAt?$AA?5?$AAF?$AAi?$AAr?$AAs?$AAt?$AA?5?$AAA?$AAi?$AAd?$AA?5?$AAT?$AAe?$AAn@
1,0x3ac1c,?__insertion_sort@std@@YAXPAUtype_creature_value@@0@Z
1,0xcaaa0,??0type_obscuring_object@@QAA@XZ
1,0x148f44,??_ECChatWidget@@UAAPAXI@Z
1,0x148f44,??_GCChatWidget@@UAAPAXI@Z
3,0x113c,??_C@_0L@NPMD@iam005?4def?$AA@
1,0x2d520,?__destroy_aux@std@@YAXPAUtype_monster_data@@U__false_type@@@Z
3,0x122e8,??_C@_0M@CCJO@HiScRes?4def?$AA@
1,0x38980,??A?$vector@UpathCell@@V?$allocator@UpathCell@@@std@@@std@@QAAAAUpathCell@@I@Z
1,0xd96e8,?Draw@iconWidget@@UBAXXZ
1,0xfd214,?destroy@std@@YAXPAVTreasureData@@@Z
1,0x12f338,??_ECHeroDlg@@UAAPAXI@Z
1,0x12f338,??_GCHeroDlg@@UAAPAXI@Z
1,0xa8b48,?save@SGameSetupOptions@@QAAHPAX@Z
3,0x1de84,??_C@_08KEC@TBTwtvrn?$AA@
1,0x9c8bc,?GetScholarSpell@ExtraInfoUnion@@QBA?AW4SpellID@@XZ
1,0x65270,?set_rollover_buttons@TCombatControlSubWindow@@UAAXJJ@Z
1,0x8bf30,?SysMsgSessionLost@CDPlay@@MAA_NPAUDPMSG_GENERIC@@K@Z
1,0x8f414,??0?$vector@Utype_shroud_change@type_record_shroud@@V?$allocator@Utype_shroud_change@type_record_shroud@@@std@@@std@@QAA@ABV?$allocator@Utype_shroud_change@type_record_shroud@@@1@@Z
1,0x1285b0,??_Etype_doll_slot_widget@@UAAPAXI@Z
1,0x1285b0,??_Gtype_doll_slot_widget@@UAAPAXI@Z
3,0x1f044,??_C@_0M@ICEJ@VARBack?4pcx?$AA@
1,0x129918,?__uninitialized_fill_n_aux@std@@YAPAUtype_artifact_offering@@PAU2@IABU2@U__false_type@@@Z
1,0x20934,?begin@?$vector@VCObjectType@@V?$allocator@VCObjectType@@@std@@@std@@QAAPAVCObjectType@@XZ
1,0x3e3bc,?get_attack_skill_value@type_AI_spellcaster@@IBAJPBVarmy@@0JJ@Z
1,0x11fed4,?pop_front@?$deque@PAVCNetMsg@@V?$allocator@PAVCNetMsg@@@std@@$0A@@std@@QAAXXZ
1,0x619a8,?ShootAnimatedMissile@combatManager@@QAAXHHHHHPBMPBQBD@Z
1,0x50c04,??0Bitmap16Bit@@QAA@PBDHH@Z
1,0x533f0,??0Bitmap8Bit@@QAA@XZ
1,0x6d060,?ResetRound@combatManager@@QAAXXZ
3,0xa970,??_C@_0L@IGCC@cdrfir?4def?$AA@
1,0xc68d4,?__uninitialized_fill_n@std@@YAPAVtown@@PAV2@IABV2@0@Z
3,0x1d028,??_C@_08PIFB@TOCsGr2N?$AA@
3,0x188,__imp__IntersectRect
1,0x3ac8c,?partial_sort@std@@YAXPAJ00@Z
1,0xe8c2c,??1TLevelUpWindow@@UAA@XZ
1,0x10a498,??0TPalette16@@QAA@PBDABVTPalette24@@HHHHHH@Z
3,0x16564,??_C@_0O@GAAO@puz?$CFs?$CF02d?4pcx?$AA@
3,0x17ddc,?LastContext@TSpellbookWindow@@0W4TSpellContext@1@A
1,0x3c004,?__pop_heap_aux@std@@YAXPAJ00@Z
1,0x54a98,??0bitmapBorder16@@QAA@HHHHHPBDH_N@Z
1,0xbe1c8,??0?$vector@Vgarrison@@V?$allocator@Vgarrison@@@std@@@std@@QAA@ABV?$allocator@Vgarrison@@@1@@Z
2,0x7d10,_CLSID_CDirect3DRMMaterial
3,0x1cde4,??_C@_0N@GCPL@TPCasStr?4pcx?$AA@
2,0xb70,??_7type_creature_growth_artifact@@6B@
1,0x3d5b0,??0type_spell_choice@@QAA@W4SpellID@@W4TSkillMastery@@JJ@Z
3,0x1e8ec,??_C@_08MMLC@TBFrcstl?$AA@
3,0x1148,??_C@_0L@DPKM@iam006?4def?$AA@
1,0x8dcd4,?get_type@type_record_shroud@@UBA?AW4type_event_record_type@@XZ
1,0x185208,??0TSellArtifactWindow@@QAA@HH@Z
1,0xc6ee8,?__uninitialized_copy@std@@YAPAUtype_university@@PAU2@000@Z
1,0xec8f4,?Read@NewfullMap@@QAAHPAXH_N@Z
3,0x33c2c,?gTerrainNames@@3PAPBDA
3,0x1e268,??_C@_08BMIB@TBNcmage?$AA@
3,0xb2c8,??_C@_0O@PPLM@Invalid?5flags?$AA@
1,0xd60f4,?set@TAutoStrPtr@?%E:\gamedcs\herodefs.cpp483311085@@QAAXPAD@Z
1,0x1493c8,?IgnoreKey@CSaveGameEdit@@UAA_NAAUmessage@@@Z
1,0x14c864,??1TSpellbookWindow@@UAA@XZ
3,0x1b110,??_C@_0N@BOKB@trarrowl?4pcx?$AA@
1,0xfb8a8,?distance_type@std@@YAPAHPBUTownExtra@@@Z
1,0x28d7c,?value_type@std@@YAPAJPBJ@Z
3,0x1e1e4,??_C@_08OOMJ@TBIndw_3?$AA@
2,0x8690,_GUID_DMUS_PROP_WritePeriod
1,0x8185c,?Setup@TDialogBox@@UAA_NHHHH@Z
1,0xc7e0c,?__destroy_aux@std@@YAXPAPAVCSprite@@0U__false_type@@@Z
3,0x1b358,??_C@_0N@OGO@TCommand?4txt?$AA@
3,0x1cd84,??_C@_0N@LCKG@TPCasCas?4pcx?$AA@
3,0x1e6c4,??_C@_08CEN@TBSttvrn?$AA@
3,0x1e400,??_C@_08HCNG@TBNcdw_4?$AA@
2,0x8470,_DPAID_ModemW
2,0x7ef0,_IID_IDirect3DRMWrap
3,0x439c,??_C@_0M@CJGK@CampChk?4pcx?$AA@
3,0x1d66c,??_C@_07PFHF@TODsilo?$AA@
1,0x3af58,?__uninitialized_copy_aux@std@@YAPAUtype_creature_source@@PAU2@00U__false_type@@@Z
1,0x1269ac,?all_artifacts@type_sacrifice_window@@CAHAAUmessage@@@Z
2,0x84b0,_IID_ILcd
1,0xd4e4c,?get_spell_level@hero@@QBA?AW4TSkillMastery@@W4SpellID@@_N@Z
3,0x13e70,??_C@_04CHEN@A?5?$DN?5?$AA@
3,0x1edb0,??_C@_0N@LNOE@TPCaInfo?4pcx?$AA@
1,0xff800,??1TCSLock@@QAA@XZ
3,0x1e070,??_C@_08CGLJ@TBInmag3?$AA@
1,0x40bc,?end@?$basic_string@DU?$char_traits@D@std@@V?$allocator@D@2@@std@@QAAPADXZ
1,0x64604,?__uninitialized_copy@std@@YAPAUTObstacle@combatManager@@PAU23@000@Z
1,0x6a484,?OnKeyPress@CCombatChatEdit@@UAAHAAUmessage@@@Z
1,0xbe1ec,??1?$vector@Vgarrison@@V?$allocator@Vgarrison@@@std@@@std@@QAA@XZ
3,0xbb60,?HoleSpriteFilenames@@3PAPBDA
1,0x12aa70,??1CScenarioInfoDlg@@UAA@XZ
1,0x164008,??1?$_Vector_base@PADV?$allocator@PAD@std@@@std@@QAA@XZ
1,0x186c98,??0TSellCreatureWindow@@QAA@HH@Z
3,0x1154,??_C@_0L@JPIJ@iam007?4def?$AA@
1,0x12d9d4,?insert@?$vector@VTSeerHut@@V?$allocator@VTSeerHut@@@std@@@std@@QAAXPAVTSeerHut@@IABV3@@Z
1,0x149ae8,??0slider@@QAA@HHHHHHP6AXHPAVheroWindow@@@ZW4EGraphics@0@H_N@Z
1,0x724e0,?SetPalette@CSprite@@QAAXPBG@Z
1,0xecdf8,?Save@NewfullMap@@QAAHPAXH_N@Z
3,0x1db60,??_C@_08GFBC@TBCsholy?$AA@
2,0x7ba0,_IID_IDirect3DDevice
1,0x801e8,_deflateInit_@16
3,0x1d264,??_C@_07IJHG@TOTCasW?$AA@
1,0x18afd4,?ComputeTradeRatios@TSellArtifactWindow@@AAAXHHPAH00@Z
1,0x89d18,?GetIndex@?$tree@Vds_memsample@@@@QAAPAVds_memsample@@K@Z
3,0x1e28c,??_C@_08LKKG@TBNcmag4?$AA@
1,0xc3a64,?uninitialized_copy@std@@YAPAVCObject@@PAV2@00@Z
1,0xd9350,??0iconWidget@@QAA@HHHHHPBDHH_NIH1@Z
1,0xf9460,?destroy@std@@YAXPAVTSeerHut@@0@Z
1,0x11af24,??0TRecruitQuickWindow@@QAA@HH@Z
1,0x11eaf8,?OnPlayerDrop@CWaitForRemoteBattleDlg@@IAAHPAVCNetMsg@@AAUmessage@@@Z
1,0x122484,?PointToSpriteResource@ResourceManager@@YA_NPBD@Z
3,0x2e264,?giNumHumanPlayers@@3HA
1,0x10c9c,?CompleteDraw@advManager@@QAAX_N@Z
1,0x168dfc,?set_mask@town@@QAAX_J@Z
1,0x8993c,?StopAll@ds_engine@@QAA_N_N@Z
3,0xb7a0,??_C@_0L@IPE@Danger?4wav?$AA@
1,0x18b8d4,?WindowHandler@TGiveResourceWindow@@UAAHAAUmessage@@@Z
2,0x80f0,_IID_IDirectSound3DBuffer
3,0x1a0,__imp__OffsetRect
3,0x1d4,__imp__FileTimeToSystemTime
1,0x2ea20,?make_gift@type_AI_player@@IAAXJ@Z
3,0x1ce04,??_C@_0N@OEOH@TPMageCs?4pcx?$AA@
1,0x8cd5c,?create@type_record_claim_town@@SAPAVtype_event_record@@XZ
1,0xdb5d0,_inflateInit_@12
1,0xfd3fc,?__destroy_aux@std@@YAXPAVTreasureData@@U__false_type@@@Z
1,0xf5424,?clear@?$vector@VTreasureData@@V?$allocator@VTreasureData@@@std@@@std@@QAAXXZ
1,0xc83f8,?__uninitialized_fill_n_aux@std@@YAPAUtype_creature_bank@@PAU2@IABU2@U__false_type@@@Z
2,0x8450,_DPAID_PhoneW
3,0x632c,??_C@_0N@IAPG@SgNcMan2?4pcx?$AA@
3,0x1fafc,??_C@_0BG@GGFL@DDERR_UNSUPPORTEDMODE?$AA@
3,0x1178,??_C@_0L@PPHD@iam000?4def?$AA@
3,0x5ec4,??_C@_0N@CBJE@SgTwDrw1?4pcx?$AA@
1,0x166ed8,?destroy_extra_capitol@town@@QAAXXZ
3,0x1be74,??_C@_0N@KGDI@SpellScr?4def?$AA@
3,0x1fae8,??_C@_0BE@GJCG@DDERR_NOTPALETTIZED?$AA@
1,0x42220,?add_enemy@type_AI_spellcaster@@IAAXAAUtype_AI_enemy_data@@PBVarmy@@1_N@Z
1,0xe801c,?KBChangeMenu@@YAXPAX@Z
1,0x83db0,?ResetLimitCreature@combatManager@@QAAXXZ
1,0x11e1cc,?OnPlayerDropUpdateMsg@@YAXK@Z
1,0x14514c,??0CSingleSelectionNetMsgHandler@@QAA@XZ
1,0x20a0c,?begin@?$vector@Utype_dialog_resource@@V?$allocator@Utype_dialog_resource@@@std@@@std@@QAAPAUtype_dialog_resource@@XZ
1,0x11f60c,??0CReadyToPlayMsg@@QAA@XZ
3,0x5ea4,??_C@_0N@GBNO@SgTwDrw3?4pcx?$AA@
3,0x5fec,??_C@_0N@NAIJ@SgTwMan1?4pcx?$AA@
1,0x8c35c,??_E?$CAutoArray@VCDPlayAddressElement@@@@UAAPAXI@Z
1,0x195b48,?ViewWorld@advManager@@QAAXHW4TSkillMastery@@@Z
1,0x147af4,??0CNewSetupInfoMsg@@QAA@PAUSGameSetupOptions@@@Z
1,0x36fc,??6?$bitset@$09K@std@@QBA?AV01@I@Z
1,0xe6cf0,?extended_dialog@@YAXPBDAAV?$vector@Utype_dialog_resource@@V?$allocator@Utype_dialog_resource@@@std@@@std@@JJJ@Z
1,0x128694,??_Etype_army_slot_widget@@UAAPAXI@Z
1,0x128694,??_Gtype_army_slot_widget@@UAAPAXI@Z
2,0x7e10,_IID_IDirect3DRMViewport
3,0x61e4,??_C@_0N@HBOL@SgNcDrw2?4pcx?$AA@
1,0x10a338,??0TPalette16@@QAA@ABVTPalette24@@HHHHHH@Z
3,0x1e43c,??_C@_08EDLG@TBNcup_2?$AA@
3,0x1df80,??_C@_08FHOF@TBTwholy?$AA@
3,0x1e958,??_C@_08JFBC@TBFrblak?$AA@
2,0x8680,_GUID_DMUS_PROP_WriteLatency
1,0x1be10,?InsertSound@advManager@@QAAXHHHHH@Z
1,0x8d46c,?undo@type_record_erase@@UAAXXZ
3,0x1e5b0,??_C@_08KOLN@TBDnholy?$AA@
3,0x5ba4,??_C@_0N@CLLN@SgCsMlip?4pcx?$AA@
3,0x61f4,??_C@_0N@JBIE@SgNcDrw1?4pcx?$AA@
3,0x119d0,??_C@_0N@IJJ@HPL086Ov?4PCX?$AA@
2,0x8590,_IID_IDirectMusicInstrument
3,0x5fdc,??_C@_0N@DAOG@SgTwMan2?4pcx?$AA@
3,0x5eb4,??_C@_0N@MBPL@SgTwDrw2?4pcx?$AA@
1,0xc2cd0,??0?$vector@W4TArtifact@@V?$allocator@W4TArtifact@@@std@@@std@@QAA@ABV01@@Z
1,0x7fea8,?endthread@@YAXXZ
1,0x87fb0,?Format@wavfile@@QAA?AUtWAVEFORMATEX@@XZ
1,0xb69b8,?ResetRandomTownNames@@YAXXZ
1,0xe76c8,??1?$_STL_alloc_proxy@PAPAVresource@@PAV1@V?$allocator@PAVresource@@@std@@@std@@QAA@XZ
3,0x166e4,??_C@_0N@LEJJ@CrBkgDun?4pcx?$AA@
3,0x16704,??_C@_0N@LGBL@CrBkgFor?4pcx?$AA@
3,0x1e250,??_C@_08NPKJ@TBInup_5?$AA@
1,0x19aa64,?AddWindow@heroWindowManager@@QAAXPAVheroWindow@@H_N@Z
3,0x633c,??_C@_0N@GAJJ@SgNcMan1?4pcx?$AA@
3,0x61d4,??_C@_0N@NBMO@SgNcDrw3?4pcx?$AA@
1,0x941c8,?DoEventMercenaryCamp@advManager@@AAAXPAVhero@@PAVNewmapCell@@_N@Z
1,0xd5060,?VisitedArena@hero@@QBA_NPBVNewmapCell@@@Z
1,0x11ef60,?CheckHandleNet@CNetMsgHandler@@UAAPAVCNetMsg@@_NPA_N@Z
1,0x54b68,??1bitmapBorder16@@UAA@XZ
1,0x74068,?DrawCreature@CSpriteFrame@@QBAXHHHHPAGHHHHHAAVTPalette16@@_NG@Z
1,0x3a700,?__destroy@std@@YAXPAUHeroDestination@@00@Z
1,0x9da34,?__destroy_aux@std@@YAXPAUTObjectCell@NewmapCell@@U__false_type@@@Z
3,0x108,__imp__EnterCriticalSection
1,0x27ccc,?clear_AI_values@army@@QAAXXZ
1,0x381b8,??_Etype_scouting_artifact@@UAAPAXI@Z
1,0x381b8,??_Gtype_scouting_artifact@@UAAPAXI@Z
3,0x5bc4,??_C@_0N@CGLD@SgCsTw22?4pcx?$AA@
1,0xc8a54,?destroy@std@@YAXPAVgarrison@@@Z
3,0xcc2c,?iMPNetProtocol@@3W4eNetGameType@@A
1,0xfe55c,?_M_initialize_dispatch@?$vector@_NV?$allocator@_N@std@@@std@@QAAXHHU__true_type@@@Z
2,0x79e0,_IID_IDirectDrawSurfaceKernel
3,0x1184,??_C@_0L@FPFG@iam001?4def?$AA@
1,0x147940,??0CGameHeaderInfoMsg@@QAA@HPAUGameSelectionHeadersStruct@@@Z
1,0x188d34,?SetWidgetDisabled@TTradeResourceWindow@@AAAXF@Z
1,0x58bc,?get_university@ExtraInfoUnion@@QBAPAUtype_university@@XZ
3,0xb1a4,?ds@dsound@@2PAUIDirectSound@@A
1,0xfb360,?distance_type@std@@YAPAHPBUSecondarySkillData@@@Z
1,0x10a8a0,??4TPalette16@@QAAAAV0@ABV0@@Z
1,0x10ba88,??4TPalette24@@QAAAAV0@ABV0@@Z
3,0x1a90c,??_C@_0N@CBAC@Sacbreth?4wav?$AA@
3,0x2de8,??_C@_0L@NHMD@newday?4wav?$AA@
1,0xa2d5c,?bufread@@YAHPAXH@Z
3,0x2dadc,?bShowIt@@3HA
1,0x23bc,?UpdateHeroLocators@TAdvMenu@@QAAXH_N0@Z
1,0x8be48,??0CDPlayPlayer@@QAA@PADK@Z
1,0xbc23c,?GetGamePosFromDPID@game@@QBAHK@Z
1,0x125e08,?update_creature_offering@type_sacrifice_window@@AAAXAAUtype_creature_offering@@@Z
3,0x356b8,?gUniversityWindowHelp@@3PAUTHelpText@@A
1,0xc7c,?convertID2HelpID@TAdventureMapWindow@@ABAHH@Z
1,0x87bec,?InitWin@dsound@@SAXPAX@Z
3,0xb2b4,??_C@_09EMAD@Exception?$AA@
1,0xbd794,??D?$_Bit_iter@U_Bit_reference@std@@PAU12@@std@@QBA?AU_Bit_reference@1@XZ
3,0x137d4,?progressCount@@3HA
1,0x2950c,?__make_heap@std@@YAXPAPAVarmy@@0Vfunc_moves_before@@0PAH@Z
1,0x73164,?DrawAdvObjWithFlagScaled25@CSprite@@QBAXHHHHHPAGHHHHHG@Z
1,0x14da2c,?__destroy@std@@YAXPAVTSpellbookEntry@TSpellbookWindow@@00@Z
1,0x8a4c8,?EnumPlayers@CDPlay@@UAA_NPAV?$CAutoArray@VCDPlayPlayer@@@@PAU_GUID@@K@Z
1,0x10c918,?FindPath@army@@QAAHHH_N0@Z
1,0x5f3c4,?CheckApplyBadMorale@combatManager@@QAAHHH@Z
3,0x11ec0,??_C@_0N@CCC@HPS126Wh?4PCX?$AA@
1,0x10fcf0,?get_best_spell_value@type_spellvalue@@QBAJJ@Z
3,0x339f4,?CampaignRegionNames@@3PBVTSpreadsheetResource@@B
3,0x1d8dc,??_C@_07JGBF@TOFCas3?$AA@
3,0x5bd4,??_C@_0N@MGNM@SgCsTw21?4pcx?$AA@
1,0xc69cc,?__uninitialized_fill_n@std@@YAPAUSign@@PAU2@IABU2@0@Z
3,0x1d8ec,??_C@_07MHEM@TOFHal2?$AA@
1,0xed8,?ProcessHover@TAdventureMapWindow@@QAA_NHH@Z
1,0x197fd8,?InitializeWinSetupText@@YA_NXZ
1,0x10aa18,?ConvertRGBQUADto16@TPalette16@@AAAXPBUtagRGBQUAD@@HHHHHH@Z
1,0xde044,?ForceMouseMove@inputManager@@QAAXXZ
1,0xea088,?__destroy_aux@std@@YAXPAULODEntry@@U__false_type@@@Z
3,0x1f050,?giViewWorldScaleFloat@@3MA
3,0x1384c,??_C@_07NCDJ@?4?2DATA?2?$AA@
1,0x196a18,?VWScaleToScreenBuffer@@YAXHH@Z
3,0x15a30,??_C@_0L@MNGG@mubonl?4def?$AA@
3,0x1118,??_C@_0L@LPDJ@iam002?4def?$AA@
1,0x1d6ec,?LoadRemote@advManager@@QAAX_N@Z
1,0x2c6b0,?get_hero@type_AI_combat_data@@IBAPAVhero@@XZ
1,0x54d24,??_Eborder@@UAAPAXI@Z
1,0x54d24,??_Gborder@@UAAPAXI@Z
1,0x645ac,?__copy@std@@YAPAUTObstacle@combatManager@@PAU23@00Urandom_access_iterator_tag@1@PAH@Z
3,0x141e4,??_C@_1BG@JIKO@?$AAF?$AAi?$AAr?$AAs?$AAt?$AA?5?$AAT?$AAi?$AAm?$AAe?$AA?$AA@
1,0x129a08,?__uninitialized_fill_n_aux@std@@YAPAPAViconWidget@@PAPAV2@IABQAV2@U__false_type@@@Z
1,0x57de0,??_Ebutton@@UAAPAXI@Z
1,0x57de0,??_Gbutton@@UAAPAXI@Z
1,0x66bfc,??A?$_Deque_iterator@W4SpellID@@U?$_Nonconst_traits@W4SpellID@@@std@@U?$_Buf_size_traits@W4SpellID@@$0A@@3@@std@@QBAAAW4SpellID@@H@Z
1,0x1236a8,?__stl_alloc_rebind@std@@YAAAV?$allocator@U?$_Rb_tree_node@U?$pair@$$CBVTCacheMapKey@ResourceManager@@PAVresource@@@std@@@std@@@1@AAV?$allocator@U?$pair@$$CBVTCacheMapKey@ResourceManager@@PAVresource@@@std@@@1@PBU?$_Rb_tree_node@U?$pair@$$CBVTCach3124f238
1,0x20fe0,?copy@std@@YAPAUtype_dialog_resource@@PAU2@00@Z
1,0x6a200,?EndPlacementPhase@TCombatWindow@@QAAXXZ
1,0xc01dc,?deallocate@?$allocator@UTRumour@game@@@std@@SAXPAUTRumour@game@@I@Z
1,0xc6a84,?__copy_backward@std@@YAPAVmine@@PAV2@00Urandom_access_iterator_tag@1@PAH@Z
1,0xd0184,??0THeroScreenWindow@@QAA@XZ
1,0xd2be8,??1THeroScreenWindow@@UAA@XZ
1,0x112ee0,?AI_choose_resource_or_experience@@YA_NPBVhero@@W4EGameResource@@HH@Z
2,0x5918,??_7TSingleSelectionWindow@@6B@
1,0xfd4dc,??_GMonsterData@@QAAPAXI@Z
1,0xbd5c8,??1CGameTransferDlg@@UAA@XZ
1,0x1584b0,?_M_insert@?$_Rb_tree@W4SpellID@@W41@U?$_Identity@W4SpellID@@@std@@U?$less@W4SpellID@@@3@V?$allocator@W4SpellID@@@3@@std@@AAA?AU?$_Rb_tree_iterator@W4SpellID@@U?$_Nonconst_traits@W4SpellID@@@std@@@2@PAU_Rb_tree_node_base@2@0ABW4SpellID@@@Z
1,0x1f680,?DrawTileShadow@CSprite@@QBAXHHHHHPAVBitmap16Bit@@HH_N1@Z
1,0xe9ae8,?_M_fill_insert@?$vector@ULODEntry@@V?$allocator@ULODEntry@@@std@@@std@@QAAXPAULODEntry@@IABU3@@Z
1,0x102f64,??_ECHotSeatDlg@@UAAPAXI@Z
1,0x102f64,??_GCHotSeatDlg@@UAAPAXI@Z
3,0x1fc6c,?lastKoordCount@@3HA
1,0x27efc,?get_current_army@combatManager@@QAAPAVarmy@@XZ
1,0x12371c,??F?$_Rb_tree_iterator@U?$pair@$$CBVTCacheMapKey@ResourceManager@@PAVresource@@@std@@U?$_Nonconst_traits@U?$pair@$$CBVTCacheMapKey@ResourceManager@@PAVresource@@@std@@@2@@std@@QAAAAU01@XZ
1,0x1224b4,?PointToBitmapResource@ResourceManager@@YA_NPBD@Z
1,0x128c70,??1?$_STL_alloc_proxy@PAPAViconWidget@@PAV1@V?$allocator@PAViconWidget@@@std@@@std@@QAA@XZ
1,0x1581b8,?get_current_army@combatManager@@QBAPBVarmy@@XZ
3,0x1e700,??_C@_08IKJD@TBSthall?$AA@
1,0x9c814,?GetLeanToResource@ExtraInfoUnion@@QBA?AW4EGameResource@@XZ
1,0xbca04,?SetMagicSpring@ExtraInfoUnion@@QAAXF_N@Z
3,0x1b8,__imp__GetProcAddressW
1,0x587c4,?Select@TCampaignBrief@@QAAXH@Z
1,0xc8d98,??_GSign@@QAAPAXI@Z
1,0xf4740,?placeObjects@NewfullMap@@QAAHXZ
1,0x1265b8,?update_artifact_offering@type_sacrifice_window@@AAAXJ@Z
1,0x4d5e0,?distance_type@std@@YAPAHABU?$_Deque_iterator@W4SpellID@@U?$_Nonconst_traits@W4SpellID@@@std@@U?$_Buf_size_traits@W4SpellID@@$0A@@3@@1@@Z
1,0xa2108,?DrawBoundedString@font@@QAAXPBDPAVBitmap16Bit@@HHHHW4TColor@1@IH@Z
3,0x1d2f0,??_C@_07DAHC@TOTGen2?$AA@
1,0x39eb8,?copy@std@@YAPAUtype_creature_value@@PAU2@00@Z
1,0x62f00,?UpdateArmyLuckAndMorale@combatManager@@QAAXXZ
1,0x128828,??0?$vector@Utype_artifact_offering@@V?$allocator@Utype_artifact_offering@@@std@@@std@@QAA@ABV?$allocator@Utype_artifact_offering@@@1@@Z
3,0x11fc,??_C@_0L@BPBM@iam003?4def?$AA@
1,0x42ec,?uninitialized_copy@std@@YAPAPAVwidget@@PAPAV2@00@Z
3,0xd004,?gDwellingBaseResourceValues@@3PAY0O@HA
1,0xd38ec,?TransferArtifacts@hero@@QAAXPAV1@@Z
1,0x1027ec,?GetRolloverWidget@CMPInputDlg@@UAAPAVtextWidget@@XZ
1,0x14b07c,?SetMusicVolume@soundManager@@QAAXXZ
1,0x191764,?QuickView@TViewArmyWindow@@QAAXXZ
1,0x163e30,?resize@?$vector@PADV?$allocator@PAD@std@@@std@@QAAXI@Z
3,0x1d1dc,??_C@_07JFKC@TOTGld4?$AA@
1,0x8f184,??_Etype_record_show_hero@@UAAPAXI@Z
1,0x8f184,??_Gtype_record_show_hero@@UAAPAXI@Z
1,0xc28f0,?__stl_alloc_rebind@std@@YAAAV?$allocator@USign@@@1@AAV21@PBUSign@@@Z
1,0xf50cc,?resize@?$vector@VCObjectType@@V?$allocator@VCObjectType@@@std@@@std@@QAAXI@Z
1,0x1ebf4,??0CAdvPopup@@QAA@HHHHI@Z
1,0x149054,?SendChat@CSingleSelectionChatEdit@@UAAXPBDH@Z
1,0x1585e8,?_M_create_node@?$_Rb_tree@W4SpellID@@W41@U?$_Identity@W4SpellID@@@std@@U?$less@W4SpellID@@@3@V?$allocator@W4SpellID@@@3@@std@@IAAPAU?$_Rb_tree_node@W4SpellID@@@2@ABW4SpellID@@@Z
3,0x1d604,??_C@_07OMIH@TODmag4?$AA@
1,0x3b238,?__unguarded_insertion_sort_aux@std@@YAXPAUtype_creature_value@@00U?$greater@Utype_creature_value@@@1@@Z
1,0x50a84,?OpenBink@BinkManager@@YAXHHHHHH_N@Z
1,0x14abfc,??_Eslider@@UAAPAXI@Z
1,0x14abfc,??_Gslider@@UAAPAXI@Z
2,0x7d50,_CLSID_CDirect3DRMShadow
1,0x329f8,?AI_mark_danger_zones@@YAXPAVhero@@PAJ@Z
1,0x121c5c,?GetBitmap16@ResourceManager@@YAPAVBitmap16Bit@@PBD_N@Z
1,0x164998,?__uninitialized_fill_n@std@@YAPAPAV?$vector@PADV?$allocator@PAD@std@@@1@PAPAV21@IABQAV21@0@Z
3,0x1d6f0,??_C@_07NPAH@TODmin1?$AA@
1,0x9e29c,?__pop_heap_aux@std@@YAXPAW4SpellID@@00Vspell_level_order@@@Z
1,0x2e48,?GetNumLevels@NewfullMap@@QAAHXZ
1,0x2cbe8,?__stl_alloc_rebind@std@@YAAAV?$allocator@Utype_monster_data@@@1@AAV21@PBUtype_monster_data@@@Z
3,0xa318,??_C@_0L@JLAE@cunico?4def?$AA@
1,0x90348,?EraseAndFizzle@advManager@@QAAXPAVNewmapCell@@Utype_point@@H@Z
1,0xb5910,?ProcessRandomObjects@game@@QAAXXZ
1,0x28024,??Rfunc_moves_before@@QAA_NPBVarmy@@0@Z
1,0xc552c,?distance_type@std@@YAPAHPBUtype_point@@@Z
1,0x4ccbc,?end@?$deque@W4SpellID@@V?$allocator@W4SpellID@@@std@@$0A@@std@@QAA?AU?$_Deque_iterator@W4SpellID@@U?$_Nonconst_traits@W4SpellID@@@std@@U?$_Buf_size_traits@W4SpellID@@$0A@@3@@2@XZ
1,0x51468,?Grab@Bitmap16Bit@@QAAXPBGHHHHH@Z
1,0x69200,?Open@TCombatResultsWindow@@UAAHH_N@Z
3,0xb618,??_C@_0N@MPNI@advevent?4txt?$AA@
1,0xc0184,?deallocate@?$allocator@Utype_university@@@std@@SAXPAUtype_university@@I@Z
1,0x19c728,_SetForegroundWindow
1,0x89ab8,_SetEvent
1,0xbd428,??0CTimer@@QAA@_N@Z
1,0xca324,_gztell@4
1,0x148df4,?Draw@CChatWidget@@UBAXXZ
1,0xcd790,?UpdateBackpack@@YAXXZ
3,0x3522c,?gBuildingInfoSpecial@@3PAY0L@PBDA
3,0x1de78,??_C@_08EOLC@TBTwmag5?$AA@
1,0x9cf90,??A?$vector@USecondarySkillData@@V?$allocator@USecondarySkillData@@@std@@@std@@QAAAAUSecondarySkillData@@I@Z
1,0x99eb0,?TownEvent@advManager@@QAAXPAVNewmapCell@@Utype_point@@_N@Z
3,0x159f4,??_C@_0L@JHID@muBhot?4def?$AA@
3,0x15a0c,??_C@_0L@MLDG@muBtcp?4def?$AA@
3,0x1e4a8,??_C@_08LHOK@TBDnmag5?$AA@
1,0xa99d0,?SaveGame@game@@QAA_NPBD_N111@Z
3,0x1dc08,??_C@_08IFFF@TBCsup_3?$AA@
1,0x19b428,?FadeScreen@heroWindowManager@@QAAXHH_N@Z
1,0x15efd0,?SetStatus@baseManager@@QAAXF@Z
1,0x164bf4,?destroy@std@@YAXPAPAV?$vector@PADV?$allocator@PAD@std@@@1@@Z
1,0x38548,??_Etype_antimagic_artifact@@UAAPAXI@Z
1,0x38548,??_Gtype_antimagic_artifact@@UAAPAXI@Z
1,0x8012c,_gzrewind@4
3,0x137b8,?gbShowHighScore@@3HA
1,0x4928,?__distance@std@@YAXPBD0AAHUrandom_access_iterator_tag@1@@Z
1,0x216c8,?__distance@std@@YAXPAD0AAHUrandom_access_iterator_tag@1@@Z
1,0x3e280,?get_frenzy_value@type_AI_spellcaster@@IBAJPBVarmy@@Utype_enchant_data@@@Z
3,0x1684c,??_C@_08NMND@chat?4wav?$AA@
1,0xf5330,??0?$vector@VTreasureData@@V?$allocator@VTreasureData@@@std@@@std@@QAA@ABV?$allocator@VTreasureData@@@1@@Z
1,0x533bc,??_EBitmap24Bit@@UAAPAXI@Z
1,0x533bc,??_GBitmap24Bit@@UAAPAXI@Z
3,0x138a4,??_C@_0L@DBBN@button?4wav?$AA@
3,0x15be4,??_C@_1BE@GLAC@?$AAP?$AAl?$AAa?$AAy?$AAV?$AAi?$AAd?$AAe?$AAo?$AA?$AA@
3,0x1e814,??_C@_08HBLP@TBStdw_3?$AA@
2,0x83f0,_DPLPROPERTY_PlayerGuid
1,0x1b5a8,?GetSoundId@advManager@@QAA?AW4e_looping_sound_id@@HHH@Z
1,0x2105c,?allocate@?$_STL_alloc_proxy@PAUtype_dialog_resource@@U1@V?$allocator@Utype_dialog_resource@@@std@@@std@@QAAPAUtype_dialog_resource@@I@Z
1,0x148ad8,?SetResolution@CChatSlider@@UAAXH@Z
3,0x1df38,??_C@_08JKPG@TBTwboat?$AA@
1,0x19c8a8,_ExitThread
1,0x39ddc,?construct@std@@YAXPAUHeroDestination@@ABU2@@Z
3,0xa55c,??_C@_0L@OOJB@cefres?4def?$AA@
1,0xc6af4,?__uninitialized_fill_n@std@@YAPAVmine@@PAV2@IABV2@0@Z
1,0xded94,?WindowHandler@VRKeyboard@@UAAHAAUmessage@@@Z
1,0x147cec,??0CMapHeaderRequestMsg@@QAA@H@Z
1,0x1977dc,?RestoreBackground@heroWindow@@AAAX_N@Z
2,0x7e70,_IID_IDirect3DRMMesh
1,0xe9e58,?distance_type@std@@YAPAHPBULODEntry@@@Z
1,0x10db64,?AI_visit_black_market@@YAXPAVhero@@PAUTBlackMarket@@@Z
2,0x7d40,_CLSID_CDirect3DRMUserVisual
1,0x122f94,?destroy_node@?$_Rb_tree@VTCacheMapKey@ResourceManager@@U?$pair@$$CBVTCacheMapKey@ResourceManager@@PAVresource@@@std@@U?$_Select1st@U?$pair@$$CBVTCacheMapKey@ResourceManager@@PAVresource@@@std@@@4@U?$less@VTCacheMapKey@ResourceManager@@@4@V?$allocc9b93eff
1,0x6a7d0,??0?$allocator@PAV?$basic_string@DU?$char_traits@D@std@@V?$allocator@D@2@@std@@@std@@QAA@XZ
1,0x81e38,?Setup@CTextDialog@@UAA_NPBDPAVfont@@@Z
1,0x102890,??_ECMPInputDlg@@UAAPAXI@Z
1,0x102890,??_GCMPInputDlg@@UAAPAXI@Z
3,0x1eb8c,??_C@_07PLFB@?6?$CFs?5?$CL?$CFd?$AA@
3,0x1f808,??_C@_0BG@LKKP@DDERR_UNSUPPORTEDMASK?$AA@
3,0x1e568,??_C@_08GDKO@TBDnboat?$AA@
3,0x1e6a0,??_C@_08LJMP@TBStmag3?$AA@
1,0x4424c,?FreeResources@army@@QAAXXZ
1,0x9df70,?distance_type@std@@YAPAHPBW4SpellID@@@Z
1,0x1303fc,??0CNetPlayerHandler@@QAA@XZ
3,0x3868,?akCampaignMapTraits@@3AAY07$$CBUTCampaignMapTraits@@A
1,0x37ac,??0?$_String_base@DV?$allocator@D@std@@@std@@QAA@ABV?$allocator@D@1@@Z
1,0xc2518,?construct@std@@YAXPAUtype_university@@ABU2@@Z
1,0xca1a0,_gzgetc@4
3,0x12318,??_C@_0L@KKAM@iam016?4def?$AA@
1,0x11eed8,?CalcDimensions@CGameTransferDlg@@UAAXPBDPAVfont@@AAH222@Z
1,0x16654c,?HasGarrison@town@@QAAHXZ
1,0x37db4,?get_secondary_skill@hero@@QBA?AW4TSkillMastery@@W4TSecondarySkill@@@Z
1,0xc3bb4,?_M_fill_insert@?$vector@Utype_point@@V?$allocator@Utype_point@@@std@@@std@@QAAXPAUtype_point@@IABU3@@Z
3,0x16b0c,??_C@_0DA@IECG@Host?5?$FL?$CFd?$FN?5was?5last?5player?4?4?4?5tim@
3,0x10ef8,?akHeroClassTraits@@3AAY0BA@$$CBUTHeroClassTraits@@A
3,0x13e10,??_C@_0M@EPHF@mmenung?4def?$AA@
1,0xee020,?saveTreasureData@NewfullMap@@QAAHPAXAAVTreasureData@@@Z
1,0x77b6c,?DrawAdvObjWithFlagScaled50@CSpriteFrame@@QBAXHHHHPAGHHHHHAAVTPalette16@@G@Z
1,0xf4ddc,?clear@?$vector@W4SpellID@@V?$allocator@W4SpellID@@@std@@@std@@QAAXXZ
1,0x113cbc,?AI_visit_university@@YAXPAVhero@@PAVNewmapCell@@@Z
3,0x1dfec,??_C@_08IGMC@TBTwdw_5?$AA@
1,0x27dd8,?can_retaliate@army@@QBA_NABV1@@Z
1,0xa8cd0,?Save@game@@AAAHPAX@Z
3,0x14260,??_C@_1CM@MOLN@?$AAS?$AAh?$AAo?$AAw?$AA?5?$AAC?$AAo?$AAm?$AAb?$AAa?$AAt?$AA?5?$AAM?$AAo?$AAu?$AAs?$AAe?$AA?5?$AAH?$AAe@
1,0x12f3a0,??_ECTeamAlignmentDlg@@UAAPAXI@Z
1,0x12f3a0,??_GCTeamAlignmentDlg@@UAAPAXI@Z
1,0x563b8,??0TBottomViewKingdom@@QAA@PAVheroWindow@@@Z
1,0x198508,?Rename@File@@QAA_NPAD0@Z
3,0x1f53c,??_C@_0M@DMHE@DDERR_NOGDI?$AA@
1,0x1238,?SetAdvWinButtonPalette@TAdvMenu@@QAAXHH@Z
3,0xaa10,??_C@_0L@IPMI@ceelem?4def?$AA@
3,0xaa60,??_C@_0L@JHOI@cdgole?4def?$AA@
3,0x2e258,?gpAdvManager@@3PAVadvManager@@A
1,0xfb24c,?__destroy@std@@YAXPAVTreasureData@@00@Z
2,0x89a0,_GUID_StandardMIDIFile
3,0x1e61c,??_C@_08HPJK@TBDndw_5?$AA@
2,0x8c48,__IMPORT_DESCRIPTOR_DINPUTX
1,0x2b8cc,?do_melee_combat@type_AI_combat_data@@IAAXW4type_speed_catagory@@AAV1@@Z
1,0x39f58,?copy@std@@YAPAPAVtype_artifact_effect@@PAPAV2@00@Z
1,0x36f54,?get_value@type_income_artifact@@UBAJPBVhero@@_N1@Z
1,0x42170,?set_worst_enemies@type_AI_spellcaster@@IAAXXZ
3,0x1d41c,??_C@_07LNKP@TOidmn1?$AA@
1,0x90878,?DoEventFreeArtifact@advManager@@AAAXPAVhero@@PAVNewmapCell@@Utype_point@@_N@Z
1,0x158a80,?DrawOwner@strip@@IAAXH@Z
3,0x11910,??_C@_0N@OPOE@HPL080Ov?4PCX?$AA@
3,0x13e34,??_C@_0M@DLB@mmenucr?4def?$AA@
3,0x33a90,?cCampaignDialog@@3PAPBDA
3,0x1ced8,??_C@_08LKNF@TOCsTav1?$AA@
1,0x3eb8,??8std@@YA_NABV?$basic_string@DU?$char_traits@D@std@@V?$allocator@D@2@@0@PBD@Z
3,0x11cc,??_C@_0L@EKGD@iam015?4def?$AA@
1,0x6bde0,?HighlightHex@combatManager@@QAAXH@Z
1,0x122da8,??E?$_Rb_tree_iterator@U?$pair@$$CBVTCacheMapKey@ResourceManager@@PAVresource@@@std@@U?$_Nonconst_traits@U?$pair@$$CBVTCacheMapKey@ResourceManager@@PAVresource@@@std@@@2@@std@@QAA?AU01@H@Z
1,0x15823c,??0?$pair@U?$_Rb_tree_iterator@W4SpellID@@U?$_Const_traits@W4SpellID@@@std@@@std@@_N@std@@QAA@ABU?$_Rb_tree_iterator@W4SpellID@@U?$_Const_traits@W4SpellID@@@std@@@1@AB_N@Z
3,0x1b5f0,??_C@_09GNCB@cLuckInfo?$AA@
1,0x11f4d0,??0CHourGlass@@QAA@_N@Z
3,0x1b298,??_C@_0N@OEIF@minename?4txt?$AA@
1,0xa1ba8,??0font@@QAA@XZ
1,0xa1c94,??1font@@UAA@XZ
3,0x11220,??_C@_0N@BEAD@HPS025Dr?4PCX?$AA@
1,0x1285fc,??_Gtype_backpack_slot_widget@@UAAPAXI@Z
1,0x139090,?UpdateGameVars@TSingleSelectionWindow@@QAAXXZ
3,0x1b23c,??_C@_0N@EBKA@mineevnt?4txt?$AA@
1,0x1fb04,?get_obscured_type@type_obscuring_object@@QBA?AW4TAdventureObjectType@@XZ
1,0x8bed0,??1CDPlayAddressElement@@QAA@XZ
1,0x158108,?GetSpellWallHex@combatManager@@QAAHHHH@Z
3,0x33c74,?gHighScoreCampaignDefault@@3PAY03PADA
2,0x8a10,_GUID_PerfMasterVolume
1,0x3bdb4,?pop_heap@std@@YAXPAJ0@Z
1,0xfa4a0,?allocate@?$allocator@UTownExtra@@@std@@QBAPAUTownExtra@@IPBX@Z
1,0x1285fc,??_Etype_backpack_slot_widget@@UAAPAXI@Z
3,0x11800,??_C@_0N@JBEO@HPS072Nc?4PCX?$AA@
3,0x11830,??_C@_0N@JCKC@HPL073Nc?4PCX?$AA@
1,0xbfcf4,??0?$_STL_alloc_proxy@PAVgarrison@@V1@V?$allocator@Vgarrison@@@std@@@std@@QAA@ABV?$allocator@Vgarrison@@@1@ABQAVgarrison@@@Z
3,0x11570,??_C@_0N@IAGE@HPL051Hr?4PCX?$AA@
1,0x118794,?center@TQuickTownWindow@@QAAXJJ@Z
1,0xcd8b8,?get_description@type_artifact@@QBA?AV?$basic_string@DU?$char_traits@D@std@@V?$allocator@D@2@@std@@XZ
3,0x11780,??_C@_0N@HHIN@HPS068Dk?4PCX?$AA@
3,0xa354,??_C@_0L@GIME@cddrag?4def?$AA@
3,0x11070,??_C@_0N@HAJP@HPL011Cl?4PCX?$AA@
3,0x13d2c,??_C@_0CG@MCOP@LOD?5File?3?5no?5LOD?5file?5has?5been?5o@
1,0xfdc4c,?WritePrefsToRegistry@@YAXXZ
1,0x101d58,?IsJoinDisabled@CDPlaySession@@QAA_NXZ
1,0x10788,?CompleteDraw@advManager@@QAAXHHH_N0@Z
1,0x10b898,??0TPalette24@@QAA@XZ
1,0x85e3c,?DrawSpriteObject@combatManager@@QAAHPBVCSprite@@HHH_N@Z
1,0xbf4f8,??0?$_Vector_base@UTRumour@game@@V?$allocator@UTRumour@game@@@std@@@std@@QAA@ABV?$allocator@UTRumour@game@@@1@@Z
3,0x11a60,??_C@_0N@BABA@HPS091Wl?4PCX?$AA@
3,0x119c0,??_C@_0N@CFOA@HPS086Ov?4PCX?$AA@
3,0x119f0,??_C@_0N@CGAM@HPL087Ov?4PCX?$AA@
3,0x11b80,??_C@_0N@KPBF@HPS100Br?4PCX?$AA@
3,0x116b0,??_C@_0N@MABD@HPL061Dm?4PCX?$AA@
1,0x14b7e0,?ProcessMP3Stop@@YAXPAX@Z
1,0x162910,?GetNumberOfColumns@TSpreadsheetResource@@QBAHH@Z
3,0x2e3c4,?gpCombatManager@@3PAVcombatManager@@A
3,0x15aa8,?buttonDynamic@@3PAPAVbutton@@A
1,0x129614,?uninitialized_fill_n@std@@YAPAPAViconWidget@@PAPAV2@IABQAV2@@Z
1,0x181738,??_ETBuyBuildWindow@@UAAPAXI@Z
1,0x181738,??_GTBuyBuildWindow@@UAAPAXI@Z
1,0xd30b0,?SetupHeroView@THeroScreenWindow@@QAAXXZ
3,0xb7e8,?gCreatureGenerator1Types@@3PAW4TCreatureType@@A
3,0x14184,??_C@_1CE@HGF@?$AAL?$AAa?$AAs?$AAt?$AA?5?$AAM?$AAu?$AAs?$AAi?$AAc?$AA?5?$AAV?$AAo?$AAl?$AAu?$AAm?$AAe?$AA?$AA@
3,0x1e934,??_C@_08ILGG@TBFrhal4?$AA@
2,0xe14,??_7TBottomViewNewTurn@@6B@
1,0x63ae4,?_M_deallocate@?$_Bvector_base@V?$allocator@_N@std@@@std@@IAAXXZ
1,0xc3940,?end@?$vector@Utype_creature_bank@@V?$allocator@Utype_creature_bank@@@std@@@std@@QAAPAUtype_creature_bank@@XZ
3,0x356d8,?gColors@@3PAPBDA
3,0x11c0,??_C@_0L@OKEG@iam014?4def?$AA@
1,0x103008,??_ECHeroSessions@@UAAPAXI@Z
1,0x103008,??_GCHeroSessions@@UAAPAXI@Z
1,0x53448,??0Bitmap8Bit@@QAA@PBDHHPAEABVTPalette24@@H@Z
3,0xca68,?normalDirTable@@3PAUtilePoint@@A
1,0x11c374,?ShutDown@CChatManager@@QAAXXZ
1,0x149908,?Insert@?$CAutoArray@H@@UAA_NKPAH@Z
1,0x101cfc,?IsNT@TMultiPlayerWindow@@QAA_NXZ
1,0x1295a4,?uninitialized_fill_n@std@@YAPAPAVtextWidget@@PAPAV2@IABQAV2@@Z
1,0x158ebc,?RemoveWidget@TSubWindow@@QAAXPAVwidget@@@Z
1,0x4cb9c,?GetCroppedX@CSprite@@QBAHHH@Z
1,0x4cbe0,?GetCroppedY@CSprite@@QBAHHH@Z
1,0x54948,?GetRealWidth@bitmapBorder@@UBAHXZ
1,0x60c0c,?InitializeArchers@combatManager@@QAAXXZ
1,0x8d9f4,?undo@type_record_show_hero@@UAAXXZ
3,0x1b00c,??_C@_0N@FNIN@landkill?4wav?$AA@
1,0x383cc,??_Gtype_spellcaster_artifact@@UAAPAXI@Z
1,0x3bfb8,?__push_heap@std@@YAXPAJHHJ@Z
1,0x4c898,?get_AI_target_time@army@@QBAJJ@Z
1,0x64620,?__uninitialized_fill_n@std@@YAPAUTObstacle@combatManager@@PAU23@IABU23@0@Z
1,0x8f850,?_M_insert_overflow@?$vector@PAVtype_event_record@@V?$allocator@PAVtype_event_record@@@std@@@std@@IAAXPAPAVtype_event_record@@ABQAV3@I@Z
3,0xca58,??_C@_0L@PDLD@gtback?4def?$AA@
1,0x10baac,??1TPalette24@@UAA@XZ
3,0x1cea8,??_C@_08JMDF@TOCsMag1?$AA@
1,0x362b8,?get_value@type_combat_artifact@@UBAJPBVhero@@_N1@Z
1,0x70650,?get_tower_string@combatManager@@ABA?AV?$basic_string@DU?$char_traits@D@std@@V?$allocator@D@2@@std@@W4TWallSection@1@JJ@Z
1,0xf67ec,?end@?$vector@VTreasureData@@V?$allocator@VTreasureData@@@std@@@std@@QAAPAVTreasureData@@XZ
3,0x17078,?hEndMouseThreadEvent@@3PAXA
1,0x383cc,??_Etype_spellcaster_artifact@@UAAPAXI@Z
1,0x944d4,?DoEventMysticalGarden@advManager@@AAAXPAVhero@@PAVNewmapCell@@_N@Z
1,0xc5c4c,?iterator_category@std@@YA?AUrandom_access_iterator_tag@1@PBVboat@@@Z
1,0x1973b4,?RemoveWidget@heroWindow@@QAAXPAVwidget@@@Z
1,0x47bcc,?is_enemy@army@@QBA_NPBV1@@Z
3,0x331bc,?gGiveResourceWindowHelp@@3PAUTHelpText@@A
1,0x3a720,?__destroy@std@@YAXPAPAVtype_artifact_effect@@00@Z
1,0x30d6c,?purchase_building@type_AI_player@@IAA_NPA_N@Z
3,0x1f390,??_C@_0BC@EIBC@DDERR_HEIGHTALIGN?$AA@
1,0x70aa4,??0CEndPlacementPhaseMsg@@QAA@XZ
2,0x2418,??_7CSprite@@6B@
1,0x14d43c,??A?$vector@VTSpellbookEntry@TSpellbookWindow@@V?$allocator@VTSpellbookEntry@TSpellbookWindow@@@std@@@std@@QAAAAVTSpellbookEntry@TSpellbookWindow@@I@Z
1,0x19a41c,?GetDesktopWidth@@YAHXZ
1,0xbeeb8,??0?$_Vector_base@USign@@V?$allocator@USign@@@std@@@std@@QAA@ABV?$allocator@USign@@@1@@Z
1,0xd9294,??_ECHSInputDlg@@UAAPAXI@Z
1,0xd9294,??_GCHSInputDlg@@UAAPAXI@Z
3,0x1d770,??_C@_06CJJG@TOSCa1?$AA@
3,0x1cfbc,??_C@_08CMNF@TOCsPik1?$AA@
1,0x99abc,?DoEvent@advManager@@QAAXPAVNewmapCell@@Utype_point@@@Z
1,0x9d340,?begin@?$vector@USign@@V?$allocator@USign@@@std@@@std@@QAAPAUSign@@XZ
1,0xcae60,?hire@hero@@QAAXHUtype_point@@@Z
3,0x311a0,?iLastDynamicTop@@3HA
1,0x158458,??F?$_Rb_tree_iterator@W4SpellID@@U?$_Nonconst_traits@W4SpellID@@@std@@@std@@QAAAAU01@XZ
1,0x315bc,??0type_AI_creature_swapper@@QAA@XZ
1,0x158090,?get_elemental_type@@YA?AW4TCreatureType@@W4SpellID@@@Z
3,0x119c,??_C@_0L@IKLM@iam013?4def?$AA@
1,0xcc360,?mark_spells@@YAXPA_NW4TSpellSchool@@@Z
1,0x19c9ec,_GetLastError
1,0x88ec4,??0ds_engine@@QAA@XZ
1,0xecb94,?Load@NewfullMap@@QAAHPAXH_N@Z
1,0x164f80,?Draw@textWidget@@UBAXXZ
1,0x17b318,?DoTownGate@townManager@@QAAXXZ
1,0xeb370,??_EVideomodeChoice@@UAAPAXI@Z
1,0xeb370,??_GVideomodeChoice@@UAAPAXI@Z
1,0x129990,?__uninitialized_fill_n_aux@std@@YAPAPAVtextWidget@@PAPAV2@IABQAV2@U__false_type@@@Z
1,0x16a224,?DrawOutline@townObject@@QAAXXZ
1,0x38cc0,?push_back@?$vector@UHeroDestination@@V?$allocator@UHeroDestination@@@std@@@std@@QAAXABUHeroDestination@@@Z
3,0x2aa8,??_C@_0L@GAEC@?$CFsattk?482M?$AA@
3,0x2c9b0,?puzzlePiecesRemoved@@3V?$bitset@$0DA@K@std@@A
1,0xcd6e8,?update_slot@THeroScreenWindow@@QAAXW4TArtifactSlot@@@Z
1,0xfce74,?__uninitialized_fill_n_aux@std@@YAPAVTreasureData@@PAV2@IABV2@U__false_type@@@Z
3,0x2ad8,??_C@_0L@CEAN@?$CFsext2?482M?$AA@
1,0x78774,?DrawAdvObjWithFlagScaled25@CSpriteFrame@@QBAXHHHHPAGHHHHHAAVTPalette16@@G@Z
1,0xf5710,?clear@?$vector@VBlackBoxData@@V?$allocator@VBlackBoxData@@@std@@@std@@QAAXXZ
3,0x35134,?TerrainNames@@3PBVTTextResource@@B
3,0x1e9b8,??_C@_08LMIG@TBFrhrd3?$AA@
1,0x16c518,?SetHeroCommand@townManager@@QAAXXZ
3,0x6c,__imp___eqd
1,0x20a24,?erase@?$vector@Utype_dialog_resource@@V?$allocator@Utype_dialog_resource@@@std@@@std@@QAAPAUtype_dialog_resource@@PAU3@0@Z
1,0x161314,?InitializeMineNames@@YA_NXZ
3,0x8c,__imp__ceil
3,0x2acc,??_C@_0L@MEGC@?$CFsext1?482M?$AA@
1,0xf9a60,?copy@std@@YAPAVTTownEvent@@PAV2@00@Z
1,0x1698ac,?UpdateTownLocator@TTownGateWindow@@AAAXH@Z
2,0x8310,_GUID_SawtoothUp
3,0x2b5c,??_C@_0M@BHMB@PCYCLBX?4def?$AA@
1,0xc7994,?iterator_category@std@@YA?AUrandom_access_iterator_tag@1@PBUtype_university@@@Z
1,0x12d084,?SetRandomName@TSeerHut@@SAXAAV1@@Z
2,0x8c70,__IMPORT_DESCRIPTOR_MAPLEDEV
2,0x8a60,_IID_IDirectMusicGetLoader
3,0x1248,??_C@_0M@MMDP@AdvInfo?4def?$AA@
1,0xc674c,?__uninitialized_copy@std@@YAPAVtown@@PAV2@000@Z
1,0x12981c,?__destroy_aux@std@@YAXPAUtype_artifact_offering@@0U__false_type@@@Z
3,0xa50c,??_C@_0L@DEEP@cthdem?4def?$AA@
3,0x1f940,??_C@_0N@INIK@DDERR_NOHWND?$AA@
1,0x38cfc,??0?$allocator@UHeroDestination@@@std@@QAA@XZ
1,0x38d00,??1?$allocator@UHeroDestination@@@std@@QAA@XZ
3,0x1eb5c,??_C@_08IEFP@ITPA?4def?$AA@
3,0xb22c,??_C@_0P@DECE@Active?5Players?$AA@
1,0xc2d78,?allocate@?$_STL_alloc_proxy@PAVCObjectType@@V1@V?$allocator@VCObjectType@@@std@@@std@@QAAPAVCObjectType@@I@Z
1,0x113e24,?AI_value_of_event@@YAJPBVhero@@Utype_point@@AAJ@Z
1,0xa27c4,??_Gfont@@UAAPAXI@Z
1,0xa3250,?set_owner@generator@@QAAXJ@Z
1,0x38e50,?erase@?$vector@Utype_creature_source@@V?$allocator@Utype_creature_source@@@std@@@std@@QAAPAUtype_creature_source@@PAU3@0@Z
1,0x89f4c,?SetDataNULL@?$tree@Vds_memsample@@@@QAA_NPAVds_memsample@@@Z
1,0xf6af8,?erase@?$vector@VBlackBoxData@@V?$allocator@VBlackBoxData@@@std@@@std@@QAAPAVBlackBoxData@@PAV3@0@Z
1,0x20108,?get_path_steps@searchArray@@QBAJXZ
1,0xc8bd0,?_M_allocate_and_copy@?$vector@W4TArtifact@@V?$allocator@W4TArtifact@@@std@@@std@@IAAPAW4TArtifact@@IPBW43@0@Z
1,0xe49b0,?HandleAppSpecificMenuCommands@@YAHH@Z
1,0x1f174,?GetHeight@CSprite@@QBAHXZ
1,0x75094,?Encode@CSpriteFrame@@QAAXW4TEncodingMethod@@@Z
1,0x120030,?Delete@?$CAutoArray@VCDPlayPlayer@@@@UAA_NK@Z
1,0x13a380,?Update@TSingleSelectionWindow@@QAAHAAUmessage@@@Z
3,0x1d5c8,??_C@_07HAJB@TONVam2?$AA@
3,0x1190,??_C@_0L@CKJJ@iam012?4def?$AA@
1,0x28dcc,?__stl_alloc_rebind@std@@YAAAV?$allocator@PAW4SpellID@@@1@AAV?$allocator@W4SpellID@@@1@PBQAW4SpellID@@@Z
1,0xcf3ac,?show_skills@THeroScreenWindow@@QAAXXZ
1,0x2a52c,?get_catagory@type_AI_combat_data@@IBA?AW4type_speed_catagory@@W4TCreatureType@@J@Z
1,0x88f20,??1ds_engine@@QAA@XZ
1,0xfada4,?_M_insert_overflow@?$vector@VTTimedEvent@@V?$allocator@VTTimedEvent@@@std@@@std@@IAAXPAVTTimedEvent@@ABV3@I@Z
1,0x31e3c,??0type_AI_creature_purchaser@@QAA@JPAVgenerator@@@Z
1,0x43028,?_M_subtract@?$_Deque_iterator_base@W4SpellID@@U?$_Buf_size_traits@W4SpellID@@$0A@@std@@@std@@QBAHABU12@@Z
1,0xf6500,?end@?$vector@VCObject@@V?$allocator@VCObject@@@std@@@std@@QAAPAVCObject@@XZ
3,0x1d5e4,??_C@_07PHMF@TONBon2?$AA@
1,0x1673dc,?get_castle_growth_bonus@town@@QBAJW4TCreatureType@@@Z
1,0x188454,?DoArtifactMerchants@@YAXXZ
3,0x1f90c,??_C@_0BJ@MFMC@DDERR_CLIPPERISUSINGHWND?$AA@
1,0x3acc4,?__median@std@@YAABJABJ00@Z
1,0x87f1c,?FileOffset@wavfile@@QAAKXZ
3,0x15a48,??_C@_0M@GCLH@muBjoin?4def?$AA@
3,0x1e310,??_C@_08JBOC@TBNcmark?$AA@
1,0x54c4c,?GetRealHeight@bitmapBorder16@@UBAHXZ
1,0x8dae8,?get_type@type_record_player_death@@UBA?AW4type_event_record_type@@XZ
1,0x20620,?size@?$vector@PAUpathCell@@V?$allocator@PAUpathCell@@@std@@@std@@QBAIXZ
1,0x129440,?allocate@?$allocator@Utype_artifact_offering@@@std@@QBAPAUtype_artifact_offering@@IPBX@Z
1,0x140664,?OnMapFileNameMsg@TSingleSelectionWindow@@QAA_NPAVCNetMsg@@@Z
1,0x290a8,?__destroy_aux@std@@YAXPAPAVarmy@@0U__false_type@@@Z
1,0x88e6c,?SetupPlayback@ds_streamsample@@AAA_NXZ
3,0x2ec0,??_C@_0N@GCJ@AdStatNx?4pcx?$AA@
1,0x10af5c,?AdjustHue@TPalette16@@QAAXMM@Z
1,0x14b984,?ThreadStopMP3@soundManager@@QAAXXZ
1,0xc74d8,?__uninitialized_fill_n@std@@YAPAVhero@@PAV2@IABV2@0@Z
3,0x2ca04,?giDialogTimeout@@3KA
3,0xd27c,?tinyFont@@3PAVfont@@A
1,0xf6d64,?erase@?$vector@VTTimedEvent@@V?$allocator@VTTimedEvent@@@std@@@std@@QAAPAVTTimedEvent@@PAV3@0@Z
1,0x14ac50,?VideoResume@@YAXXZ
1,0x19c884,_GlobalMemoryStatus
1,0xbcd40,?init@TArtifactRequirement@@QAAXXZ
1,0x153b60,?AreaEffect@combatManager@@QAAXHHW4TSkillMastery@@H@Z
1,0x19902c,?DDAppBlit@@YAXABUtagRECT@@@Z
1,0x35dc,??A?$vector@PADV?$allocator@PAD@std@@@std@@QBAABQADI@Z
1,0x9d328,?begin@?$vector@VMonsterData@@V?$allocator@VMonsterData@@@std@@@std@@QAAPAVMonsterData@@XZ
1,0x188f1c,?SetWidgetOn@TSellCreatureWindow@@AAAXF@Z
1,0x39c24,?construct@std@@YAXPAUtype_creature_source@@ABU2@@Z
1,0x614f0,?ShootBallisticMissile@combatManager@@QAAXHHHHPBVCSprite@@@Z
1,0xf71a0,??1?$_STL_alloc_proxy@PAUTObjectCell@NewmapCell@@U12@V?$allocator@UTObjectCell@NewmapCell@@@std@@@std@@QAA@XZ
1,0xf4db4,?resize@?$vector@W4SpellID@@V?$allocator@W4SpellID@@@std@@@std@@QAAXI@Z
3,0x169f4,??_C@_0BD@CKAK@We?5are?5a?5guest?4?4?4?4?$AA@
1,0x12d4dc,?GiveReward@TSeerHut@@AAAXPAVhero@@_N@Z
1,0x42f70,?get_allocator@?$_Deque_base@W4SpellID@@V?$allocator@W4SpellID@@@std@@$0A@@std@@QBA?AV?$allocator@W4SpellID@@@2@XZ
1,0x5dc70,?Close@combatManager@@UAAXXZ
1,0xbcbdc,?set_witch_skill@ExtraInfoUnion@@QAAXW4TSecondarySkill@@@Z
3,0x1dbcc,??_C@_08LEDF@TBCsdw_5?$AA@
3,0x13c38,?DCgeneral_timer@@3KA
3,0x1f4a0,??_C@_0BE@IEFK@DDERR_NOCOLORCONVHW?$AA@
3,0x1208,??_C@_0L@MKPG@iam011?4def?$AA@
1,0x40a08,?get_berserk_value@type_AI_spellcaster@@IBAJPBVarmy@@Utype_enchant_data@@@Z
1,0x8d528,?get_type@type_record_hide_hero@@UBA?AW4type_event_record_type@@XZ
1,0xbf414,??1?$_Vector_base@Utype_creature_bank@@V?$allocator@Utype_creature_bank@@@std@@@std@@QAA@XZ
1,0x142870,?BeginSavedGame@TSingleSelectionWindow@@QAA_NXZ
2,0x8b40,_DLSID_GMInHardware
1,0x3e87c,?get_fortune_value@type_AI_spellcaster@@IBAJPBVarmy@@Utype_enchant_data@@@Z
1,0x6c070,?ProcessCombatMsg@combatManager@@QAAHAAUmessage@@@Z
1,0x7174c,?uninitialized_copy@std@@YAPAW4TArtifact@@PAW42@00@Z
1,0x731e8,?DrawAdvObjShadowScaled25@CSprite@@QBAXHHHHHPAGHHHHH@Z
1,0x73060,?DrawAdvObjShadowScaled50@CSprite@@QBAXHHHHHPAGHHHHH@Z
3,0xaebc,?StopVideo@@3_NA
1,0x892d8,?ChannelFree@ds_engine@@QAA_NK@Z
3,0xd2ec,?gbDontTryDigital@@3HA
3,0x1378c,?gbDoMemCheck@@3HA
1,0xec324,?HasTriggerableEvent@NewmapCell@@QBA?B_NXZ
1,0x100e94,?CheckSessions@TMultiPlayerWindow@@QAAXXZ
3,0x15bb0,?libname@@3PAGA
1,0x19cec8,_MapleEnumerateDevices
3,0xb4f4,??_C@_0P@JGGO@Not?5registered?$AA@
1,0xbcc18,??0boat@@QAA@XZ
2,0x4748,??_7type_normal_dialog_frame@@6B@
1,0x163f10,??0?$allocator@PAV?$vector@PADV?$allocator@PAD@std@@@std@@@std@@QAA@XZ
1,0x163f14,??1?$allocator@PAV?$vector@PADV?$allocator@PAD@std@@@std@@@std@@QAA@XZ
3,0x1e658,??_C@_08EOPK@TBDnup_3?$AA@
1,0x179090,?set_prerequisite_text@TBuyBuildWindow@@QAAXPBVtown@@W4type_building_id@@@Z
1,0x8eccc,??_Etype_record_move_hero@@UAAPAXI@Z
1,0x8eccc,??_Gtype_record_move_hero@@UAAPAXI@Z
1,0xf614c,??1?$_Vector_base@USecondarySkillData@@V?$allocator@USecondarySkillData@@@std@@@std@@QAA@XZ
1,0xfac5c,?uninitialized_fill_n@std@@YAPAVBlackBoxData@@PAV2@IABV2@@Z
3,0x34260,?gMultiSelectionHelp@@3PAUTHelpText@@A
1,0x2dff0,?is_marked@type_garrison_purchaser@@MBA_NPBVtown@@@Z
1,0x906c0,?EventSound@advManager@@AAAXPAVNewmapCell@@@Z
1,0x158dac,??0TSubWindow@@QAA@HHHHPAVheroWindow@@@Z
1,0xf51ec,?clear@?$vector@VCObject@@V?$allocator@VCObject@@@std@@@std@@QAAXXZ
1,0x15ee24,?IsRightHero@swapManager@@QAA_NXZ
3,0x1db18,??_C@_08KIAB@TBCsboat?$AA@
3,0x1e880,??_C@_08EANP@TBStup_5?$AA@
1,0xbe86c,??1TRumour@game@@QAA@XZ
1,0x116e28,??_ETQuestLogWindow@@UAAPAXI@Z
1,0x116e28,??_GTQuestLogWindow@@UAAPAXI@Z
1,0x5bd68,?DoModal@TCampaignWindow@@QAAXXZ
1,0x829a0,?WindowHandler@TDimensionDoorWindow@@UAAHAAUmessage@@@Z
1,0xfcaf8,?__destroy_aux@std@@YAXPAVTTimedEvent@@0U__false_type@@@Z
1,0xf6ed8,?end@?$vector@VTTownEvent@@V?$allocator@VTTownEvent@@@std@@@std@@QAAPAVTTownEvent@@XZ
3,0x123c,??_C@_0L@OMCP@AdvDig?4def?$AA@
1,0x126fec,?max_creatures@type_sacrifice_window@@CAHAAUmessage@@@Z
1,0x129a44,?__uninitialized_copy_aux@std@@YAPAPAVsample@@PAPAV2@00U__false_type@@@Z
1,0x1f974,?zCell@NewfullMap@@AAAPAVNewmapCell@@HHH@Z
1,0x8c1e4,?Add@?$CAutoArray@VCDPlayAddressElement@@@@UAA_NPAVCDPlayAddressElement@@@Z
1,0xc8d08,?__destroy_aux@std@@YAXPAUSign@@U__false_type@@@Z
1,0xbc8dc,?zCell@NewfullMap@@ABAPBVNewmapCell@@HHH@Z
1,0xf5114,?clear@?$vector@VCObjectType@@V?$allocator@VCObjectType@@@std@@@std@@QAAXXZ
1,0x148e48,?SaveBackground@CChatWidget@@QBAXXZ
1,0x56fa0,??_ETBottomViewTown@@UAAPAXI@Z
1,0x56fa0,??_GTBottomViewTown@@UAAPAXI@Z
1,0xa5168,?ClearNetInfo@playerData@@QAAXXZ
1,0xf6e84,??1?$_Vector_base@VTTimedEvent@@V?$allocator@VTTimedEvent@@@std@@@std@@QAA@XZ
1,0x123b10,??0ResolutionSwitch@@QAA@XZ
1,0x129684,?uninitialized_fill_n@std@@YAPAPAVsample@@PAPAV2@IABQAV2@@Z
1,0x19cb30,_OffsetRect
3,0x1124,??_C@_0L@GKND@iam010?4def?$AA@
1,0x1df7c,?MapExtraPosAndAdjacentsSet@@YAHHHHE@Z
1,0x42f7c,?get_allocator@?$vector@PAVarmy@@V?$allocator@PAVarmy@@@std@@@std@@QBA?AV?$allocator@PAVarmy@@@2@XZ
1,0x57a28,?SetPlayerPaletteColors@button@@QAAXH@Z
1,0x11f9f0,?handle_message@CWaitForReadyPlayersDlg@@UAAHAAUmessage@@@Z
3,0x1d3a0,??_C@_07HAOF@TOiblka?$AA@
3,0xae00,??_C@_08FJLO@chs_cast?$AA@
1,0x80180,_SmackGoto
1,0x8c328,??_GCDPlayConnection@@QAAPAXI@Z
1,0x101d84,?IsPasswordProtected@CDPlaySession@@QAA_NXZ
1,0x122af0,?AddRef@resource@@QAAHXZ
3,0x1f998,??_C@_0BC@GBNJ@DDERR_NOPALETTEHW?$AA@
1,0xf8dd8,?_M_insert_overflow@?$vector@VTTownEvent@@V?$allocator@VTTownEvent@@@std@@@std@@IAAXPAVTTownEvent@@ABV3@I@Z
1,0x46008,?get_counter_clockwise@army@@QBAJJ@Z
1,0xf7184,??1?$_STL_alloc_proxy@PAUSecondarySkillData@@U1@V?$allocator@USecondarySkillData@@@std@@@std@@QAA@XZ
3,0x1b1c8,??_C@_0M@KKBF@sysopb2?4def?$AA@
3,0x1da58,??_C@_08HMEF@TBCsmag5?$AA@
1,0x14b170,?ConvertVolume@soundManager@@QAAHHH@Z
3,0x1d7a0,??_C@_08CIPI@TOSHal3a?$AA@
1,0x2d7b0,?iterator_category@std@@YA?AUrandom_access_iterator_tag@1@PBUtype_monster_data@@@Z
1,0xdd704,?CheckUp@inputManager@@QAAHHHHHH_N@Z
1,0x19849c,?IsOpen@File@@UAA_NXZ
3,0x1dd94,??_C@_08OIEI@TBRmext5?$AA@
3,0xa570,??_C@_0L@NGPI@cdevil?4def?$AA@
1,0x78be0,?DrawTileScaled25@CSpriteFrame@@QBAXHHHHPAGHHHHHAAVTPalette16@@_N2@Z
1,0x77f98,?DrawTileScaled50@CSpriteFrame@@QBAXHHHHPAGHHHHHAAVTPalette16@@_N2@Z
1,0xbe84c,??0TRumour@game@@QAA@XZ
1,0x11f448,??0CNetMsgHandlerPause@@QAA@XZ
1,0x11f498,??1CNetMsgHandlerPause@@QAA@XZ
3,0x351cc,?cNewTurn@@3PAPBDA
3,0x1f3c0,??_C@_0BC@JNLE@DDERR_INVALIDCAPS?$AA@
1,0x54594,?zBufferDraw@border@@UBAXPAGH@Z
3,0xa278,??_C@_0L@OMHN@cdwarf?4def?$AA@
1,0x1153a8,?UpdatePuzzle@TPuzzleWindow@@QAAHH@Z
1,0x128b84,??0?$_Vector_base@PAViconWidget@@V?$allocator@PAViconWidget@@@std@@@std@@QAA@ABV?$allocator@PAViconWidget@@@1@@Z
3,0x17a9c,??_C@_0M@HLCL@sliderV?4pcx?$AA@
1,0x163fc0,??0?$_Vector_base@PADV?$allocator@PAD@std@@@std@@QAA@IABV?$allocator@PAD@1@@Z
1,0x6a698,?substr@?$basic_string@DU?$char_traits@D@std@@V?$allocator@D@2@@std@@QBA?AV12@II@Z
1,0x8f560,?erase@?$vector@PAVtype_event_record@@V?$allocator@PAVtype_event_record@@@std@@@std@@QAAPAPAVtype_event_record@@PAPAV3@0@Z
3,0x1e028,??_C@_08LHKC@TBTwup_3?$AA@
3,0x313d0,?giCurWatchPlayerBit@@3EA
1,0x120424,?destroy@std@@YAXPAPAVCNetMsg@@@Z
2,0x7a10,_GUID_ColorControlCallbacks
2,0xcf4,??_7Bitmap16Bit@@6B@
1,0xc1d38,?save_object_vector@@YA_NPAXAAV?$vector@Vgenerator@@V?$allocator@Vgenerator@@@std@@@std@@@Z
3,0x17dbc,??_C@_0BF@BDKL@?2CD?9ROM?2music?2?$CFs?4wav?$AA@
1,0x6f5f4,?ResetMouse@combatManager@@QAAXXZ
3,0x1d258,??_C@_08EGIF@TOTGar2H?$AA@
1,0x149878,?Put@?$CAutoArray@H@@UAA_NKPAH@Z
1,0x19cb60,_GetVersionExW
1,0xa5b9c,?SaveHeroPool@game@@AAAHPAX@Z
1,0xc8a34,?destroy@std@@YAXPAVgenerator@@@Z
1,0x2c27c,?AI_value_of_combat@@YAJPBVhero@@0ABVarmyGroup@@PBVtown@@PAVNewmapCell@@@Z
1,0xfa704,?fill@std@@YAXPAUSecondarySkillData@@0ABU2@@Z
3,0x16920,??_C@_0BC@PNMK@Serial?5Connection?$AA@
3,0x1d7c0,??_C@_07ODLH@TOSMrk2?$AA@
2,0x7c80,_CLSID_CDirect3DRMDevice
1,0x2f148,?start_turn@type_AI_player@@QAAXXZ
1,0x3e9d8,?get_defense_boost_value@type_AI_spellcaster@@IBAJPBVarmy@@0JN@Z
1,0x69da8,?handle_widget_hover@TCombatWindow@@UAAXPAVwidget@@@Z
1,0xbf620,??0?$_Vector_base@Vhero@@V?$allocator@Vhero@@@std@@@std@@QAA@ABV?$allocator@Vhero@@@1@@Z
1,0xbf6d4,??1?$_STL_alloc_proxy@PAUtype_point@@U1@V?$allocator@Utype_point@@@std@@@std@@QAA@XZ
1,0x15ebac,?HandleHeroUpdateMsg@swapManager@@QAAXPAVCNetMsg@@@Z
1,0x2ce58,?__median@std@@YAABUtype_monster_data@@ABU2@00@Z
1,0xfe398,??0?$_Bit_iter@U_Bit_reference@std@@PAU12@@std@@QAA@PAII@Z
1,0x153104,?ValidSpellTargetArmy@combatManager@@QBA_NHHPBVarmy@@_N1@Z
3,0x1d83c,??_C@_07IHMG@TOSRoc1?$AA@
3,0x1f70c,??_C@_0BO@PJKH@DDERR_SURFACEALREADYDEPENDENT?$AA@
1,0x8be8c,??0CDPlayAddressElement@@QAA@PBU_GUID@@PBXK@Z
1,0x136e94,?TurnOffAdvancedOptions@TSingleSelectionWindow@@QAAXXZ
3,0x2bd5c,?AdventureEventText@@3PBVTTextResource@@B
1,0x288a0,?destroy@std@@YAXPAPAVarmy@@0@Z
1,0x29364,?destroy@std@@YAXPAPAVarmy@@@Z
1,0x5c1d8,?GetBuildingName@@YAPBDHH@Z
1,0x90028,?__destroy_aux@std@@YAXPAPAVtype_event_record@@U__false_type@@@Z
1,0x1308d8,?SetComputer@CNetPlayerHandler@@QAA_NH@Z
3,0xb4,__imp__wsprintfW
1,0x492c8,?Damage@army@@QAAHH@Z
3,0x1d150,??_C@_07JMKP@TOrelf1?$AA@
2,0x7c00,_IID_IDirect3DMaterial
2,0x7c10,_IID_IDirect3DMaterial2
2,0x7c20,_IID_IDirect3DMaterial3
1,0x16de90,??1TThievesGuildWindow@@UAA@XZ
1,0x50a90,?NextBinkFrame@BinkManager@@YAXXZ
1,0x55768,??0TBottomViewMessage@@QAA@PAVheroWindow@@ABV?$basic_string@DU?$char_traits@D@std@@V?$allocator@D@2@@std@@@Z
1,0x71784,?uninitialized_fill_n@std@@YAPAW4TArtifact@@PAW42@IABW42@@Z
1,0x73260,?DrawTileScaled25@CSprite@@QBAXHHHHHPAGHHHHH_N1@Z
1,0xf6d04,??1?$_Vector_base@VTSeerHut@@V?$allocator@VTSeerHut@@@std@@@std@@QAA@XZ
1,0x4a610,?get_attack_direction@army@@QBAJJPBV1@@Z
1,0x8c7c0,?create@type_record_move_hero@@SAPAVtype_event_record@@XZ
2,0x8750,_CLSID_DirectMusicSysExTrack
3,0x1000,??_C@_0O@LOPB@ajpsyrfujbhaq?$AA@
1,0x549c0,?SetImage@bitmapBorder@@QAAXPBD@Z
3,0xb250,??_C@_0BA@NALF@Cant?5add?5player?$AA@
3,0x1d07c,??_C@_07CKKH@TOrmag4?$AA@
1,0x18f508,?DoModal@type_university_window@@UAAX_N@Z
1,0x192a28,?create_ok_widget@TViewArmyWindow@@AAAXXZ
1,0x730d8,?DrawTileScaled50@CSprite@@QBAXHHHHHPAGHHHHH_N1@Z
1,0xbdb50,?begin@?$vector@Utype_point@@V?$allocator@Utype_point@@@std@@@std@@QAAPAUtype_point@@XZ
1,0x188fa4,?Update@TTradeResourceWindow@@QAAX_N@Z
1,0x197874,?MoveWindow@heroWindow@@QAAXHH@Z
1,0x26ee0,?choose_melee_action@combatManager@@QAAJPBVarmy@@_N1J@Z
1,0x4101c,?consider_resurrect@type_AI_spellcaster@@IBAXAAUtype_spell_choice@@@Z
3,0x65f0,??_C@_0N@GBL@SgStArch?4pcx?$AA@
1,0xbf9d0,?insert@?$vector@Vtown@@V?$allocator@Vtown@@@std@@@std@@QAAXPAVtown@@IABV3@@Z
1,0x11ea4,?DrawBoatPart@advManager@@QAAXHAAUTDrawParts@@HHHHHH@Z
1,0xbb0e4,?get_random_lith@game@@ABA_NABV?$vector@Utype_point@@V?$allocator@Utype_point@@@std@@@std@@AAUtype_point@@JJ@Z
3,0x2e554,?gcCommandLine@@3PADA
3,0x341d8,?gNeutralBuildingNames@@3PAPBDA
1,0x19a444,?CleanUpWinGraphics@@YAXXZ
1,0x202e8,??_ECAdvPopup@@UAAPAXI@Z
1,0x202e8,??_GCAdvPopup@@UAAPAXI@Z
1,0x8dcb0,?create@type_record_shroud@@SAPAVtype_event_record@@XZ
3,0x38018,?iVWCenterOffsetH@@3HA
1,0x6abb4,??0?$binder2nd@U?$_Eq_traits@U?$char_traits@D@std@@@std@@@std@@QAA@ABU?$_Eq_traits@U?$char_traits@D@std@@@1@ABD@Z
1,0xc0e20,?_M_fill_insert@?$vector@Vmine@@V?$allocator@Vmine@@@std@@@std@@QAAXPAVmine@@IABV3@@Z
1,0x40c8,?erase@?$basic_string@DU?$char_traits@D@std@@V?$allocator@D@2@@std@@QAAPADPAD0@Z
1,0x61224,?ShotIsThroughWall@combatManager@@QBAHHHH@Z
3,0xa714,??_C@_0L@CPMD@ceveye?4def?$AA@
3,0xad14,??_C@_09HGI@hs_walk_n?$AA@
1,0x8c7ec,?load@type_record_move_hero@@UAA_NPAX@Z
1,0x8c8bc,?save@type_record_move_hero@@UAA_NPAX@Z
3,0x1a858,??_C@_0N@MADI@Forcefld?4wav?$AA@
1,0xbf06c,??0?$_Vector_base@Vgenerator@@V?$allocator@Vgenerator@@@std@@@std@@QAA@ABV?$allocator@Vgenerator@@@1@@Z
1,0xc7d0c,?__uninitialized_fill_n_aux@std@@YAPAVCObject@@PAV2@IABV2@U__false_type@@@Z
1,0x123768,??R?$_Select1st@U?$pair@$$CBVTCacheMapKey@ResourceManager@@PAVresource@@@std@@@std@@QBAABVTCacheMapKey@ResourceManager@@ABU?$pair@$$CBVTCacheMapKey@ResourceManager@@PAVresource@@@1@@Z
1,0x198610,?SeekEnd@File@@UAAKXZ
2,0xd04,??_7Bitmap24Bit@@6B@
1,0x11cdb0,?OnEscape@CChatEdit@@UAAHUmessage@@@Z
3,0x1cdd4,??_C@_0N@FEAD@TPCasDun?4pcx?$AA@
3,0x1cdf4,??_C@_0N@FGIB@TPCasFor?4pcx?$AA@
1,0x8f270,?GetTeamMask@game@@QBAEH@Z
1,0x384b0,??_Etype_duration_artifact@@UAAPAXI@Z
1,0x384b0,??_Gtype_duration_artifact@@UAAPAXI@Z
1,0x3cba0,?get_exchange_effect@type_AI_combat_parameters@@QBAJABVarmy@@0J@Z
1,0xfe2b8,??B_Bit_reference@std@@QBA_NXZ
3,0x1f820,??_C@_0BO@MNN@DDERR_VERTICALBLANKINPROGRESS?$AA@
3,0x116c,??_C@_0L@FOHM@iam009?4def?$AA@
3,0xb8d4,?gCreatureGenerator4Types@@3PAY03W4TCreatureType@@A
1,0xf5780,??1?$vector@VTSeerHut@@V?$allocator@VTSeerHut@@@std@@@std@@QAA@XZ
1,0xfab90,?copy_backward@std@@YAPAVMonsterData@@PAV2@00@Z
1,0x24ef4,?get_area_effect@combatManager@@ABAJJPBVarmy@@JABVtype_AI_combat_parameters@@@Z
1,0x1034fc,?InitNewGame@game@@QAAXPAVNewSMapHeader@@@Z
3,0x1e13c,??_C@_08NAJK@TBInhrd2?$AA@
1,0x128a54,??1?$vector@PAVsample@@V?$allocator@PAVsample@@@std@@@std@@QAA@XZ
1,0x70bdc,??0?$_Vector_base@Utype_artifact@@V?$allocator@Utype_artifact@@@std@@@std@@QAA@ABV?$allocator@Utype_artifact@@@1@@Z
1,0x140d50,?OnNewMapHeaderInfo@TSingleSelectionWindow@@QAA_NPAVCNetMsg@@@Z
3,0x380a4,?iVWArtifacts@@3_NA
3,0x15a9c,?textWidgetDynamic@@3PAPAVtextWidget@@A
1,0xef0a0,?loadBlackBoxList@NewfullMap@@QAAHPAX@Z
1,0xeeb3c,?saveBlackBoxList@NewfullMap@@QAAHPAX@Z
1,0x2d1cc,?__linear_insert@std@@YAXPAUtype_monster_data@@0U2@@Z
2,0x2944,??_7type_record_erase@@6B@
3,0x1b120,??_C@_0N@NNAB@trarrowr?4pcx?$AA@
1,0x164b18,?__destroy_aux@std@@YAXPAPAD0U__true_type@@@Z
3,0x15a8c,??_C@_06ILEH@?$CFs?$CFc?$CFs?$AA@
2,0x54,??_7CGameChatEdit@@6B@
1,0x27f4c,?GridX@combatManager@@SAHH@Z
1,0xd50a0,?get_combat_value_modifier@hero@@QBAMXZ
1,0xeb6a4,?SetCellVisited@ExtraInfoUnion@@QAAXF@Z
1,0x3178,?SendChatCleanup@CGameChatEdit@@UAAXXZ
1,0x27f34,?GridY@combatManager@@SAHH@Z
3,0x1fb58,??_C@_0BA@ODJJ@DDERR_NOTLOADED?$AA@
3,0x1eb84,??_C@_07EFDI@?6?$CFs?5?$CF?$CLd?$AA@
1,0x213a4,?__destroy_aux@std@@YAXPAUtype_dialog_resource@@0U__false_type@@@Z
1,0x10d640,?AI_enter_garrison@@YAXPAVhero@@PAVgarrison@@@Z
1,0x122e8c,?end@?$_Rb_tree@VTCacheMapKey@ResourceManager@@U?$pair@$$CBVTCacheMapKey@ResourceManager@@PAVresource@@@std@@U?$_Select1st@U?$pair@$$CBVTCacheMapKey@ResourceManager@@PAVresource@@@std@@@4@U?$less@VTCacheMapKey@ResourceManager@@@4@V?$allocator@U?$p16cbeb57
3,0x1ad40,??_C@_0M@FCB@C01spF0?4def?$AA@
2,0x84d0,_IID_ILGun
1,0x70c08,??1?$_Vector_base@Utype_artifact@@V?$allocator@Utype_artifact@@@std@@@std@@QAA@XZ
3,0xd298,?giScreenScroll@@3HA
1,0x14d6a0,?reserve@?$vector@VTSpellbookEntry@TSpellbookWindow@@V?$allocator@VTSpellbookEntry@TSpellbookWindow@@@std@@@std@@QAAXI@Z
3,0x1160,??_C@_0L@POFJ@iam008?4def?$AA@
1,0x7799c,?ClipScaled50@CSpriteFrame@@ABAXAAH00000HH_N1@Z
1,0xfba58,?uninitialized_copy@std@@YAPAW4SpellID@@PBW42@0PAW42@@Z
1,0x129db4,??0CScenarioInfoDlg@@QAA@XZ
1,0x3ec10,?get_defense_skill_value@type_AI_spellcaster@@IBAJPBVarmy@@JJ@Z
1,0x8e058,?record_claim_town@game@@QAAXJJ@Z
1,0x8f3e8,?size@?$vector@Utype_shroud_change@type_record_shroud@@V?$allocator@Utype_shroud_change@type_record_shroud@@@std@@@std@@QBAIXZ
1,0xbfea4,?insert@?$vector@UTRumour@game@@V?$allocator@UTRumour@game@@@std@@@std@@QAAXPAUTRumour@game@@IABU34@@Z
3,0x2e74,??_C@_0N@PJGL@townqkgh?4pcx?$AA@
3,0xa4a8,??_C@_08HHOG@cgog?4def?$AA@
1,0x120794,?copy@std@@YAPAPAPAVCNetMsg@@PAPAPAV2@00@Z
3,0x19c,__imp__vsprintf
1,0x785a0,?ClipScaled25@CSpriteFrame@@ABAXAAH00000HH_N1@Z
1,0xe3dfc,?FileError@@YAXPBD@Z
3,0x1e124,??_C@_08NEHN@TBInspec?$AA@
1,0xfb278,?__destroy@std@@YAXPAVMonsterData@@00@Z
1,0x1205e4,?_M_destroy_nodes@?$_Deque_base@PAVCNetMsg@@V?$allocator@PAVCNetMsg@@@std@@$0A@@std@@IAAXPAPAPAVCNetMsg@@0@Z
1,0x19b490,?ScreenShot@heroWindowManager@@QAAXXZ
1,0x43324,?allocate@?$allocator@W4SpellID@@@std@@QBAPAW4SpellID@@IPBX@Z
1,0xc012c,?deallocate@?$allocator@Vgarrison@@@std@@SAXPAVgarrison@@I@Z
3,0x1254,??_C@_0M@CFNI@AdvTurn?4def?$AA@
1,0x6aacc,?bind2nd@std@@YA?AV?$binder2nd@U?$_Eq_traits@U?$char_traits@D@std@@@std@@@1@ABU?$_Eq_traits@U?$char_traits@D@std@@@1@ABD@Z
1,0x1009a4,?OnWidgetDeselect@TMultiPlayerWindow@@UAAHHAA_N@Z
1,0xfcb90,?__uninitialized_copy@std@@YAPAW4SpellID@@PBW42@0PAW42@1@Z
1,0x16295c,?size@?$vector@PADV?$allocator@PAD@std@@@std@@QBAIXZ
2,0x82a0,_GUID_SysKeyboard
2,0x7e60,_IID_IDirect3DRMVisual
3,0xa804,??_C@_0L@GEJL@cuwlfr?4def?$AA@
1,0x1406ec,?OnGameTransmitInitMsg@TSingleSelectionWindow@@QAA_NPAVCNetMsg@@@Z
2,0x7ea0,_IID_IDirect3DRMFace
3,0xfb4,??_C@_0BL@IDBA@abcdefghijklmnopqrstuvwxyz?$AA@
1,0xbf6b8,??1?$_STL_alloc_proxy@PAW4TArtifact@@W41@V?$allocator@W4TArtifact@@@std@@@std@@QAA@XZ
3,0x13e68,??_C@_04HNKO@X?5?$DN?5?$AA@
1,0x11fd3c,??_ECWaitForRemoteBattleDlg@@UAAPAXI@Z
1,0x11fd3c,??_GCWaitForRemoteBattleDlg@@UAAPAXI@Z
1,0x126f2c,?all_creatures@type_sacrifice_window@@CAHAAUmessage@@@Z
1,0xf7880,?deallocate@?$allocator@VTreasureData@@@std@@SAXPAVTreasureData@@I@Z
1,0x197aec,?findWidgetPtr@heroWindow@@QBAPAVwidget@@HH@Z
1,0x8de70,?replay@type_record_shroud@@UAAX_N@Z
1,0x11d5dc,?DrawWindow@CAnimatedDlg@@UAAX_NHH@Z
3,0x434c,??_C@_0N@CDBJ@campgd3s?4pcx?$AA@
1,0xbeb7c,?end@?$vector@UTBlackMarket@@V?$allocator@UTBlackMarket@@@std@@@std@@QAAPAUTBlackMarket@@XZ
1,0xfe0b8,?SRand@@YAXH@Z
1,0x14c904,?GotoPage@TSpellbookWindow@@QAAXH@Z
3,0x34f48,?HelpText@@3PBVTSpreadsheetResource@@B
1,0x396a4,?_M_insert_overflow@?$vector@UpathCell@@V?$allocator@UpathCell@@@std@@@std@@IAAXPAUpathCell@@ABU3@I@Z
1,0x3b6b0,?__iter_swap@std@@YAXPAUtype_creature_value@@00@Z
3,0x5ffc,??_C@_0N@JPGI@SgTwManC?4pcx?$AA@
3,0x6778,??_C@_0N@PPKE@SgFrWa42?4pcx?$AA@
3,0x136b8,??_C@_09MGBB@VRKey?4pcx?$AA@
1,0x122d88,??0?$_Rb_tree_iterator@U?$pair@$$CBVTCacheMapKey@ResourceManager@@PAVresource@@@std@@U?$_Nonconst_traits@U?$pair@$$CBVTCacheMapKey@ResourceManager@@PAVresource@@@std@@@2@@std@@QAA@ABU01@@Z
1,0x16127c,?InitializeAdvObjNames@@YA_NXZ
3,0x10,__imp__strlen
1,0x8d500,?create@type_record_hide_hero@@SAPAVtype_event_record@@XZ
3,0x15a00,??_C@_0L@CHMK@muBipx?4def?$AA@
3,0x5d3c,??_C@_0N@LNAC@SgRmMoat?4pcx?$AA@
3,0xae30,?newWalkSample@@3PAVsample@@A
3,0xb650,??_C@_07FNJD@?$CFs?8?$CFs?8?4?$AA@
1,0xf6f2c,?resize@?$vector@VTTownEvent@@V?$allocator@VTTownEvent@@@std@@@std@@QAAXIABVTTownEvent@@@Z
3,0x16694,??_C@_0N@FCDM@CrBkgCas?4pcx?$AA@
1,0x7c2e0,?OnTeleportHero@advManager@@QAAXPAVCMapChange@@@Z
1,0x28f40,?__unguarded_partition@std@@YAPAPAVarmy@@PAPAV2@0PAV2@Vfunc_moves_before@@@Z
1,0xe2808,?GetTeamNames@@YA_NHPAD@Z
1,0x12d394,?DoAcceptanceDialog@TSeerHut@@AAAXXZ
1,0xc4440,?uninitialized_fill_n@std@@YAPAUSign@@PAU2@IABU2@@Z
1,0xfb7b8,?__copy@std@@YAPAVTTimedEvent@@PAV2@00Urandom_access_iterator_tag@1@PAH@Z
3,0x17020,?VMindex@@3HA
3,0x6d98,??_C@_0N@NPKK@SgRmBack?4pcx?$AA@
1,0x8ced8,?get_type@type_record_hide_boat@@UBA?AW4type_event_record_type@@XZ
1,0x11f6f4,??0CPlayerDropUpdateMsg@@QAA@K@Z
1,0x135aa4,?SetupNewGameMode@TSingleSelectionWindow@@QAAXXZ
1,0x7248c,?AddFrame@CSprite@@QAAHHPBDHHPAEHW4TEncodingMethod@@@Z
1,0x35a0,??4?$basic_string@DU?$char_traits@D@std@@V?$allocator@D@2@@std@@QAAAAV01@PBD@Z
3,0x634c,??_C@_0N@CPHI@SgNcManC?4pcx?$AA@
1,0x89cbc,??0?$tree@Vds_memsample@@@@QAA@XZ
1,0x89cc8,??1?$tree@Vds_memsample@@@@QAA@XZ
1,0x1197bc,??1TRecruitWindow@@UAA@XZ
3,0x166f4,??_C@_0N@ICGB@CrBkgStr?4pcx?$AA@
1,0x11cb24,?SetPosition@CChatManager@@QAAXH@Z
1,0x13f748,?GetThisPlayerGamePos@TSingleSelectionWindow@@QAAHXZ
3,0x343c8,?gHeroBio@@3PAPBDA
1,0x198388,?copy@std@@YAPAPAVwidget@@PAPAV2@00@Z
1,0x28000,?get_step_cell@searchArray@@QBAPBUpathCell@@J@Z
3,0xa6b0,??_C@_0L@OLPJ@ctrogl?4def?$AA@
1,0x3862c,??_Etype_tome_artifact@@UAAPAXI@Z
1,0x3862c,??_Gtype_tome_artifact@@UAAPAXI@Z
3,0x7158,??_C@_0CD@GGIM@Received?5action?5?$FL?$CFd?$FN?9?9?$DO?5?$FL?$CFd?0?$CFd?0?$CF@
1,0x8d52c,?load@type_record_hide_hero@@UAA_NPAX@Z
1,0x8d5a0,?save@type_record_hide_hero@@UAA_NPAX@Z
3,0x11f60,??_C@_0N@ILGK@sstraits?4txt?$AA@
1,0x164d68,?initialize@textWidget@@QAAXHHHHHHPBD0W4TColor@font@@I_N@Z
1,0x2039c,??Y?$basic_string@DU?$char_traits@D@std@@V?$allocator@D@2@@std@@QAAAAV01@D@Z
1,0x3f5f0,?get_misfortune_value@type_AI_spellcaster@@IBAJPBVarmy@@Utype_enchant_data@@@Z
1,0x20378,??Y?$basic_string@DU?$char_traits@D@std@@V?$allocator@D@2@@std@@QAAAAV01@PBD@Z
1,0x13ea70,?ExitDialog@TSingleSelectionWindow@@UAAHAAUmessage@@@Z
2,0x5efc,??_7textEntryWidget@@6B@
3,0x1f758,??_C@_0BI@KAAK@DDERR_SURFACEISOBSCURED?$AA@
3,0x6788,??_C@_0N@BPML@SgFrWa41?4pcx?$AA@
1,0xb0754,?Load@NewSMapHeader@@QAAHPAX@Z
1,0xfcbf0,?_M_allocate_and_copy@?$vector@USecondarySkillData@@V?$allocator@USecondarySkillData@@@std@@@std@@IAAPAUSecondarySkillData@@IPBU3@0@Z
1,0x7215c,??0CSprite@@AAA@XZ
1,0xf7858,?deallocate@?$allocator@UTObjectCell@NewmapCell@@@std@@SAXPAUTObjectCell@NewmapCell@@I@Z
1,0x16d298,??0TThievesGuildWindow@@QAA@H@Z
3,0x1e2ec,??_C@_08HLGF@TBNchal2?$AA@
1,0x4ca2c,?GetName@army@@QBAPBDH@Z
3,0x61c4,??_C@_0N@BFAA@SgInTw2C?4pcx?$AA@
1,0x87ce8,?GetName@wavfile@@QAAPBDXZ
1,0x9cfe8,?size@?$vector@W4SpellID@@V?$allocator@W4SpellID@@@std@@@std@@QBAIXZ
1,0x1581a0,?IsMale@hero@@QBA_NXZ
3,0x1d9cc,??_C@_07MDKC@TOFGor2?$AA@
1,0x281f8,??A?$vector@UTObstacle@combatManager@@V?$allocator@UTObstacle@combatManager@@@std@@@std@@QAAAAUTObstacle@combatManager@@I@Z
3,0x6844,??_C@_0N@EFFO@SgFrTw1C?4pcx?$AA@
1,0x87d3c,?OpenFile@wavfile@@QAA_NPAD@Z
1,0x198c,?InitAdvMenu@TAdvMenu@@QAAXXZ
1,0x4ecdc,?get_AI_value@armyGroup@@QBAJXZ
3,0x62d0,??_C@_0N@GPHD@SgNcWa31?4pcx?$AA@
1,0xe709c,?InitLogFile@CLogFile@@QAAXXZ
3,0x1f280,?lpFrontBuffer@@3PAUIDirectDrawSurface4@@A
1,0x21374,?__uninitialized_fill_n@std@@YAPAUtype_dialog_resource@@PAU2@IABU2@0@Z
3,0x5f70,??_C@_0N@DPAM@SgTwWa32?4pcx?$AA@
3,0x6448,??_C@_0N@DPKM@SgDnWa41?4pcx?$AA@
3,0x5ee4,??_C@_0N@GAMJ@SgTwTpWl?4pcx?$AA@
3,0x6504,??_C@_0N@GFDJ@SgDnTw1C?4pcx?$AA@
1,0xf43e8,?PlaceObject@NewfullMap@@QAAHH_N@Z
3,0x1b2d8,??_C@_0N@MANH@bldgneut?4txt?$AA@
3,0x1b6b0,??_C@_0P@DAJF@gTownTypeNames?$AA@
1,0x8881c,?ThreadStart@ds_genericsample@@AAAXXZ
1,0xc56a4,?value_type@std@@YAPAVgarrison@@PBV2@@Z
3,0x16e04,??_C@_07DAJE@?$CFs?5?9?5?$CFs?$AA@
3,0x1d8f4,??_C@_07GNNL@TOFHal3?$AA@
3,0x1d9b0,??_C@_07NPOH@TOFLiz2?$AA@
1,0x19a418,?GetDesktopInfo@@YA_NXZ
1,0x147c4,?DrawGround@advManager@@QAAXHHHHH@Z
3,0x6594,??_C@_0N@HFAA@SgStTw21?4pcx?$AA@
1,0x198af4,?SetPlayerPaletteColors@@YAXPAGH@Z
3,0x62c0,??_C@_0N@IPBM@SgNcWa32?4pcx?$AA@
3,0x6584,??_C@_0N@JFGP@SgStTw22?4pcx?$AA@
3,0x5f80,??_C@_0N@NPGD@SgTwWa31?4pcx?$AA@
3,0x6438,??_C@_0N@NPMD@SgDnWa42?4pcx?$AA@
1,0x9c84c,?GetGardenResource@ExtraInfoUnion@@QBA?AW4EGameResource@@XZ
3,0xca34,??_C@_0M@EBNG@gtcampn?4def?$AA@
1,0x190538,?CheckForFlaggedMineWin@VictoryConditionStruct@@QAA_NXZ
3,0x137c0,?giHighMemBuffer@@3HA
1,0xe9868,??A?$vector@ULODEntry@@V?$allocator@ULODEntry@@@std@@@std@@QAAAAULODEntry@@I@Z
1,0x11c22c,?QueueMsg@CDPlayHeroes@@IAAXPAVCNetMsg@@@Z
1,0xfa01c,??0?$vector@W4SpellID@@V?$allocator@W4SpellID@@@std@@@std@@QAA@ABV01@@Z
1,0x181350,?SortStats@@YAXQAJQAC@Z
1,0x6ac7c,??R?$_Eq_traits@U?$char_traits@D@std@@@std@@QBA_NABD0@Z
1,0x6a5dc,??_ECCombatChatEdit@@UAAPAXI@Z
1,0x6a5dc,??_GCCombatChatEdit@@UAAPAXI@Z
3,0xde70,??_C@_0M@KBNI@hsbtns9?4def?$AA@
1,0xf5228,??0?$allocator@VCObject@@@std@@QAA@XZ
1,0xf5230,??1?$allocator@VCObject@@@std@@QAA@XZ
3,0x1f2ec,??_C@_0BI@NDKA@E?3?2gamedcs?2wingraph?4cpp?$AA@
3,0x1fb80,??_C@_0BH@KGEN@DDERR_NONONLOCALVIDMEM?$AA@
3,0x1f8,__imp__LocalReAlloc
1,0x74258,?DrawHero@CSpriteFrame@@QBAXHHHHPAGHHHHHAAVTPalette16@@_N@Z
1,0x817f8,??1TDialogBox@@UAA@XZ
1,0x1b520,?CheckLoadSample@advManager@@QAAXW4e_looping_sound_id@@@Z
1,0x19b4bc,?SaveFizzleSource@heroWindowManager@@QAAXHHHH@Z
1,0x156b94,?ComputeSpellDamage@combatManager@@QBAHW4SpellID@@HHPBVhero@@1PBVarmy@@_N@Z
2,0x7f70,_IID_IDirect3DRMDeviceArray
3,0x345d0,?gCombatWindowHelp@@3PAUTHelpText@@A
3,0xaf0c,??_C@_1GK@ELJA@?$AAC?$AAo?$AAu?$AAl?$AAd?$AA?5?$AAn?$AAo?$AAt?$AA?5?$AAQ?$AAI?$AA?5?$AAt?$AAh?$AAe?$AA?5?$AAj?$AAo?$AAy@
3,0x16574,??_C@_0L@NHKF@puzzle?4pcx?$AA@
1,0x12173c,?Open@ResourceManager@@YA_N_N0@Z
1,0x39d30,?construct@std@@YAXPAPAUpathCell@@ABQAU2@@Z
1,0x484a0,?set_AI_expected_damage@army@@QAAXJ@Z
1,0x120238,?_M_initialize_map@?$_Deque_base@PAVCNetMsg@@V?$allocator@PAVCNetMsg@@@std@@$0A@@std@@IAAXI@Z
3,0x31b18,?SeerHutText@@3PBVTTextResource@@B
1,0x209ac,?begin@?$vector@PAUpathCell@@V?$allocator@PAUpathCell@@@std@@@std@@QBAPBQAUpathCell@@XZ
1,0x3a920,?__uninitialized_fill_n@std@@YAPAPAUpathCell@@PAPAU2@IABQAU2@0@Z
3,0xa264,??_C@_0L@NFKM@cecent?4def?$AA@
1,0xfb270,?value_type@std@@YAPAVMonsterData@@PBV2@@Z
1,0x102e24,?WindowHandler@CHotSeatDlg@@UAAHAAUmessage@@@Z
1,0x37dc4,?get_value_of_duration@hero@@QBAJXZ
1,0x43d9c,?Init@army@@QAAXHHPBVhero@@HHHH@Z
3,0x29840,?UpperTowerLimits@combatManager@@2USLimitData@@B
3,0x80,__imp___bcompi64
1,0x38e10,?_Unchecked_test@?$bitset@$0BC@K@std@@QBA_NI@Z
1,0xf5fe4,?_Unchecked_test@?$bitset@$0DA@K@std@@QBA_NI@Z
1,0x10a77c,??0TPalette16@@QAA@PBDABVTPalette24@@@Z
1,0x148678,??0CNewPlayerUpdateMan@@QAA@XZ
1,0x1486a8,??1CNewPlayerUpdateMan@@QAA@XZ
3,0x1d1fc,??_C@_07NAHF@TOtcas2?$AA@
3,0x2ddc,??_C@_0L@NJLF@NewDay?4def?$AA@
1,0x647b4,?__destroy_aux@std@@YAXPAUtype_artifact@@0U__false_type@@@Z
3,0x135f0,??_C@_0BN@OAAG@oversubscribed?5distance?5tree?$AA@
2,0x3018,??_7TGameTypeWindow@@6B@
1,0xbe16c,??1?$vector@Vgenerator@@V?$allocator@Vgenerator@@@std@@@std@@QAA@XZ
1,0xfba94,??4CObjectType@@QAAAAV0@ABV0@@Z
1,0x7a024,?DrawCursorAlpha@advManager@@QAAXXZ
1,0x15d4ac,?Main@swapManager@@UAAHAAUmessage@@@Z
3,0x1f580,??_C@_0BD@HLBF@DDERR_NORASTEROPHW?$AA@
1,0xbe8b4,?_Unchecked_set@?$bitset@$0DA@K@std@@QAAAAV12@I@Z
3,0x36354,?included_buildings@town@@2PAY0CM@_JA
3,0x2e5c,??_C@_0L@CPBG@itmtls?4def?$AA@
3,0x1a988,??_C@_0N@FELP@Protecte?4wav?$AA@
1,0x19797c,?CenterWindow@heroWindow@@QAAXHH@Z
1,0x8ec5c,?get_player_id@type_event_record@@QBADXZ
1,0xf54c0,??1?$vector@VMonsterData@@V?$allocator@VMonsterData@@@std@@@std@@QAA@XZ
3,0x1b0e0,??_C@_0N@OLJ@MagChFil?4wav?$AA@
3,0x38270,___onexitend
1,0x37c70,?AI_shut_down@@YAXXZ
1,0x158448,??0?$_Rb_tree_iterator@W4SpellID@@U?$_Nonconst_traits@W4SpellID@@@std@@@std@@QAA@PAU?$_Rb_tree_node@W4SpellID@@@1@@Z
3,0x1b01c,??_C@_0N@OGAP@Quiksand?4wav?$AA@
1,0x171320,?handle_mage_guild_click@townManager@@QAAXXZ
2,0x7858,_c_dfDIJoystick
3,0x2bd60,?RandomSignText@@3PBVTTextResource@@B
3,0x137b4,?gbGameInitialized@@3HA
1,0x129b2c,?__destroy_aux@std@@YAXPAUtype_artifact_offering@@U__false_type@@@Z
3,0x34e88,?CreditsText@@3PBVTTextResource@@B
1,0x3dc4,??0?$_Base_bitset@$00K@std@@QAA@K@Z
1,0x4c468,?cast_spell@army@@QAAXJ@Z
1,0xa83d0,?Load@game@@AAAHPAX@Z
1,0x11b028,?QuickViewRecruit@@YAXDPAF@Z
1,0x15ce20,?UpdateBackpackItem@swapManager@@AAAXHH@Z
1,0x4cc9c,?begin@?$deque@W4SpellID@@V?$allocator@W4SpellID@@@std@@$0A@@std@@QAA?AU?$_Deque_iterator@W4SpellID@@U?$_Nonconst_traits@W4SpellID@@@std@@U?$_Buf_size_traits@W4SpellID@@$0A@@3@@2@XZ
1,0xc6d5c,?__uninitialized_fill_n@std@@YAPAVboat@@PAV2@IABV2@0@Z
1,0xe44f0,?MemError@@YAXXZ
3,0x1a968,??_C@_0N@LENA@Protectf?4wav?$AA@
3,0x1b2a8,??_C@_0N@EJOF@plcolors?4txt?$AA@
3,0xa87c,??_C@_0L@BGGF@ctbird?4def?$AA@
1,0x128c58,??1?$_STL_alloc_proxy@PAPAVtextWidget@@PAV1@V?$allocator@PAVtextWidget@@@std@@@std@@QAA@XZ
3,0x1a958,??_C@_0N@NECK@Protecta?4wav?$AA@
3,0x1e364,??_C@_08IIPF@TBNcext0?$AA@
3,0x230,__imp__timeEndPeriod
3,0x431c,??_C@_0N@IFJ@campgd1s?4pcx?$AA@
3,0x31a34,?BlueShift@ResourceManager@@3HA
3,0x1ebf0,??_C@_0M@PICC@TPTHChk?4def?$AA@
