# GENERATED by `homm3 verify generated-code --write`; `--check` re-proves it.
# One row per census function in the CRT/C++ runtime band
# (config/retail/runtime-map.tsv): the pinned VC6 SP3 library object(s)
# whose COFF sections hold its bytes (config/retail/runtime-contributions.tsv
# placements) and the verdict of `homm3 verify library-code` on them.
# `exact`: every byte lies in byte- and relocation-verified sections or
# the 0xCC link fill between them. `sections` lists member#section for
# each covering contribution; `symbol` is the first one's symbol.
# `name` is the runtime-map label; the linker symbol is `symbol`.
rva	size	name	library	member	sections	symbol	verdict
0x20ab30	11	??3@YAXPAX@Z	LIBCMT.LIB	delete.obj	delete.obj#1	??3@YAXPAX@Z	exact
0x20ab3b	89	?_Xlen@std@@YAXXZ	LIBCPMT.LIB	string.obj	string.obj#3	?_Xlen@std@@YAXXZ	exact
0x20ab95	61	cxx_20abef_sub00_20ab95	LIBCPMT.LIB	string.obj	string.obj#45	??1length_error@std@@UAE@XZ	exact
0x20abd2	29	cxx_20abd2	LIBCPMT.LIB	string.obj	string.obj#48	?_Doraise@length_error@std@@MBEXXZ	exact
0x20abef	28	cxx_20abef	LIBCPMT.LIB	string.obj	string.obj#49	??_Glength_error@std@@UAEPAXI@Z	exact
0x20ac0b	24	cxx_20abd2_sub00_20ac0b	LIBCPMT.LIB	string.obj	string.obj#51	??0length_error@std@@QAE@ABV01@@Z	exact
0x20ac23	89	?_Xran@std@@YAXXZ	LIBCPMT.LIB	string.obj	string.obj#53	?_Xran@std@@YAXXZ	exact
0x20ac7d	42	cinit1119_20ac7d	LIBCPMT.LIB	string.obj	string.obj#90	_$E24	exact
0x20aca7	12	cxx_20ac7d_sub00_20aca7	LIBCPMT.LIB	string.obj	string.obj#92	_$E20	exact
0x20acb3	12	cxx_20ac7d_sub01_20acb3	LIBCPMT.LIB	string.obj	string.obj#94	_$E23	exact
0x20acc0	156	?clear@ios_base@std@@QAEXH_N@Z	LIBCPMT.LIB	ios.obj	ios.obj#5	?clear@ios_base@std@@QAEXH_N@Z	exact
0x20ad5c	61	cxx_20adb6_sub00_20ad5c	LIBCPMT.LIB	ios.obj	ios.obj#49	??1failure@ios_base@std@@UAE@XZ	exact
0x20ad99	29	cxx_20ad99	LIBCPMT.LIB	ios.obj	ios.obj#52	?_Doraise@failure@ios_base@std@@MBEXXZ	exact
0x20adb6	28	cxx_20adb6	LIBCPMT.LIB	ios.obj	ios.obj#53	??_Gfailure@ios_base@std@@UAEPAXI@Z	exact
0x20add2	24	cxx_20ad99_sub00_20add2	LIBCPMT.LIB	ios.obj	ios.obj#55	??0failure@ios_base@std@@QAE@ABV012@@Z	exact
0x20adea	80	??1ios_base@std@@UAE@XZ	LIBCPMT.LIB	ios.obj	ios.obj#70	??1ios_base@std@@UAE@XZ	exact
0x20ae3a	34	?_Callfns@ios_base@std@@AAEXW4event@12@@Z	LIBCPMT.LIB	ios.obj	ios.obj#81	?_Callfns@ios_base@std@@AAEXW4event@12@@Z	exact
0x20ae5c	78	?_Addstd@ios_base@std@@IAEXXZ	LIBCPMT.LIB	ios.obj	ios.obj#87	?_Addstd@ios_base@std@@IAEXXZ	exact
0x20aeaa	56	?_Init@ios_base@std@@IAEXXZ	LIBCPMT.LIB	ios.obj	ios.obj#88	?_Init@ios_base@std@@IAEXXZ	exact
0x20aee2	66	?_Tidy@ios_base@std@@AAEXXZ	LIBCPMT.LIB	ios.obj	ios.obj#91	?_Tidy@ios_base@std@@AAEXXZ	exact
0x20af24	70	??1istrstream@std@@UAE@XZ	LIBCPMT.LIB	strstrea.obj	strstrea.obj#3	??1istrstream@std@@UAE@XZ	exact
0x20af6a	70	??1ostrstream@std@@UAE@XZ	LIBCPMT.LIB	strstrea.obj	strstrea.obj#63	??1ostrstream@std@@UAE@XZ	exact
0x20afb0	59	??1strstreambuf@std@@UAE@XZ	LIBCPMT.LIB	strstrea.obj	strstrea.obj#89	??1strstreambuf@std@@UAE@XZ	exact
0x20afeb	72	?freeze@strstreambuf@std@@QAEX_N@Z	LIBCPMT.LIB	strstrea.obj	strstrea.obj#92	?freeze@strstreambuf@std@@QAEX_N@Z	exact
0x20b033	361	?overflow@strstreambuf@std@@MAEHH@Z	LIBCPMT.LIB	strstrea.obj	strstrea.obj#94	?overflow@strstreambuf@std@@MAEHH@Z	exact
0x20b19c	73	?pbackfail@strstreambuf@std@@MAEHH@Z	LIBCPMT.LIB	strstrea.obj	strstrea.obj#95	?pbackfail@strstreambuf@std@@MAEHH@Z	exact
0x20b1e5	75	?underflow@strstreambuf@std@@MAEHXZ	LIBCPMT.LIB	strstrea.obj	strstrea.obj#97	?underflow@strstreambuf@std@@MAEHXZ	exact
0x20b230	318	?seekoff@strstreambuf@std@@MAE?AV?$fpos@H@2@JW4seekdir@ios_base@2@H@Z	LIBCPMT.LIB	strstrea.obj	strstrea.obj#99	?seekoff@strstreambuf@std@@MAE?AV?$fpos@H@2@JW4seekdir@ios_base@2@H@Z	exact
0x20b36e	204	?seekpos@strstreambuf@std@@MAE?AV?$fpos@H@2@V32@H@Z	LIBCPMT.LIB	strstrea.obj	strstrea.obj#100	?seekpos@strstreambuf@std@@MAE?AV?$fpos@H@2@V32@H@Z	exact
0x20b43a	176	?_Init@strstreambuf@std@@IAEXHPAD0H@Z	LIBCPMT.LIB	strstrea.obj	strstrea.obj#101	?_Init@strstreambuf@std@@IAEXHPAD0H@Z	exact
0x20b4ea	50	?_Tidy@strstreambuf@std@@IAEXXZ	LIBCPMT.LIB	strstrea.obj	strstrea.obj#102	?_Tidy@strstreambuf@std@@IAEXXZ	exact
0x20b51c	16	?_Pninc@?$basic_streambuf@DU?$char_traits@D@std@@@std@@IAEPADXZ	LIBCPMT.LIB	strstrea.obj	strstrea.obj#117	?_Pninc@?$basic_streambuf@DU?$char_traits@D@std@@@std@@IAEPADXZ	exact
0x20b52c	21	cxx_20b52c	LIBCPMT.LIB	strstrea.obj	strstrea.obj#166	??_D?$basic_ostream@DU?$char_traits@D@std@@@std@@QAEXXZ	exact
0x20b541	21	cxx_20b541	LIBCPMT.LIB	strstrea.obj	strstrea.obj#168	??_D?$basic_istream@DU?$char_traits@D@std@@@std@@QAEXXZ	exact
0x20b556	42	cinit1120_20b556	LIBCPMT.LIB	strstrea.obj	strstrea.obj#174	_$E24	exact
0x20b580	12	cxx_20b556_sub00_20b580	LIBCPMT.LIB	strstrea.obj	strstrea.obj#176	_$E20	exact
0x20b58c	12	cxx_20b556_sub01_20b58c	LIBCPMT.LIB	strstrea.obj	strstrea.obj#178	_$E23	exact
0x20b598	126	??0_Lockit@std@@QAE@XZ	LIBCPMT.LIB	xlock.obj	xlock.obj#3	??0_Lockit@std@@QAE@XZ	exact
0x20b634	21	??1_Lockit@std@@QAE@XZ	LIBCPMT.LIB	xlock.obj	xlock.obj#7	??1_Lockit@std@@QAE@XZ	exact
0x20b649	10	cinit1121_20b649	LIBCPMT.LIB	locale0.obj	locale0.obj#5	_$E18	exact
0x20b653	1	cxx_20b649_sub00_20b653	LIBCPMT.LIB	locale0.obj	locale0.obj#7	_$E15	exact
0x20b654	12	cxx_20b649_sub01_20b654	LIBCPMT.LIB	locale0.obj	locale0.obj#9	_$E17	exact
0x20b66a	86	?_Getfacet@locale@std@@QBEPBVfacet@12@I_N@Z	LIBCPMT.LIB	locale0.obj	locale0.obj#20	?_Getfacet@locale@std@@QBEPBVfacet@12@I_N@Z	exact
0x20b6c0	59	?_Iscloc@locale@std@@QBE_NXZ	LIBCPMT.LIB	locale0.obj	locale0.obj#21	?_Iscloc@locale@std@@QBE_NXZ	exact
0x20b6fb	202	?_Init@locale@std@@CAPAV_Locimp@12@XZ	LIBCPMT.LIB	locale0.obj	locale0.obj#28	?_Init@locale@std@@CAPAV_Locimp@12@XZ	exact
0x20b7c5	74	?_Tidy@locale@std@@CAXXZ	LIBCPMT.LIB	locale0.obj	locale0.obj#33	?_Tidy@locale@std@@CAXXZ	exact
0x20b80f	114	??0_Locimp@locale@std@@AAE@_N@Z	LIBCPMT.LIB	locale0.obj	locale0.obj#36	??0_Locimp@locale@std@@AAE@_N@Z	exact
0x20b881	28	cxx_20b881	LIBCPMT.LIB	locale0.obj	locale0.obj#55	??_G_Locimp@locale@std@@UAEPAXI@Z	exact
0x20b89d	136	??1_Locimp@locale@std@@UAE@XZ	LIBCPMT.LIB	locale0.obj	locale0.obj#57	??1_Locimp@locale@std@@UAE@XZ	exact
0x20b925	42	cinit1122_20b925	LIBCPMT.LIB	locale0.obj	locale0.obj#80	_$E29	exact
0x20b94f	12	cxx_20b925_sub00_20b94f	LIBCPMT.LIB	locale0.obj	locale0.obj#82	_$E25	exact
0x20b95b	12	cxx_20b925_sub01_20b95b	LIBCPMT.LIB	locale0.obj	locale0.obj#84	_$E28	exact
0x20b967	3	?uncaught_exception@std@@YA_NXZ	LIBCPMT.LIB	uncaught.obj	uncaught.obj#2	?uncaught_exception@std@@YA_NXZ	exact
0x20b96a	54	?_Getname@_Locinfo@std@@QBE?AV?$basic_string@DU?$char_traits@D@std@@V?$allocator@D@2@@2@XZ	LIBCPMT.LIB	locale.obj	locale.obj#41	?_Getname@_Locinfo@std@@QBE?AV?$basic_string@DU?$char_traits@D@std@@V?$allocator@D@2@@2@XZ	exact
0x20b9a0	131	?_Addfac@locale@std@@QAEAAV12@PAVfacet@12@II@Z	LIBCPMT.LIB	locale.obj	locale.obj#45	?_Addfac@locale@std@@QAEAAV12@PAVfacet@12@II@Z	exact
0x20ba23	628	?_Makeloc@_Locimp@locale@std@@CAPAV123@ABV_Locinfo@3@HPAV123@PBV23@@Z	LIBCPMT.LIB	locale.obj	locale.obj#56	?_Makeloc@_Locimp@locale@std@@CAPAV123@ABV_Locinfo@3@HPAV123@PBV23@@Z	exact
0x20bc97	85	?_Init@?$ctype@D@std@@IAEXABV_Locinfo@2@@Z	LIBCPMT.LIB	locale.obj	locale.obj#112	?_Init@?$ctype@D@std@@IAEXABV_Locinfo@2@@Z	exact
0x20bcec	288	??0_Locimp@locale@std@@AAE@ABV012@@Z	LIBCPMT.LIB	locale.obj	locale.obj#127	??0_Locimp@locale@std@@AAE@ABV012@@Z	exact
0x20be0c	179	?_Addfac@_Locimp@locale@std@@AAEXPAVfacet@23@I@Z	LIBCPMT.LIB	locale.obj	locale.obj#139	?_Addfac@_Locimp@locale@std@@AAEXPAVfacet@23@I@Z	exact
0x20bebf	185	??0_Locinfo@std@@QAE@PBD@Z	LIBCPMT.LIB	locale.obj	locale.obj#142	??0_Locinfo@std@@QAE@PBD@Z	exact
0x20bf78	117	??1_Locinfo@std@@QAE@XZ	LIBCPMT.LIB	locale.obj	locale.obj#148	??1_Locinfo@std@@QAE@XZ	exact
0x20bfed	73	?_Init@?$numpunct@D@std@@IAEXABV_Locinfo@2@@Z	LIBCPMT.LIB	locale.obj	locale.obj#246	?_Init@?$numpunct@D@std@@IAEXABV_Locinfo@2@@Z	exact
0x20c036	220	cxx_missing_locale_facet_20c036	LIBCPMT.LIB	locale.obj	locale.obj#307	?use_facet@std@@YAABV?$num_get@DV?$istreambuf_iterator@DU?$char_traits@D@std@@@std@@@1@ABVlocale@1@PBV21@_N@Z	exact
0x20c112	220	cxx_missing_locale_facet_20c112	LIBCPMT.LIB	locale.obj	locale.obj#311	?use_facet@std@@YAABV?$num_put@DV?$ostreambuf_iterator@DU?$char_traits@D@std@@@std@@@1@ABVlocale@1@PBV21@_N@Z	exact
0x20c1ee	196	cxx_missing_locale_facet_20c1ee	LIBCPMT.LIB	locale.obj	locale.obj#319	?use_facet@std@@YAABV?$codecvt@DDH@1@ABVlocale@1@PBV21@_N@Z	exact
0x20c2b2	441	?_Getloctxt@std@@YAHAAV?$istreambuf_iterator@DU?$char_traits@D@std@@@1@0IPBD@Z	LIBCPMT.LIB	locale.obj	locale.obj#323	?_Getloctxt@std@@YAHAAV?$istreambuf_iterator@DU?$char_traits@D@std@@@1@0IPBD@Z	exact
0x20c46b	33	?isdigit@std@@YA_NDABVlocale@1@@Z	LIBCPMT.LIB	locale.obj	locale.obj#326	?isdigit@std@@YA_NDABVlocale@1@@Z	exact
0x20c48c	42	cinit1123_20c48c	LIBCPMT.LIB	locale.obj	locale.obj#375	_$E32	exact
0x20c4b6	12	cxx_20c48c_sub00_20c4b6	LIBCPMT.LIB	locale.obj	locale.obj#377	_$E28	exact
0x20c4c2	12	cxx_20c48c_sub01_20c4c2	LIBCPMT.LIB	locale.obj	locale.obj#379	_$E31	exact
0x20c4ce	121	?__Fiopen@std@@YAPAU_iobuf@@PBDH@Z	LIBCPMT.LIB	fiopen.obj	fiopen.obj#17	?__Fiopen@std@@YAPAU_iobuf@@PBDH@Z	exact
0x20c547	42	cinit1124_20c547	LIBCPMT.LIB	fiopen.obj	fiopen.obj#19	_$E24	exact
0x20c571	12	cxx_20c547_sub00_20c571	LIBCPMT.LIB	fiopen.obj	fiopen.obj#21	_$E20	exact
0x20c57d	12	cxx_20c547_sub01_20c57d	LIBCPMT.LIB	fiopen.obj	fiopen.obj#23	_$E23	exact
0x20c589	95	__Wcrtomb	LIBCPMT.LIB	xwctomb.obj	xwctomb.obj#2	__Wcrtomb	exact
0x20c5e8	115	___Wcrtomb_lk	LIBCPMT.LIB	xwctomb.obj	xwctomb.obj#3	___Wcrtomb_lk	exact
0x20c65b	84	__Getcvt	LIBCPMT.LIB	xwctomb.obj	xwctomb.obj#4	__Getcvt	exact
0x20c6af	46	_wctob	LIBCPMT.LIB	xwctomb.obj	xwctomb.obj#9	_wctob	exact
0x20c6dd	127	__Tolower	LIBCPMT.LIB	_tolower.obj	_tolower.obj#2	__Tolower	exact
0x20c75c	232	__Tolower_lk	LIBCPMT.LIB	_tolower.obj	_tolower.obj#3	__Tolower_lk	exact
0x20c844	168	__Getctype	LIBCPMT.LIB	_tolower.obj	_tolower.obj#4	__Getctype	exact
0x20c8ec	127	__Toupper	LIBCPMT.LIB	_toupper.obj	_toupper.obj#2	__Toupper	exact
0x20c96b	225	__Toupper_lk	LIBCPMT.LIB	_toupper.obj	_toupper.obj#3	__Toupper_lk	exact
0x20ca4c	10	cinit1125_20ca4c	LIBCPMT.LIB	iostream.obj	iostream.obj#5	_$E18	exact
0x20ca56	13	cxx_20ca4c_sub00_20ca56	LIBCPMT.LIB	iostream.obj	iostream.obj#7	_$E15	exact
0x20ca63	12	cxx_20ca4c_sub01_20ca63	LIBCPMT.LIB	iostream.obj	iostream.obj#9	_$E17	exact
0x20ca79	10	cinit1126_20ca79	LIBCPMT.LIB	iostream.obj	iostream.obj#13	_$E23	exact
0x20ca83	13	cxx_20ca79_sub00_20ca83	LIBCPMT.LIB	iostream.obj	iostream.obj#15	_$E20	exact
0x20ca90	12	cxx_20ca79_sub01_20ca90	LIBCPMT.LIB	iostream.obj	iostream.obj#17	_$E22	exact
0x20caa6	10	cinit1127_20caa6	LIBCPMT.LIB	iostream.obj	iostream.obj#21	_$E28	exact
0x20cab0	15	cxx_20caa6_sub00_20cab0	LIBCPMT.LIB	iostream.obj	iostream.obj#23	_$E25	exact
0x20cabf	12	cxx_20caa6_sub01_20cabf	LIBCPMT.LIB	iostream.obj	iostream.obj#25	_$E27	exact
0x20cad5	10	cinit1128_20cad5	LIBCPMT.LIB	iostream.obj	iostream.obj#41	_$E33	exact
0x20cadf	15	cxx_20cad5_sub00_20cadf	LIBCPMT.LIB	iostream.obj	iostream.obj#43	_$E30	exact
0x20caee	12	cxx_20cad5_sub01_20caee	LIBCPMT.LIB	iostream.obj	iostream.obj#45	_$E32	exact
0x20cb04	10	cinit1129_20cb04	LIBCPMT.LIB	iostream.obj	iostream.obj#57	_$E38	exact
0x20cb0e	13	cxx_20cb04_sub00_20cb0e	LIBCPMT.LIB	iostream.obj	iostream.obj#59	_$E35	exact
0x20cb1b	12	cxx_20cb04_sub01_20cb1b	LIBCPMT.LIB	iostream.obj	iostream.obj#61	_$E37	exact
0x20cb31	10	cinit1130_20cb31	LIBCPMT.LIB	iostream.obj	iostream.obj#65	_$E43	exact
0x20cb3b	15	cxx_20cb31_sub00_20cb3b	LIBCPMT.LIB	iostream.obj	iostream.obj#67	_$E40	exact
0x20cb4a	12	cxx_20cb31_sub01_20cb4a	LIBCPMT.LIB	iostream.obj	iostream.obj#69	_$E42	exact
0x20cb60	10	cinit1131_20cb60	LIBCPMT.LIB	iostream.obj	iostream.obj#73	_$E48	exact
0x20cb6a	15	cxx_20cb60_sub00_20cb6a	LIBCPMT.LIB	iostream.obj	iostream.obj#75	_$E45	exact
0x20cb79	12	cxx_20cb60_sub01_20cb79	LIBCPMT.LIB	iostream.obj	iostream.obj#77	_$E47	exact
0x20cb8f	383	??0Init@ios_base@std@@QAE@XZ	LIBCPMT.LIB	iostream.obj	iostream.obj#81	??0Init@ios_base@std@@QAE@XZ	exact
0x20cd0e	67	??1Init@ios_base@std@@QAE@XZ	LIBCPMT.LIB	iostream.obj	iostream.obj#86	??1Init@ios_base@std@@QAE@XZ	exact
0x20cd51	95	cxx_20cadf_sub00_20cd51	LIBCPMT.LIB	iostream.obj	iostream.obj#97	??0?$basic_ostream@DU?$char_traits@D@std@@@std@@QAE@W4_Uninitialized@1@@Z	exact
0x20cdb0	74	cxx_20cd0e_sub00_20cdb0	LIBCPMT.LIB	wiostrea.obj	wiostrea.obj#116	?flush@?$basic_ostream@GU?$char_traits@G@std@@@std@@QAEAAV12@XZ	exact
0x20cdfa	95	cxx_20cab0_sub00_20cdfa	LIBCPMT.LIB	iostream.obj	iostream.obj#108	??0?$basic_istream@DU?$char_traits@D@std@@@std@@QAE@W4_Uninitialized@1@@Z	exact
0x20ce59	96	cxx_20cb8f_sub00_20ce59	LIBCPMT.LIB	iostream.obj	iostream.obj#111	??0?$basic_filebuf@DU?$char_traits@D@std@@@std@@QAE@PAU_iobuf@@@Z	exact
0x20ceb9	11	cxx_20ca56_sub00_20ceb9	LIBCPMT.LIB	iostream.obj	iostream.obj#153	??0?$basic_filebuf@DU?$char_traits@D@std@@@std@@QAE@W4_Uninitialized@1@@Z	exact
0x20cec4	77	?_Ungetc@std@@YA_NABDPAU_iobuf@@I@Z	LIBCPMT.LIB	iostream.obj	iostream.obj#213	?_Ungetc@std@@YA_NABDPAU_iobuf@@I@Z	exact
0x20cf11	42	cinit1132_20cf11	LIBCPMT.LIB	iostream.obj	iostream.obj#215	_$E60	exact
0x20cf3b	12	cxx_20cf11_sub00_20cf3b	LIBCPMT.LIB	iostream.obj	iostream.obj#217	_$E56	exact
0x20cf47	12	cxx_20cf11_sub01_20cf47	LIBCPMT.LIB	iostream.obj	iostream.obj#219	_$E59	exact
0x20cf53	10	cinit1133_20cf53	LIBCPMT.LIB	wiostrea.obj	wiostrea.obj#5	_$E18	exact
0x20cf5d	10	cxx_20cf53_sub00_20cf5d	LIBCPMT.LIB	wiostrea.obj	wiostrea.obj#7	_$E15	exact
0x20cf67	12	cxx_20cf53_sub01_20cf67	LIBCPMT.LIB	wiostrea.obj	wiostrea.obj#9	_$E17	exact
0x20cf7d	10	cinit1134_20cf7d	LIBCPMT.LIB	wiostrea.obj	wiostrea.obj#13	_$E24	exact
0x20cf87	10	cxx_20cf7d_sub00_20cf87	LIBCPMT.LIB	wiostrea.obj	wiostrea.obj#15	_$E21	exact
0x20cf91	12	cxx_20cf7d_sub01_20cf91	LIBCPMT.LIB	wiostrea.obj	wiostrea.obj#17	_$E23	exact
0x20cfa7	10	cinit1135_20cfa7	LIBCPMT.LIB	wiostrea.obj	wiostrea.obj#21	_$E29	exact
0x20cfb1	13	cxx_20cfa7_sub00_20cfb1	LIBCPMT.LIB	wiostrea.obj	wiostrea.obj#23	_$E26	exact
0x20cfbe	12	cxx_20cfa7_sub01_20cfbe	LIBCPMT.LIB	wiostrea.obj	wiostrea.obj#25	_$E28	exact
0x20cfd4	10	cinit1136_20cfd4	LIBCPMT.LIB	wiostrea.obj	wiostrea.obj#29	_$E34	exact
0x20cfde	13	cxx_20cfd4_sub00_20cfde	LIBCPMT.LIB	wiostrea.obj	wiostrea.obj#31	_$E31	exact
0x20cfeb	12	cxx_20cfd4_sub01_20cfeb	LIBCPMT.LIB	wiostrea.obj	wiostrea.obj#33	_$E33	exact
0x20d001	10	cinit1137_20d001	LIBCPMT.LIB	wiostrea.obj	wiostrea.obj#37	_$E39	exact
0x20d00b	13	cxx_20d001_sub00_20d00b	LIBCPMT.LIB	wiostrea.obj	wiostrea.obj#39	_$E36	exact
0x20d018	12	cxx_20d001_sub01_20d018	LIBCPMT.LIB	wiostrea.obj	wiostrea.obj#41	_$E38	exact
0x20d02e	10	cinit1138_20d02e	LIBCPMT.LIB	wiostrea.obj	wiostrea.obj#45	_$E44	exact
0x20d038	15	cxx_20d02e_sub00_20d038	LIBCPMT.LIB	wiostrea.obj	wiostrea.obj#47	_$E41	exact
0x20d047	12	cxx_20d02e_sub01_20d047	LIBCPMT.LIB	wiostrea.obj	wiostrea.obj#49	_$E43	exact
0x20d05d	21	cxx_20dbc5_sub00_20d05d	LIBCPMT.LIB	wiostrea.obj	wiostrea.obj#53	??_D?$basic_istream@GU?$char_traits@G@std@@@std@@QAEXXZ	exact
0x20d072	10	cinit1139_20d072	LIBCPMT.LIB	wiostrea.obj	wiostrea.obj#65	_$E49	exact
0x20d07c	15	cxx_20d072_sub00_20d07c	LIBCPMT.LIB	wiostrea.obj	wiostrea.obj#67	_$E46	exact
0x20d08b	12	cxx_20d072_sub01_20d08b	LIBCPMT.LIB	wiostrea.obj	wiostrea.obj#69	_$E48	exact
0x20d0a1	21	cxx_20db8a_sub00_20d0a1	LIBCPMT.LIB	wiostrea.obj	wiostrea.obj#73	??_D?$basic_ostream@GU?$char_traits@G@std@@@std@@QAEXXZ	exact
0x20d0b6	10	cinit1140_20d0b6	LIBCPMT.LIB	wiostrea.obj	wiostrea.obj#81	_$E54	exact
0x20d0c0	15	cxx_20d0b6_sub00_20d0c0	LIBCPMT.LIB	wiostrea.obj	wiostrea.obj#83	_$E51	exact
0x20d0cf	12	cxx_20d0b6_sub01_20d0cf	LIBCPMT.LIB	wiostrea.obj	wiostrea.obj#85	_$E53	exact
0x20d0e5	10	cinit1141_20d0e5	LIBCPMT.LIB	wiostrea.obj	wiostrea.obj#89	_$E59	exact
0x20d0ef	15	cxx_20d0e5_sub00_20d0ef	LIBCPMT.LIB	wiostrea.obj	wiostrea.obj#91	_$E56	exact
0x20d0fe	12	cxx_20d0e5_sub01_20d0fe	LIBCPMT.LIB	wiostrea.obj	wiostrea.obj#93	_$E58	exact
0x20d114	385	??0_Winit@std@@QAE@XZ	LIBCPMT.LIB	wiostrea.obj	wiostrea.obj#97	??0_Winit@std@@QAE@XZ	exact
0x20d295	67	??1_Winit@std@@QAE@XZ	LIBCPMT.LIB	wiostrea.obj	wiostrea.obj#102	??1_Winit@std@@QAE@XZ	exact
0x20d2d8	106	cxx_20d114_sub00_20d2d8	LIBCPMT.LIB	wiostrea.obj	wiostrea.obj#103	??0?$basic_ostream@GU?$char_traits@G@std@@@std@@QAE@PAV?$basic_streambuf@GU?$char_traits@G@std@@@1@_N1@Z	exact
0x20d342	95	cxx_20d07c_sub00_20d342	LIBCPMT.LIB	wiostrea.obj	wiostrea.obj#113	??0?$basic_ostream@GU?$char_traits@G@std@@@std@@QAE@W4_Uninitialized@1@@Z	exact
0x20d3a1	11	cxx_20d05d_sub00_20d3a1	LIBCPMT.LIB	wiostrea.obj	wiostrea.obj#118	??1?$basic_ios@GU?$char_traits@G@std@@@std@@UAE@XZ	exact
0x20d3ac	104	cxx_20d114_sub01_20d3ac	LIBCPMT.LIB	wiostrea.obj	wiostrea.obj#120	??0?$basic_istream@GU?$char_traits@G@std@@@std@@QAE@PAV?$basic_streambuf@GU?$char_traits@G@std@@@1@_N@Z	exact
0x20d414	95	cxx_20d038_sub00_20d414	LIBCPMT.LIB	wiostrea.obj	wiostrea.obj#124	??0?$basic_istream@GU?$char_traits@G@std@@@std@@QAE@W4_Uninitialized@1@@Z	exact
0x20d473	96	cxx_20d114_sub02_20d473	LIBCPMT.LIB	wiostrea.obj	wiostrea.obj#127	??0?$basic_filebuf@GU?$char_traits@G@std@@@std@@QAE@PAU_iobuf@@@Z	exact
0x20d4d3	14	cxx_20dbe4_sub00_20d4d3	LIBCPMT.LIB	wiostrea.obj	wiostrea.obj#147	??1?$basic_streambuf@GU?$char_traits@G@std@@@std@@UAE@XZ	exact
0x20d4e1	7	cxx_20d4e1	LIBCPMT.LIB	wiostrea.obj	wiostrea.obj#151	?pbackfail@?$basic_streambuf@GU?$char_traits@G@std@@@std@@MAEGG@Z	exact
0x20d4e8	5	cxx_20d4e8	LIBCPMT.LIB	wiostrea.obj	wiostrea.obj#155	?underflow@?$basic_streambuf@GU?$char_traits@G@std@@@std@@MAEGXZ	exact
0x20d4ed	33	?uflow@?$basic_streambuf@GU?$char_traits@G@std@@@std@@MAEGXZ	LIBCPMT.LIB	wiostrea.obj	wiostrea.obj#157	?uflow@?$basic_streambuf@GU?$char_traits@G@std@@@std@@MAEGXZ	exact
0x20d50e	135	?xsgetn@?$basic_streambuf@GU?$char_traits@G@std@@@std@@MAEHPAGH@Z	LIBCPMT.LIB	wiostrea.obj	wiostrea.obj#159	?xsgetn@?$basic_streambuf@GU?$char_traits@G@std@@@std@@MAEHPAGH@Z	exact
0x20d595	136	?xsputn@?$basic_streambuf@GU?$char_traits@G@std@@@std@@MAEHPBGH@Z	LIBCPMT.LIB	wiostrea.obj	wiostrea.obj#160	?xsputn@?$basic_streambuf@GU?$char_traits@G@std@@@std@@MAEHPBGH@Z	exact
0x20d61d	36	cxx_20d61d	LIBCPMT.LIB	wiostrea.obj	wiostrea.obj#161	?seekoff@?$basic_streambuf@GU?$char_traits@G@std@@@std@@MAE?AV?$fpos@H@2@JW4seekdir@ios_base@2@H@Z	exact
0x20d641	36	cxx_20d641	LIBCPMT.LIB	wiostrea.obj	wiostrea.obj#162	?seekpos@?$basic_streambuf@GU?$char_traits@G@std@@@std@@MAE?AV?$fpos@H@2@V32@H@Z	exact
0x20d665	5	cxx_20d665	LIBCPMT.LIB	wiostrea.obj	wiostrea.obj#163	?setbuf@?$basic_streambuf@GU?$char_traits@G@std@@@std@@MAEPAV12@PAGH@Z	exact
0x20d66a	11	cxx_20cfb1_sub00_20d66a	LIBCPMT.LIB	wiostrea.obj	wiostrea.obj#169	??0?$basic_filebuf@GU?$char_traits@G@std@@@std@@QAE@W4_Uninitialized@1@@Z	exact
0x20d675	101	cxx_20dc00_sub00_20d675	LIBCPMT.LIB	wiostrea.obj	wiostrea.obj#171	??1?$basic_filebuf@GU?$char_traits@G@std@@@std@@UAE@XZ	exact
0x20d6da	328	?overflow@?$basic_filebuf@GU?$char_traits@G@std@@@std@@MAEGG@Z	LIBCPMT.LIB	wiostrea.obj	wiostrea.obj#174	?overflow@?$basic_filebuf@GU?$char_traits@G@std@@@std@@MAEGG@Z	exact
0x20d822	183	?pbackfail@?$basic_filebuf@GU?$char_traits@G@std@@@std@@MAEGG@Z	LIBCPMT.LIB	wiostrea.obj	wiostrea.obj#176	?pbackfail@?$basic_filebuf@GU?$char_traits@G@std@@@std@@MAEGG@Z	exact
0x20d8d9	46	?underflow@?$basic_filebuf@GU?$char_traits@G@std@@@std@@MAEGXZ	LIBCPMT.LIB	wiostrea.obj	wiostrea.obj#178	?underflow@?$basic_filebuf@GU?$char_traits@G@std@@@std@@MAEGXZ	exact
0x20d907	286	?uflow@?$basic_filebuf@GU?$char_traits@G@std@@@std@@MAEGXZ	LIBCPMT.LIB	wiostrea.obj	wiostrea.obj#180	?uflow@?$basic_filebuf@GU?$char_traits@G@std@@@std@@MAEGXZ	exact
0x20da25	111	cxx_20da25	LIBCPMT.LIB	wiostrea.obj	wiostrea.obj#181	?seekoff@?$basic_filebuf@GU?$char_traits@G@std@@@std@@MAE?AV?$fpos@H@2@JW4seekdir@ios_base@2@H@Z	exact
0x20da94	175	cxx_20da94	LIBCPMT.LIB	wiostrea.obj	wiostrea.obj#182	?seekpos@?$basic_filebuf@GU?$char_traits@G@std@@@std@@MAE?AV?$fpos@H@2@V32@H@Z	exact
0x20db43	46	?setbuf@?$basic_filebuf@GU?$char_traits@G@std@@@std@@MAEPAV?$basic_streambuf@GU?$char_traits@G@std@@@2@PAGH@Z	LIBCPMT.LIB	wiostrea.obj	wiostrea.obj#183	?setbuf@?$basic_filebuf@GU?$char_traits@G@std@@@std@@MAEPAV?$basic_streambuf@GU?$char_traits@G@std@@@2@PAGH@Z	exact
0x20db71	25	cxx_20db71	LIBCPMT.LIB	wiostrea.obj	wiostrea.obj#185	?sync@?$basic_filebuf@GU?$char_traits@G@std@@@std@@MAEHXZ	exact
0x20db8a	31	cxx_20db8a	LIBCPMT.LIB	wiostrea.obj	wiostrea.obj#187	??_G?$basic_ostream@GU?$char_traits@G@std@@@std@@UAEPAXI@Z	exact
0x20dba9	28	cxx_20dba9	LIBCPMT.LIB	wiostrea.obj	wiostrea.obj#189	??_G?$basic_ios@GU?$char_traits@G@std@@@std@@UAEPAXI@Z	exact
0x20dbc5	31	cxx_20dbc5	LIBCPMT.LIB	wiostrea.obj	wiostrea.obj#191	??_G?$basic_istream@GU?$char_traits@G@std@@@std@@UAEPAXI@Z	exact
0x20dbe4	28	cxx_20dbe4	LIBCPMT.LIB	wiostrea.obj	wiostrea.obj#193	??_G?$basic_streambuf@GU?$char_traits@G@std@@@std@@UAEPAXI@Z	exact
0x20dc00	28	cxx_20dc00	LIBCPMT.LIB	wiostrea.obj	wiostrea.obj#195	??_G?$basic_filebuf@GU?$char_traits@G@std@@@std@@UAEPAXI@Z	exact
0x20dc1c	74	?init@?$basic_ios@GU?$char_traits@G@std@@@std@@IAEXPAV?$basic_streambuf@GU?$char_traits@G@std@@@2@_N@Z	LIBCPMT.LIB	wiostrea.obj	wiostrea.obj#204	?init@?$basic_ios@GU?$char_traits@G@std@@@std@@IAEXPAV?$basic_streambuf@GU?$char_traits@G@std@@@2@_N@Z	exact
0x20dc66	20	?gbump@?$basic_streambuf@GU?$char_traits@G@std@@@std@@IAEXH@Z	LIBCPMT.LIB	wiostrea.obj	wiostrea.obj#206	?gbump@?$basic_streambuf@GU?$char_traits@G@std@@@std@@IAEXH@Z	exact
0x20dc7a	17	?_Gndec@?$basic_streambuf@GU?$char_traits@G@std@@@std@@IAEPAGXZ	LIBCPMT.LIB	wiostrea.obj	wiostrea.obj#208	?_Gndec@?$basic_streambuf@GU?$char_traits@G@std@@@std@@IAEPAGXZ	exact
0x20dc8b	16	?_Gninc@?$basic_streambuf@GU?$char_traits@G@std@@@std@@IAEPAGXZ	LIBCPMT.LIB	wiostrea.obj	wiostrea.obj#210	?_Gninc@?$basic_streambuf@GU?$char_traits@G@std@@@std@@IAEPAGXZ	exact
0x20dc9b	20	?pbump@?$basic_streambuf@GU?$char_traits@G@std@@@std@@IAEXH@Z	LIBCPMT.LIB	wiostrea.obj	wiostrea.obj#212	?pbump@?$basic_streambuf@GU?$char_traits@G@std@@@std@@IAEXH@Z	exact
0x20dcaf	16	?_Pninc@?$basic_streambuf@GU?$char_traits@G@std@@@std@@IAEPAGXZ	LIBCPMT.LIB	wiostrea.obj	wiostrea.obj#214	?_Pninc@?$basic_streambuf@GU?$char_traits@G@std@@@std@@IAEPAGXZ	exact
0x20dcbf	39	cxx_20d675_sub00_20dcbf	LIBCPMT.LIB	wiostrea.obj	wiostrea.obj#216	?close@?$basic_filebuf@GU?$char_traits@G@std@@@std@@QAEPAV12@XZ	exact
0x20dce6	86	?_Init@?$basic_filebuf@GU?$char_traits@G@std@@@std@@IAEXPAU_iobuf@@W4_Initfl@12@@Z	LIBCPMT.LIB	wiostrea.obj	wiostrea.obj#218	?_Init@?$basic_filebuf@GU?$char_traits@G@std@@@std@@IAEXPAU_iobuf@@W4_Initfl@12@@Z	exact
0x20dd3c	66	cxx_20d473_sub01_20dd3c	LIBCPMT.LIB	wiostrea.obj	wiostrea.obj#228	?_Init@?$basic_streambuf@GU?$char_traits@G@std@@@std@@IAEXXZ	exact
0x20dd7e	42	cinit1142_20dd7e	LIBCPMT.LIB	wiostrea.obj	wiostrea.obj#235	_$E70	exact
0x20dda8	12	cxx_20dd7e_sub00_20dda8	LIBCPMT.LIB	wiostrea.obj	wiostrea.obj#237	_$E66	exact
0x20ddb4	12	cxx_20dd7e_sub01_20ddb4	LIBCPMT.LIB	wiostrea.obj	wiostrea.obj#239	_$E69	exact
0x20ddc0	60	__Stod	LIBCPMT.LIB	xstod.obj	xstod.obj#2	__Stod	exact
0x20ddfc	21	__Stold	LIBCPMT.LIB	xstod.obj	xstod.obj#8	__Stold	exact
0x20de11	75	?_Nomemory@std@@YAXXZ	LIBCPMT.LIB	nomemory.obj	nomemory.obj#3	?_Nomemory@std@@YAXXZ	exact
0x20de5c	25	cxx_20de11_sub00_20de5c	LIBCPMT.LIB	nomemory.obj	nomemory.obj#12	??0bad_alloc@std@@QAE@PBD@Z	exact
0x20de75	11	cxx_20de9d_sub00_20de75	LIBCPMT.LIB	nomemory.obj	nomemory.obj#20	??1bad_alloc@std@@UAE@XZ	exact
0x20de80	29	cxx_20de80	LIBCPMT.LIB	nomemory.obj	nomemory.obj#22	?_Doraise@bad_alloc@std@@MBEXXZ	exact
0x20de9d	28	cxx_20de9d	LIBCPMT.LIB	nomemory.obj	nomemory.obj#23	??_Gbad_alloc@std@@UAEPAXI@Z	exact
0x20deb9	24	cxx_20de11_sub01_20deb9	LIBCPMT.LIB	nomemory.obj	nomemory.obj#25	??0bad_alloc@std@@QAE@ABV01@@Z	exact
0x20dedb	1362	?_Makewloc@_Locimp@locale@std@@CAXABV_Locinfo@3@HPAV123@PBV23@@Z	LIBCPMT.LIB	wlocale.obj	wlocale.obj#4	?_Makewloc@_Locimp@locale@std@@CAXABV_Locinfo@3@HPAV123@PBV23@@Z	exact
0x20e42d	9	cxx_2389a8_sub00_20e42d	LIBCPMT.LIB	wlocale.obj	wlocale.obj#99	??1_Timevec@std@@QAE@XZ	exact
0x20e436	130	?do_in@?$codecvt@GDH@std@@MBEHAAHPBD1AAPBDPAG3AAPAG@Z	LIBCPMT.LIB	wlocale.obj	wlocale.obj#110	?do_in@?$codecvt@GDH@std@@MBEHAAHPBD1AAPBDPAG3AAPAG@Z	exact
0x20e4b8	211	?do_out@?$codecvt@GDH@std@@MBEHAAHPBG1AAPBGPAD3AAPAD@Z	LIBCPMT.LIB	wlocale.obj	wlocale.obj#111	?do_out@?$codecvt@GDH@std@@MBEHAAHPBG1AAPBGPAD3AAPAD@Z	exact
0x20e58b	79	?do_length@?$codecvt@GDH@std@@MBEHAAHPBG1I@Z	LIBCPMT.LIB	wlocale.obj	wlocale.obj#112	?do_length@?$codecvt@GDH@std@@MBEHAAHPBG1I@Z	exact
0x20e5da	3	cxx_20e5da	LIBCPMT.LIB	wlocale.obj	wlocale.obj#113	?do_always_noconv@?$codecvt@GDH@std@@MBE_NXZ	exact
0x20e5dd	4	cxx_20e5dd	LIBCPMT.LIB	xlocale.obj	xlocale.obj#128	?do_date_order@?$time_get@DV?$istreambuf_iterator@DU?$char_traits@D@std@@@std@@@std@@MBEHXZ	exact
0x20e5e1	3	cxx_20e5e1	LIBCPMT.LIB	wlocale.obj	wlocale.obj#117	?do_encoding@?$codecvt@GDH@std@@MBEHXZ	exact
0x20e5e4	28	cxx_20e5e4	LIBCPMT.LIB	xlocale.obj	xlocale.obj#151	??_G?$money_put@DV?$ostreambuf_iterator@DU?$char_traits@D@std@@@std@@@std@@UAEPAXI@Z	exact
0x20e600	39	?do_is@?$ctype@G@std@@MBE_NFG@Z	LIBCPMT.LIB	wlocale.obj	wlocale.obj#127	?do_is@?$ctype@G@std@@MBE_NFG@Z	exact
0x20e627	63	?do_is@?$ctype@G@std@@MBEPBGPBG0PAF@Z	LIBCPMT.LIB	wlocale.obj	wlocale.obj#129	?do_is@?$ctype@G@std@@MBEPBGPBG0PAF@Z	exact
0x20e666	44	?do_scan_is@?$ctype@G@std@@MBEPBGFPBG0@Z	LIBCPMT.LIB	wlocale.obj	wlocale.obj#131	?do_scan_is@?$ctype@G@std@@MBEPBGFPBG0@Z	exact
0x20e692	44	?do_scan_not@?$ctype@G@std@@MBEPBGFPBG0@Z	LIBCPMT.LIB	wlocale.obj	wlocale.obj#133	?do_scan_not@?$ctype@G@std@@MBEPBGFPBG0@Z	exact
0x20e6be	49	cxx_20e6be	LIBCPMT.LIB	wlocale.obj	wlocale.obj#135	?do_tolower@?$ctype@G@std@@MBEGG@Z	exact
0x20e6ef	45	cxx_20e6ef	LIBCPMT.LIB	wlocale.obj	wlocale.obj#136	?do_tolower@?$ctype@G@std@@MBEPBGPAGPBG@Z	exact
0x20e71c	49	cxx_20e71c	LIBCPMT.LIB	wlocale.obj	wlocale.obj#138	?do_toupper@?$ctype@G@std@@MBEGG@Z	exact
0x20e74d	45	cxx_20e74d	LIBCPMT.LIB	wlocale.obj	wlocale.obj#139	?do_toupper@?$ctype@G@std@@MBEPBGPAGPBG@Z	exact
0x20e77a	15	?do_widen@?$ctype@G@std@@MBEGD@Z	LIBCPMT.LIB	wlocale.obj	wlocale.obj#141	?do_widen@?$ctype@G@std@@MBEGD@Z	exact
0x20e789	45	?do_widen@?$ctype@G@std@@MBEPBDPBD0PAG@Z	LIBCPMT.LIB	wlocale.obj	wlocale.obj#143	?do_widen@?$ctype@G@std@@MBEPBDPBD0PAG@Z	exact
0x20e7b6	13	cxx_20e7b6	LIBCPMT.LIB	wlocale.obj	wlocale.obj#145	?do_narrow@?$ctype@G@std@@MBEDGD@Z	exact
0x20e7c3	44	?do_narrow@?$ctype@G@std@@MBEPBGPBG0DPAD@Z	LIBCPMT.LIB	wlocale.obj	wlocale.obj#147	?do_narrow@?$ctype@G@std@@MBEPBGPBG0DPAD@Z	exact
0x20e7ef	220	?do_put@?$time_put@GV?$ostreambuf_iterator@GU?$char_traits@G@std@@@std@@@std@@MBE?AV?$ostreambuf_iterator@GU?$char_traits@G@std@@@2@V32@AAVios_base@2@PBUtm@@DD@Z	LIBCPMT.LIB	wlocale.obj	wlocale.obj#149	?do_put@?$time_put@GV?$ostreambuf_iterator@GU?$char_traits@G@std@@@std@@@std@@MBE?AV?$ostreambuf_iterator@GU?$char_traits@G@std@@@2@V32@AAVios_base@2@PBUtm@@DD@Z	exact
0x20e8cb	426	cxx_20e8cb	LIBCPMT.LIB	wlocale.obj	wlocale.obj#155	?do_get@?$num_get@GV?$istreambuf_iterator@GU?$char_traits@G@std@@@std@@@std@@MBE?AV?$istreambuf_iterator@GU?$char_traits@G@std@@@2@V32@0AAVios_base@2@AAHAA_N@Z	exact
0x20ea75	204	cxx_20ea75	LIBCPMT.LIB	wlocale.obj	wlocale.obj#165	?do_get@?$num_get@GV?$istreambuf_iterator@GU?$char_traits@G@std@@@std@@@std@@MBE?AV?$istreambuf_iterator@GU?$char_traits@G@std@@@2@V32@0AAVios_base@2@AAHAAG@Z	exact
0x20eb41	200	cxx_20eb41	LIBCPMT.LIB	wlocale.obj	wlocale.obj#168	?do_get@?$num_get@GV?$istreambuf_iterator@GU?$char_traits@G@std@@@std@@@std@@MBE?AV?$istreambuf_iterator@GU?$char_traits@G@std@@@2@V32@0AAVios_base@2@AAHAAI@Z	exact
0x20ec09	174	cxx_20ec09	LIBCPMT.LIB	wlocale.obj	wlocale.obj#171	?do_get@?$num_get@GV?$istreambuf_iterator@GU?$char_traits@G@std@@@std@@@std@@MBE?AV?$istreambuf_iterator@GU?$char_traits@G@std@@@2@V32@0AAVios_base@2@AAHAAJ@Z	exact
0x20ecb7	174	cxx_20ecb7	LIBCPMT.LIB	wlocale.obj	wlocale.obj#174	?do_get@?$num_get@GV?$istreambuf_iterator@GU?$char_traits@G@std@@@std@@@std@@MBE?AV?$istreambuf_iterator@GU?$char_traits@G@std@@@2@V32@0AAVios_base@2@AAHAAK@Z	exact
0x20ed65	170	cxx_20ed65	LIBCPMT.LIB	wlocale.obj	wlocale.obj#177	?do_get@?$num_get@GV?$istreambuf_iterator@GU?$char_traits@G@std@@@std@@@std@@MBE?AV?$istreambuf_iterator@GU?$char_traits@G@std@@@2@V32@0AAVios_base@2@AAHAAM@Z	exact
0x20ee0f	170	cxx_20ee0f	LIBCPMT.LIB	wlocale.obj	wlocale.obj#180	?do_get@?$num_get@GV?$istreambuf_iterator@GU?$char_traits@G@std@@@std@@@std@@MBE?AV?$istreambuf_iterator@GU?$char_traits@G@std@@@2@V32@0AAVios_base@2@AAHAAN@Z	exact
0x20eeb9	170	cxx_20eeb9	LIBCPMT.LIB	wlocale.obj	wlocale.obj#183	?do_get@?$num_get@GV?$istreambuf_iterator@GU?$char_traits@G@std@@@std@@@std@@MBE?AV?$istreambuf_iterator@GU?$char_traits@G@std@@@2@V32@0AAVios_base@2@AAHAAO@Z	exact
0x20ef63	254	?do_get@?$num_get@GV?$istreambuf_iterator@GU?$char_traits@G@std@@@std@@@std@@MBE?AV?$istreambuf_iterator@GU?$char_traits@G@std@@@2@V32@0AAVios_base@2@AAHAAPAX@Z	LIBCPMT.LIB	wlocale.obj	wlocale.obj#186	?do_get@?$num_get@GV?$istreambuf_iterator@GU?$char_traits@G@std@@@std@@@std@@MBE?AV?$istreambuf_iterator@GU?$char_traits@G@std@@@2@V32@0AAVios_base@2@AAHAAPAX@Z	exact
0x20f061	435	?do_put@?$num_put@GV?$ostreambuf_iterator@GU?$char_traits@G@std@@@std@@@std@@MBE?AV?$ostreambuf_iterator@GU?$char_traits@G@std@@@2@V32@AAVios_base@2@G_N@Z	LIBCPMT.LIB	wlocale.obj	wlocale.obj#189	?do_put@?$num_put@GV?$ostreambuf_iterator@GU?$char_traits@G@std@@@std@@@std@@MBE?AV?$ostreambuf_iterator@GU?$char_traits@G@std@@@2@V32@AAVios_base@2@G_N@Z	exact
0x20f214	88	cxx_20f214	LIBCPMT.LIB	wlocale.obj	wlocale.obj#192	?do_put@?$num_put@GV?$ostreambuf_iterator@GU?$char_traits@G@std@@@std@@@std@@MBE?AV?$ostreambuf_iterator@GU?$char_traits@G@std@@@2@V32@AAVios_base@2@GJ@Z	exact
0x20f26c	88	cxx_20f26c	LIBCPMT.LIB	wlocale.obj	wlocale.obj#193	?do_put@?$num_put@GV?$ostreambuf_iterator@GU?$char_traits@G@std@@@std@@@std@@MBE?AV?$ostreambuf_iterator@GU?$char_traits@G@std@@@2@V32@AAVios_base@2@GK@Z	exact
0x20f2c4	126	cxx_20f2c4	LIBCPMT.LIB	wlocale.obj	wlocale.obj#194	?do_put@?$num_put@GV?$ostreambuf_iterator@GU?$char_traits@G@std@@@std@@@std@@MBE?AV?$ostreambuf_iterator@GU?$char_traits@G@std@@@2@V32@AAVios_base@2@GN@Z	exact
0x20f342	126	cxx_20f342	LIBCPMT.LIB	wlocale.obj	wlocale.obj#195	?do_put@?$num_put@GV?$ostreambuf_iterator@GU?$char_traits@G@std@@@std@@@std@@MBE?AV?$ostreambuf_iterator@GU?$char_traits@G@std@@@2@V32@AAVios_base@2@GO@Z	exact
0x20f3c0	210	?do_put@?$num_put@GV?$ostreambuf_iterator@GU?$char_traits@G@std@@@std@@@std@@MBE?AV?$ostreambuf_iterator@GU?$char_traits@G@std@@@2@V32@AAVios_base@2@GPBX@Z	LIBCPMT.LIB	wlocale.obj	wlocale.obj#196	?do_put@?$num_put@GV?$ostreambuf_iterator@GU?$char_traits@G@std@@@std@@@std@@MBE?AV?$ostreambuf_iterator@GU?$char_traits@G@std@@@2@V32@AAVios_base@2@GPBX@Z	exact
0x20f492	5	cxx_20f492	LIBCPMT.LIB	wlocale.obj	wlocale.obj#235	?do_thousands_sep@?$_Mpunct@G@std@@MBEGXZ	exact
0x20f497	54	cxx_20f497	LIBCPMT.LIB	wlocale.obj	wlocale.obj#238	?do_curr_symbol@?$_Mpunct@G@std@@MBE?AV?$basic_string@GU?$char_traits@G@std@@V?$allocator@G@2@@2@XZ	exact
0x20f4cd	67	?do_compare@?$collate@G@std@@MBEHPBG000@Z	LIBCPMT.LIB	wlocale.obj	wlocale.obj#205	?do_compare@?$collate@G@std@@MBEHPBG000@Z	exact
0x20f510	215	?do_transform@?$collate@G@std@@MBE?AV?$basic_string@GU?$char_traits@G@std@@V?$allocator@G@2@@2@PBG0@Z	LIBCPMT.LIB	wlocale.obj	wlocale.obj#206	?do_transform@?$collate@G@std@@MBE?AV?$basic_string@GU?$char_traits@G@std@@V?$allocator@G@2@@2@PBG0@Z	exact
0x20f5e7	34	?do_hash@?$collate@G@std@@MBEJPBG0@Z	LIBCPMT.LIB	wlocale.obj	wlocale.obj#209	?do_hash@?$collate@G@std@@MBEJPBG0@Z	exact
0x20f609	113	cxx_20f609	LIBCPMT.LIB	wlocale.obj	wlocale.obj#213	?do_get@?$messages@G@std@@MBE?AV?$basic_string@GU?$char_traits@G@std@@V?$allocator@G@2@@2@HHHABV32@@Z	exact
0x20f67a	309	?do_get@?$money_get@GV?$istreambuf_iterator@GU?$char_traits@G@std@@@std@@@std@@MBE?AV?$istreambuf_iterator@GU?$char_traits@G@std@@@2@V32@0_NAAVios_base@2@AAHAAO@Z	LIBCPMT.LIB	wlocale.obj	wlocale.obj#216	?do_get@?$money_get@GV?$istreambuf_iterator@GU?$char_traits@G@std@@@std@@@std@@MBE?AV?$istreambuf_iterator@GU?$char_traits@G@std@@@2@V32@0_NAAVios_base@2@AAHAAO@Z	exact
0x20f7af	138	cxx_20f7af	LIBCPMT.LIB	wlocale.obj	wlocale.obj#220	?do_get@?$money_get@GV?$istreambuf_iterator@GU?$char_traits@G@std@@@std@@@std@@MBE?AV?$istreambuf_iterator@GU?$char_traits@G@std@@@2@V32@0_NAAVios_base@2@AAHAAV?$basic_string@GU?$char_traits@G@std@@V?$allocator@G@2@@2@@Z	exact
0x20f839	308	?do_put@?$money_put@GV?$ostreambuf_iterator@GU?$char_traits@G@std@@@std@@@std@@MBE?AV?$ostreambuf_iterator@GU?$char_traits@G@std@@@2@V32@_NAAVios_base@2@GO@Z	LIBCPMT.LIB	wlocale.obj	wlocale.obj#223	?do_put@?$money_put@GV?$ostreambuf_iterator@GU?$char_traits@G@std@@@std@@@std@@MBE?AV?$ostreambuf_iterator@GU?$char_traits@G@std@@@2@V32@_NAAVios_base@2@GO@Z	exact
0x20f96d	316	?do_put@?$money_put@GV?$ostreambuf_iterator@GU?$char_traits@G@std@@@std@@@std@@MBE?AV?$ostreambuf_iterator@GU?$char_traits@G@std@@@2@V32@_NAAVios_base@2@GABV?$basic_string@GU?$char_traits@G@std@@V?$allocator@G@2@@2@@Z	LIBCPMT.LIB	wlocale.obj	wlocale.obj#230	?do_put@?$money_put@GV?$ostreambuf_iterator@GU?$char_traits@G@std@@@std@@@std@@MBE?AV?$ostreambuf_iterator@GU?$char_traits@G@std@@@2@V32@_NAAVios_base@2@GABV?$basic_string@GU?$char_traits@G@std@@V?$allocator@G@2@@2@@Z	exact
0x20faa9	5	cxx_20faa9	LIBCPMT.LIB	wlocale.obj	wlocale.obj#233	?do_decimal_point@?$_Mpunct@G@std@@MBEGXZ	exact
0x20faae	54	cxx_20faae	LIBCPMT.LIB	xlocale.obj	xlocale.obj#118	?do_grouping@?$_Mpunct@D@std@@MBE?AV?$basic_string@DU?$char_traits@D@std@@V?$allocator@D@2@@2@XZ	exact
0x20fae4	54	cxx_20fae4	LIBCPMT.LIB	wlocale.obj	wlocale.obj#239	?do_positive_sign@?$_Mpunct@G@std@@MBE?AV?$basic_string@GU?$char_traits@G@std@@V?$allocator@G@2@@2@XZ	exact
0x20fb1a	54	cxx_20fb1a	LIBCPMT.LIB	wlocale.obj	wlocale.obj#240	?do_negative_sign@?$_Mpunct@G@std@@MBE?AV?$basic_string@GU?$char_traits@G@std@@V?$allocator@G@2@@2@XZ	exact
0x20fb50	196	?do_get_time@?$time_get@GV?$istreambuf_iterator@GU?$char_traits@G@std@@@std@@@std@@MBE?AV?$istreambuf_iterator@GU?$char_traits@G@std@@@2@V32@0AAVios_base@2@AAHPAUtm@@@Z	LIBCPMT.LIB	wlocale.obj	wlocale.obj#249	?do_get_time@?$time_get@GV?$istreambuf_iterator@GU?$char_traits@G@std@@@std@@@std@@MBE?AV?$istreambuf_iterator@GU?$char_traits@G@std@@@2@V32@0AAVios_base@2@AAHPAUtm@@@Z	exact
0x20fc14	305	?do_get_date@?$time_get@GV?$istreambuf_iterator@GU?$char_traits@G@std@@@std@@@std@@MBE?AV?$istreambuf_iterator@GU?$char_traits@G@std@@@2@V32@0AAVios_base@2@AAHPAUtm@@@Z	LIBCPMT.LIB	wlocale.obj	wlocale.obj#250	?do_get_date@?$time_get@GV?$istreambuf_iterator@GU?$char_traits@G@std@@@std@@@std@@MBE?AV?$istreambuf_iterator@GU?$char_traits@G@std@@@2@V32@0AAVios_base@2@AAHPAUtm@@@Z	exact
0x20fd45	62	cxx_20fd45	LIBCPMT.LIB	wlocale.obj	wlocale.obj#251	?do_get_weekday@?$time_get@GV?$istreambuf_iterator@GU?$char_traits@G@std@@@std@@@std@@MBE?AV?$istreambuf_iterator@GU?$char_traits@G@std@@@2@V32@0AAVios_base@2@AAHPAUtm@@@Z	exact
0x20fd83	62	cxx_20fd83	LIBCPMT.LIB	wlocale.obj	wlocale.obj#252	?do_get_monthname@?$time_get@GV?$istreambuf_iterator@GU?$char_traits@G@std@@@std@@@std@@MBE?AV?$istreambuf_iterator@GU?$char_traits@G@std@@@2@V32@0AAVios_base@2@AAHPAUtm@@@Z	exact
0x20fdc1	102	cxx_20fdc1	LIBCPMT.LIB	wlocale.obj	wlocale.obj#253	?do_get_year@?$time_get@GV?$istreambuf_iterator@GU?$char_traits@G@std@@@std@@@std@@MBE?AV?$istreambuf_iterator@GU?$char_traits@G@std@@@2@V32@0AAVios_base@2@AAHPAUtm@@@Z	exact
0x20fe27	28	cxx_20fe27	LIBCPMT.LIB	wlocale.obj	wlocale.obj#254	??_G?$ctype@G@std@@UAEPAXI@Z	exact
0x20fe43	32	cxx_20fe27_sub00_20fe43	LIBCPMT.LIB	wlocale.obj	wlocale.obj#256	??1?$ctype@G@std@@UAE@XZ	exact
0x20fe63	28	cxx_20fe63	LIBCPMT.LIB	wlocale.obj	wlocale.obj#258	??_G?$time_put@GV?$ostreambuf_iterator@GU?$char_traits@G@std@@@std@@@std@@UAEPAXI@Z	exact
0x20fe7f	26	cxx_20fe63_sub00_20fe7f	LIBCPMT.LIB	wlocale.obj	wlocale.obj#260	??1?$time_put@GV?$ostreambuf_iterator@GU?$char_traits@G@std@@@std@@@std@@UAE@XZ	exact
0x20fe99	28	cxx_20fe99	LIBCPMT.LIB	wlocale.obj	wlocale.obj#270	??_G?$numpunct@G@std@@UAEPAXI@Z	exact
0x20feb5	44	cxx_20fe99_sub00_20feb5	LIBCPMT.LIB	wlocale.obj	wlocale.obj#272	??1?$numpunct@G@std@@UAE@XZ	exact
0x20fee1	28	cxx_20fee1	LIBCPMT.LIB	wlocale.obj	wlocale.obj#278	??_G?$messages@G@std@@UAEPAXI@Z	exact
0x20fefd	35	cxx_20fee1_sub00_20fefd	LIBCPMT.LIB	wlocale.obj	wlocale.obj#280	??1?$messages@G@std@@UAE@XZ	exact
0x20ff20	28	cxx_20ff20	LIBCPMT.LIB	wlocale.obj	wlocale.obj#292	??_G?$moneypunct@G$00@std@@UAEPAXI@Z	exact
0x20ff3c	28	cxx_20ff3c	LIBCPMT.LIB	wlocale.obj	wlocale.obj#294	??_G?$time_get@GV?$istreambuf_iterator@GU?$char_traits@G@std@@@std@@@std@@UAEPAXI@Z	exact
0x20ff58	35	cxx_20ff3c_sub00_20ff58	LIBCPMT.LIB	wlocale.obj	wlocale.obj#296	??1?$time_get@GV?$istreambuf_iterator@GU?$char_traits@G@std@@@std@@@std@@UAE@XZ	exact
0x20ff7b	5	cxx_20ff20_sub00_20ff7b	LIBCPMT.LIB	wlocale.obj	wlocale.obj#308	??1?$moneypunct@G$00@std@@UAE@XZ	exact
0x20ff80	52	cxx_20ff7b_sub00_20ff80	LIBCPMT.LIB	wlocale.obj	wlocale.obj#300	??1?$_Mpunct@G@std@@UAE@XZ	exact
0x20ffb4	28	cxx_20ffb4	LIBCPMT.LIB	wlocale.obj	wlocale.obj#306	??_G?$_Mpunct@G@std@@UAEPAXI@Z	exact
0x20ffd0	24	?_Gettnames@_Locinfo@std@@QBE?AV_Timevec@2@XZ	LIBCPMT.LIB	wlocale.obj	wlocale.obj#316	?_Gettnames@_Locinfo@std@@QBE?AV_Timevec@2@XZ	exact
0x20ffe8	34	??4?$ostreambuf_iterator@GU?$char_traits@G@std@@@std@@QAEAAV01@G@Z	LIBCPMT.LIB	wlocale.obj	wlocale.obj#317	??4?$ostreambuf_iterator@GU?$char_traits@G@std@@@std@@QAEAAV01@G@Z	exact
0x21000a	49	?sputc@?$basic_streambuf@GU?$char_traits@G@std@@@std@@QAEGG@Z	LIBCPMT.LIB	wlocale.obj	wlocale.obj#319	?sputc@?$basic_streambuf@GU?$char_traits@G@std@@@std@@QAEGG@Z	exact
0x21003b	975	?_Getifld@?$num_get@GV?$istreambuf_iterator@GU?$char_traits@G@std@@@std@@@std@@CAHPADAAV?$istreambuf_iterator@GU?$char_traits@G@std@@@2@1HABVlocale@2@@Z	LIBCPMT.LIB	wlocale.obj	wlocale.obj#321	?_Getifld@?$num_get@GV?$istreambuf_iterator@GU?$char_traits@G@std@@@std@@@std@@CAHPADAAV?$istreambuf_iterator@GU?$char_traits@G@std@@@2@1HABVlocale@2@@Z	exact
0x21040a	843	?_Getffld@?$num_get@GV?$istreambuf_iterator@GU?$char_traits@G@std@@@std@@@std@@CAHPADAAV?$istreambuf_iterator@GU?$char_traits@G@std@@@2@1ABVlocale@2@@Z	LIBCPMT.LIB	wlocale.obj	wlocale.obj#325	?_Getffld@?$num_get@GV?$istreambuf_iterator@GU?$char_traits@G@std@@@std@@@std@@CAHPADAAV?$istreambuf_iterator@GU?$char_traits@G@std@@@2@1ABVlocale@2@@Z	exact
0x210755	94	cxx_20f2c4_sub00_210755	LIBCPMT.LIB	wlocale.obj	wlocale.obj#326	?_Ffmt@?$num_put@GV?$ostreambuf_iterator@GU?$char_traits@G@std@@@std@@@std@@KAPADPADDH@Z	exact
0x2107b3	741	?_Fput@?$num_put@GV?$ostreambuf_iterator@GU?$char_traits@G@std@@@std@@@std@@KA?AV?$ostreambuf_iterator@GU?$char_traits@G@std@@@2@V32@AAVios_base@2@GPBDII@Z	LIBCPMT.LIB	wlocale.obj	wlocale.obj#328	?_Fput@?$num_put@GV?$ostreambuf_iterator@GU?$char_traits@G@std@@@std@@@std@@KA?AV?$ostreambuf_iterator@GU?$char_traits@G@std@@@2@V32@AAVios_base@2@GPBDII@Z	exact
0x210a98	90	cxx_20f214_sub00_210a98	LIBCPMT.LIB	wlocale.obj	wlocale.obj#333	?_Ifmt@?$num_put@GV?$ostreambuf_iterator@GU?$char_traits@G@std@@@std@@@std@@KAPADPADDH@Z	exact
0x210af2	686	?_Iput@?$num_put@GV?$ostreambuf_iterator@GU?$char_traits@G@std@@@std@@@std@@KA?AV?$ostreambuf_iterator@GU?$char_traits@G@std@@@2@V32@AAVios_base@2@GPADI@Z	LIBCPMT.LIB	wlocale.obj	wlocale.obj#335	?_Iput@?$num_put@GV?$ostreambuf_iterator@GU?$char_traits@G@std@@@std@@@std@@KA?AV?$ostreambuf_iterator@GU?$char_traits@G@std@@@2@V32@AAVios_base@2@GPADI@Z	exact
0x210da0	23	cxx_20e8cb_sub01_210da0	LIBCPMT.LIB	wlocale.obj	wlocale.obj#340	?truename@?$numpunct@G@std@@QBE?AV?$basic_string@GU?$char_traits@G@std@@V?$allocator@G@2@@2@XZ	exact
0x210db7	93	?_Init@?$numpunct@G@std@@IAEXABV_Locinfo@2@@Z	LIBCPMT.LIB	wlocale.obj	wlocale.obj#341	?_Init@?$numpunct@G@std@@IAEXABV_Locinfo@2@@Z	exact
0x210e14	40	cxx_20dedb_sub01_210e14	LIBCPMT.LIB	wlocale.obj	wlocale.obj#345	?_Init@?$messages@G@std@@IAEXABV_Locinfo@2@@Z	exact
0x210e3c	2222	?_Getmfld@?$money_get@GV?$istreambuf_iterator@GU?$char_traits@G@std@@@std@@@std@@ABE?AV?$basic_string@GU?$char_traits@G@std@@V?$allocator@G@2@@2@AAV?$istreambuf_iterator@GU?$char_traits@G@std@@@2@0_NAAVios_base@2@@Z	LIBCPMT.LIB	wlocale.obj	wlocale.obj#349	?_Getmfld@?$money_get@GV?$istreambuf_iterator@GU?$char_traits@G@std@@@std@@@std@@ABE?AV?$basic_string@GU?$char_traits@G@std@@V?$allocator@G@2@@2@AAV?$istreambuf_iterator@GU?$char_traits@G@std@@@2@0_NAAVios_base@2@@Z	exact
0x2116ea	1486	?_Putmfld@?$money_put@GV?$ostreambuf_iterator@GU?$char_traits@G@std@@@std@@@std@@ABE?AV?$ostreambuf_iterator@GU?$char_traits@G@std@@@2@V32@_NAAVios_base@2@G1V?$basic_string@GU?$char_traits@G@std@@V?$allocator@G@2@@2@@Z	LIBCPMT.LIB	wlocale.obj	wlocale.obj#352	?_Putmfld@?$money_put@GV?$ostreambuf_iterator@GU?$char_traits@G@std@@@std@@@std@@ABE?AV?$ostreambuf_iterator@GU?$char_traits@G@std@@@2@V32@_NAAVios_base@2@G1V?$basic_string@GU?$char_traits@G@std@@V?$allocator@G@2@@2@@Z	exact
0x211cb8	8	cxx_2389dc_sub00_211cb8	LIBCPMT.LIB	wlocale.obj	wlocale.obj#355	??1?$basic_string@GU?$char_traits@G@std@@V?$allocator@G@2@@std@@QAE@XZ	exact
0x211cc0	105	?append@?$basic_string@GU?$char_traits@G@std@@V?$allocator@G@2@@std@@QAEAAV12@IG@Z	LIBCPMT.LIB	wlocale.obj	wlocale.obj#357	?append@?$basic_string@GU?$char_traits@G@std@@V?$allocator@G@2@@std@@QAEAAV12@IG@Z	exact
0x211d29	38	cxx_20f510_sub00_211d29	LIBCPMT.LIB	wlocale.obj	wlocale.obj#359	?resize@?$basic_string@GU?$char_traits@G@std@@V?$allocator@G@2@@std@@QAEXI@Z	exact
0x211d4f	64	cxx_20dedb_sub02_211d4f	LIBCPMT.LIB	wlocale.obj	wlocale.obj#361	??0?$_Mpunct@G@std@@QAE@ABV_Locinfo@1@I_N@Z	exact
0x211d8f	51	cxx_20dedb_sub03_211d8f	LIBCPMT.LIB	wlocale.obj	wlocale.obj#366	?_Init@?$time_get@GV?$istreambuf_iterator@GU?$char_traits@G@std@@@std@@@std@@IAEXABV_Locinfo@2@@Z	exact
0x211dc2	70	?_Getdays@_Locinfo@std@@QBEPBDXZ	LIBCPMT.LIB	wlocale.obj	wlocale.obj#368	?_Getdays@_Locinfo@std@@QBEPBDXZ	exact
0x211e08	71	?_Getmonths@_Locinfo@std@@QBEPBDXZ	LIBCPMT.LIB	wlocale.obj	wlocale.obj#371	?_Getmonths@_Locinfo@std@@QBEPBDXZ	exact
0x211e4f	343	?_Getint@?$time_get@GV?$istreambuf_iterator@GU?$char_traits@G@std@@@std@@@std@@CAHAAV?$istreambuf_iterator@GU?$char_traits@G@std@@@2@0HHAAH@Z	LIBCPMT.LIB	wlocale.obj	wlocale.obj#374	?_Getint@?$time_get@GV?$istreambuf_iterator@GU?$char_traits@G@std@@@std@@@std@@CAHAAV?$istreambuf_iterator@GU?$char_traits@G@std@@@2@0HHAAH@Z	exact
0x211fa6	35	?_Inc@?$istreambuf_iterator@GU?$char_traits@G@std@@@std@@AAEXXZ	LIBCPMT.LIB	wlocale.obj	wlocale.obj#383	?_Inc@?$istreambuf_iterator@GU?$char_traits@G@std@@@std@@AAEXXZ	exact
0x211fc9	36	?sbumpc@?$basic_streambuf@GU?$char_traits@G@std@@@std@@QAEGXZ	LIBCPMT.LIB	wlocale.obj	wlocale.obj#385	?sbumpc@?$basic_streambuf@GU?$char_traits@G@std@@@std@@QAEGXZ	exact
0x211fed	39	?_Peek@?$istreambuf_iterator@GU?$char_traits@G@std@@@std@@AAEGXZ	LIBCPMT.LIB	wlocale.obj	wlocale.obj#389	?_Peek@?$istreambuf_iterator@GU?$char_traits@G@std@@@std@@AAEGXZ	exact
0x212014	31	?sgetc@?$basic_streambuf@GU?$char_traits@G@std@@@std@@QAEGXZ	LIBCPMT.LIB	wlocale.obj	wlocale.obj#391	?sgetc@?$basic_streambuf@GU?$char_traits@G@std@@@std@@QAEGXZ	exact
0x212033	23	cxx_21003b_sub00_212033	LIBCPMT.LIB	wlocale.obj	wlocale.obj#393	?grouping@?$numpunct@G@std@@QBE?AV?$basic_string@DU?$char_traits@D@std@@V?$allocator@D@2@@2@XZ	exact
0x21204a	222	?assign@?$basic_string@GU?$char_traits@G@std@@V?$allocator@G@2@@std@@QAEAAV12@ABV12@II@Z	LIBCPMT.LIB	wlocale.obj	wlocale.obj#394	?assign@?$basic_string@GU?$char_traits@G@std@@V?$allocator@G@2@@std@@QAEAAV12@ABV12@II@Z	exact
0x212128	66	?assign@?$basic_string@GU?$char_traits@G@std@@V?$allocator@G@2@@std@@QAEAAV12@PBGI@Z	LIBCPMT.LIB	wlocale.obj	wlocale.obj#395	?assign@?$basic_string@GU?$char_traits@G@std@@V?$allocator@G@2@@std@@QAEAAV12@PBGI@Z	exact
0x21216a	88	?assign@?$basic_string@GU?$char_traits@G@std@@V?$allocator@G@2@@std@@QAEAAV12@IG@Z	LIBCPMT.LIB	wlocale.obj	wlocale.obj#397	?assign@?$basic_string@GU?$char_traits@G@std@@V?$allocator@G@2@@std@@QAEAAV12@IG@Z	exact
0x2121c2	149	?insert@?$basic_string@GU?$char_traits@G@std@@V?$allocator@G@2@@std@@QAEAAV12@IIG@Z	LIBCPMT.LIB	wlocale.obj	wlocale.obj#399	?insert@?$basic_string@GU?$char_traits@G@std@@V?$allocator@G@2@@std@@QAEAAV12@IIG@Z	exact
0x212257	69	_wmemmove	LIBCPMT.LIB	wlocale.obj	wlocale.obj#400	_wmemmove	exact
0x21229c	108	?erase@?$basic_string@GU?$char_traits@G@std@@V?$allocator@G@2@@std@@QAEAAV12@II@Z	LIBCPMT.LIB	wlocale.obj	wlocale.obj#402	?erase@?$basic_string@GU?$char_traits@G@std@@V?$allocator@G@2@@std@@QAEAAV12@II@Z	exact
0x212308	44	cxx_20f510_sub01_212308	LIBCPMT.LIB	wlocale.obj	wlocale.obj#404	?_Freeze@?$basic_string@GU?$char_traits@G@std@@V?$allocator@G@2@@std@@AAEXXZ	exact
0x212334	137	?_Grow@?$basic_string@GU?$char_traits@G@std@@V?$allocator@G@2@@std@@AAE_NI_N@Z	LIBCPMT.LIB	wlocale.obj	wlocale.obj#406	?_Grow@?$basic_string@GU?$char_traits@G@std@@V?$allocator@G@2@@std@@AAE_NI_N@Z	exact
0x2123bd	61	?_Tidy@?$basic_string@GU?$char_traits@G@std@@V?$allocator@G@2@@std@@AAEX_N@Z	LIBCPMT.LIB	wlocale.obj	wlocale.obj#408	?_Tidy@?$basic_string@GU?$char_traits@G@std@@V?$allocator@G@2@@std@@AAEX_N@Z	exact
0x2123fa	23	cxx_20e8cb_sub05_2123fa	LIBCPMT.LIB	xlocale.obj	xlocale.obj#238	?curr_symbol@?$_Mpunct@D@std@@QBE?AV?$basic_string@DU?$char_traits@D@std@@V?$allocator@D@2@@2@XZ	exact
0x212411	23	cxx_210e3c_sub02_212411	LIBCPMT.LIB	xlocale.obj	xlocale.obj#239	?positive_sign@?$_Mpunct@D@std@@QBE?AV?$basic_string@DU?$char_traits@D@std@@V?$allocator@D@2@@2@XZ	exact
0x212428	23	cxx_210e3c_sub03_212428	LIBCPMT.LIB	wlocale.obj	wlocale.obj#413	?negative_sign@?$_Mpunct@G@std@@QBE?AV?$basic_string@GU?$char_traits@G@std@@V?$allocator@G@2@@2@XZ	exact
0x21243f	235	?_Init@?$_Mpunct@G@std@@IAEXABV_Locinfo@2@@Z	LIBCPMT.LIB	wlocale.obj	wlocale.obj#414	?_Init@?$_Mpunct@G@std@@IAEXABV_Locinfo@2@@Z	exact
0x21252a	146	?append@?$basic_string@GU?$char_traits@G@std@@V?$allocator@G@2@@std@@QAEAAV12@ABV12@II@Z	LIBCPMT.LIB	wlocale.obj	wlocale.obj#423	?append@?$basic_string@GU?$char_traits@G@std@@V?$allocator@G@2@@std@@QAEAAV12@ABV12@II@Z	exact
0x2125bc	68	?_Copy@?$basic_string@GU?$char_traits@G@std@@V?$allocator@G@2@@std@@AAEXI@Z	LIBCPMT.LIB	wlocale.obj	wlocale.obj#424	?_Copy@?$basic_string@GU?$char_traits@G@std@@V?$allocator@G@2@@std@@AAEXI@Z	exact
0x212600	33	cxx_212600	LIBCPMT.LIB	wlocale.obj	wlocale.obj#424	?_Copy@?$basic_string@GU?$char_traits@G@std@@V?$allocator@G@2@@std@@AAEXI@Z	exact
0x212627	103	cxx_2125bc_sub00_212627	LIBCPMT.LIB	wlocale.obj	wlocale.obj#424	?_Copy@?$basic_string@GU?$char_traits@G@std@@V?$allocator@G@2@@std@@AAEXI@Z	exact
0x21268e	48	cxx_21229c_sub00_21268e	LIBCPMT.LIB	wlocale.obj	wlocale.obj#427	?_Split@?$basic_string@GU?$char_traits@G@std@@V?$allocator@G@2@@std@@AAEXXZ	exact
0x2126be	97	cxx_v_x_v_xv_xv_xv_x_vx_vx_v_2126be	LIBCPMT.LIB	wlocale.obj	wlocale.obj#429	?_Makpat@?$_Mpunct@G@std@@AAEXAAUpattern@money_base@2@DDD@Z	exact
0x21271f	196	cxx_missing_locale_facet_21271f	LIBCPMT.LIB	wlocale.obj	wlocale.obj#432	?use_facet@std@@YAABV?$ctype@G@1@ABVlocale@1@PBV21@_N@Z	exact
0x2127e3	220	cxx_missing_locale_facet_2127e3	LIBCPMT.LIB	wlocale.obj	wlocale.obj#456	?use_facet@std@@YAABV?$num_get@GV?$istreambuf_iterator@GU?$char_traits@G@std@@@std@@@1@ABVlocale@1@PBV21@_N@Z	exact
0x2128bf	220	cxx_missing_locale_facet_2128bf	LIBCPMT.LIB	wlocale.obj	wlocale.obj#461	?use_facet@std@@YAABV?$num_put@GV?$ostreambuf_iterator@GU?$char_traits@G@std@@@std@@@1@ABVlocale@1@PBV21@_N@Z	exact
0x21299b	196	cxx_missing_locale_facet_21299b	LIBCPMT.LIB	wlocale.obj	wlocale.obj#465	?use_facet@std@@YAABV?$numpunct@G@1@ABVlocale@1@PBV21@_N@Z	exact
0x212a5f	196	cxx_missing_locale_facet_212a5f	LIBCPMT.LIB	wlocale.obj	wlocale.obj#469	?use_facet@std@@YAABV?$collate@G@1@ABVlocale@1@PBV21@_N@Z	exact
0x212b23	196	cxx_missing_locale_facet_212b23	LIBCPMT.LIB	wlocale.obj	wlocale.obj#473	?use_facet@std@@YAABV?$messages@G@1@ABVlocale@1@PBV21@_N@Z	exact
0x212be7	220	cxx_missing_locale_facet_212be7	LIBCPMT.LIB	wlocale.obj	wlocale.obj#477	?use_facet@std@@YAABV?$money_get@GV?$istreambuf_iterator@GU?$char_traits@G@std@@@std@@@1@ABVlocale@1@PBV21@_N@Z	exact
0x212cc3	220	cxx_missing_locale_facet_212cc3	LIBCPMT.LIB	wlocale.obj	wlocale.obj#481	?use_facet@std@@YAABV?$money_put@GV?$ostreambuf_iterator@GU?$char_traits@G@std@@@std@@@1@ABVlocale@1@PBV21@_N@Z	exact
0x212d9f	207	cxx_missing_locale_facet_212d9f	LIBCPMT.LIB	wlocale.obj	wlocale.obj#485	?use_facet@std@@YAABV?$moneypunct@G$0A@@1@ABVlocale@1@PBV21@_N@Z	exact
0x212e6e	207	cxx_missing_locale_facet_212e6e	LIBCPMT.LIB	wlocale.obj	wlocale.obj#489	?use_facet@std@@YAABV?$moneypunct@G$00@1@ABVlocale@1@PBV21@_N@Z	exact
0x212f3d	196	cxx_missing_locale_facet_212f3d	LIBCPMT.LIB	wlocale.obj	wlocale.obj#493	?use_facet@std@@YAABV?$time_get@GV?$istreambuf_iterator@GU?$char_traits@G@std@@@std@@@1@ABVlocale@1@PBV21@_N@Z	exact
0x213001	196	cxx_missing_locale_facet_213001	LIBCPMT.LIB	wlocale.obj	wlocale.obj#497	?use_facet@std@@YAABV?$time_put@GV?$ostreambuf_iterator@GU?$char_traits@G@std@@@std@@@1@ABVlocale@1@PBV21@_N@Z	exact
0x2130c5	196	cxx_missing_locale_facet_2130c5	LIBCPMT.LIB	wlocale.obj	wlocale.obj#501	?use_facet@std@@YAABV?$codecvt@GDH@1@ABVlocale@1@PBV21@_N@Z	exact
0x213189	84	cxx_2130c5_sub00_213189	LIBCPMT.LIB	wlocale.obj	wlocale.obj#505	??0?$codecvt@GDH@std@@QAE@I@Z	exact
0x2131dd	460	?_Getloctxt@std@@YAHAAV?$istreambuf_iterator@GU?$char_traits@G@std@@@1@0IPBG@Z	LIBCPMT.LIB	wlocale.obj	wlocale.obj#510	?_Getloctxt@std@@YAHAAV?$istreambuf_iterator@GU?$char_traits@G@std@@@1@0IPBG@Z	exact
0x2133a9	62	?_Maklocstr@std@@YAPAGPBDPAG@Z	LIBCPMT.LIB	wlocale.obj	wlocale.obj#547	?_Maklocstr@std@@YAPAGPBDPAG@Z	exact
0x2133e7	96	??0?$ctype@G@std@@QAE@I@Z	LIBCPMT.LIB	wlocale.obj	wlocale.obj#549	??0?$ctype@G@std@@QAE@I@Z	exact
0x213447	109	cxx_213001_sub00_213447	LIBCPMT.LIB	wlocale.obj	wlocale.obj#552	??0?$time_put@GV?$ostreambuf_iterator@GU?$char_traits@G@std@@@std@@@std@@QAE@I@Z	exact
0x2134b4	63	cxx_20e8cb_sub08_2134b4	LIBCPMT.LIB	wlocale.obj	wlocale.obj#555	?equal@?$istreambuf_iterator@GU?$char_traits@G@std@@@std@@QBE_NABV12@@Z	exact
0x2134f3	89	cxx_21299b_sub00_2134f3	LIBCPMT.LIB	wlocale.obj	wlocale.obj#557	??0?$numpunct@G@std@@QAE@I@Z	exact
0x21354c	84	cxx_212a5f_sub00_21354c	LIBCPMT.LIB	wlocale.obj	wlocale.obj#560	??0?$collate@G@std@@QAE@I@Z	exact
0x2135a0	114	cxx_212b23_sub00_2135a0	LIBCPMT.LIB	wlocale.obj	wlocale.obj#563	??0?$messages@G@std@@QAE@I@Z	exact
0x213612	89	cxx_212f3d_sub00_213612	LIBCPMT.LIB	wlocale.obj	wlocale.obj#566	??0?$time_get@GV?$istreambuf_iterator@GU?$char_traits@G@std@@@std@@@std@@QAE@I@Z	exact
0x21366b	78	cxx_21271f_sub01_21366b	LIBCPMT.LIB	wlocale.obj	wlocale.obj#573	?_Save@?$_Tidyfac@V?$ctype@G@std@@@std@@SAPAV?$ctype@G@2@PAV32@@Z	exact
0x2136b9	78	cxx_2127e3_sub00_2136b9	LIBCPMT.LIB	wlocale.obj	wlocale.obj#577	?_Save@?$_Tidyfac@V?$num_get@GV?$istreambuf_iterator@GU?$char_traits@G@std@@@std@@@std@@@std@@SAPAV?$num_get@GV?$istreambuf_iterator@GU?$char_traits@G@std@@@std@@@2@PAV32@@Z	exact
0x213707	78	cxx_2128bf_sub00_213707	LIBCPMT.LIB	wlocale.obj	wlocale.obj#581	?_Save@?$_Tidyfac@V?$num_put@GV?$ostreambuf_iterator@GU?$char_traits@G@std@@@std@@@std@@@std@@SAPAV?$num_put@GV?$ostreambuf_iterator@GU?$char_traits@G@std@@@std@@@2@PAV32@@Z	exact
0x213755	78	cxx_21299b_sub01_213755	LIBCPMT.LIB	wlocale.obj	wlocale.obj#585	?_Save@?$_Tidyfac@V?$numpunct@G@std@@@std@@SAPAV?$numpunct@G@2@PAV32@@Z	exact
0x2137a3	78	cxx_212a5f_sub01_2137a3	LIBCPMT.LIB	wlocale.obj	wlocale.obj#589	?_Save@?$_Tidyfac@V?$collate@G@std@@@std@@SAPAV?$collate@G@2@PAV32@@Z	exact
0x2137f1	78	cxx_212b23_sub01_2137f1	LIBCPMT.LIB	wlocale.obj	wlocale.obj#593	?_Save@?$_Tidyfac@V?$messages@G@std@@@std@@SAPAV?$messages@G@2@PAV32@@Z	exact
0x21383f	78	cxx_212be7_sub00_21383f	LIBCPMT.LIB	wlocale.obj	wlocale.obj#597	?_Save@?$_Tidyfac@V?$money_get@GV?$istreambuf_iterator@GU?$char_traits@G@std@@@std@@@std@@@std@@SAPAV?$money_get@GV?$istreambuf_iterator@GU?$char_traits@G@std@@@std@@@2@PAV32@@Z	exact
0x21388d	78	cxx_212cc3_sub00_21388d	LIBCPMT.LIB	wlocale.obj	wlocale.obj#601	?_Save@?$_Tidyfac@V?$money_put@GV?$ostreambuf_iterator@GU?$char_traits@G@std@@@std@@@std@@@std@@SAPAV?$money_put@GV?$ostreambuf_iterator@GU?$char_traits@G@std@@@std@@@2@PAV32@@Z	exact
0x2138db	78	cxx_212d9f_sub00_2138db	LIBCPMT.LIB	wlocale.obj	wlocale.obj#605	?_Save@?$_Tidyfac@V?$moneypunct@G$0A@@std@@@std@@SAPAV?$moneypunct@G$0A@@2@PAV32@@Z	exact
0x213929	78	cxx_212e6e_sub00_213929	LIBCPMT.LIB	wlocale.obj	wlocale.obj#609	?_Save@?$_Tidyfac@V?$moneypunct@G$00@std@@@std@@SAPAV?$moneypunct@G$00@2@PAV32@@Z	exact
0x213977	78	cxx_212f3d_sub01_213977	LIBCPMT.LIB	wlocale.obj	wlocale.obj#613	?_Save@?$_Tidyfac@V?$time_get@GV?$istreambuf_iterator@GU?$char_traits@G@std@@@std@@@std@@@std@@SAPAV?$time_get@GV?$istreambuf_iterator@GU?$char_traits@G@std@@@std@@@2@PAV32@@Z	exact
0x2139c5	78	cxx_213001_sub01_2139c5	LIBCPMT.LIB	wlocale.obj	wlocale.obj#617	?_Save@?$_Tidyfac@V?$time_put@GV?$ostreambuf_iterator@GU?$char_traits@G@std@@@std@@@std@@@std@@SAPAV?$time_put@GV?$ostreambuf_iterator@GU?$char_traits@G@std@@@std@@@2@PAV32@@Z	exact
0x213a13	78	cxx_2130c5_sub01_213a13	LIBCPMT.LIB	wlocale.obj	wlocale.obj#621	?_Save@?$_Tidyfac@V?$codecvt@GDH@std@@@std@@SAPAV?$codecvt@GDH@2@PAV32@@Z	exact
0x213a61	95	cxx_212d9f_sub01_213a61	LIBCPMT.LIB	wlocale.obj	wlocale.obj#625	??0?$_Mpunct@G@std@@QAE@I_N@Z	exact
0x213ac0	77	cxx_21366b_sub00_213ac0	LIBCPMT.LIB	wlocale.obj	wlocale.obj#631	?_Tidy@?$_Tidyfac@V?$ctype@G@std@@@std@@SAXXZ	exact
0x213b0d	77	cxx_2136b9_sub00_213b0d	LIBCPMT.LIB	wlocale.obj	wlocale.obj#634	?_Tidy@?$_Tidyfac@V?$num_get@GV?$istreambuf_iterator@GU?$char_traits@G@std@@@std@@@std@@@std@@SAXXZ	exact
0x213b5a	77	cxx_213707_sub00_213b5a	LIBCPMT.LIB	wlocale.obj	wlocale.obj#637	?_Tidy@?$_Tidyfac@V?$num_put@GV?$ostreambuf_iterator@GU?$char_traits@G@std@@@std@@@std@@@std@@SAXXZ	exact
0x213ba7	77	cxx_213755_sub00_213ba7	LIBCPMT.LIB	wlocale.obj	wlocale.obj#640	?_Tidy@?$_Tidyfac@V?$numpunct@G@std@@@std@@SAXXZ	exact
0x213bf4	77	cxx_2137a3_sub00_213bf4	LIBCPMT.LIB	wlocale.obj	wlocale.obj#643	?_Tidy@?$_Tidyfac@V?$collate@G@std@@@std@@SAXXZ	exact
0x213c41	77	cxx_2137f1_sub00_213c41	LIBCPMT.LIB	wlocale.obj	wlocale.obj#646	?_Tidy@?$_Tidyfac@V?$messages@G@std@@@std@@SAXXZ	exact
0x213c8e	77	cxx_21383f_sub00_213c8e	LIBCPMT.LIB	wlocale.obj	wlocale.obj#649	?_Tidy@?$_Tidyfac@V?$money_get@GV?$istreambuf_iterator@GU?$char_traits@G@std@@@std@@@std@@@std@@SAXXZ	exact
0x213cdb	77	cxx_21388d_sub00_213cdb	LIBCPMT.LIB	wlocale.obj	wlocale.obj#652	?_Tidy@?$_Tidyfac@V?$money_put@GV?$ostreambuf_iterator@GU?$char_traits@G@std@@@std@@@std@@@std@@SAXXZ	exact
0x213d28	77	cxx_2138db_sub00_213d28	LIBCPMT.LIB	wlocale.obj	wlocale.obj#655	?_Tidy@?$_Tidyfac@V?$moneypunct@G$0A@@std@@@std@@SAXXZ	exact
0x213d75	77	cxx_213929_sub00_213d75	LIBCPMT.LIB	wlocale.obj	wlocale.obj#658	?_Tidy@?$_Tidyfac@V?$moneypunct@G$00@std@@@std@@SAXXZ	exact
0x213dc2	77	cxx_213977_sub00_213dc2	LIBCPMT.LIB	wlocale.obj	wlocale.obj#661	?_Tidy@?$_Tidyfac@V?$time_get@GV?$istreambuf_iterator@GU?$char_traits@G@std@@@std@@@std@@@std@@SAXXZ	exact
0x213e0f	77	cxx_2139c5_sub00_213e0f	LIBCPMT.LIB	wlocale.obj	wlocale.obj#664	?_Tidy@?$_Tidyfac@V?$time_put@GV?$ostreambuf_iterator@GU?$char_traits@G@std@@@std@@@std@@@std@@SAXXZ	exact
0x213e5c	77	cxx_213a13_sub00_213e5c	LIBCPMT.LIB	wlocale.obj	wlocale.obj#667	?_Tidy@?$_Tidyfac@V?$codecvt@GDH@std@@@std@@SAXXZ	exact
0x213ea9	33	cinit1143_213ea9	LIBCPMT.LIB	wlocale.obj	wlocale.obj#670;wlocale.obj#672	_$E47	exact
0x213eca	856	?_Makexloc@_Locimp@locale@std@@CAXABV_Locinfo@3@HPAV123@PBV23@@Z	LIBCPMT.LIB	xlocale.obj	xlocale.obj#4	?_Makexloc@_Locimp@locale@std@@CAXABV_Locinfo@3@HPAV123@PBV23@@Z	exact
0x214222	62	?do_compare@?$collate@D@std@@MBEHPBD000@Z	LIBCPMT.LIB	xlocale.obj	xlocale.obj#78	?do_compare@?$collate@D@std@@MBEHPBD000@Z	exact
0x214260	207	?do_transform@?$collate@D@std@@MBE?AV?$basic_string@DU?$char_traits@D@std@@V?$allocator@D@2@@2@PBD0@Z	LIBCPMT.LIB	xlocale.obj	xlocale.obj#79	?do_transform@?$collate@D@std@@MBE?AV?$basic_string@DU?$char_traits@D@std@@V?$allocator@D@2@@2@PBD0@Z	exact
0x21432f	33	?do_hash@?$collate@D@std@@MBEJPBD0@Z	LIBCPMT.LIB	xlocale.obj	xlocale.obj#85	?do_hash@?$collate@D@std@@MBEJPBD0@Z	exact
0x214350	5	cxx_214350	LIBCPMT.LIB	xlocale.obj	xlocale.obj#87	?do_open@?$messages@D@std@@MBEHABV?$basic_string@DU?$char_traits@D@std@@V?$allocator@D@2@@2@ABVlocale@2@@Z	exact
0x214355	113	cxx_214355	LIBCPMT.LIB	xlocale.obj	xlocale.obj#89	?do_get@?$messages@D@std@@MBE?AV?$basic_string@DU?$char_traits@D@std@@V?$allocator@D@2@@2@HHHABV32@@Z	exact
0x2143c6	3	cxx_2143c6	LIBCPMT.LIB	xlocale.obj	xlocale.obj#90	?do_close@?$messages@D@std@@MBEXH@Z	exact
0x2143c9	302	?do_get@?$money_get@DV?$istreambuf_iterator@DU?$char_traits@D@std@@@std@@@std@@MBE?AV?$istreambuf_iterator@DU?$char_traits@D@std@@@2@V32@0_NAAVios_base@2@AAHAAO@Z	LIBCPMT.LIB	xlocale.obj	xlocale.obj#92	?do_get@?$money_get@DV?$istreambuf_iterator@DU?$char_traits@D@std@@@std@@@std@@MBE?AV?$istreambuf_iterator@DU?$char_traits@D@std@@@2@V32@0_NAAVios_base@2@AAHAAO@Z	exact
0x2144f7	138	cxx_2144f7	LIBCPMT.LIB	xlocale.obj	xlocale.obj#96	?do_get@?$money_get@DV?$istreambuf_iterator@DU?$char_traits@D@std@@@std@@@std@@MBE?AV?$istreambuf_iterator@DU?$char_traits@D@std@@@2@V32@0_NAAVios_base@2@AAHAAV?$basic_string@DU?$char_traits@D@std@@V?$allocator@D@2@@2@@Z	exact
0x214581	298	?do_put@?$money_put@DV?$ostreambuf_iterator@DU?$char_traits@D@std@@@std@@@std@@MBE?AV?$ostreambuf_iterator@DU?$char_traits@D@std@@@2@V32@_NAAVios_base@2@DO@Z	LIBCPMT.LIB	xlocale.obj	xlocale.obj#99	?do_put@?$money_put@DV?$ostreambuf_iterator@DU?$char_traits@D@std@@@std@@@std@@MBE?AV?$ostreambuf_iterator@DU?$char_traits@D@std@@@2@V32@_NAAVios_base@2@DO@Z	exact
0x2146ab	280	?do_put@?$money_put@DV?$ostreambuf_iterator@DU?$char_traits@D@std@@@std@@@std@@MBE?AV?$ostreambuf_iterator@DU?$char_traits@D@std@@@2@V32@_NAAVios_base@2@DABV?$basic_string@DU?$char_traits@D@std@@V?$allocator@D@2@@2@@Z	LIBCPMT.LIB	xlocale.obj	xlocale.obj#106	?do_put@?$money_put@DV?$ostreambuf_iterator@DU?$char_traits@D@std@@@std@@@std@@MBE?AV?$ostreambuf_iterator@DU?$char_traits@D@std@@@2@V32@_NAAVios_base@2@DABV?$basic_string@DU?$char_traits@D@std@@V?$allocator@D@2@@2@@Z	exact
0x2147c3	4	cxx_2147c3	LIBCPMT.LIB	xlocale.obj	xlocale.obj#114	?do_decimal_point@?$_Mpunct@D@std@@MBEDXZ	exact
0x2147c7	4	cxx_2147c7	LIBCPMT.LIB	xlocale.obj	xlocale.obj#116	?do_thousands_sep@?$_Mpunct@D@std@@MBEDXZ	exact
0x2147cb	54	cxx_2147cb	LIBCPMT.LIB	xlocale.obj	xlocale.obj#119	?do_curr_symbol@?$_Mpunct@D@std@@MBE?AV?$basic_string@DU?$char_traits@D@std@@V?$allocator@D@2@@2@XZ	exact
0x214801	54	cxx_214801	LIBCPMT.LIB	xlocale.obj	xlocale.obj#120	?do_positive_sign@?$_Mpunct@D@std@@MBE?AV?$basic_string@DU?$char_traits@D@std@@V?$allocator@D@2@@2@XZ	exact
0x214837	54	cxx_214837	LIBCPMT.LIB	xlocale.obj	xlocale.obj#121	?do_negative_sign@?$_Mpunct@D@std@@MBE?AV?$basic_string@DU?$char_traits@D@std@@V?$allocator@D@2@@2@XZ	exact
0x21486d	4	cxx_21486d	LIBCPMT.LIB	xlocale.obj	xlocale.obj#122	?do_frac_digits@?$_Mpunct@D@std@@MBEHXZ	exact
0x214871	12	cxx_214871	LIBCPMT.LIB	xlocale.obj	xlocale.obj#124	?do_pos_format@?$_Mpunct@D@std@@MBE?AUpattern@money_base@2@XZ	exact
0x21487d	12	cxx_21487d	LIBCPMT.LIB	xlocale.obj	xlocale.obj#126	?do_neg_format@?$_Mpunct@D@std@@MBE?AUpattern@money_base@2@XZ	exact
0x214889	177	?do_get_time@?$time_get@DV?$istreambuf_iterator@DU?$char_traits@D@std@@@std@@@std@@MBE?AV?$istreambuf_iterator@DU?$char_traits@D@std@@@2@V32@0AAVios_base@2@AAHPAUtm@@@Z	LIBCPMT.LIB	xlocale.obj	xlocale.obj#130	?do_get_time@?$time_get@DV?$istreambuf_iterator@DU?$char_traits@D@std@@@std@@@std@@MBE?AV?$istreambuf_iterator@DU?$char_traits@D@std@@@2@V32@0AAVios_base@2@AAHPAUtm@@@Z	exact
0x21493a	277	?do_get_date@?$time_get@DV?$istreambuf_iterator@DU?$char_traits@D@std@@@std@@@std@@MBE?AV?$istreambuf_iterator@DU?$char_traits@D@std@@@2@V32@0AAVios_base@2@AAHPAUtm@@@Z	LIBCPMT.LIB	xlocale.obj	xlocale.obj#131	?do_get_date@?$time_get@DV?$istreambuf_iterator@DU?$char_traits@D@std@@@std@@@std@@MBE?AV?$istreambuf_iterator@DU?$char_traits@D@std@@@2@V32@0AAVios_base@2@AAHPAUtm@@@Z	exact
0x214a4f	62	cxx_214a4f	LIBCPMT.LIB	xlocale.obj	xlocale.obj#132	?do_get_weekday@?$time_get@DV?$istreambuf_iterator@DU?$char_traits@D@std@@@std@@@std@@MBE?AV?$istreambuf_iterator@DU?$char_traits@D@std@@@2@V32@0AAVios_base@2@AAHPAUtm@@@Z	exact
0x214a8d	62	cxx_214a8d	LIBCPMT.LIB	xlocale.obj	xlocale.obj#133	?do_get_monthname@?$time_get@DV?$istreambuf_iterator@DU?$char_traits@D@std@@@std@@@std@@MBE?AV?$istreambuf_iterator@DU?$char_traits@D@std@@@2@V32@0AAVios_base@2@AAHPAUtm@@@Z	exact
0x214acb	102	cxx_214acb	LIBCPMT.LIB	xlocale.obj	xlocale.obj#134	?do_get_year@?$time_get@DV?$istreambuf_iterator@DU?$char_traits@D@std@@@std@@@std@@MBE?AV?$istreambuf_iterator@DU?$char_traits@D@std@@@2@V32@0AAVios_base@2@AAHPAUtm@@@Z	exact
0x214b31	217	?do_put@?$time_put@DV?$ostreambuf_iterator@DU?$char_traits@D@std@@@std@@@std@@MBE?AV?$ostreambuf_iterator@DU?$char_traits@D@std@@@2@V32@AAVios_base@2@PBUtm@@DD@Z	LIBCPMT.LIB	xlocale.obj	xlocale.obj#135	?do_put@?$time_put@DV?$ostreambuf_iterator@DU?$char_traits@D@std@@@std@@@std@@MBE?AV?$ostreambuf_iterator@DU?$char_traits@D@std@@@2@V32@AAVios_base@2@PBUtm@@DD@Z	exact
0x214c0a	28	cxx_214c0a	LIBCPMT.LIB	xlocale.obj	xlocale.obj#143	??_G?$messages@D@std@@UAEPAXI@Z	exact
0x214c26	35	cxx_214c0a_sub00_214c26	LIBCPMT.LIB	xlocale.obj	xlocale.obj#145	??1?$messages@D@std@@UAE@XZ	exact
0x214c49	7	cxx_20e5e4_sub00_214c49	LIBCPMT.LIB	xlocale.obj	xlocale.obj#203	??1money_base@std@@UAE@XZ	exact
0x214c50	28	cxx_214c50	LIBCPMT.LIB	xlocale.obj	xlocale.obj#157	??_G?$moneypunct@D$00@std@@UAEPAXI@Z	exact
0x214c6c	28	cxx_214c6c	LIBCPMT.LIB	xlocale.obj	xlocale.obj#159	??_G?$time_get@DV?$istreambuf_iterator@DU?$char_traits@D@std@@@std@@@std@@UAEPAXI@Z	exact
0x214c88	35	cxx_214c6c_sub00_214c88	LIBCPMT.LIB	xlocale.obj	xlocale.obj#161	??1?$time_get@DV?$istreambuf_iterator@DU?$char_traits@D@std@@@std@@@std@@UAE@XZ	exact
0x214cab	28	cxx_214cab	LIBCPMT.LIB	xlocale.obj	xlocale.obj#163	??_G?$time_put@DV?$ostreambuf_iterator@DU?$char_traits@D@std@@@std@@@std@@UAEPAXI@Z	exact
0x214cc7	26	cxx_214cab_sub00_214cc7	LIBCPMT.LIB	xlocale.obj	xlocale.obj#165	??1?$time_put@DV?$ostreambuf_iterator@DU?$char_traits@D@std@@@std@@@std@@UAE@XZ	exact
0x214ce1	5	cxx_214c50_sub00_214ce1	LIBCPMT.LIB	xlocale.obj	xlocale.obj#177	??1?$moneypunct@D$00@std@@UAE@XZ	exact
0x214ce6	52	cxx_214ce1_sub00_214ce6	LIBCPMT.LIB	xlocale.obj	xlocale.obj#169	??1?$_Mpunct@D@std@@UAE@XZ	exact
0x214d1a	28	cxx_214d1a	LIBCPMT.LIB	xlocale.obj	xlocale.obj#175	??_G?$_Mpunct@D@std@@UAEPAXI@Z	exact
0x214d36	40	cxx_213eca_sub00_214d36	LIBCPMT.LIB	xlocale.obj	xlocale.obj#186	?_Init@?$messages@D@std@@IAEXABV_Locinfo@2@@Z	exact
0x214d5e	2165	?_Getmfld@?$money_get@DV?$istreambuf_iterator@DU?$char_traits@D@std@@@std@@@std@@ABE?AV?$basic_string@DU?$char_traits@D@std@@V?$allocator@D@2@@2@AAV?$istreambuf_iterator@DU?$char_traits@D@std@@@2@0_NAAVios_base@2@@Z	LIBCPMT.LIB	xlocale.obj	xlocale.obj#190	?_Getmfld@?$money_get@DV?$istreambuf_iterator@DU?$char_traits@D@std@@@std@@@std@@ABE?AV?$basic_string@DU?$char_traits@D@std@@V?$allocator@D@2@@2@AAV?$istreambuf_iterator@DU?$char_traits@D@std@@@2@0_NAAVios_base@2@@Z	exact
0x2155d3	1451	?_Putmfld@?$money_put@DV?$ostreambuf_iterator@DU?$char_traits@D@std@@@std@@@std@@ABE?AV?$ostreambuf_iterator@DU?$char_traits@D@std@@@2@V32@_NAAVios_base@2@D1V?$basic_string@DU?$char_traits@D@std@@V?$allocator@D@2@@2@@Z	LIBCPMT.LIB	xlocale.obj	xlocale.obj#193	?_Putmfld@?$money_put@DV?$ostreambuf_iterator@DU?$char_traits@D@std@@@std@@@std@@ABE?AV?$ostreambuf_iterator@DU?$char_traits@D@std@@@2@V32@_NAAVios_base@2@D1V?$basic_string@DU?$char_traits@D@std@@V?$allocator@D@2@@2@@Z	exact
0x215b7e	64	cxx_213eca_sub01_215b7e	LIBCPMT.LIB	xlocale.obj	xlocale.obj#200	??0?$_Mpunct@D@std@@QAE@ABV_Locinfo@1@I_N@Z	exact
0x215bbe	51	cxx_213eca_sub02_215bbe	LIBCPMT.LIB	xlocale.obj	xlocale.obj#205	?_Init@?$time_get@DV?$istreambuf_iterator@DU?$char_traits@D@std@@@std@@@std@@IAEXABV_Locinfo@2@@Z	exact
0x215bf1	311	?_Getint@?$time_get@DV?$istreambuf_iterator@DU?$char_traits@D@std@@@std@@@std@@CAHAAV?$istreambuf_iterator@DU?$char_traits@D@std@@@2@0HHAAH@Z	LIBCPMT.LIB	xlocale.obj	xlocale.obj#213	?_Getint@?$time_get@DV?$istreambuf_iterator@DU?$char_traits@D@std@@@std@@@std@@CAHAAV?$istreambuf_iterator@DU?$char_traits@D@std@@@2@0HHAAH@Z	exact
0x215d28	40	cxx_20dedb_sub17_215d28	LIBCPMT.LIB	xlocale.obj	xlocale.obj#214	?_Init@?$time_put@DV?$ostreambuf_iterator@DU?$char_traits@D@std@@@std@@@std@@IAEXABV_Locinfo@2@@Z	exact
0x215d50	127	?insert@?$basic_string@DU?$char_traits@D@std@@V?$allocator@D@2@@std@@QAEAAV12@IID@Z	LIBCPMT.LIB	xlocale.obj	xlocale.obj#218	?insert@?$basic_string@DU?$char_traits@D@std@@V?$allocator@D@2@@std@@QAEAAV12@IID@Z	exact
0x215dcf	23	cxx_210e3c_sub04_215dcf	LIBCPMT.LIB	xlocale.obj	xlocale.obj#237	?grouping@?$_Mpunct@D@std@@QBE?AV?$basic_string@DU?$char_traits@D@std@@V?$allocator@D@2@@2@XZ	exact
0x215de6	23	cxx_214d5e_sub01_215de6	LIBCPMT.LIB	xlocale.obj	xlocale.obj#240	?negative_sign@?$_Mpunct@D@std@@QBE?AV?$basic_string@DU?$char_traits@D@std@@V?$allocator@D@2@@2@XZ	exact
0x215dfd	218	?_Init@?$_Mpunct@D@std@@IAEXABV_Locinfo@2@@Z	LIBCPMT.LIB	xlocale.obj	xlocale.obj#241	?_Init@?$_Mpunct@D@std@@IAEXABV_Locinfo@2@@Z	exact
0x215ed7	97	cxx_v_x_v_xv_xv_xv_x_vx_vx_v_215ed7	LIBCPMT.LIB	xlocale.obj	xlocale.obj#252	?_Makpat@?$_Mpunct@D@std@@AAEXAAUpattern@money_base@2@DDD@Z	exact
0x215f38	196	cxx_missing_locale_facet_215f38	LIBCPMT.LIB	xlocale.obj	xlocale.obj#308	?use_facet@std@@YAABV?$collate@D@1@ABVlocale@1@PBV21@_N@Z	exact
0x215ffc	196	cxx_missing_locale_facet_215ffc	LIBCPMT.LIB	xlocale.obj	xlocale.obj#312	?use_facet@std@@YAABV?$messages@D@1@ABVlocale@1@PBV21@_N@Z	exact
0x2160c0	220	cxx_missing_locale_facet_2160c0	LIBCPMT.LIB	xlocale.obj	xlocale.obj#316	?use_facet@std@@YAABV?$money_get@DV?$istreambuf_iterator@DU?$char_traits@D@std@@@std@@@1@ABVlocale@1@PBV21@_N@Z	exact
0x21619c	220	cxx_missing_locale_facet_21619c	LIBCPMT.LIB	xlocale.obj	xlocale.obj#322	?use_facet@std@@YAABV?$money_put@DV?$ostreambuf_iterator@DU?$char_traits@D@std@@@std@@@1@ABVlocale@1@PBV21@_N@Z	exact
0x216278	207	cxx_missing_locale_facet_216278	LIBCPMT.LIB	xlocale.obj	xlocale.obj#326	?use_facet@std@@YAABV?$moneypunct@D$0A@@1@ABVlocale@1@PBV21@_N@Z	exact
0x216347	207	cxx_missing_locale_facet_216347	LIBCPMT.LIB	xlocale.obj	xlocale.obj#330	?use_facet@std@@YAABV?$moneypunct@D$00@1@ABVlocale@1@PBV21@_N@Z	exact
0x216416	196	cxx_missing_locale_facet_216416	LIBCPMT.LIB	xlocale.obj	xlocale.obj#334	?use_facet@std@@YAABV?$time_get@DV?$istreambuf_iterator@DU?$char_traits@D@std@@@std@@@1@ABVlocale@1@PBV21@_N@Z	exact
0x2164da	196	cxx_missing_locale_facet_2164da	LIBCPMT.LIB	xlocale.obj	xlocale.obj#338	?use_facet@std@@YAABV?$time_put@DV?$ostreambuf_iterator@DU?$char_traits@D@std@@@std@@@1@ABVlocale@1@PBV21@_N@Z	exact
0x21659e	84	cxx_215f38_sub00_21659e	LIBCPMT.LIB	xlocale.obj	xlocale.obj#347	??0?$collate@D@std@@QAE@I@Z	exact
0x2165f2	114	cxx_215ffc_sub00_2165f2	LIBCPMT.LIB	xlocale.obj	xlocale.obj#350	??0?$messages@D@std@@QAE@I@Z	exact
0x216664	89	cxx_216416_sub00_216664	LIBCPMT.LIB	xlocale.obj	xlocale.obj#355	??0?$time_get@DV?$istreambuf_iterator@DU?$char_traits@D@std@@@std@@@std@@QAE@I@Z	exact
0x2166bd	109	cxx_2164da_sub00_2166bd	LIBCPMT.LIB	xlocale.obj	xlocale.obj#358	??0?$time_put@DV?$ostreambuf_iterator@DU?$char_traits@D@std@@@std@@@std@@QAE@I@Z	exact
0x21672a	78	cxx_215f38_sub01_21672a	LIBCPMT.LIB	xlocale.obj	xlocale.obj#365	?_Save@?$_Tidyfac@V?$collate@D@std@@@std@@SAPAV?$collate@D@2@PAV32@@Z	exact
0x216778	78	cxx_215ffc_sub01_216778	LIBCPMT.LIB	xlocale.obj	xlocale.obj#369	?_Save@?$_Tidyfac@V?$messages@D@std@@@std@@SAPAV?$messages@D@2@PAV32@@Z	exact
0x2167c6	78	cxx_2160c0_sub00_2167c6	LIBCPMT.LIB	xlocale.obj	xlocale.obj#373	?_Save@?$_Tidyfac@V?$money_get@DV?$istreambuf_iterator@DU?$char_traits@D@std@@@std@@@std@@@std@@SAPAV?$money_get@DV?$istreambuf_iterator@DU?$char_traits@D@std@@@std@@@2@PAV32@@Z	exact
0x216814	78	cxx_21619c_sub00_216814	LIBCPMT.LIB	xlocale.obj	xlocale.obj#377	?_Save@?$_Tidyfac@V?$money_put@DV?$ostreambuf_iterator@DU?$char_traits@D@std@@@std@@@std@@@std@@SAPAV?$money_put@DV?$ostreambuf_iterator@DU?$char_traits@D@std@@@std@@@2@PAV32@@Z	exact
0x216862	78	cxx_216278_sub00_216862	LIBCPMT.LIB	xlocale.obj	xlocale.obj#381	?_Save@?$_Tidyfac@V?$moneypunct@D$0A@@std@@@std@@SAPAV?$moneypunct@D$0A@@2@PAV32@@Z	exact
0x2168b0	78	cxx_216347_sub00_2168b0	LIBCPMT.LIB	xlocale.obj	xlocale.obj#385	?_Save@?$_Tidyfac@V?$moneypunct@D$00@std@@@std@@SAPAV?$moneypunct@D$00@2@PAV32@@Z	exact
0x2168fe	78	cxx_216416_sub01_2168fe	LIBCPMT.LIB	xlocale.obj	xlocale.obj#389	?_Save@?$_Tidyfac@V?$time_get@DV?$istreambuf_iterator@DU?$char_traits@D@std@@@std@@@std@@@std@@SAPAV?$time_get@DV?$istreambuf_iterator@DU?$char_traits@D@std@@@std@@@2@PAV32@@Z	exact
0x21694c	78	cxx_2164da_sub01_21694c	LIBCPMT.LIB	xlocale.obj	xlocale.obj#393	?_Save@?$_Tidyfac@V?$time_put@DV?$ostreambuf_iterator@DU?$char_traits@D@std@@@std@@@std@@@std@@SAPAV?$time_put@DV?$ostreambuf_iterator@DU?$char_traits@D@std@@@std@@@2@PAV32@@Z	exact
0x21699a	95	cxx_216278_sub01_21699a	LIBCPMT.LIB	xlocale.obj	xlocale.obj#397	??0?$_Mpunct@D@std@@QAE@I_N@Z	exact
0x2169f9	77	cxx_21672a_sub00_2169f9	LIBCPMT.LIB	xlocale.obj	xlocale.obj#403	?_Tidy@?$_Tidyfac@V?$collate@D@std@@@std@@SAXXZ	exact
0x216a46	77	cxx_216778_sub00_216a46	LIBCPMT.LIB	xlocale.obj	xlocale.obj#406	?_Tidy@?$_Tidyfac@V?$messages@D@std@@@std@@SAXXZ	exact
0x216a93	77	cxx_2167c6_sub00_216a93	LIBCPMT.LIB	xlocale.obj	xlocale.obj#409	?_Tidy@?$_Tidyfac@V?$money_get@DV?$istreambuf_iterator@DU?$char_traits@D@std@@@std@@@std@@@std@@SAXXZ	exact
0x216ae0	77	cxx_216814_sub00_216ae0	LIBCPMT.LIB	xlocale.obj	xlocale.obj#412	?_Tidy@?$_Tidyfac@V?$money_put@DV?$ostreambuf_iterator@DU?$char_traits@D@std@@@std@@@std@@@std@@SAXXZ	exact
0x216b2d	77	cxx_216862_sub00_216b2d	LIBCPMT.LIB	xlocale.obj	xlocale.obj#415	?_Tidy@?$_Tidyfac@V?$moneypunct@D$0A@@std@@@std@@SAXXZ	exact
0x216b7a	77	cxx_2168b0_sub00_216b7a	LIBCPMT.LIB	xlocale.obj	xlocale.obj#418	?_Tidy@?$_Tidyfac@V?$moneypunct@D$00@std@@@std@@SAXXZ	exact
0x216bc7	77	cxx_2168fe_sub00_216bc7	LIBCPMT.LIB	xlocale.obj	xlocale.obj#421	?_Tidy@?$_Tidyfac@V?$time_get@DV?$istreambuf_iterator@DU?$char_traits@D@std@@@std@@@std@@@std@@SAXXZ	exact
0x216c14	77	cxx_21694c_sub00_216c14	LIBCPMT.LIB	xlocale.obj	xlocale.obj#424	?_Tidy@?$_Tidyfac@V?$time_put@DV?$ostreambuf_iterator@DU?$char_traits@D@std@@@std@@@std@@@std@@SAXXZ	exact
0x216c61	33	cinit1144_216c61	LIBCPMT.LIB	xlocale.obj	xlocale.obj#427;xlocale.obj#429	_$E37	exact
0x216c82	99	__Mbrtowc	LIBCPMT.LIB	xmbtowc.obj	xmbtowc.obj#3	__Mbrtowc	exact
0x216ce5	275	calls_MultiByteToWideChar_216ce5	LIBCPMT.LIB	xmbtowc.obj	xmbtowc.obj#4	__Mbrtowc_lk	exact
0x216df8	65	_btowc	LIBCPMT.LIB	xmbtowc.obj	xmbtowc.obj#5	_btowc	exact
0x216e39	84	cxx_20dedb_sub18_216e39	LIBCPMT.LIB	xstrcoll.obj	xstrcoll.obj#3	__Getcoll	exact
0x216e8d	41	??1type_info@@UAE@XZ	LIBCMT.LIB	typinfo.obj	typinfo.obj#2	??1type_info@@UAE@XZ	exact
0x216eb6	28	crt_216eb6	LIBCMT.LIB	typinfo.obj	typinfo.obj#10	??_Gtype_info@@UAEPAXI@Z	exact
0x216ed2	14	??2@YAPAXI@Z	LIBCMT.LIB	new.obj	new.obj#1	??2@YAPAXI@Z	exact
0x216ee0	45	?_JumpToContinuation@@YGXPAXPAUEHRegistrationNode@@@Z	LIBCMT.LIB	trnsctrl.obj	trnsctrl.obj#1	?_JumpToContinuation@@YGXPAXPAUEHRegistrationNode@@@Z	exact
0x216f14	7	crt_21cffd_sub00_216f14	LIBCMT.LIB	trnsctrl.obj	trnsctrl.obj#3	?_CallMemberFunction1@@YGXPAX00@Z	exact
0x216f1b	7	crt_21cffd_sub01_216f1b	LIBCMT.LIB	trnsctrl.obj	trnsctrl.obj#4	?_CallMemberFunction2@@YGXPAX00H@Z	exact
0x216f22	79	?_UnwindNestedFrames@@YGXPAUEHRegistrationNode@@PAUEHExceptionRecord@@@Z	LIBCMT.LIB	trnsctrl.obj	trnsctrl.obj#5	?_UnwindNestedFrames@@YGXPAUEHRegistrationNode@@PAUEHExceptionRecord@@@Z	exact
0x216f71	54	___CxxFrameHandler	LIBCMT.LIB	trnsctrl.obj	trnsctrl.obj#6	___CxxFrameHandler	exact
0x216fa7	84	?_CallCatchBlock2@@YAPAXPAUEHRegistrationNode@@PBU_s_FuncInfo@@PAXHK@Z	LIBCMT.LIB	trnsctrl.obj	trnsctrl.obj#9	?_CallCatchBlock2@@YAPAXPAUEHRegistrationNode@@PBU_s_FuncInfo@@PAXHK@Z	exact
0x216ffb	37	crt_216fa7_sub00_216ffb	LIBCMT.LIB	trnsctrl.obj	trnsctrl.obj#10	?CatchGuardHandler@@YA?AW4_EXCEPTION_DISPOSITION@@PAUEHExceptionRecord@@PAUCatchGuardRN@@PAX2@Z	exact
0x217020	182	?_CallSETranslator@@YAHPAUEHExceptionRecord@@PAUEHRegistrationNode@@PAX2PBU_s_FuncInfo@@H1@Z	LIBCMT.LIB	trnsctrl.obj	trnsctrl.obj#11	?_CallSETranslator@@YAHPAUEHExceptionRecord@@PAUEHRegistrationNode@@PAX2PBU_s_FuncInfo@@H1@Z	exact
0x2170d6	117	crt_217020_sub00_2170d6	LIBCMT.LIB	trnsctrl.obj	trnsctrl.obj#12	?TranslatorGuardHandler@@YA?AW4_EXCEPTION_DISPOSITION@@PAUEHExceptionRecord@@PAUTranslatorGuardRN@@PAX2@Z	exact
0x21714b	123	?_GetRangeOfTrysToCheck@@YAPBU_s_TryBlockMapEntry@@PBU_s_FuncInfo@@HHPAI1@Z	LIBCMT.LIB	trnsctrl.obj	trnsctrl.obj#13	?_GetRangeOfTrysToCheck@@YAPBU_s_TryBlockMapEntry@@PBU_s_FuncInfo@@HHPAI1@Z	exact
0x2171c8	32	__global_unwind2	LIBCMT.LIB	exsup.obj	exsup.obj#1	__global_unwind2	exact
0x21720a	104	__local_unwind2	LIBCMT.LIB	exsup.obj	exsup.obj#1	__global_unwind2	exact
0x217272	35	__abnormal_termination	LIBCMT.LIB	exsup.obj	exsup.obj#1	__global_unwind2	exact
0x217295	9	__NLG_Notify1	LIBCMT.LIB	exsup.obj	exsup.obj#1	__global_unwind2	exact
0x21729e	24	crt_21720a_sub00_21729e	LIBCMT.LIB	exsup.obj	exsup.obj#1	__global_unwind2	exact
0x2172b6	111	_tolower	LIBCMT.LIB	tolower.obj	tolower.obj#3	_tolower	exact
0x217325	203	__tolower_lk	LIBCMT.LIB	tolower.obj	tolower.obj#5	__tolower_lk	exact
0x2173f0	46	_isalpha	LIBCMT.LIB	_ctype.obj	_ctype.obj#1	_isalpha	exact
0x21741e	82	_sprintf	LIBCMT.LIB	sprintf.obj	sprintf.obj#1	_sprintf	exact
0x217470	17	??0exception@@QAE@XZ	LIBCMT.LIB	stdexcpt.obj	stdexcpt.obj#2	??0exception@@QAE@XZ	exact
0x217481	28	crt_217481	LIBCMT.LIB	stdexcpt.obj	stdexcpt.obj#10	??_Gexception@@UAEPAXI@Z	exact
0x21749d	61	??0exception@@QAE@ABQBD@Z	LIBCMT.LIB	stdexcpt.obj	stdexcpt.obj#12	??0exception@@QAE@ABQBD@Z	exact
0x2174da	74	??0exception@@QAE@ABV0@@Z	LIBCMT.LIB	stdexcpt.obj	stdexcpt.obj#14	??0exception@@QAE@ABV0@@Z	exact
0x217524	22	??1exception@@UAE@XZ	LIBCMT.LIB	stdexcpt.obj	stdexcpt.obj#18	??1exception@@UAE@XZ	exact
0x21753a	13	?what@exception@@UBEPBDXZ	LIBCMT.LIB	stdexcpt.obj	stdexcpt.obj#20	?what@exception@@UBEPBDXZ	exact
0x217547	58	__CxxThrowException@8	LIBCMT.LIB	throw.obj	throw.obj#3	__CxxThrowException@8	exact
0x217590	821	_memmove	LIBCMT.LIB	memmove.obj	memmove.obj#1	_memmove	exact
0x2178c5	126	__onexit	LIBCMT.LIB	onexit.obj	onexit.obj#2	__onexit	exact
0x217943	18	_atexit	LIBCMT.LIB	onexit.obj	onexit.obj#4	_atexit	exact
0x217984	23	crt_218ded_sub00_217984	LIBCMT.LIB	fpinit.obj	fpinit.obj#3	__fpmath	exact
0x21799b	1	crt_219ece_sub00_21799b	LIBCMT.LIB	fpinit.obj	fpinit.obj#5	__fpclear	exact
0x21799c	56	crt_217984_sub00_21799c	LIBCMT.LIB	fpinit.obj	fpinit.obj#7	__cfltcvt_init	exact
0x2179d4	39	__ftol	LIBCMT.LIB	ftol.obj	ftol.obj#1	__ftol	exact
0x2179fb	164	_strtok	LIBCMT.LIB	strtok.obj	strtok.obj#1	_strtok	exact
0x217aa0	47	__chkstk	LIBCMT.LIB	chkstk.obj	chkstk.obj#1	__alloca_probe	exact
0x217ad0	170	__alldiv	LIBCMT.LIB	lldiv.obj	lldiv.obj#1	__alldiv	exact
0x217b80	20	__CIsqrt	LIBCMT.LIB	sqrt.obj	sqrt.obj#1	__CIsqrt	exact
0x217b94	166	_sqrt	LIBCMT.LIB	sqrt.obj	sqrt.obj#1	__CIsqrt	exact
0x217c3a	106	??_L@YGXPAXIHP6EX0@Z1@Z	LIBCMT.LIB	ehvecctr.obj	ehvecctr.obj#1	??_L@YGXPAXIHP6EX0@Z1@Z	exact
0x217ca4	24	crt_217c3a_sub00_217ca4	LIBCMT.LIB	ehvecctr.obj	ehvecctr.obj#1	??_L@YGXPAXIHP6EX0@Z1@Z	exact
0x217cbc	104	??_M@YGXPAXIHP6EX0@Z@Z	LIBCMT.LIB	ehvecdtr.obj	ehvecdtr.obj#1	??_M@YGXPAXIHP6EX0@Z@Z	exact
0x217d24	24	crt_217cbc_sub00_217d24	LIBCMT.LIB	ehvecdtr.obj	ehvecdtr.obj#1	??_M@YGXPAXIHP6EX0@Z@Z	exact
0x217d3c	60	?__ArrayUnwind@@YGXPAXIHP6EX0@Z@Z	LIBCMT.LIB	ehvecdtr.obj	ehvecdtr.obj#3	?__ArrayUnwind@@YGXPAXIHP6EX0@Z@Z	exact
0x217d78	10	crt_217d78	LIBCMT.LIB	ehvecdtr.obj	ehvecdtr.obj#3	?__ArrayUnwind@@YGXPAXIHP6EX0@Z@Z	exact
0x217d82	1	crt_217d82	LIBCMT.LIB	ehvecdtr.obj	ehvecdtr.obj#3	?__ArrayUnwind@@YGXPAXIHP6EX0@Z@Z	exact
0x217d9a	9	__purecall	LIBCMT.LIB	purevirt.obj	purevirt.obj#1	__purecall	exact
0x217db0	20	__CIatan	LIBCMT.LIB	atan.obj	atan.obj#1	__CIatan	exact
0x217dc4	9	crt_45fd0_sub02_217dc4	LIBCMT.LIB	atan.obj	atan.obj#1	__CIatan	exact
0x217dcd	130	crt_atan_217dcd	LIBCMT.LIB	atan.obj	atan.obj#1	__CIatan	exact
0x217e4f	13	_srand	LIBCMT.LIB	rand.obj	rand.obj#1	_srand	exact
0x217e5c	34	_rand	LIBCMT.LIB	rand.obj	rand.obj#3	_rand	exact
0x217e7e	139	_atol	LIBCMT.LIB	atox.obj	atox.obj#1	_atol	exact
0x217f09	11	_atoi	LIBCMT.LIB	atox.obj	atox.obj#3	_atoi	exact
0x217f20	10	_fmod	LIBCMT.LIB	87fmod.obj	87fmod.obj#1	_fmod	exact
0x217f52	181	_fabs	LIBCMT.LIB	fabs.obj	fabs.obj#1	_fabs	exact
0x218010	165	_memchr	LIBCMT.LIB	memchr.obj	memchr.obj#1	_memchr	exact
0x2180b5	6	_localeconv	LIBCMT.LIB	lconv.obj	lconv.obj#3	_localeconv	exact
0x2180c0	62	_strcspn	LIBCMT.LIB	strcspn.obj	strcspn.obj#1	_strcspn	exact
0x2180fe	205	__findfirst	LIBCMT.LIB	findfile.obj	findfile.obj#1	__findfirst	exact
0x2181cb	200	__findnext	LIBCMT.LIB	findfile.obj	findfile.obj#2	__findnext	exact
0x218293	32	__findclose	LIBCMT.LIB	findfile.obj	findfile.obj#3	__findclose	exact
0x2182b3	100	___timet_from_ft	LIBCMT.LIB	findfile.obj	findfile.obj#5	___timet_from_ft	exact
0x218317	39	__getcwd	LIBCMT.LIB	getcwd.obj	getcwd.obj#1	__getcwd	exact
0x21833e	213	__getdcwd_lk	LIBCMT.LIB	getcwd.obj	getcwd.obj#5	__getdcwd_lk	exact
0x218413	55	__validdrive	LIBCMT.LIB	getcwd.obj	getcwd.obj#6	__validdrive	exact
0x21844a	47	_fwrite	LIBCMT.LIB	fwrite.obj	fwrite.obj#1	_fwrite	exact
0x218479	266	__fwrite_lk	LIBCMT.LIB	fwrite.obj	fwrite.obj#2	__fwrite_lk	exact
0x218583	59	_fputc	LIBCMT.LIB	fputc.obj	fputc.obj#1	_fputc	exact
0x2185be	49	_fgetc	LIBCMT.LIB	fgetc.obj	fgetc.obj#1	_fgetc	exact
0x2185ef	41	_ungetc	LIBCMT.LIB	ungetc.obj	ungetc.obj#1	_ungetc	exact
0x218618	110	__ungetc_lk	LIBCMT.LIB	ungetc.obj	ungetc.obj#3	__ungetc_lk	exact
0x218686	34	_fgetpos	LIBCMT.LIB	fgetpos.obj	fgetpos.obj#1	_fgetpos	exact
0x2186a8	44	_fseek	LIBCMT.LIB	fseek.obj	fseek.obj#1	_fseek	exact
0x2186d4	141	__fseek_lk	LIBCMT.LIB	fseek.obj	fseek.obj#2	__fseek_lk	exact
0x218761	24	_fsetpos	LIBCMT.LIB	fsetpos.obj	fsetpos.obj#1	_fsetpos	exact
0x218779	175	_setvbuf	LIBCMT.LIB	setvbuf.obj	setvbuf.obj#1	_setvbuf	exact
0x218828	47	_fflush	LIBCMT.LIB	fflush.obj	fflush.obj#1	_fflush	exact
0x218857	46	__fflush_lk	LIBCMT.LIB	fflush.obj	fflush.obj#3	__fflush_lk	exact
0x218885	92	__flush	LIBCMT.LIB	fflush.obj	fflush.obj#5	__flush	exact
0x2188ea	164	crt_218828_sub01_2188ea	LIBCMT.LIB	fflush.obj	fflush.obj#9	_flsall	exact
0x21898e	49	_fclose	LIBCMT.LIB	fclose.obj	fclose.obj#1	_fclose	exact
0x2189bf	76	__fclose_lk	LIBCMT.LIB	fclose.obj	fclose.obj#3	__fclose_lk	exact
0x218a10	254	_strncpy	LIBCMT.LIB	strncpy.obj	strncpy.obj#1	_strncpy	exact
0x218b0e	81	_vsprintf	LIBCMT.LIB	vsprintf.obj	vsprintf.obj#1	_vsprintf	exact
0x218b5f	111	_toupper	LIBCMT.LIB	toupper.obj	toupper.obj#3	_toupper	exact
0x218bce	204	__toupper_lk	LIBCMT.LIB	toupper.obj	toupper.obj#5	__toupper_lk	exact
0x218ca0	39	_strrchr	LIBCMT.LIB	strrchr.obj	strrchr.obj#1	_strrchr	exact
0x218cc7	207	_ceil	LIBCMT.LIB	ceil.obj	ceil.obj#2	_ceil	exact
0x218d96	87	_atof	LIBCMT.LIB	atof.obj	atof.obj#1	_atof	exact
0x218ded	45	__cinit	LIBCMT.LIB	crt0dat.obj	crt0dat.obj#2	__cinit	exact
0x218e1a	17	_exit	LIBCMT.LIB	crt0dat.obj	crt0dat.obj#4	_exit	exact
0x218e2b	17	__exit	LIBCMT.LIB	crt0dat.obj	crt0dat.obj#6	__exit	exact
0x218e3c	163	crt_218e1a_sub00_218e3c	LIBCMT.LIB	crt0dat.obj	crt0dat.obj#12	_doexit	exact
0x218ee1	9	crt_2178c5_sub00_218ee1	LIBCMT.LIB	crt0dat.obj	crt0dat.obj#14	__lockexit	exact
0x218eea	9	crt_2178c5_sub01_218eea	LIBCMT.LIB	crt0dat.obj	crt0dat.obj#16	__unlockexit	exact
0x218ef3	26	crt_218ded_sub01_218ef3	LIBCMT.LIB	crt0dat.obj	crt0dat.obj#18	__initterm	exact
0x218f0d	34	_ftell	LIBCMT.LIB	ftell.obj	ftell.obj#1	_ftell	exact
0x218f2f	353	__ftell_lk	LIBCMT.LIB	ftell.obj	ftell.obj#3	__ftell_lk	exact
0x219090	49	crt_2190c1_sub00_219090	LIBCMT.LIB	fopen.obj	fopen.obj#1	__fsopen	exact
0x2190c1	19	_fopen	LIBCMT.LIB	fopen.obj	fopen.obj#3	_fopen	exact
0x2190d4	47	_fread	LIBCMT.LIB	fread.obj	fread.obj#1	_fread	exact
0x219103	232	__fread_lk	LIBCMT.LIB	fread.obj	fread.obj#2	__fread_lk	exact
0x2191f0	208	__strcmpi	LIBCMT.LIB	stricmp.obj	stricmp.obj#1	__strcmpi	exact
0x2192c0	312	_realloc	LIBCMT.LIB	realloc.obj	realloc.obj#1	_realloc	exact
0x2193f8	101	crt_2186d4_sub01_2193f8	LIBCMT.LIB	lseek.obj	lseek.obj#1	__lseek	exact
0x21945d	115	__lseek_lk	LIBCMT.LIB	lseek.obj	lseek.obj#3	__lseek_lk	exact
0x2194d0	134	__chdir	LIBCMT.LIB	chdir.obj	chdir.obj#1	__chdir	exact
0x219560	128	_strstr	LIBCMT.LIB	strstr.obj	strstr.obj#1	_strstr	exact
0x2195e0	72	_free	LIBCMT.LIB	free.obj	free.obj#1	_free	exact
0x219628	23	_strtol	LIBCMT.LIB	strtol.obj	strtol.obj#1	_strtol	exact
0x21963f	517	crt_219628_sub00_21963f	LIBCMT.LIB	strtol.obj	strtol.obj#3	_strtoxl	exact
0x219844	23	_strtoul	LIBCMT.LIB	strtol.obj	strtol.obj#4	_strtoul	exact
0x21985b	115	__dosmaperr	LIBCMT.LIB	dosmap.obj	dosmap.obj#2	__dosmaperr	exact
0x2198ce	9	__errno	LIBCMT.LIB	dosmap.obj	dosmap.obj#4	__errno	exact
0x2198d7	9	crt_21833e_sub01_2198d7	LIBCMT.LIB	dosmap.obj	dosmap.obj#6	___doserrno	exact
0x2198e0	220	_time	LIBCMT.LIB	time.obj	time.obj#1	_time	exact
0x2199bc	165	__fullpath	LIBCMT.LIB	fullpath.obj	fullpath.obj#1	__fullpath	exact
0x219a61	60	_fprintf	LIBCMT.LIB	fprintf.obj	fprintf.obj#1	_fprintf	exact
0x219a9d	93	__close	LIBCMT.LIB	close.obj	close.obj#1	__close	exact
0x219afa	131	__close_lk	LIBCMT.LIB	close.obj	close.obj#3	__close_lk	exact
0x219b7d	23	__open	LIBCMT.LIB	open.obj	open.obj#1	__open	exact
0x219b94	719	__sopen	LIBCMT.LIB	open.obj	open.obj#3	__sopen	exact
0x219e63	107	__beginthreadex	LIBCMT.LIB	threadex.obj	threadex.obj#1	__beginthreadex	exact
0x219ece	125	crt_219e63_sub00_219ece	LIBCMT.LIB	threadex.obj	threadex.obj#2	__threadstartex@4	exact
0x219f4b	20	crt_219f4b	LIBCMT.LIB	threadex.obj	threadex.obj#2	__threadstartex@4	exact
0x219f5f	1	crt_219f5f	LIBCMT.LIB	threadex.obj	threadex.obj#2	__threadstartex@4	exact
0x219f6a	48	__endthreadex	LIBCMT.LIB	threadex.obj	threadex.obj#4	__endthreadex	exact
0x219f9c	119	__beginthread	LIBCMT.LIB	thread.obj	thread.obj#1	__beginthread	exact
0x21a013	116	calls_TlsSetValue_21a013	LIBCMT.LIB	thread.obj	thread.obj#3	__threadstart@4	exact
0x21a087	20	crt_21a087	LIBCMT.LIB	thread.obj	thread.obj#3	__threadstart@4	exact
0x21a09b	1	crt_21a09b	LIBCMT.LIB	thread.obj	thread.obj#3	__threadstart@4	exact
0x21a0a6	61	__endthread	LIBCMT.LIB	thread.obj	thread.obj#5	__endthread	exact
0x21a0f0	10	_atan2	LIBCMT.LIB	87ctriga.obj	87ctriga.obj#1	_atan2	exact
0x21a110	20	__CIcos	LIBCMT.LIB	cos.obj	cos.obj#1	__CIcos	exact
0x21a124	9	crt_1a5440_sub00_21a124	LIBCMT.LIB	cos.obj	cos.obj#1	__CIcos	exact
0x21a12d	145	crt_21a110_sub00_21a12d	LIBCMT.LIB	cos.obj	cos.obj#1	__CIcos	exact
0x21a1c0	20	__CIsin	LIBCMT.LIB	sin.obj	sin.obj#1	__CIsin	exact
0x21a1d4	9	crt_1a5440_sub01_21a1d4	LIBCMT.LIB	sin.obj	sin.obj#1	__CIsin	exact
0x21a1dd	145	crt_21a1c0_sub00_21a1dd	LIBCMT.LIB	sin.obj	sin.obj#1	__CIsin	exact
0x21a26e	70	__access	LIBCMT.LIB	access.obj	access.obj#1	__access	exact
0x21a2b4	253	_WinMainCRTStartup	LIBCMT.LIB	wincrt0.obj	wincrt0.obj#3	_WinMainCRTStartup	exact
0x21a3b1	1	crt_21a3b1	LIBCMT.LIB	wincrt0.obj	wincrt0.obj#3	_WinMainCRTStartup	exact
0x21a3bc	34	__amsg_exit	LIBCMT.LIB	wincrt0.obj	wincrt0.obj#5	__amsg_exit	exact
0x21a3e1	35	calls_ExitProcess_21a3e1	LIBCMT.LIB	wincrt0.obj	wincrt0.obj#7	_fast_error_exit	exact
0x21a405	18	_malloc	LIBCMT.LIB	malloc.obj	malloc.obj#1	_malloc	exact
0x21a417	44	__nh_malloc	LIBCMT.LIB	malloc.obj	malloc.obj#3	__nh_malloc	exact
0x21a443	78	__heap_alloc	LIBCMT.LIB	malloc.obj	malloc.obj#5	__heap_alloc	exact
0x21a491	141	_calloc	LIBCMT.LIB	calloc.obj	calloc.obj#1	_calloc	exact
0x21a5e5	27	crt_21a5e5	LIBCMT.LIB	exsup3.obj	exsup3.obj#1	__except_handler3	exact
0x21a600	243	__fdopen	LIBCMT.LIB	fdopen.obj	fdopen.obj#1	__fdopen	exact
0x21a700	123	_strlen	LIBCMT.LIB	strlen.obj	strlen.obj#1	_strlen	exact
0x21a77c	31	__EH_prolog	LIBCMT.LIB	ehprolog.obj	ehprolog.obj#1	__EH_prolog	exact
0x21a7a0	821	crt_20b033_sub01_21a7a0	LIBCMT.LIB	memcpy.obj	memcpy.obj#1	_memcpy	exact
0x21ab8c	582	_setlocale	LIBCMT.LIB	setlocal.obj	setlocal.obj#10	_setlocale	exact
0x21add2	283	crt_21ab8c_sub00_21add2	LIBCMT.LIB	setlocal.obj	setlocal.obj#13	__setlocale_set_cat	exact
0x21aeed	185	crt_lc_collate_21aeed	LIBCMT.LIB	setlocal.obj	setlocal.obj#14	__setlocale_get_all	exact
0x21afa6	280	__expandlocale	LIBCMT.LIB	setlocal.obj	setlocal.obj#17	__expandlocale	exact
0x21b0be	37	__strcats	LIBCMT.LIB	setlocal.obj	setlocal.obj#20	__strcats	exact
0x21b0e3	204	___lc_strtolc	LIBCMT.LIB	setlocal.obj	setlocal.obj#22	___lc_strtolc	exact
0x21b1af	83	___lc_lctostr	LIBCMT.LIB	setlocal.obj	setlocal.obj#24	___lc_lctostr	exact
0x21b210	88	_memset	LIBCMT.LIB	memset.obj	memset.obj#1	_memset	exact
0x21b268	41	calls_InitializeCriticalSection_21b268	LIBCMT.LIB	mlock.obj	mlock.obj#3	__mtinitlocks	exact
0x21b291	97	__lock	LIBCMT.LIB	mlock.obj	mlock.obj#7	__lock	exact
0x21b2f2	21	__unlock	LIBCMT.LIB	mlock.obj	mlock.obj#8	__unlock	exact
0x21b307	272	___crtLCMapStringA	LIBCMT.LIB	a_map.obj	a_map.obj#2	___crtLCMapStringA	exact
0x21b417	1	crt_21b417	LIBCMT.LIB	a_map.obj	a_map.obj#2	___crtLCMapStringA	exact
0x21b41b	1	crt_21b41b	LIBCMT.LIB	a_map.obj	a_map.obj#2	___crtLCMapStringA	exact
0x21b42a	161	crt_21b307_sub00_21b42a	LIBCMT.LIB	a_map.obj	a_map.obj#2	___crtLCMapStringA	exact
0x21b4cb	1	crt_21b4cb	LIBCMT.LIB	a_map.obj	a_map.obj#2	___crtLCMapStringA	exact
0x21b4cf	1	crt_21b4cf	LIBCMT.LIB	a_map.obj	a_map.obj#2	___crtLCMapStringA	exact
0x21b4dd	78	crt_21b42a_sub00_21b4dd	LIBCMT.LIB	a_map.obj	a_map.obj#2	___crtLCMapStringA	exact
0x21b52b	117	__isctype	LIBCMT.LIB	isctype.obj	isctype.obj#1	__isctype	exact
0x21b65c	47	calls_EnterCriticalSection_21b65c	LIBCMT.LIB	_file.obj	_file.obj#9	__lock_file	exact
0x21b68b	35	calls_EnterCriticalSection_21b68b	LIBCMT.LIB	_file.obj	_file.obj#11	__lock_file2	exact
0x21b6ae	47	calls_LeaveCriticalSection_21b6ae	LIBCMT.LIB	_file.obj	_file.obj#13	__unlock_file	exact
0x21b6dd	35	calls_LeaveCriticalSection_21b6dd	LIBCMT.LIB	_file.obj	_file.obj#15	__unlock_file2	exact
0x21b700	42	crt_20d6da_sub01_21b700	LIBCMT.LIB	fputwc.obj	fputwc.obj#1	_fputwc	exact
0x21b72a	249	__putwc_lk	LIBCMT.LIB	fputwc.obj	fputwc.obj#3	__putwc_lk	exact
0x21b823	42	crt_20d822_sub02_21b823	LIBCMT.LIB	ungetwc.obj	ungetwc.obj#1	_ungetwc	exact
0x21b84d	237	__ungetwc_lk	LIBCMT.LIB	ungetwc.obj	ungetwc.obj#3	__ungetwc_lk	exact
0x21b93a	35	_fgetwc	LIBCMT.LIB	fgetwc.obj	fgetwc.obj#1	_fgetwc	exact
0x21b95d	241	__getwc_lk	LIBCMT.LIB	fgetwc.obj	fgetwc.obj#3	__getwc_lk	exact
0x21ba4e	170	_strtod	LIBCMT.LIB	strtod.obj	strtod.obj#1	_strtod	exact
0x21baf8	143	__Getdays	LIBCMT.LIB	strftime.obj	strftime.obj#46	__Getdays	exact
0x21bb87	149	__Getmonths	LIBCMT.LIB	strftime.obj	strftime.obj#47	__Getmonths	exact
0x21bc1c	562	__Gettnames	LIBCMT.LIB	strftime.obj	strftime.obj#48	__Gettnames	exact
0x21be4e	250	__Strftime	LIBCMT.LIB	strftime.obj	strftime.obj#51	__Strftime	exact
0x21bf48	1007	crt_21be4e_sub00_21bf48	LIBCMT.LIB	strftime.obj	strftime.obj#52	__expandtime	exact
0x21c337	39	crt_21bf48_sub00_21c337	LIBCMT.LIB	strftime.obj	strftime.obj#53	__store_str	exact
0x21c35e	111	crt_21bf48_sub01_21c35e	LIBCMT.LIB	strftime.obj	strftime.obj#55	__store_num	exact
0x21c3cd	73	crt_21c35e_sub00_21c3cd	LIBCMT.LIB	strftime.obj	strftime.obj#56	__store_number	exact
0x21c416	719	crt_am_pm_21c416	LIBCMT.LIB	strftime.obj	strftime.obj#57	__store_winword	exact
0x21c6e5	29	_wcslen	LIBCMT.LIB	wcslen.obj	wcslen.obj#1	_wcslen	exact
0x21c702	439	___crtCompareStringA	LIBCMT.LIB	a_cmp.obj	a_cmp.obj#2	___crtCompareStringA	exact
0x21c8b9	1	crt_21c8b9	LIBCMT.LIB	a_cmp.obj	a_cmp.obj#2	___crtCompareStringA	exact
0x21c8bd	1	crt_21c8bd	LIBCMT.LIB	a_cmp.obj	a_cmp.obj#2	___crtCompareStringA	exact
0x21c8cf	89	calls_MultiByteToWideChar_21c8cf	LIBCMT.LIB	a_cmp.obj	a_cmp.obj#2	___crtCompareStringA	exact
0x21c928	1	crt_21c928	LIBCMT.LIB	a_cmp.obj	a_cmp.obj#2	___crtCompareStringA	exact
0x21c92c	1	crt_21c92c	LIBCMT.LIB	a_cmp.obj	a_cmp.obj#2	___crtCompareStringA	exact
0x21c93a	69	crt_21c8cf_sub00_21c93a	LIBCMT.LIB	a_cmp.obj	a_cmp.obj#2	___crtCompareStringA	exact
0x21c97f	43	crt_21b307_sub01_21c97f	LIBCMT.LIB	a_map.obj	a_map.obj#6	_strncnt	exact
0x21c9b0	132	_strcmp	LIBCMT.LIB	strcmp.obj	strcmp.obj#1	_strcmp	exact
0x21ca34	155	___InternalCxxFrameHandler	LIBCMT.LIB	frame.obj	frame.obj#2	___InternalCxxFrameHandler	exact
0x21cacf	435	crt_21ca34_sub00_21cacf	LIBCMT.LIB	frame.obj	frame.obj#3	?FindHandler@@YAXPAUEHExceptionRecord@@PAUEHRegistrationNode@@PAU_CONTEXT@@PAXPBU_s_FuncInfo@@EH1@Z	exact
0x21cc82	170	crt_21cacf_sub01_21cc82	LIBCMT.LIB	frame.obj	frame.obj#4	?FindHandlerForForeignException@@YAXPAUEHExceptionRecord@@PAUEHRegistrationNode@@PAU_CONTEXT@@PAXPBU_s_FuncInfo@@HH1@Z	exact
0x21cd2c	93	crt_21cacf_sub02_21cd2c	LIBCMT.LIB	frame.obj	frame.obj#5	?TypeMatch@@YAHPBU_s_HandlerType@@PBU_s_CatchableType@@PBU_s_ThrowInfo@@@Z	exact
0x21cd89	103	___FrameUnwindToState	LIBCMT.LIB	frame.obj	frame.obj#7	___FrameUnwindToState	exact
0x21cdf0	10	crt_21cdf0	LIBCMT.LIB	frame.obj	frame.obj#7	___FrameUnwindToState	exact
0x21cdfa	1	crt_21cdfa	LIBCMT.LIB	frame.obj	frame.obj#7	___FrameUnwindToState	exact
0x21ce27	22	crt_217d78_sub00_21ce27	LIBCMT.LIB	frame.obj	frame.obj#9	?FrameUnwindFilter@@YAHPAU_EXCEPTION_POINTERS@@@Z	exact
0x21ce3d	123	crt_21cacf_sub03_21ce3d	LIBCMT.LIB	frame.obj	frame.obj#11	?CatchIt@@YAXPAUEHExceptionRecord@@PAUEHRegistrationNode@@PAU_CONTEXT@@PAXPBU_s_FuncInfo@@PBU_s_HandlerType@@PBU_s_CatchableType@@PBU_s_TryBlockMapEntry@@H1E@Z	exact
0x21ceb8	165	crt_21ce3d_sub01_21ceb8	LIBCMT.LIB	frame.obj	frame.obj#12	?CallCatchBlock@@YAPAXPAUEHExceptionRecord@@PAUEHRegistrationNode@@PAU_CONTEXT@@PBU_s_FuncInfo@@PAXHK@Z	exact
0x21cf5d	10	crt_21cf5d	LIBCMT.LIB	frame.obj	frame.obj#12	?CallCatchBlock@@YAPAXPAUEHExceptionRecord@@PAUEHRegistrationNode@@PAU_CONTEXT@@PBU_s_FuncInfo@@PAXHK@Z	exact
0x21cf67	1	crt_21cf67	LIBCMT.LIB	frame.obj	frame.obj#12	?CallCatchBlock@@YAPAXPAUEHExceptionRecord@@PAUEHRegistrationNode@@PAU_CONTEXT@@PBU_s_FuncInfo@@PAXHK@Z	exact
0x21cf7f	6	crt_21cf7f	LIBCMT.LIB	frame.obj	frame.obj#12	?CallCatchBlock@@YAPAXPAUEHExceptionRecord@@PAUEHRegistrationNode@@PAU_CONTEXT@@PBU_s_FuncInfo@@PAXHK@Z	exact
0x21cf85	78	crt_21ceb8_sub01_21cf85	LIBCMT.LIB	frame.obj	frame.obj#12	?CallCatchBlock@@YAPAXPAUEHExceptionRecord@@PAUEHRegistrationNode@@PAU_CONTEXT@@PBU_s_FuncInfo@@PAXHK@Z	exact
0x21cfd3	42	crt_21cf5d_sub00_21cfd3	LIBCMT.LIB	frame.obj	frame.obj#14	?ExFilterRethrow@@YAHPAU_EXCEPTION_POINTERS@@@Z	exact
0x21cffd	440	crt_21ce3d_sub02_21cffd	LIBCMT.LIB	frame.obj	frame.obj#16	?BuildCatchObject@@YAXPAUEHExceptionRecord@@PAUEHRegistrationNode@@PBU_s_HandlerType@@PBU_s_CatchableType@@@Z	exact
0x21d1b5	1	crt_21d1b5	LIBCMT.LIB	frame.obj	frame.obj#16	?BuildCatchObject@@YAXPAUEHExceptionRecord@@PAUEHRegistrationNode@@PBU_s_HandlerType@@PBU_s_CatchableType@@@Z	exact
0x21d1b9	8	crt_21d1b9	LIBCMT.LIB	frame.obj	frame.obj#16	?BuildCatchObject@@YAXPAUEHExceptionRecord@@PAUEHRegistrationNode@@PBU_s_HandlerType@@PBU_s_CatchableType@@@Z	exact
0x21d1c1	86	?_DestructExceptionObject@@YAXPAUEHExceptionRecord@@E@Z	LIBCMT.LIB	frame.obj	frame.obj#18	?_DestructExceptionObject@@YAXPAUEHExceptionRecord@@E@Z	exact
0x21d217	1	crt_21d217	LIBCMT.LIB	frame.obj	frame.obj#18	?_DestructExceptionObject@@YAXPAUEHExceptionRecord@@E@Z	exact
0x21d220	8	crt_21d220	LIBCMT.LIB	frame.obj	frame.obj#18	?_DestructExceptionObject@@YAXPAUEHExceptionRecord@@E@Z	exact
0x21d228	35	crt_21cffd_sub02_21d228	LIBCMT.LIB	frame.obj	frame.obj#20	?AdjustPointer@@YAPAXPAXABUPMD@@@Z	exact
0x21d250	76	__CallSettingFrame@12	LIBCMT.LIB	lowhelpr.obj	lowhelpr.obj#1	__CallSettingFrame@12	exact
0x21d29c	84	__mtinit	LIBCMT.LIB	tidtable.obj	tidtable.obj#2	__mtinit	exact
0x21d2f0	19	__initptd	LIBCMT.LIB	tidtable.obj	tidtable.obj#6	__initptd	exact
0x21d303	103	__getptd	LIBCMT.LIB	tidtable.obj	tidtable.obj#8	__getptd	exact
0x21d36a	160	__freeptd	LIBCMT.LIB	tidtable.obj	tidtable.obj#10	__freeptd	exact
0x21d40a	72	?terminate@@YAXXZ	LIBCMT.LIB	hooks.obj	hooks.obj#2	?terminate@@YAXXZ	exact
0x21d452	4	crt_21d452	LIBCMT.LIB	hooks.obj	hooks.obj#2	?terminate@@YAXXZ	exact
0x21d456	1	crt_21d456	LIBCMT.LIB	hooks.obj	hooks.obj#2	?terminate@@YAXXZ	exact
0x21d45d	14	crt_21d40a_sub00_21d45d	LIBCMT.LIB	hooks.obj	hooks.obj#2	?terminate@@YAXXZ	exact
0x21d46b	61	?_inconsistency@@YAXXZ	LIBCMT.LIB	hooks.obj	hooks.obj#6	?_inconsistency@@YAXXZ	exact
0x21d4a8	1	crt_21d4a8	LIBCMT.LIB	hooks.obj	hooks.obj#6	?_inconsistency@@YAXXZ	exact
0x21d4ac	1	crt_21d4ac	LIBCMT.LIB	hooks.obj	hooks.obj#6	?_inconsistency@@YAXXZ	exact
0x21d4af	18	crt_21d46b_sub00_21d4af	LIBCMT.LIB	hooks.obj	hooks.obj#6	?_inconsistency@@YAXXZ	exact
0x21d4c1	280	__flsbuf	LIBCMT.LIB	_flsbuf.obj	_flsbuf.obj#1	__flsbuf	exact
0x21d5d9	1857	__output	LIBCMT.LIB	output.obj	output.obj#5	__output	exact
0x21dd1a	53	crt_21d5d9_sub00_21dd1a	LIBCMT.LIB	output.obj	output.obj#6	_write_char	exact
0x21dd4f	49	crt_21d5d9_sub01_21dd4f	LIBCMT.LIB	output.obj	output.obj#7	_write_multi_char	exact
0x21dd80	56	crt_21d5d9_sub02_21dd80	LIBCMT.LIB	output.obj	output.obj#9	_write_string	exact
0x21ddb8	13	crt_21d5d9_sub03_21ddb8	LIBCMT.LIB	output.obj	output.obj#11	_get_int_arg	exact
0x21ddc5	16	crt_21d5d9_sub04_21ddc5	LIBCMT.LIB	output.obj	output.obj#13	_get_int64_arg	exact
0x21ddd5	14	crt_21d5d9_sub05_21ddd5	LIBCMT.LIB	output.obj	output.obj#15	_get_short_arg	exact
0x21ddf0	7	crt_21749d_sub00_21ddf0	LIBCMT.LIB	strcat.obj	strcat.obj#1	_strcpy	exact
0x21de00	224	crt_21aeed_sub01_21de00	LIBCMT.LIB	strcat.obj	strcat.obj#1	_strcpy	exact
0x21dee0	70	?__CxxUnhandledExceptionFilter@@YGJPAU_EXCEPTION_POINTERS@@@Z	LIBCMT.LIB	unhandld.obj	unhandld.obj#3	?__CxxUnhandledExceptionFilter@@YGJPAU_EXCEPTION_POINTERS@@@Z	exact
0x21df44	69	__msize	LIBCMT.LIB	msize.obj	msize.obj#1	__msize	exact
0x21df89	18	__setdefaultprecision	LIBCMT.LIB	fp8.obj	fp8.obj#1	__setdefaultprecision	exact
0x21df9b	62	__ms_p5_test_fdiv	LIBCMT.LIB	testfdiv.obj	testfdiv.obj#1	__ms_p5_test_fdiv	exact
0x21dfd9	41	__ms_p5_mp_test_fdiv	LIBCMT.LIB	testfdiv.obj	testfdiv.obj#5	__ms_p5_mp_test_fdiv	exact
0x21e002	90	__forcdecpt	LIBCMT.LIB	cvt.obj	cvt.obj#1	__forcdecpt	exact
0x21e0c2	62	__fassign	LIBCMT.LIB	cvt.obj	cvt.obj#8	__fassign	exact
0x21e100	97	__cftoe	LIBCMT.LIB	cvt.obj	cvt.obj#9	__cftoe	exact
0x21e161	194	crt_e_000_21e161	LIBCMT.LIB	cvt.obj	cvt.obj#10	__cftoe2	exact
0x21e223	85	__cftof	LIBCMT.LIB	cvt.obj	cvt.obj#12	__cftof	exact
0x21e278	167	crt_21e223_sub00_21e278	LIBCMT.LIB	cvt.obj	cvt.obj#13	__cftof2	exact
0x21e31f	147	__cftog	LIBCMT.LIB	cvt.obj	cvt.obj#14	__cftog	exact
0x21e3b2	81	__cfltcvt	LIBCMT.LIB	cvt.obj	cvt.obj#15	__cfltcvt	exact
0x21e403	37	crt_21e161_sub00_21e403	LIBCMT.LIB	cvt.obj	cvt.obj#16	__shift	exact
0x21e430	103	__trandisp1	LIBCMT.LIB	87disp.obj	87disp.obj#1	__trandisp1	exact
0x21e497	140	__trandisp2	LIBCMT.LIB	87disp.obj	87disp.obj#1	__trandisp1	exact
0x21e5f3	7	crt_21e5f3	LIBCMT.LIB	87disp.obj	87disp.obj#1	__trandisp1	exact
0x21e600	23	__startTwoArgErrorHandling	LIBCMT.LIB	genexcep.obj	genexcep.obj#1	__startTwoArgErrorHandling	exact
0x21e617	60	__startOneArgErrorHandling	LIBCMT.LIB	genexcep.obj	genexcep.obj#1	__startTwoArgErrorHandling	exact
0x21e675	23	crt_217b9d_sub01_21e675	LIBCMT.LIB	common.obj	common.obj#1	__twoToTOS	exact
0x21e68c	25	crt_217b9d_sub02_21e68c	LIBCMT.LIB	common.obj	common.obj#1	__twoToTOS	exact
0x21e6a5	67	__fload_withFB	LIBCMT.LIB	common.obj	common.obj#1	__twoToTOS	exact
0x21e6e8	22	crt_217b80_sub01_21e6e8	LIBCMT.LIB	common.obj	common.obj#1	__twoToTOS	exact
0x21e70b	42	__math_exit	LIBCMT.LIB	common.obj	common.obj#1	__twoToTOS	exact
0x21e830	62	__cintrindisp2	LIBCMT.LIB	87cdisp.obj	87cdisp.obj#1	__cintrindisp2	exact
0x21e86e	61	__cintrindisp1	LIBCMT.LIB	87cdisp.obj	87cdisp.obj#1	__cintrindisp2	exact
0x21e8ab	72	__ctrandisp2	LIBCMT.LIB	87cdisp.obj	87cdisp.obj#1	__cintrindisp2	exact
0x21e8f3	7	crt_21e8ab_sub00_21e8f3	LIBCMT.LIB	87cdisp.obj	87cdisp.obj#1	__cintrindisp2	exact
0x21e8fa	305	crt_21e830_sub01_21e8fa	LIBCMT.LIB	87cdisp.obj	87cdisp.obj#1	__cintrindisp2	exact
0x21ea2b	51	__ctrandisp1	LIBCMT.LIB	87cdisp.obj	87cdisp.obj#1	__cintrindisp2	exact
0x21ea5e	60	__fload	LIBCMT.LIB	87cdisp.obj	87cdisp.obj#1	__cintrindisp2	exact
0x21f2a6	518	crt_21f4ac_sub00_21f2a6	LIBCMT.LIB	adj_fdiv.obj	adj_fdiv.obj#1	_fdiv_main_routine	exact
0x21f4ac	178	crt_21f4ac	LIBCMT.LIB	adj_fdiv.obj	adj_fdiv.obj#1	_fdiv_main_routine	exact
0x21f82b	84	__handle_qnan1	LIBCMT.LIB	fpexcept.obj	fpexcept.obj#29	__handle_qnan1	exact
0x21f87f	152	__except1	LIBCMT.LIB	fpexcept.obj	fpexcept.obj#31	__except1	exact
0x21f917	691	__raise_exc	LIBCMT.LIB	fpexcept.obj	fpexcept.obj#33	__raise_exc	exact
0x21fbca	535	__handle_exc	LIBCMT.LIB	fpexcept.obj	fpexcept.obj#34	__handle_exc	exact
0x21fde1	136	__umatherr	LIBCMT.LIB	fpexcept.obj	fpexcept.obj#36	__umatherr	exact
0x21fe69	40	__set_errno	LIBCMT.LIB	fpexcept.obj	fpexcept.obj#37	__set_errno	exact
0x21fe91	37	crt_21fde1_sub00_21fe91	LIBCMT.LIB	fpexcept.obj	fpexcept.obj#39	__get_fname	exact
0x21feb6	45	__errcode	LIBCMT.LIB	fpexcept.obj	fpexcept.obj#41	__errcode	exact
0x21fee3	41	__set_exp	LIBCMT.LIB	util.obj	util.obj#2	__set_exp	exact
0x21ff0c	90	__sptype	LIBCMT.LIB	util.obj	util.obj#8	__sptype	exact
0x21ff66	193	__decomp	LIBCMT.LIB	util.obj	util.obj#9	__decomp	exact
0x220027	14	__statfp	LIBCMT.LIB	fpctrl.obj	fpctrl.obj#2	__statfp	exact
0x220035	15	__clrfp	LIBCMT.LIB	fpctrl.obj	fpctrl.obj#3	__clrfp	exact
0x220044	35	__ctrlfp	LIBCMT.LIB	fpctrl.obj	fpctrl.obj#4	__ctrlfp	exact
0x220067	86	__set_statfp	LIBCMT.LIB	fpctrl.obj	fpctrl.obj#5	__set_statfp	exact
0x2200bd	194	___loctotime_t	LIBCMT.LIB	dtoxtime.obj	dtoxtime.obj#1	___loctotime_t	exact
0x22017f	101	__write	LIBCMT.LIB	write.obj	write.obj#1	__write	exact
0x2201e4	395	__write_lk	LIBCMT.LIB	write.obj	write.obj#3	__write_lk	exact
0x22036f	220	__filbuf	LIBCMT.LIB	_filbuf.obj	_filbuf.obj#1	__filbuf	exact
0x22044b	68	__getbuf	LIBCMT.LIB	_getbuf.obj	_getbuf.obj#1	__getbuf	exact
0x22048f	40	__ftelli64	LIBCMT.LIB	ftelli64.obj	ftelli64.obj#1	__ftelli64	exact
0x2204b7	400	__ftelli64_lk	LIBCMT.LIB	ftelli64.obj	ftelli64.obj#3	__ftelli64_lk	exact
0x220647	47	__fseeki64	LIBCMT.LIB	fseeki64.obj	fseeki64.obj#1	__fseeki64	exact
0x220676	145	__fseeki64_lk	LIBCMT.LIB	fseeki64.obj	fseeki64.obj#2	__fseeki64_lk	exact
0x220707	43	__freebuf	LIBCMT.LIB	_freebuf.obj	_freebuf.obj#1	__freebuf	exact
0x220732	147	__commit	LIBCMT.LIB	commit.obj	commit.obj#1	__commit	exact
0x2207c5	18	__frnd	LIBCMT.LIB	frnd.obj	frnd.obj#1	__frnd	exact
0x2207d7	127	__fltin2	LIBCMT.LIB	cfin.obj	cfin.obj#1	__fltin2	exact
0x220856	444	__ioinit	LIBCMT.LIB	ioinit.obj	ioinit.obj#2	__ioinit	exact
0x220a12	368	__openfile	LIBCMT.LIB	_open.obj	_open.obj#1	__openfile	exact
0x220b82	200	__getstream	LIBCMT.LIB	stream.obj	stream.obj#1	__getstream	exact
0x220c4a	141	__stbuf	LIBCMT.LIB	_sftbuf.obj	_sftbuf.obj#2	__stbuf	exact
0x220cd7	42	__ftbuf	LIBCMT.LIB	_sftbuf.obj	_sftbuf.obj#4	__ftbuf	exact
0x220d01	101	__read	LIBCMT.LIB	read.obj	read.obj#1	__read	exact
0x220d66	473	__read_lk	LIBCMT.LIB	read.obj	read.obj#3	__read_lk	exact
0x220f3f	27	__callnewh	LIBCMT.LIB	handler.obj	handler.obj#6	__callnewh	exact
0x220f5a	60	__heap_init	LIBCMT.LIB	heapinit.obj	heapinit.obj#2	__heap_init	exact
0x220f96	62	___sbh_heap_init	LIBCMT.LIB	sbheap.obj	sbheap.obj#6	___sbh_heap_init	exact
0x220fd4	43	___sbh_find_block	LIBCMT.LIB	sbheap.obj	sbheap.obj#8	___sbh_find_block	exact
0x220fff	811	___sbh_free_block	LIBCMT.LIB	sbheap.obj	sbheap.obj#10	___sbh_free_block	exact
0x22132a	777	___sbh_alloc_block	LIBCMT.LIB	sbheap.obj	sbheap.obj#11	___sbh_alloc_block	exact
0x221633	177	___sbh_alloc_new_region	LIBCMT.LIB	sbheap.obj	sbheap.obj#12	___sbh_alloc_new_region	exact
0x2216e4	251	___sbh_alloc_new_group	LIBCMT.LIB	sbheap.obj	sbheap.obj#14	___sbh_alloc_new_group	exact
0x2217df	758	___sbh_resize_block	LIBCMT.LIB	sbheap.obj	sbheap.obj#15	___sbh_resize_block	exact
0x221ad5	291	__alloc_osfhnd	LIBCMT.LIB	osfinfo.obj	osfinfo.obj#1	__alloc_osfhnd	exact
0x221bf8	124	__set_osfhnd	LIBCMT.LIB	osfinfo.obj	osfinfo.obj#3	__set_osfhnd	exact
0x221c74	127	__free_osfhnd	LIBCMT.LIB	osfinfo.obj	osfinfo.obj#5	__free_osfhnd	exact
0x221cf3	66	__get_osfhandle	LIBCMT.LIB	osfinfo.obj	osfinfo.obj#7	__get_osfhandle	exact
0x221d35	95	__lock_fhandle	LIBCMT.LIB	osfinfo.obj	osfinfo.obj#10	__lock_fhandle	exact
0x221d94	34	__unlock_fhandle	LIBCMT.LIB	osfinfo.obj	osfinfo.obj#12	__unlock_fhandle	exact
0x221db6	123	__mbctoupper	LIBCMT.LIB	mbtoupr.obj	mbtoupr.obj#1	__mbctoupper	exact
0x221e50	188	crt_226ff1_sub00_221e50	LIBCMT.LIB	strchr.obj	strchr.obj#1	_strchr	exact
0x221f0c	293	__chsize_lk	LIBCMT.LIB	chsize.obj	chsize.obj#3	__chsize_lk	exact
0x222031	318	__XcptFilter	LIBCMT.LIB	winxfltr.obj	winxfltr.obj#2	__XcptFilter	exact
0x22216f	58	crt_222031_sub00_22216f	LIBCMT.LIB	winxfltr.obj	winxfltr.obj#3	_xcptlookup	exact
0x22221c	9	crt_22221c	LIBCMT.LIB	87triga.obj	87triga.obj#1	__fFATN2	exact
0x222252	88	__wincmdln	LIBCMT.LIB	wincmdln.obj	wincmdln.obj#1	__wincmdln	exact
0x2222aa	185	__setenvp	LIBCMT.LIB	stdenvp.obj	stdenvp.obj#1	__setenvp	exact
0x222363	153	__setargv	LIBCMT.LIB	stdargv.obj	stdargv.obj#1	__setargv	exact
0x2223fc	436	crt_222363_sub00_2223fc	LIBCMT.LIB	stdargv.obj	stdargv.obj#3	_parse_cmdline	exact
0x2225b0	306	___crtGetEnvironmentStringsA	LIBCMT.LIB	a_env.obj	a_env.obj#2	___crtGetEnvironmentStringsA	exact
0x2226e2	57	__FF_MSGBANNER	LIBCMT.LIB	crt0msg.obj	crt0msg.obj#21	__FF_MSGBANNER	exact
0x22271b	339	__NMSG_WRITE	LIBCMT.LIB	crt0msg.obj	crt0msg.obj#23	__NMSG_WRITE	exact
0x2228ff	846	crt_2228ff	LIBCMT.LIB	inittime.obj	inittime.obj#4	__get_lc_time	exact
0x222c4d	400	crt_222c4d	LIBCMT.LIB	inittime.obj	inittime.obj#5	__free_lc_time	exact
0x222fb2	55	crt_2230b4_sub00_222fb2	LIBCMT.LIB	initnum.obj	initnum.obj#5	_fix_grouping	exact
0x2230b4	290	crt_2230b4	LIBCMT.LIB	initmon.obj	initmon.obj#4	__get_lc_lconv	exact
0x2231d6	78	crt_2231d6	LIBCMT.LIB	initmon.obj	initmon.obj#8	__free_lc_lconv	exact
0x223224	581	___init_ctype	LIBCMT.LIB	initctyp.obj	initctyp.obj#2	___init_ctype	exact
0x223470	56	_strncmp	LIBCMT.LIB	strncmp.obj	strncmp.obj#1	_strncmp	exact
0x2234b0	58	_strpbrk	LIBCMT.LIB	strpbrk.obj	strpbrk.obj#1	_strpbrk	exact
0x2234ea	381	___get_qualified_locale	LIBCMT.LIB	getqloc.obj	getqloc.obj#127	___get_qualified_locale	exact
0x223667	88	crt_2234ea_sub00_223667	LIBCMT.LIB	getqloc.obj	getqloc.obj#129	_TranslateName	exact
0x2236bf	135	calls_EnumSystemLocalesA_2236bf	LIBCMT.LIB	getqloc.obj	getqloc.obj#130	_GetLcidFromLangCountry	exact
0x223746	516	crt_2236bf_sub00_223746	LIBCMT.LIB	getqloc.obj	getqloc.obj#132	_LangCountryEnumProc@4	exact
0x22394a	86	calls_EnumSystemLocalesA_22394a	LIBCMT.LIB	getqloc.obj	getqloc.obj#133	_GetLcidFromLanguage	exact
0x2239a0	189	crt_22394a_sub00_2239a0	LIBCMT.LIB	getqloc.obj	getqloc.obj#135	_LanguageEnumProc@4	exact
0x223a5d	55	calls_EnumSystemLocalesA_223a5d	LIBCMT.LIB	getqloc.obj	getqloc.obj#136	_GetLcidFromCountry	exact
0x223a94	134	crt_223a5d_sub00_223a94	LIBCMT.LIB	getqloc.obj	getqloc.obj#138	_CountryEnumProc@4	exact
0x223b1a	26	calls_GetUserDefaultLCID_223b1a	LIBCMT.LIB	getqloc.obj	getqloc.obj#139	_GetLcidFromDefault	exact
0x223b34	102	crt_2234ea_sub05_223b34	LIBCMT.LIB	getqloc.obj	getqloc.obj#141	_ProcessCodePage	exact
0x223b9a	31	crt_223746_sub00_223b9a	LIBCMT.LIB	getqloc.obj	getqloc.obj#144	_TestDefaultCountry	exact
0x223bb9	98	crt_223746_sub01_223bb9	LIBCMT.LIB	getqloc.obj	getqloc.obj#146	_TestDefaultLanguage	exact
0x223c1b	54	calls_GetVersionExA_223c1b	LIBCMT.LIB	getqloc.obj	getqloc.obj#147	_IsThisWindowsNT	exact
0x223c51	230	calls_GetLocaleInfoA_223c51	LIBCMT.LIB	getqloc.obj	getqloc.obj#148	_crtGetLocaleInfoA@16	exact
0x223d37	57	crt_223746_sub02_223d37	LIBCMT.LIB	getqloc.obj	getqloc.obj#149	_LcidFromHexString	exact
0x223d70	33	crt_2236bf_sub01_223d70	LIBCMT.LIB	getqloc.obj	getqloc.obj#151	_GetPrimaryLen	exact
0x223d91	249	___crtGetStringTypeA	LIBCMT.LIB	a_str.obj	a_str.obj#2	___crtGetStringTypeA	exact
0x223e8a	1	crt_223e8a	LIBCMT.LIB	a_str.obj	a_str.obj#2	___crtGetStringTypeA	exact
0x223e8e	1	crt_223e8e	LIBCMT.LIB	a_str.obj	a_str.obj#2	___crtGetStringTypeA	exact
0x223e95	69	crt_223d91_sub00_223e95	LIBCMT.LIB	a_str.obj	a_str.obj#2	___crtGetStringTypeA	exact
0x223f5b	295	__flswbuf	LIBCMT.LIB	_flswbuf.obj	_flswbuf.obj#1	__flswbuf	exact
0x224082	89	_wctomb	LIBCMT.LIB	wctomb.obj	wctomb.obj#1	_wctomb	exact
0x2240db	105	__wctomb_lk	LIBCMT.LIB	wctomb.obj	wctomb.obj#2	__wctomb_lk	exact
0x224144	231	__filwbuf	LIBCMT.LIB	_filwbuf.obj	_filwbuf.obj#1	__filwbuf	exact
0x22422b	93	crt_21b95d_sub01_22422b	LIBCMT.LIB	mbtowc.obj	mbtowc.obj#1	_mbtowc	exact
0x224288	201	__mbtowc_lk	LIBCMT.LIB	mbtowc.obj	mbtowc.obj#2	__mbtowc_lk	exact
0x224354	46	___tzset	LIBCMT.LIB	tzset.obj	tzset.obj#3	___tzset	exact
0x224382	647	crt_224354_sub00_224382	LIBCMT.LIB	tzset.obj	tzset.obj#7	__tzset_lk	exact
0x224609	33	__isindst	LIBCMT.LIB	tzset.obj	tzset.obj#9	__isindst	exact
0x22462a	428	crt_224609_sub00_22462a	LIBCMT.LIB	tzset.obj	tzset.obj#11	__isindst_lk	exact
0x2247d6	320	crt_22462a_sub00_2247d6	LIBCMT.LIB	tzset.obj	tzset.obj#13	_cvtdate	exact
0x224916	28	calls_IsBadReadPtr_224916	LIBCMT.LIB	validate.obj	validate.obj#1	?_ValidateRead@@YAHPBXI@Z	exact
0x224932	28	calls_IsBadWritePtr_224932	LIBCMT.LIB	validate.obj	validate.obj#3	?_ValidateWrite@@YAHPAXI@Z	exact
0x22494e	24	?_ValidateExecute@@YAHP6GHXZ@Z	LIBCMT.LIB	validate.obj	validate.obj#5	?_ValidateExecute@@YAHP6GHXZ@Z	exact
0x224966	23	_abort	LIBCMT.LIB	abort.obj	abort.obj#1	_abort	exact
0x22497d	41	__isatty	LIBCMT.LIB	isatty.obj	isatty.obj#1	__isatty	exact
0x2249b0	104	__aulldiv	LIBCMT.LIB	ulldiv.obj	ulldiv.obj#1	__aulldiv	exact
0x224a20	117	__aullrem	LIBCMT.LIB	ullrem.obj	ullrem.obj#1	__aullrem	exact
0x224a95	53	__control87	LIBCMT.LIB	ieee87.obj	ieee87.obj#3	__control87	exact
0x224aca	22	__controlfp	LIBCMT.LIB	ieee87.obj	ieee87.obj#4	__controlfp	exact
0x224ae0	146	crt_224a95_sub00_224ae0	LIBCMT.LIB	ieee87.obj	ieee87.obj#8	__abstract_cw	exact
0x224b72	137	crt_224a95_sub01_224b72	LIBCMT.LIB	ieee87.obj	ieee87.obj#10	__hw_cw	exact
0x224bfb	73	__ZeroTail	LIBCMT.LIB	intrncvt.obj	intrncvt.obj#2	__ZeroTail	exact
0x224c44	86	__IncMan	LIBCMT.LIB	intrncvt.obj	intrncvt.obj#4	__IncMan	exact
0x224c9a	140	__RoundMan	LIBCMT.LIB	intrncvt.obj	intrncvt.obj#6	__RoundMan	exact
0x224d26	27	__CopyMan	LIBCMT.LIB	intrncvt.obj	intrncvt.obj#7	__CopyMan	exact
0x224d41	12	__FillZeroMan	LIBCMT.LIB	intrncvt.obj	intrncvt.obj#9	__FillZeroMan	exact
0x224d4d	27	__IsZeroMan	LIBCMT.LIB	intrncvt.obj	intrncvt.obj#11	__IsZeroMan	exact
0x224d68	141	__ShrMan	LIBCMT.LIB	intrncvt.obj	intrncvt.obj#13	__ShrMan	exact
0x224df5	364	__ld12cvt	LIBCMT.LIB	intrncvt.obj	intrncvt.obj#14	__ld12cvt	exact
0x224f61	22	crt_2207d7_sub00_224f61	LIBCMT.LIB	intrncvt.obj	intrncvt.obj#15	__ld12tod	exact
0x224f77	22	crt_224fba_sub00_224f77	LIBCMT.LIB	intrncvt.obj	intrncvt.obj#17	__ld12tof	exact
0x224f8d	45	crt_21e0c2_sub00_224f8d	LIBCMT.LIB	intrncvt.obj	intrncvt.obj#20	__atodbl	exact
0x224fba	45	crt_21e0c2_sub01_224fba	LIBCMT.LIB	intrncvt.obj	intrncvt.obj#22	__atoflt	exact
0x224fe7	119	__fptostr	LIBCMT.LIB	_fptostr.obj	_fptostr.obj#1	__fptostr	exact
0x22505e	92	__fltout2	LIBCMT.LIB	cfout.obj	cfout.obj#1	__fltout2	exact
0x2250ba	182	___dtold	LIBCMT.LIB	cfout.obj	cfout.obj#2	___dtold	exact
0x225170	9	crt_21d5d9_sub08_225170	LIBCMT.LIB	crt0fp.obj	crt0fp.obj#1	__fptrap	exact
0x225179	208	__87except	LIBCMT.LIB	87except.obj	87except.obj#1	__87except	exact
0x225249	3	crt_21fde1_sub01_225249	LIBCMT.LIB	setlocal.obj	setlocal.obj#18	___init_dummy	exact
0x22524c	113	__lseeki64	LIBCMT.LIB	lseeki64.obj	lseeki64.obj#1	__lseeki64	exact
0x2252bd	133	__lseeki64_lk	LIBCMT.LIB	lseeki64.obj	lseeki64.obj#3	__lseeki64_lk	exact
0x225342	1233	___strgtold12	LIBCMT.LIB	strgtold.obj	strgtold.obj#1	___strgtold12	exact
0x225813	429	__setmbcp	LIBCMT.LIB	mbctype.obj	mbctype.obj#3	__setmbcp	exact
0x2259c0	74	crt_225813_sub00_2259c0	LIBCMT.LIB	mbctype.obj	mbctype.obj#5	_getSystemCP	exact
0x225a0a	51	crt_225813_sub01_225a0a	LIBCMT.LIB	mbctype.obj	mbctype.obj#7	_CPtoLCID	exact
0x225a3d	41	crt_225813_sub02_225a3d	LIBCMT.LIB	mbctype.obj	mbctype.obj#9	_setSBCS	exact
0x225a66	389	calls_GetCPInfo_225a66	LIBCMT.LIB	mbctype.obj	mbctype.obj#11	_setSBUpLow	exact
0x225beb	28	___initmbctable	LIBCMT.LIB	mbctype.obj	mbctype.obj#14	___initmbctable	exact
0x225c07	97	__setmode_lk	LIBCMT.LIB	setmode.obj	setmode.obj#3	__setmode_lk	exact
0x225c68	17	__ismbblead	LIBCMT.LIB	ismbbyte.obj	ismbbyte.obj#17	__ismbblead	exact
0x225c79	49	crt_225c68_sub00_225c79	LIBCMT.LIB	ismbbyte.obj	ismbbyte.obj#23	_x_ismbbtype	exact
0x225caa	137	___crtMessageBoxA	LIBCMT.LIB	crtmbox.obj	crtmbox.obj#2	___crtMessageBoxA	exact
0x225d33	312	___getlocaleinfo	LIBCMT.LIB	inithelp.obj	inithelp.obj#1	___getlocaleinfo	exact
0x225e6b	236	___crtGetStringTypeW	LIBCMT.LIB	w_str.obj	w_str.obj#2	___crtGetStringTypeW	exact
0x225f57	1	crt_225f57	LIBCMT.LIB	w_str.obj	w_str.obj#2	___crtGetStringTypeW	exact
0x225f5b	1	crt_225f5b	LIBCMT.LIB	w_str.obj	w_str.obj#2	___crtGetStringTypeW	exact
0x225f6a	74	calls_WideCharToMultiByte_225f6a	LIBCMT.LIB	w_str.obj	w_str.obj#2	___crtGetStringTypeW	exact
0x225fb4	1	crt_225fb4	LIBCMT.LIB	w_str.obj	w_str.obj#2	___crtGetStringTypeW	exact
0x225fb8	1	crt_225fb8	LIBCMT.LIB	w_str.obj	w_str.obj#2	___crtGetStringTypeW	exact
0x225fbf	113	calls_GetStringTypeA_225fbf	LIBCMT.LIB	w_str.obj	w_str.obj#2	___crtGetStringTypeW	exact
0x226030	45	__itoa	LIBCMT.LIB	xtoa.obj	xtoa.obj#1	__itoa	exact
0x22605d	92	crt_226030_sub00_22605d	LIBCMT.LIB	xtoa.obj	xtoa.obj#2	_xtoa	exact
0x2260c0	257	__strnicmp	LIBCMT.LIB	strnicmp.obj	strnicmp.obj#1	__strnicmp	exact
0x2261c1	125	__getenv_lk	LIBCMT.LIB	getenv.obj	getenv.obj#3	__getenv_lk	exact
0x22623e	386	_raise	LIBCMT.LIB	winsig.obj	winsig.obj#5	_raise	exact
0x2263c0	61	crt_22623e_sub00_2263c0	LIBCMT.LIB	winsig.obj	winsig.obj#6	_siglookup	exact
0x2263fd	33	___addl	LIBCMT.LIB	mantold.obj	mantold.obj#1	___addl	exact
0x22641e	94	___add_12	LIBCMT.LIB	mantold.obj	mantold.obj#3	___add_12	exact
0x22647c	46	___shl_12	LIBCMT.LIB	mantold.obj	mantold.obj#5	___shl_12	exact
0x2264aa	45	___shr_12	LIBCMT.LIB	mantold.obj	mantold.obj#7	___shr_12	exact
0x2264d7	199	___mtold12	LIBCMT.LIB	mantold.obj	mantold.obj#9	___mtold12	exact
0x22659e	659	_$I10_OUTPUT	LIBCMT.LIB	x10fout.obj	x10fout.obj#1	_$I10_OUTPUT	exact
0x226831	544	___ld12mul	LIBCMT.LIB	tenpow.obj	tenpow.obj#1	___ld12mul	exact
0x226a51	124	___multtenpow12	LIBCMT.LIB	tenpow.obj	tenpow.obj#2	___multtenpow12	exact
0x226acd	185	___crtGetLocaleInfoW	LIBCMT.LIB	w_loc.obj	w_loc.obj#2	___crtGetLocaleInfoW	exact
0x226b86	1	crt_226b86	LIBCMT.LIB	w_loc.obj	w_loc.obj#2	___crtGetLocaleInfoW	exact
0x226b8a	1	crt_226b8a	LIBCMT.LIB	w_loc.obj	w_loc.obj#2	___crtGetLocaleInfoW	exact
0x226b91	79	crt_226acd_sub00_226b91	LIBCMT.LIB	w_loc.obj	w_loc.obj#2	___crtGetLocaleInfoW	exact
0x226be0	191	___crtGetLocaleInfoA	LIBCMT.LIB	a_loc.obj	a_loc.obj#2	___crtGetLocaleInfoA	exact
0x226c9f	1	crt_226c9f	LIBCMT.LIB	a_loc.obj	a_loc.obj#2	___crtGetLocaleInfoA	exact
0x226ca3	1	crt_226ca3	LIBCMT.LIB	a_loc.obj	a_loc.obj#2	___crtGetLocaleInfoA	exact
0x226caa	84	crt_226be0_sub00_226caa	LIBCMT.LIB	a_loc.obj	a_loc.obj#2	___crtGetLocaleInfoA	exact
0x226cfe	63	__mbsnbicoll	LIBCMT.LIB	mbsnbico.obj	mbsnbico.obj#1	__mbsnbicoll	exact
0x226d3d	110	___wtomb_environ	LIBCMT.LIB	wtombenv.obj	wtombenv.obj#1	___wtomb_environ	exact
0x226dab	391	___crtsetenv	LIBCMT.LIB	setenv.obj	setenv.obj#1	___crtsetenv	exact
0x226f32	88	crt_226dab_sub00_226f32	LIBCMT.LIB	setenv.obj	setenv.obj#2	_findenv	exact
0x226f8a	103	crt_226dab_sub01_226f8a	LIBCMT.LIB	setenv.obj	setenv.obj#4	_copy_environ	exact
0x226ff1	151	__mbschr	LIBCMT.LIB	mbschr.obj	mbschr.obj#1	__mbschr	exact
0x227088	43	crt_226f8a_sub00_227088	LIBCMT.LIB	strdup.obj	strdup.obj#1	__strdup	exact
0x2270c0	6	crt_216f22_sub00_2270c0	KERNEL32.LIB	-	KERNEL32.LIB:import-thunk	_RtlUnwind@16	exact
0x2270d0	48	__strrev	LIBCMT.LIB	strrev.obj	strrev.obj#1	__strrev	exact
0x227100	308	__strupr	LIBCMT.LIB	strupr.obj	strupr.obj#1	__strupr	exact
