# Reviewed game-source exclusions, keyed by exact DC source identity.
# Compiler-generated and external-library exclusions live in dc_only_generated.tsv.
file	function	line	reason
soundmgr.h	soundManager::service_sounds	140	WinCE no-op: dc 0xe6ef4 is a four-byte rts/nop attributed to SoundMgr.h:140. This positively locates the CE stub, not the nonempty Windows Miles implementation. Complete's retained helper and source-visibility inference are documented beside soundManager::serviceSounds in src/soundmgr.cpp.
h3/dc_precompiledheaders.cpp	ShowCursor	11	Dreamcast h3/DC_precompiledheaders.cpp platform shim; Complete uses Windows/CRT or the original external library implementation.
h3/dc_precompiledheaders.cpp	ClientToScreen	21	Dreamcast h3/DC_precompiledheaders.cpp platform shim; Complete uses Windows/CRT or the original external library implementation.
h3/dc_precompiledheaders.cpp	DSetCursorPos	30	Dreamcast h3/DC_precompiledheaders.cpp platform shim; Complete uses Windows/CRT or the original external library implementation.
h3/dc_precompiledheaders.cpp	GetCursorPos	43	Dreamcast h3/DC_precompiledheaders.cpp platform shim; Complete uses Windows/CRT or the original external library implementation.
h3/dc_precompiledheaders.cpp	ScreenToClient	62	Dreamcast h3/DC_precompiledheaders.cpp platform shim; Complete uses Windows/CRT or the original external library implementation.
h3/dc_precompiledheaders.cpp	IsIconic	71	Dreamcast h3/DC_precompiledheaders.cpp platform shim; Complete uses Windows/CRT or the original external library implementation.
h3/dc_precompiledheaders.cpp	stricmp	78	Dreamcast h3/DC_precompiledheaders.cpp platform shim; Complete uses Windows/CRT or the original external library implementation.
h3/dc_precompiledheaders.cpp	isalpha	101	Dreamcast h3/DC_precompiledheaders.cpp platform shim; Complete uses Windows/CRT or the original external library implementation.
h3/dc_precompiledheaders.cpp	strupr	108	Dreamcast h3/DC_precompiledheaders.cpp platform shim; Complete uses Windows/CRT or the original external library implementation.
h3/dc_precompiledheaders.cpp	endthread	115	Dreamcast h3/DC_precompiledheaders.cpp platform shim; Complete uses Windows/CRT or the original external library implementation.
h3/dc_precompiledheaders.cpp	beginthread	121	Dreamcast h3/DC_precompiledheaders.cpp platform shim; Complete uses Windows/CRT or the original external library implementation.
h3/dc_precompiledheaders.cpp	chdir	134	Dreamcast h3/DC_precompiledheaders.cpp platform shim; Complete uses Windows/CRT or the original external library implementation.
h3/dc_precompiledheaders.cpp	_open	141	Dreamcast h3/DC_precompiledheaders.cpp platform shim; Complete uses Windows/CRT or the original external library implementation.
h3/dc_precompiledheaders.cpp	open	146	Dreamcast h3/DC_precompiledheaders.cpp platform shim; Complete uses Windows/CRT or the original external library implementation.
h3/dc_precompiledheaders.cpp	_close	152	Dreamcast h3/DC_precompiledheaders.cpp platform shim; Complete uses Windows/CRT or the original external library implementation.
h3/dc_precompiledheaders.cpp	_endthreadex	158	Dreamcast h3/DC_precompiledheaders.cpp platform shim; Complete uses Windows/CRT or the original external library implementation.
h3/dc_precompiledheaders.cpp	_beginthreadex	164	Dreamcast h3/DC_precompiledheaders.cpp platform shim; Complete uses Windows/CRT or the original external library implementation.
h3/dc_precompiledheaders.cpp	strnicmp	171	Dreamcast h3/DC_precompiledheaders.cpp platform shim; Complete uses Windows/CRT or the original external library implementation.
h3/dc_precompiledheaders.cpp	strrev	194	Dreamcast h3/DC_precompiledheaders.cpp platform shim; Complete uses Windows/CRT or the original external library implementation.
h3/dc_precompiledheaders.cpp	_fullpath	210	Dreamcast h3/DC_precompiledheaders.cpp platform shim; Complete uses Windows/CRT or the original external library implementation.
h3/dc_precompiledheaders.cpp	strrchr	225	Dreamcast h3/DC_precompiledheaders.cpp platform shim; Complete uses Windows/CRT or the original external library implementation.
h3/dc_precompiledheaders.cpp	read	230	Dreamcast h3/DC_precompiledheaders.cpp platform shim; Complete uses Windows/CRT or the original external library implementation.
h3/dc_precompiledheaders.cpp	_write	235	Dreamcast h3/DC_precompiledheaders.cpp platform shim; Complete uses Windows/CRT or the original external library implementation.
h3/dc_precompiledheaders.cpp	getcwd	240	Dreamcast h3/DC_precompiledheaders.cpp platform shim; Complete uses Windows/CRT or the original external library implementation.
h3/dc_precompiledheaders.cpp	DCfopen	359	Dreamcast h3/DC_precompiledheaders.cpp platform shim; Complete uses Windows/CRT or the original external library implementation.
h3/dc_precompiledheaders.cpp	DCfclose	395	Dreamcast h3/DC_precompiledheaders.cpp platform shim; Complete uses Windows/CRT or the original external library implementation.
h3/dc_precompiledheaders.cpp	DCfseek	407	Dreamcast h3/DC_precompiledheaders.cpp platform shim; Complete uses Windows/CRT or the original external library implementation.
h3/dc_precompiledheaders.cpp	DCftell	412	Dreamcast h3/DC_precompiledheaders.cpp platform shim; Complete uses Windows/CRT or the original external library implementation.
h3/dc_precompiledheaders.cpp	DCfread	417	Dreamcast h3/DC_precompiledheaders.cpp platform shim; Complete uses Windows/CRT or the original external library implementation.
h3/dc_precompiledheaders.cpp	itoa	451	Dreamcast h3/DC_precompiledheaders.cpp platform shim; Complete uses Windows/CRT or the original external library implementation.
h3/dc_precompiledheaders.cpp	dreamprintf	456	Dreamcast h3/DC_precompiledheaders.cpp platform shim; Complete uses Windows/CRT or the original external library implementation.
h3/dc_precompiledheaders.cpp	gzrewind@4	472	Dreamcast h3/DC_precompiledheaders.cpp platform shim; Complete uses Windows/CRT or the original external library implementation.
h3/dc_precompiledheaders.cpp	gzwrite@12	499	Dreamcast h3/DC_precompiledheaders.cpp platform shim; Complete uses Windows/CRT or the original external library implementation.
h3/dc_precompiledheaders.cpp	crc32@12	531	Dreamcast h3/DC_precompiledheaders.cpp platform shim; Complete uses Windows/CRT or the original external library implementation.
h3/dc_precompiledheaders.cpp	pcxinfo	539	Dreamcast h3/DC_precompiledheaders.cpp platform shim; Complete uses Windows/CRT or the original external library implementation.
h3/dc_precompiledheaders.cpp	allocimage	544	Dreamcast h3/DC_precompiledheaders.cpp platform shim; Complete uses Windows/CRT or the original external library implementation.
h3/dc_precompiledheaders.cpp	loadpcx	550	Dreamcast h3/DC_precompiledheaders.cpp platform shim; Complete uses Windows/CRT or the original external library implementation.
h3/dc_precompiledheaders.cpp	freeimage	556	Dreamcast h3/DC_precompiledheaders.cpp platform shim; Complete uses Windows/CRT or the original external library implementation.
h3/dc_precompiledheaders.cpp	flipimage	560	Dreamcast h3/DC_precompiledheaders.cpp platform shim; Complete uses Windows/CRT or the original external library implementation.
h3/dc_precompiledheaders.cpp	savepcx	565	Dreamcast h3/DC_precompiledheaders.cpp platform shim; Complete uses Windows/CRT or the original external library implementation.
h3/dc_precompiledheaders.cpp	BinkDDSurfaceType	571	Dreamcast h3/DC_precompiledheaders.cpp platform shim; Complete uses Windows/CRT or the original external library implementation.
h3/dc_precompiledheaders.cpp	SmackToBuffer	576	Dreamcast h3/DC_precompiledheaders.cpp platform shim; Complete uses Windows/CRT or the original external library implementation.
h3/dc_precompiledheaders.cpp	SmackToBufferRect	581	Dreamcast h3/DC_precompiledheaders.cpp platform shim; Complete uses Windows/CRT or the original external library implementation.
h3/dc_precompiledheaders.cpp	BinkGetRects	586	Dreamcast h3/DC_precompiledheaders.cpp platform shim; Complete uses Windows/CRT or the original external library implementation.
h3/dc_precompiledheaders.cpp	SmackOpen	591	Dreamcast h3/DC_precompiledheaders.cpp platform shim; Complete uses Windows/CRT or the original external library implementation.
h3/dc_precompiledheaders.cpp	SmackUseMMX	596	Dreamcast h3/DC_precompiledheaders.cpp platform shim; Complete uses Windows/CRT or the original external library implementation.
h3/dc_precompiledheaders.cpp	SmackVolumePan	601	Dreamcast h3/DC_precompiledheaders.cpp platform shim; Complete uses Windows/CRT or the original external library implementation.
h3/dc_precompiledheaders.cpp	SmackDoFrame	605	Dreamcast h3/DC_precompiledheaders.cpp platform shim; Complete uses Windows/CRT or the original external library implementation.
h3/dc_precompiledheaders.cpp	SmackGoto	610	Dreamcast h3/DC_precompiledheaders.cpp platform shim; Complete uses Windows/CRT or the original external library implementation.
h3/dc_precompiledheaders.cpp	SmackNextFrame	614	Dreamcast h3/DC_precompiledheaders.cpp platform shim; Complete uses Windows/CRT or the original external library implementation.
h3/dc_precompiledheaders.cpp	SmackWait	618	Dreamcast h3/DC_precompiledheaders.cpp platform shim; Complete uses Windows/CRT or the original external library implementation.
h3/dc_precompiledheaders.cpp	SmackClose	623	Dreamcast h3/DC_precompiledheaders.cpp platform shim; Complete uses Windows/CRT or the original external library implementation.
h3/dc_precompiledheaders.cpp	BinkPause	627	Dreamcast h3/DC_precompiledheaders.cpp platform shim; Complete uses Windows/CRT or the original external library implementation.
h3/dc_precompiledheaders.cpp	BinkSetSoundSystem	708	Dreamcast h3/DC_precompiledheaders.cpp platform shim; Complete uses Windows/CRT or the original external library implementation.
h3/dc_precompiledheaders.cpp	BinkOpenMiles	713	Dreamcast h3/DC_precompiledheaders.cpp platform shim; Complete uses Windows/CRT or the original external library implementation.
h3/dc_precompiledheaders.cpp	SmackSoundUseMSS	719	Dreamcast h3/DC_precompiledheaders.cpp platform shim; Complete uses Windows/CRT or the original external library implementation.
h3/ds_engine.cpp	PlaySample	34	Platform backend: WinCE/DirectSound implementation in h3/ds_engine.cpp. Complete uses the Miles/AIL backend in src/soundmgr.cpp (Open 0x5997d0 and its AIL import calls); src/ds_engine.cpp documents the exhausted retail link-order bracket. No corresponding authored Windows driver body.
h3/ds_engine.cpp	PlayStream	138	Platform backend: WinCE/DirectSound implementation in h3/ds_engine.cpp. Complete uses the Miles/AIL backend in src/soundmgr.cpp (Open 0x5997d0 and its AIL import calls); src/ds_engine.cpp documents the exhausted retail link-order bracket. No corresponding authored Windows driver body.
h3/ds_engine.cpp	dsound::InitDS	283	Platform backend: WinCE/DirectSound implementation in h3/ds_engine.cpp. Complete uses the Miles/AIL backend in src/soundmgr.cpp (Open 0x5997d0 and its AIL import calls); src/ds_engine.cpp documents the exhausted retail link-order bracket. No corresponding authored Windows driver body.
h3/ds_engine.cpp	dsound::InitWin	292	Platform backend: WinCE/DirectSound implementation in h3/ds_engine.cpp. Complete uses the Miles/AIL backend in src/soundmgr.cpp (Open 0x5997d0 and its AIL import calls); src/ds_engine.cpp documents the exhausted retail link-order bracket. No corresponding authored Windows driver body.
h3/ds_engine.cpp	dsound::ReleaseDS	304	Platform backend: WinCE/DirectSound implementation in h3/ds_engine.cpp. Complete uses the Miles/AIL backend in src/soundmgr.cpp (Open 0x5997d0 and its AIL import calls); src/ds_engine.cpp documents the exhausted retail link-order bracket. No corresponding authored Windows driver body.
h3/ds_engine.cpp	wavfile::wavfile	316	Platform backend: WinCE/DirectSound implementation in h3/ds_engine.cpp. Complete uses the Miles/AIL backend in src/soundmgr.cpp (Open 0x5997d0 and its AIL import calls); src/ds_engine.cpp documents the exhausted retail link-order bracket. No corresponding authored Windows driver body.
h3/ds_engine.cpp	wavfile::~wavfile	321	Platform backend: WinCE/DirectSound implementation in h3/ds_engine.cpp. Complete uses the Miles/AIL backend in src/soundmgr.cpp (Open 0x5997d0 and its AIL import calls); src/ds_engine.cpp documents the exhausted retail link-order bracket. No corresponding authored Windows driver body.
h3/ds_engine.cpp	wavfile::Close	326	Platform backend: WinCE/DirectSound implementation in h3/ds_engine.cpp. Complete uses the Miles/AIL backend in src/soundmgr.cpp (Open 0x5997d0 and its AIL import calls); src/ds_engine.cpp documents the exhausted retail link-order bracket. No corresponding authored Windows driver body.
h3/ds_engine.cpp	wavfile::wavfile	335	Platform backend: WinCE/DirectSound implementation in h3/ds_engine.cpp. Complete uses the Miles/AIL backend in src/soundmgr.cpp (Open 0x5997d0 and its AIL import calls); src/ds_engine.cpp documents the exhausted retail link-order bracket. No corresponding authored Windows driver body.
h3/ds_engine.cpp	wavfile::Reset	341	Platform backend: WinCE/DirectSound implementation in h3/ds_engine.cpp. Complete uses the Miles/AIL backend in src/soundmgr.cpp (Open 0x5997d0 and its AIL import calls); src/ds_engine.cpp documents the exhausted retail link-order bracket. No corresponding authored Windows driver body.
h3/ds_engine.cpp	wavfile::GetName	352	Platform backend: WinCE/DirectSound implementation in h3/ds_engine.cpp. Complete uses the Miles/AIL backend in src/soundmgr.cpp (Open 0x5997d0 and its AIL import calls); src/ds_engine.cpp documents the exhausted retail link-order bracket. No corresponding authored Windows driver body.
h3/ds_engine.cpp	wavfile::Open	357	Platform backend: WinCE/DirectSound implementation in h3/ds_engine.cpp. Complete uses the Miles/AIL backend in src/soundmgr.cpp (Open 0x5997d0 and its AIL import calls); src/ds_engine.cpp documents the exhausted retail link-order bracket. No corresponding authored Windows driver body.
h3/ds_engine.cpp	wavfile::OpenFile	366	Platform backend: WinCE/DirectSound implementation in h3/ds_engine.cpp. Complete uses the Miles/AIL backend in src/soundmgr.cpp (Open 0x5997d0 and its AIL import calls); src/ds_engine.cpp documents the exhausted retail link-order bracket. No corresponding authored Windows driver body.
h3/ds_engine.cpp	wavfile::OpenOffset	384	Platform backend: WinCE/DirectSound implementation in h3/ds_engine.cpp. Complete uses the Miles/AIL backend in src/soundmgr.cpp (Open 0x5997d0 and its AIL import calls); src/ds_engine.cpp documents the exhausted retail link-order bracket. No corresponding authored Windows driver body.
h3/ds_engine.cpp	wavfile::FileOffset	469	Platform backend: WinCE/DirectSound implementation in h3/ds_engine.cpp. Complete uses the Miles/AIL backend in src/soundmgr.cpp (Open 0x5997d0 and its AIL import calls); src/ds_engine.cpp documents the exhausted retail link-order bracket. No corresponding authored Windows driver body.
h3/ds_engine.cpp	wavfile::CopyData	474	Platform backend: WinCE/DirectSound implementation in h3/ds_engine.cpp. Complete uses the Miles/AIL backend in src/soundmgr.cpp (Open 0x5997d0 and its AIL import calls); src/ds_engine.cpp documents the exhausted retail link-order bracket. No corresponding authored Windows driver body.
h3/ds_engine.cpp	wavfile::Format	507	Platform backend: WinCE/DirectSound implementation in h3/ds_engine.cpp. Complete uses the Miles/AIL backend in src/soundmgr.cpp (Open 0x5997d0 and its AIL import calls); src/ds_engine.cpp documents the exhausted retail link-order bracket. No corresponding authored Windows driver body.
h3/ds_engine.cpp	wavfile::Length	512	Platform backend: WinCE/DirectSound implementation in h3/ds_engine.cpp. Complete uses the Miles/AIL backend in src/soundmgr.cpp (Open 0x5997d0 and its AIL import calls); src/ds_engine.cpp documents the exhausted retail link-order bracket. No corresponding authored Windows driver body.
h3/ds_engine.cpp	wavfile::Valid	517	Platform backend: WinCE/DirectSound implementation in h3/ds_engine.cpp. Complete uses the Miles/AIL backend in src/soundmgr.cpp (Open 0x5997d0 and its AIL import calls); src/ds_engine.cpp documents the exhausted retail link-order bracket. No corresponding authored Windows driver body.
h3/ds_engine.cpp	ds_genericsample::CreateSoundBuffer	523	Platform backend: WinCE/DirectSound implementation in h3/ds_engine.cpp. Complete uses the Miles/AIL backend in src/soundmgr.cpp (Open 0x5997d0 and its AIL import calls); src/ds_engine.cpp documents the exhausted retail link-order bracket. No corresponding authored Windows driver body.
h3/ds_engine.cpp	ds_genericsample::ds_genericsample	564	Platform backend: WinCE/DirectSound implementation in h3/ds_engine.cpp. Complete uses the Miles/AIL backend in src/soundmgr.cpp (Open 0x5997d0 and its AIL import calls); src/ds_engine.cpp documents the exhausted retail link-order bracket. No corresponding authored Windows driver body.
h3/ds_engine.cpp	ds_genericsample::GetName	573	Platform backend: WinCE/DirectSound implementation in h3/ds_engine.cpp. Complete uses the Miles/AIL backend in src/soundmgr.cpp (Open 0x5997d0 and its AIL import calls); src/ds_engine.cpp documents the exhausted retail link-order bracket. No corresponding authored Windows driver body.
h3/ds_engine.cpp	ds_genericsample::SetName	578	Platform backend: WinCE/DirectSound implementation in h3/ds_engine.cpp. Complete uses the Miles/AIL backend in src/soundmgr.cpp (Open 0x5997d0 and its AIL import calls); src/ds_engine.cpp documents the exhausted retail link-order bracket. No corresponding authored Windows driver body.
h3/ds_engine.cpp	ds_genericsample::ds_genericsample	584	Platform backend: WinCE/DirectSound implementation in h3/ds_engine.cpp. Complete uses the Miles/AIL backend in src/soundmgr.cpp (Open 0x5997d0 and its AIL import calls); src/ds_engine.cpp documents the exhausted retail link-order bracket. No corresponding authored Windows driver body.
h3/ds_engine.cpp	ds_genericsample::ds_genericsample	613	Platform backend: WinCE/DirectSound implementation in h3/ds_engine.cpp. Complete uses the Miles/AIL backend in src/soundmgr.cpp (Open 0x5997d0 and its AIL import calls); src/ds_engine.cpp documents the exhausted retail link-order bracket. No corresponding authored Windows driver body.
h3/ds_engine.cpp	ds_genericsample::~ds_genericsample	633	Platform backend: WinCE/DirectSound implementation in h3/ds_engine.cpp. Complete uses the Miles/AIL backend in src/soundmgr.cpp (Open 0x5997d0 and its AIL import calls); src/ds_engine.cpp documents the exhausted retail link-order bracket. No corresponding authored Windows driver body.
h3/ds_engine.cpp	ds_genericsample::IsClone	652	Platform backend: WinCE/DirectSound implementation in h3/ds_engine.cpp. Complete uses the Miles/AIL backend in src/soundmgr.cpp (Open 0x5997d0 and its AIL import calls); src/ds_engine.cpp documents the exhausted retail link-order bracket. No corresponding authored Windows driver body.
h3/ds_engine.cpp	ds_genericsample::Silence	657	Platform backend: WinCE/DirectSound implementation in h3/ds_engine.cpp. Complete uses the Miles/AIL backend in src/soundmgr.cpp (Open 0x5997d0 and its AIL import calls); src/ds_engine.cpp documents the exhausted retail link-order bracket. No corresponding authored Windows driver body.
h3/ds_engine.cpp	ds_genericsample::SetData	685	Platform backend: WinCE/DirectSound implementation in h3/ds_engine.cpp. Complete uses the Miles/AIL backend in src/soundmgr.cpp (Open 0x5997d0 and its AIL import calls); src/ds_engine.cpp documents the exhausted retail link-order bracket. No corresponding authored Windows driver body.
h3/ds_engine.cpp	ds_genericsample::SetData	724	Platform backend: WinCE/DirectSound implementation in h3/ds_engine.cpp. Complete uses the Miles/AIL backend in src/soundmgr.cpp (Open 0x5997d0 and its AIL import calls); src/ds_engine.cpp documents the exhausted retail link-order bracket. No corresponding authored Windows driver body.
h3/ds_engine.cpp	ds_genericsample::Init	752	Platform backend: WinCE/DirectSound implementation in h3/ds_engine.cpp. Complete uses the Miles/AIL backend in src/soundmgr.cpp (Open 0x5997d0 and its AIL import calls); src/ds_engine.cpp documents the exhausted retail link-order bracket. No corresponding authored Windows driver body.
h3/ds_engine.cpp	ds_genericsample::SetupSoundBuffer	785	Platform backend: WinCE/DirectSound implementation in h3/ds_engine.cpp. Complete uses the Miles/AIL backend in src/soundmgr.cpp (Open 0x5997d0 and its AIL import calls); src/ds_engine.cpp documents the exhausted retail link-order bracket. No corresponding authored Windows driver body.
h3/ds_engine.cpp	ds_genericsample::RemoveSoundBuffer	813	Platform backend: WinCE/DirectSound implementation in h3/ds_engine.cpp. Complete uses the Miles/AIL backend in src/soundmgr.cpp (Open 0x5997d0 and its AIL import calls); src/ds_engine.cpp documents the exhausted retail link-order bracket. No corresponding authored Windows driver body.
h3/ds_engine.cpp	ds_genericsample::ThreadStart	824	Platform backend: WinCE/DirectSound implementation in h3/ds_engine.cpp. Complete uses the Miles/AIL backend in src/soundmgr.cpp (Open 0x5997d0 and its AIL import calls); src/ds_engine.cpp documents the exhausted retail link-order bracket. No corresponding authored Windows driver body.
h3/ds_engine.cpp	ds_genericsample::ThreadEnd	833	Platform backend: WinCE/DirectSound implementation in h3/ds_engine.cpp. Complete uses the Miles/AIL backend in src/soundmgr.cpp (Open 0x5997d0 and its AIL import calls); src/ds_engine.cpp documents the exhausted retail link-order bracket. No corresponding authored Windows driver body.
h3/ds_engine.cpp	ds_genericsample::SetVolume	850	Platform backend: WinCE/DirectSound implementation in h3/ds_engine.cpp. Complete uses the Miles/AIL backend in src/soundmgr.cpp (Open 0x5997d0 and its AIL import calls); src/ds_engine.cpp documents the exhausted retail link-order bracket. No corresponding authored Windows driver body.
h3/ds_engine.cpp	ds_genericsample::GetVolume	864	Platform backend: WinCE/DirectSound implementation in h3/ds_engine.cpp. Complete uses the Miles/AIL backend in src/soundmgr.cpp (Open 0x5997d0 and its AIL import calls); src/ds_engine.cpp documents the exhausted retail link-order bracket. No corresponding authored Windows driver body.
h3/ds_engine.cpp	ds_genericsample::PlayWait	869	Platform backend: WinCE/DirectSound implementation in h3/ds_engine.cpp. Complete uses the Miles/AIL backend in src/soundmgr.cpp (Open 0x5997d0 and its AIL import calls); src/ds_engine.cpp documents the exhausted retail link-order bracket. No corresponding authored Windows driver body.
h3/ds_engine.cpp	ds_genericsample::Wait	885	Platform backend: WinCE/DirectSound implementation in h3/ds_engine.cpp. Complete uses the Miles/AIL backend in src/soundmgr.cpp (Open 0x5997d0 and its AIL import calls); src/ds_engine.cpp documents the exhausted retail link-order bracket. No corresponding authored Windows driver body.
h3/ds_engine.cpp	ds_memsample::Play	893	Platform backend: WinCE/DirectSound implementation in h3/ds_engine.cpp. Complete uses the Miles/AIL backend in src/soundmgr.cpp (Open 0x5997d0 and its AIL import calls); src/ds_engine.cpp documents the exhausted retail link-order bracket. No corresponding authored Windows driver body.
h3/ds_engine.cpp	ds_genericsample::Pause	961	Platform backend: WinCE/DirectSound implementation in h3/ds_engine.cpp. Complete uses the Miles/AIL backend in src/soundmgr.cpp (Open 0x5997d0 and its AIL import calls); src/ds_engine.cpp documents the exhausted retail link-order bracket. No corresponding authored Windows driver body.
h3/ds_engine.cpp	ds_genericsample::Stop	977	Platform backend: WinCE/DirectSound implementation in h3/ds_engine.cpp. Complete uses the Miles/AIL backend in src/soundmgr.cpp (Open 0x5997d0 and its AIL import calls); src/ds_engine.cpp documents the exhausted retail link-order bracket. No corresponding authored Windows driver body.
h3/ds_engine.cpp	ds_genericsample::Playing	1003	Platform backend: WinCE/DirectSound implementation in h3/ds_engine.cpp. Complete uses the Miles/AIL backend in src/soundmgr.cpp (Open 0x5997d0 and its AIL import calls); src/ds_engine.cpp documents the exhausted retail link-order bracket. No corresponding authored Windows driver body.
h3/ds_engine.cpp	ds_genericsample::Paused	1008	Platform backend: WinCE/DirectSound implementation in h3/ds_engine.cpp. Complete uses the Miles/AIL backend in src/soundmgr.cpp (Open 0x5997d0 and its AIL import calls); src/ds_engine.cpp documents the exhausted retail link-order bracket. No corresponding authored Windows driver body.
h3/ds_engine.cpp	ds_memsample::ds_memsample	1013	Platform backend: WinCE/DirectSound implementation in h3/ds_engine.cpp. Complete uses the Miles/AIL backend in src/soundmgr.cpp (Open 0x5997d0 and its AIL import calls); src/ds_engine.cpp documents the exhausted retail link-order bracket. No corresponding authored Windows driver body.
h3/ds_engine.cpp	ds_memsample::ds_memsample	1018	Platform backend: WinCE/DirectSound implementation in h3/ds_engine.cpp. Complete uses the Miles/AIL backend in src/soundmgr.cpp (Open 0x5997d0 and its AIL import calls); src/ds_engine.cpp documents the exhausted retail link-order bracket. No corresponding authored Windows driver body.
h3/ds_engine.cpp	ds_streamsample::ds_streamsample	1023	Platform backend: WinCE/DirectSound implementation in h3/ds_engine.cpp. Complete uses the Miles/AIL backend in src/soundmgr.cpp (Open 0x5997d0 and its AIL import calls); src/ds_engine.cpp documents the exhausted retail link-order bracket. No corresponding authored Windows driver body.
h3/ds_engine.cpp	ds_streamsample::Play	1031	Platform backend: WinCE/DirectSound implementation in h3/ds_engine.cpp. Complete uses the Miles/AIL backend in src/soundmgr.cpp (Open 0x5997d0 and its AIL import calls); src/ds_engine.cpp documents the exhausted retail link-order bracket. No corresponding authored Windows driver body.
h3/ds_engine.cpp	ds_streamsample::SetupNotifications	1077	Platform backend: WinCE/DirectSound implementation in h3/ds_engine.cpp. Complete uses the Miles/AIL backend in src/soundmgr.cpp (Open 0x5997d0 and its AIL import calls); src/ds_engine.cpp documents the exhausted retail link-order bracket. No corresponding authored Windows driver body.
h3/ds_engine.cpp	ds_streamsample::SetupPlayback	1100	Platform backend: WinCE/DirectSound implementation in h3/ds_engine.cpp. Complete uses the Miles/AIL backend in src/soundmgr.cpp (Open 0x5997d0 and its AIL import calls); src/ds_engine.cpp documents the exhausted retail link-order bracket. No corresponding authored Windows driver body.
h3/ds_engine.cpp	ds_engine::ds_engine	1116	Platform backend: WinCE/DirectSound implementation in h3/ds_engine.cpp. Complete uses the Miles/AIL backend in src/soundmgr.cpp (Open 0x5997d0 and its AIL import calls); src/ds_engine.cpp documents the exhausted retail link-order bracket. No corresponding authored Windows driver body.
h3/ds_engine.cpp	ds_engine::~ds_engine	1125	Platform backend: WinCE/DirectSound implementation in h3/ds_engine.cpp. Complete uses the Miles/AIL backend in src/soundmgr.cpp (Open 0x5997d0 and its AIL import calls); src/ds_engine.cpp documents the exhausted retail link-order bracket. No corresponding authored Windows driver body.
h3/ds_engine.cpp	ds_engine::Init	1138	Platform backend: WinCE/DirectSound implementation in h3/ds_engine.cpp. Complete uses the Miles/AIL backend in src/soundmgr.cpp (Open 0x5997d0 and its AIL import calls); src/ds_engine.cpp documents the exhausted retail link-order bracket. No corresponding authored Windows driver body.
h3/ds_engine.cpp	ds_engine::LoadIndex	1144	Platform backend: WinCE/DirectSound implementation in h3/ds_engine.cpp. Complete uses the Miles/AIL backend in src/soundmgr.cpp (Open 0x5997d0 and its AIL import calls); src/ds_engine.cpp documents the exhausted retail link-order bracket. No corresponding authored Windows driver body.
h3/ds_engine.cpp	ds_engine::LoadPlaySample	1195	Platform backend: WinCE/DirectSound implementation in h3/ds_engine.cpp. Complete uses the Miles/AIL backend in src/soundmgr.cpp (Open 0x5997d0 and its AIL import calls); src/ds_engine.cpp documents the exhausted retail link-order bracket. No corresponding authored Windows driver body.
h3/ds_engine.cpp	ds_engine::PlaySample	1224	Platform backend: WinCE/DirectSound implementation in h3/ds_engine.cpp. Complete uses the Miles/AIL backend in src/soundmgr.cpp (Open 0x5997d0 and its AIL import calls); src/ds_engine.cpp documents the exhausted retail link-order bracket. No corresponding authored Windows driver body.
h3/ds_engine.cpp	ds_engine::CountChannels	1230	Platform backend: WinCE/DirectSound implementation in h3/ds_engine.cpp. Complete uses the Miles/AIL backend in src/soundmgr.cpp (Open 0x5997d0 and its AIL import calls); src/ds_engine.cpp documents the exhausted retail link-order bracket. No corresponding authored Windows driver body.
h3/ds_engine.cpp	ds_engine::ClearChannel	1235	Platform backend: WinCE/DirectSound implementation in h3/ds_engine.cpp. Complete uses the Miles/AIL backend in src/soundmgr.cpp (Open 0x5997d0 and its AIL import calls); src/ds_engine.cpp documents the exhausted retail link-order bracket. No corresponding authored Windows driver body.
h3/ds_engine.cpp	ds_engine::ClearChannels	1255	Platform backend: WinCE/DirectSound implementation in h3/ds_engine.cpp. Complete uses the Miles/AIL backend in src/soundmgr.cpp (Open 0x5997d0 and its AIL import calls); src/ds_engine.cpp documents the exhausted retail link-order bracket. No corresponding authored Windows driver body.
h3/ds_engine.cpp	ds_engine::ChannelFree	1263	Platform backend: WinCE/DirectSound implementation in h3/ds_engine.cpp. Complete uses the Miles/AIL backend in src/soundmgr.cpp (Open 0x5997d0 and its AIL import calls); src/ds_engine.cpp documents the exhausted retail link-order bracket. No corresponding authored Windows driver body.
h3/ds_engine.cpp	ds_engine::PlaySample	1283	Platform backend: WinCE/DirectSound implementation in h3/ds_engine.cpp. Complete uses the Miles/AIL backend in src/soundmgr.cpp (Open 0x5997d0 and its AIL import calls); src/ds_engine.cpp documents the exhausted retail link-order bracket. No corresponding authored Windows driver body.
h3/ds_engine.cpp	ds_engine::ClearCache	1311	Platform backend: WinCE/DirectSound implementation in h3/ds_engine.cpp. Complete uses the Miles/AIL backend in src/soundmgr.cpp (Open 0x5997d0 and its AIL import calls); src/ds_engine.cpp documents the exhausted retail link-order bracket. No corresponding authored Windows driver body.
h3/ds_engine.cpp	ds_engine::ClearTrash	1317	Platform backend: WinCE/DirectSound implementation in h3/ds_engine.cpp. Complete uses the Miles/AIL backend in src/soundmgr.cpp (Open 0x5997d0 and its AIL import calls); src/ds_engine.cpp documents the exhausted retail link-order bracket. No corresponding authored Windows driver body.
h3/ds_engine.cpp	ds_engine::GetSample	1338	Platform backend: WinCE/DirectSound implementation in h3/ds_engine.cpp. Complete uses the Miles/AIL backend in src/soundmgr.cpp (Open 0x5997d0 and its AIL import calls); src/ds_engine.cpp documents the exhausted retail link-order bracket. No corresponding authored Windows driver body.
h3/ds_engine.cpp	ds_engine::CacheSample	1356	Platform backend: WinCE/DirectSound implementation in h3/ds_engine.cpp. Complete uses the Miles/AIL backend in src/soundmgr.cpp (Open 0x5997d0 and its AIL import calls); src/ds_engine.cpp documents the exhausted retail link-order bracket. No corresponding authored Windows driver body.
h3/ds_engine.cpp	ds_engine::CacheRemove	1387	Platform backend: WinCE/DirectSound implementation in h3/ds_engine.cpp. Complete uses the Miles/AIL backend in src/soundmgr.cpp (Open 0x5997d0 and its AIL import calls); src/ds_engine.cpp documents the exhausted retail link-order bracket. No corresponding authored Windows driver body.
h3/ds_engine.cpp	ds_engine::SetSampleVolume	1401	Platform backend: WinCE/DirectSound implementation in h3/ds_engine.cpp. Complete uses the Miles/AIL backend in src/soundmgr.cpp (Open 0x5997d0 and its AIL import calls); src/ds_engine.cpp documents the exhausted retail link-order bracket. No corresponding authored Windows driver body.
h3/ds_engine.cpp	ds_engine::SetStreamVolume	1408	Platform backend: WinCE/DirectSound implementation in h3/ds_engine.cpp. Complete uses the Miles/AIL backend in src/soundmgr.cpp (Open 0x5997d0 and its AIL import calls); src/ds_engine.cpp documents the exhausted retail link-order bracket. No corresponding authored Windows driver body.
h3/ds_engine.cpp	ds_engine::PlayStream	1417	Platform backend: WinCE/DirectSound implementation in h3/ds_engine.cpp. Complete uses the Miles/AIL backend in src/soundmgr.cpp (Open 0x5997d0 and its AIL import calls); src/ds_engine.cpp documents the exhausted retail link-order bracket. No corresponding authored Windows driver body.
h3/ds_engine.cpp	ds_engine::StopStream	1498	Platform backend: WinCE/DirectSound implementation in h3/ds_engine.cpp. Complete uses the Miles/AIL backend in src/soundmgr.cpp (Open 0x5997d0 and its AIL import calls); src/ds_engine.cpp documents the exhausted retail link-order bracket. No corresponding authored Windows driver body.
h3/ds_engine.cpp	ds_engine::PauseStream	1517	Platform backend: WinCE/DirectSound implementation in h3/ds_engine.cpp. Complete uses the Miles/AIL backend in src/soundmgr.cpp (Open 0x5997d0 and its AIL import calls); src/ds_engine.cpp documents the exhausted retail link-order bracket. No corresponding authored Windows driver body.
h3/ds_engine.cpp	ds_engine::StreamIsPlaying	1526	Platform backend: WinCE/DirectSound implementation in h3/ds_engine.cpp. Complete uses the Miles/AIL backend in src/soundmgr.cpp (Open 0x5997d0 and its AIL import calls); src/ds_engine.cpp documents the exhausted retail link-order bracket. No corresponding authored Windows driver body.
h3/ds_engine.cpp	ds_engine::SetupChannels	1535	Platform backend: WinCE/DirectSound implementation in h3/ds_engine.cpp. Complete uses the Miles/AIL backend in src/soundmgr.cpp (Open 0x5997d0 and its AIL import calls); src/ds_engine.cpp documents the exhausted retail link-order bracket. No corresponding authored Windows driver body.
h3/ds_engine.cpp	ds_engine::Channel	1544	Platform backend: WinCE/DirectSound implementation in h3/ds_engine.cpp. Complete uses the Miles/AIL backend in src/soundmgr.cpp (Open 0x5997d0 and its AIL import calls); src/ds_engine.cpp documents the exhausted retail link-order bracket. No corresponding authored Windows driver body.
h3/ds_engine.cpp	ds_engine::SetChannelIndex	1551	Platform backend: WinCE/DirectSound implementation in h3/ds_engine.cpp. Complete uses the Miles/AIL backend in src/soundmgr.cpp (Open 0x5997d0 and its AIL import calls); src/ds_engine.cpp documents the exhausted retail link-order bracket. No corresponding authored Windows driver body.
h3/ds_engine.cpp	ds_engine::GetChannelIndex	1563	Platform backend: WinCE/DirectSound implementation in h3/ds_engine.cpp. Complete uses the Miles/AIL backend in src/soundmgr.cpp (Open 0x5997d0 and its AIL import calls); src/ds_engine.cpp documents the exhausted retail link-order bracket. No corresponding authored Windows driver body.
h3/ds_engine.cpp	ds_engine::StopAll	1568	Platform backend: WinCE/DirectSound implementation in h3/ds_engine.cpp. Complete uses the Miles/AIL backend in src/soundmgr.cpp (Open 0x5997d0 and its AIL import calls); src/ds_engine.cpp documents the exhausted retail link-order bracket. No corresponding authored Windows driver body.
h3/ds_engine.cpp	ds_engine::GetDS	1607	Platform backend: WinCE/DirectSound implementation in h3/ds_engine.cpp. Complete uses the Miles/AIL backend in src/soundmgr.cpp (Open 0x5997d0 and its AIL import calls); src/ds_engine.cpp documents the exhausted retail link-order bracket. No corresponding authored Windows driver body.
h3/ds_engine.cpp	ds_memsample::~ds_memsample	1612	Platform backend: WinCE/DirectSound implementation in h3/ds_engine.cpp. Complete uses the Miles/AIL backend in src/soundmgr.cpp (Open 0x5997d0 and its AIL import calls); src/ds_engine.cpp documents the exhausted retail link-order bracket. No corresponding authored Windows driver body.
h3/ds_engine.cpp	ds_streamsample::~ds_streamsample	1621	Platform backend: WinCE/DirectSound implementation in h3/ds_engine.cpp. Complete uses the Miles/AIL backend in src/soundmgr.cpp (Open 0x5997d0 and its AIL import calls); src/ds_engine.cpp documents the exhausted retail link-order bracket. No corresponding authored Windows driver body.
h3/ds_engine.cpp	node<ds_memsample>::node<ds_memsample>	1634	Platform backend: WinCE/DirectSound implementation in h3/ds_engine.cpp. Complete uses the Miles/AIL backend in src/soundmgr.cpp (Open 0x5997d0 and its AIL import calls); src/ds_engine.cpp documents the exhausted retail link-order bracket. No corresponding authored Windows driver body.
h3/ds_engine.cpp	node<unsigned long>::node<unsigned long>	1634	Platform backend: WinCE/DirectSound implementation in h3/ds_engine.cpp. Complete uses the Miles/AIL backend in src/soundmgr.cpp (Open 0x5997d0 and its AIL import calls); src/ds_engine.cpp documents the exhausted retail link-order bracket. No corresponding authored Windows driver body.
h3/ds_engine.cpp	tree<ds_memsample>::GetItem	1654	Platform backend: WinCE/DirectSound implementation in h3/ds_engine.cpp. Complete uses the Miles/AIL backend in src/soundmgr.cpp (Open 0x5997d0 and its AIL import calls); src/ds_engine.cpp documents the exhausted retail link-order bracket. No corresponding authored Windows driver body.
h3/ds_engine.cpp	tree<unsigned long>::GetItem	1654	Platform backend: WinCE/DirectSound implementation in h3/ds_engine.cpp. Complete uses the Miles/AIL backend in src/soundmgr.cpp (Open 0x5997d0 and its AIL import calls); src/ds_engine.cpp documents the exhausted retail link-order bracket. No corresponding authored Windows driver body.
h3/ds_engine.cpp	tree<ds_genericsample>::tree<ds_genericsample>	1670	Platform backend: WinCE/DirectSound implementation in h3/ds_engine.cpp. Complete uses the Miles/AIL backend in src/soundmgr.cpp (Open 0x5997d0 and its AIL import calls); src/ds_engine.cpp documents the exhausted retail link-order bracket. No corresponding authored Windows driver body.
h3/ds_engine.cpp	tree<ds_memsample>::tree<ds_memsample>	1670	Platform backend: WinCE/DirectSound implementation in h3/ds_engine.cpp. Complete uses the Miles/AIL backend in src/soundmgr.cpp (Open 0x5997d0 and its AIL import calls); src/ds_engine.cpp documents the exhausted retail link-order bracket. No corresponding authored Windows driver body.
h3/ds_engine.cpp	tree<unsigned long>::tree<unsigned long>	1670	Platform backend: WinCE/DirectSound implementation in h3/ds_engine.cpp. Complete uses the Miles/AIL backend in src/soundmgr.cpp (Open 0x5997d0 and its AIL import calls); src/ds_engine.cpp documents the exhausted retail link-order bracket. No corresponding authored Windows driver body.
h3/ds_engine.cpp	tree<ds_genericsample>::~tree<ds_genericsample>	1677	Platform backend: WinCE/DirectSound implementation in h3/ds_engine.cpp. Complete uses the Miles/AIL backend in src/soundmgr.cpp (Open 0x5997d0 and its AIL import calls); src/ds_engine.cpp documents the exhausted retail link-order bracket. No corresponding authored Windows driver body.
h3/ds_engine.cpp	tree<ds_memsample>::~tree<ds_memsample>	1677	Platform backend: WinCE/DirectSound implementation in h3/ds_engine.cpp. Complete uses the Miles/AIL backend in src/soundmgr.cpp (Open 0x5997d0 and its AIL import calls); src/ds_engine.cpp documents the exhausted retail link-order bracket. No corresponding authored Windows driver body.
h3/ds_engine.cpp	tree<unsigned long>::~tree<unsigned long>	1677	Platform backend: WinCE/DirectSound implementation in h3/ds_engine.cpp. Complete uses the Miles/AIL backend in src/soundmgr.cpp (Open 0x5997d0 and its AIL import calls); src/ds_engine.cpp documents the exhausted retail link-order bracket. No corresponding authored Windows driver body.
h3/ds_engine.cpp	tree<ds_memsample>::GetNode	1683	Platform backend: WinCE/DirectSound implementation in h3/ds_engine.cpp. Complete uses the Miles/AIL backend in src/soundmgr.cpp (Open 0x5997d0 and its AIL import calls); src/ds_engine.cpp documents the exhausted retail link-order bracket. No corresponding authored Windows driver body.
h3/ds_engine.cpp	tree<ds_memsample>::GetIndex	1701	Platform backend: WinCE/DirectSound implementation in h3/ds_engine.cpp. Complete uses the Miles/AIL backend in src/soundmgr.cpp (Open 0x5997d0 and its AIL import calls); src/ds_engine.cpp documents the exhausted retail link-order bracket. No corresponding authored Windows driver body.
h3/ds_engine.cpp	tree<ds_memsample>::RemoveIndex	1735	Platform backend: WinCE/DirectSound implementation in h3/ds_engine.cpp. Complete uses the Miles/AIL backend in src/soundmgr.cpp (Open 0x5997d0 and its AIL import calls); src/ds_engine.cpp documents the exhausted retail link-order bracket. No corresponding authored Windows driver body.
h3/ds_engine.cpp	tree<ds_memsample>::RemoveData	1778	Platform backend: WinCE/DirectSound implementation in h3/ds_engine.cpp. Complete uses the Miles/AIL backend in src/soundmgr.cpp (Open 0x5997d0 and its AIL import calls); src/ds_engine.cpp documents the exhausted retail link-order bracket. No corresponding authored Windows driver body.
h3/ds_engine.cpp	tree<ds_memsample>::SetIndexData	1805	Platform backend: WinCE/DirectSound implementation in h3/ds_engine.cpp. Complete uses the Miles/AIL backend in src/soundmgr.cpp (Open 0x5997d0 and its AIL import calls); src/ds_engine.cpp documents the exhausted retail link-order bracket. No corresponding authored Windows driver body.
h3/ds_engine.cpp	tree<ds_memsample>::Find_Data	1827	Platform backend: WinCE/DirectSound implementation in h3/ds_engine.cpp. Complete uses the Miles/AIL backend in src/soundmgr.cpp (Open 0x5997d0 and its AIL import calls); src/ds_engine.cpp documents the exhausted retail link-order bracket. No corresponding authored Windows driver body.
h3/ds_engine.cpp	tree<ds_memsample>::SetDataNULL	1847	Platform backend: WinCE/DirectSound implementation in h3/ds_engine.cpp. Complete uses the Miles/AIL backend in src/soundmgr.cpp (Open 0x5997d0 and its AIL import calls); src/ds_engine.cpp documents the exhausted retail link-order bracket. No corresponding authored Windows driver body.
h3/ds_engine.cpp	tree<ds_memsample>::AddItem	1886	Platform backend: WinCE/DirectSound implementation in h3/ds_engine.cpp. Complete uses the Miles/AIL backend in src/soundmgr.cpp (Open 0x5997d0 and its AIL import calls); src/ds_engine.cpp documents the exhausted retail link-order bracket. No corresponding authored Windows driver body.
h3/ds_engine.cpp	tree<unsigned long>::AddItem	1886	Platform backend: WinCE/DirectSound implementation in h3/ds_engine.cpp. Complete uses the Miles/AIL backend in src/soundmgr.cpp (Open 0x5997d0 and its AIL import calls); src/ds_engine.cpp documents the exhausted retail link-order bracket. No corresponding authored Windows driver body.
h3/ds_engine.cpp	tree<ds_genericsample>::Clear	1901	Platform backend: WinCE/DirectSound implementation in h3/ds_engine.cpp. Complete uses the Miles/AIL backend in src/soundmgr.cpp (Open 0x5997d0 and its AIL import calls); src/ds_engine.cpp documents the exhausted retail link-order bracket. No corresponding authored Windows driver body.
h3/ds_engine.cpp	tree<ds_memsample>::Clear	1901	Platform backend: WinCE/DirectSound implementation in h3/ds_engine.cpp. Complete uses the Miles/AIL backend in src/soundmgr.cpp (Open 0x5997d0 and its AIL import calls); src/ds_engine.cpp documents the exhausted retail link-order bracket. No corresponding authored Windows driver body.
h3/ds_engine.cpp	tree<unsigned long>::Clear	1901	Platform backend: WinCE/DirectSound implementation in h3/ds_engine.cpp. Complete uses the Miles/AIL backend in src/soundmgr.cpp (Open 0x5997d0 and its AIL import calls); src/ds_engine.cpp documents the exhausted retail link-order bracket. No corresponding authored Windows driver body.
h3/ds_engine.cpp	tree<ds_memsample>::Count	1919	Platform backend: WinCE/DirectSound implementation in h3/ds_engine.cpp. Complete uses the Miles/AIL backend in src/soundmgr.cpp (Open 0x5997d0 and its AIL import calls); src/ds_engine.cpp documents the exhausted retail link-order bracket. No corresponding authored Windows driver body.
ai_player.cpp	type_AI_creature_swapper::do_swap	2187	Superseded DC interface; the Complete definition is reviewed in win_only.tsv as src/ai_player.cpp type_AI_creature_swapper::doSwap [void (hero *, armyGroup *, hero *, unsigned char) __attribute__((thiscall))]. Complete adds the fourth Angelic-Alliance byte to DC ai_player.cpp:2187 (dc 0x31808), whose formal list has three pointers. Retail 0x42c3b0 reads argument 4 at [ebp+0x14] at 0x42c3b4, stores it at receiver+8 at 0x42c3d5, and returns ret 0x10.
ai_player.cpp	type_AI_creature_swapper::get_swap_value	2209	Superseded DC interface; the Complete definition is reviewed in win_only.tsv as src/ai_player.cpp type_AI_creature_swapper::getSwapValue [long (const hero *, const armyGroup *, const hero *, unsigned char) __attribute__((thiscall))]. Complete adds the fourth Angelic-Alliance byte to DC ai_player.cpp:2209 (dc 0x31864), whose formal list has three pointers. Retail 0x42c4a0 reads [ebp+0x14] at 0x42c4cd, stores the byte at receiver+8 at 0x42c4d3, and returns ret 0x10.
ai_player.cpp	type_AI_creature_purchaser::do_purchase	2626	Superseded DC interface; the Complete definition is reviewed in win_only.tsv as src/ai_player.cpp type_AI_creature_purchaser::doPurchase [void (armyGroup *, short, armyGroup *, long *, unsigned char, unsigned char) __attribute__((thiscall))]. Complete adds the sixth Angelic-Alliance byte to DC ai_player.cpp:2626 (dc 0x32288). Retail 0x42d690 reads [ebp+0x1c] at 0x42d6b0 and stores receiver+8 at 0x42d6bd; the separate existing allowTrade argument at [ebp+0x18] is forwarded at 0x42d719/0x42d71c. The function returns ret 0x18.
ai_player.cpp	type_AI_creature_purchaser::get_purchase_value	2657	Superseded DC interface; the Complete definition is reviewed in win_only.tsv as src/ai_player.cpp type_AI_creature_purchaser::getPurchaseValue [long (const armyGroup *, short, const armyGroup *, const long *, unsigned char) __attribute__((thiscall))]. Complete adds the fifth Angelic-Alliance byte to DC ai_player.cpp:2657 (dc 0x322f8). Retail 0x42d780 reads [ebp+0x18] at 0x42d7c8 and stores receiver+8 at 0x42d7d6 while valuing copies of both armies and the funds array. Its return at 0x42d86c uses ret 0x14.
army.cpp	army::SetMorale	540	Superseded DC interface; the Complete definition is reviewed in win_only.tsv as src/army.cpp army::setMorale [void (const hero *, const armyGroup *, const town *, const hero *, const armyGroup *, int, unsigned char) __attribute__((thiscall))]. Complete replaces DC army.cpp:540 (dc 0x443b4) on_cursed_ground byte with an integer magic-terrain selector and appends groupAlignments. Retail 0x43e003 reads argument 6 at [ebp+0x1c], compares it with cursed-ground mode 2 at 0x43e00a, then handles Holy Ground/Evil Fog modes. Argument 7 at [ebp+0x20] is loaded at 0x43e032 and forwarded to getMorale at 0x43e045. Both exits use ret 0x1c.
armygrp.cpp	armyGroup::GetMorale	977	Superseded DC interface; the Complete definition is reviewed in win_only.tsv as src/armygrp.cpp armyGroup::getMorale [int (const hero *, const town *, const hero *, const armyGroup *, unsigned char, unsigned char, unsigned char) __attribute__((thiscall)) const]. Complete inserts groupAlignments between the DC on_cursed_ground and apply_limits bytes (armygrp.cpp:977, dc 0x4f078). Retail 0x44ae60 reads and tests this new sixth argument at [ebp+0x1c] at 0x44aea7/0x44aeaa before the allied-alignment grouping loop. The retained fifth and seventh bytes are read at 0x44ae66 and 0x44b0b0; all exits use ret 0x1c.
armygrp.cpp	armyGroup::GetArmyMorale	1030	Superseded DC interface; the Complete definition is reviewed in win_only.tsv as src/armygrp.cpp armyGroup::getArmyMorale [int (int, const hero *, const town *, int, unsigned char, unsigned char) __attribute__((thiscall)) const]. Complete replaces DC armygrp.cpp:1030 (dc 0x4f160) on_cursed_ground with an integer magic-terrain selector and inserts the grouping byte before apply_limits. Retail 0x44b104 reads mode from [ebp+0x14]; 0x44b140 reads the new fifth argument from [ebp+0x18] and forwards it to getMorale at 0x44b157. The retained apply_limits byte is read from [ebp+0x1c] at 0x44b253. All exits use ret 0x18.
armygrp.cpp	armyGroup::get_morale_description	1347	Superseded DC interface; the Complete definition is reviewed in win_only.tsv as src/armygrp.cpp armyGroup::getMoraleDescription [std::string (TCreatureType, int, const hero *, const town *, const hero *, const armyGroup *, int, unsigned char) __attribute__((thiscall)) const]. Complete replaces the DC on_cursed_ground byte with magicTerrain and appends groupAlignments (armygrp.cpp:1347, dc 0x4f708). Retail 0x44b97d reads the mode at [ebp+0x24] and tests cursed-ground mode 2 at 0x44b981; 0x44ba17 reads the added grouping argument at [ebp+0x28] and forwards it to getMorale at 0x44ba2f. The normal return at 0x44c187 uses ret 0x24: eight explicit arguments plus the hidden string-result pointer.
armygrp.cpp	armyGroup::get_luck_description	1464	Superseded DC interface; the Complete definition is reviewed in win_only.tsv as src/armygrp.cpp armyGroup::getLuckDescription [std::string (TCreatureType, int, const hero *, const town *, const hero *, const armyGroup *, int) __attribute__((thiscall)) const]. Complete adds a leading creature argument and replaces DC armygrp.cpp:1464 (dc 0x4fab4) on_cursed_ground with magicTerrain. Retail 0x44c2d1 reads creature at [ebp+0xc] and uses it for elemental exclusions and the creature town-type lookup; 0x44c2ce reads mode at [ebp+0x24], comparing Clover Field mode 5 at 0x44c2d4. The normal return at 0x44c571 uses ret 0x20: seven explicit arguments plus the hidden string-result pointer.
border.cpp	border::border	47	Superseded DC interface; the Complete definition is reviewed in win_only.tsv as src/border.cpp border::border [void (int, int, int, int, int, int) __attribute__((thiscall))]. Complete omits DC's trailing unsigned-char focusable argument from border::border (border.cpp:47, dc 0x54378). Pinned retail 0x44ff10 consistently returns with ret 0x18, confirming 6 arguments rather than DC's 7. Retail forwards x/y/w/h/id/style to the six-argument widget constructor at 0x44ff30, then installs the border vtable at 0x44ff35.
border.cpp	bitmapBorder::bitmapBorder	280	Superseded DC interface; the Complete definition is reviewed in win_only.tsv as src/border.cpp bitmapBorder::bitmapBorder [void (int, int, int, int, int, const char *, int) __attribute__((thiscall))]. Complete omits DC's trailing unsigned-char focusable argument from bitmapBorder::bitmapBorder (border.cpp:280, dc 0x547c0). Pinned retail 0x4502d0 consistently returns with ret 0x1c, confirming 7 arguments rather than DC's 8. Retail calls the default widget constructor at 0x4502ef, forwards x/y/w/h/id/style to widget::initialize at 0x45031b and uses the image argument for bitmap loading. Both return paths clean up seven arguments.
border.cpp	bitmapBorder16::bitmapBorder16	398	Superseded DC interface; the Complete definition is reviewed in win_only.tsv as src/border.cpp bitmapBorder16::bitmapBorder16 [void (int, int, int, int, int, const char *, int) __attribute__((thiscall))]. Complete omits DC's trailing unsigned-char focusable argument from bitmapBorder16::bitmapBorder16 (border.cpp:398, dc 0x54a98). Pinned retail 0x450690 consistently returns with ret 0x1c, confirming 7 arguments rather than DC's 8. Retail calls the default widget constructor at 0x4506af, forwards x/y/w/h/id/style to widget::initialize at 0x4506db and uses the image argument for the 16-bit bitmap. Both return paths clean up seven arguments.
button.cpp	button::button	69	Superseded DC interface; the Complete definition is reviewed in win_only.tsv as src/button.cpp button::button [void (int, int, int, int, int, const char *, int, int, bool, int, int) __attribute__((thiscall))]. Complete omits DC's trailing focus argument from button::button (button.cpp:69, dc 0x57130). Its raw public ??0button@@QAA@HHHHHPBDHH_NHH1@Z proves native bool end and focus; lowered CodeView describes bytes. Pinned retail 0x455ef0 consistently returns with ret 0x2c, confirming 11 arguments rather than DC's 12. Retail loads style from [ebp+0x30] at 0x455f09 and passes the six base fields to widget at 0x455f2b; the remaining arguments initialize frames, end-dialog state, hotkey and sprite.
campaignbrief.cpp	TCampaignBrief::CampaignHeaderStruct::CampaignHeaderStruct	192	Superseded DC interface; the Complete definition is reviewed in win_only.tsv as src/campaignbrief.cpp TCampaignBrief::CampaignHeaderStruct::CampaignHeaderStruct [void (const char *) __attribute__((thiscall))]. Complete adds a filename argument and replaces the old record members; DC has a nullary constructor at campaignbrief.cpp:192, dc 0x5ae10. Retail 0x4885d0 default-constructs the string/vector members, reads filename from [ebp+8] at 0x488636, copies its characters into the fileName string at receiver+4 at 0x48865a..0x48867a, and clears data/stream/status at 0x488681..0x488687. Return 0x488698 uses ret 4. Its body has been moved from customcampaign.cpp into campaignbrief.cpp beside the destructor, preserving the evidenced constructor-family owner despite the changed parameter list.
campaignwindow.cpp	TCampaignWindow::TCampaignWindow	86	Superseded DC interface; see the paired src/campaignwindow.cpp constructor in win_only.tsv. DC campaignwindow.cpp:86 (dc 0x5b570) takes one int newCampaign, used as the reset flag at 0x5b5c0 before SCampaign::clear. Complete narrows that first flag to a byte domain and adds a second int campaign-set selector. Retail 0x45ea7a reads [ebp+8], 0x45ea8c tests AL, and 0x45ebb5 reads the second slot as a dword; the normal exit at 0x45f0cf uses ret 8. Native bool versus unsigned char remains unresolved.
cmbtmgr.cpp	combatManager::PlaceLargeObstacle	3063	Superseded DC interface; the Complete definition is reviewed in win_only.tsv as src/cmbtmgr.cpp combatManager::placeLargeObstacle [int (unsigned int, unsigned int) __attribute__((thiscall))]. Complete widens DC PlaceLargeObstacle (cmbtmgr.cpp:3063, dc 0x6091c) from one mask to terrain and special-terrain masks. Retail 0x4668a0 reads both stack arguments at 0x4668e2/0x4668e5, tests their separate obstacle tables and returns with ret 8. SetupAndLoadObstacles supplies both masks; this exact overload remains in cmbtmgr.cpp.
drawing.cpp	combatManager::UpdateMouseGrid	982	Superseded DC interface; the Complete definition is reviewed in win_only.tsv as src/drawing.cpp combatManager::updateMouseGrid [void (int, std::vector<long> &, unsigned char) __attribute__((thiscall))]. Complete adds forceUpdate to DC drawing.cpp:982 (dc 0x849c4). The retail three-argument body at 0x493ea0 first checks the new/current mouse index, then reads the added byte from [ebp+0x10] at 0x493f1a and tests it at 0x493f1d before bypassing the unchanged-index early return. Its epilogue at 0x494367 uses ret 0xc. This exemption applies only to the vector-reference overload.
drawing.cpp	combatManager::DrawArcher	1661	Superseded DC interface; the Complete definition is reviewed in win_only.tsv as src/drawing.cpp combatManager::drawArcher [int (const CSprite *, int, int, int, int, SLimitData *, bool, unsigned char) __attribute__((thiscall))]. Complete adds the trailing palette-row byte to DC drawing.cpp:1661 (dc 0x85978). Retail reads [ebp+0x24] at 0x49513c, selects palette index 0 or 0x60, loads the 16-bit entry at 0x495158, and pushes it as the outcolor for CSprite::drawCreature at 0x495191. All normal returns use ret 0x20, covering the eight explicit arguments.
dxplay.cpp	CDPlayLobby::RegisterApp	1224	Superseded DC interface; the Complete definition is reviewed in win_only.tsv as src/dxplay.cpp CDPlayLobby::registerApp [unsigned char (char *, char *, char *, GUID, char *) __attribute__((thiscall))]. Complete adds executableName after the DC four-argument RegisterApp (dxplay.cpp:1224, dc 0x8b60c). Retail reads the added pointer from [ebp+0x24] at 0x498a27 and stores it in the application descriptor at 0x498a36 before RegisterApplication slot +0x40 at 0x498a45. The by-value GUID occupies [ebp+0x14] through [ebp+0x20]; ret 0x20 removes three initial pointers, the 16-byte GUID and the added pointer.
event_record.cpp	type_event_record::load	51	Superseded DC interface; the Complete definition is reviewed in win_only.tsv as src/event_record.cpp type_event_record::load [unsigned char (TAbstractFile *, int) __attribute__((thiscall))]. Complete extends DC type_event_record::load (event_record.cpp:51, dc 0x8c678). Retail 0x49a5e0 returns with ret 8 for (file, version), versus DC's single file argument. game::loadRecordedEvents pushes version and file at 0x49dc24/0x49dc25 and calls this virtual load slot at 0x49dc28; even overrides that ignore version retain the two-argument ABI.
event_record.cpp	type_record_move_hero::load	124	Superseded DC interface; the Complete definition is reviewed in win_only.tsv as src/event_record.cpp type_record_move_hero::load [unsigned char (TAbstractFile *, int) __attribute__((thiscall))]. Complete extends DC type_record_move_hero::load (event_record.cpp:124, dc 0x8c7ec). Retail 0x49a690 returns with ret 8 for (file, version), versus DC's single file argument. game::loadRecordedEvents pushes version and file at 0x49dc24/0x49dc25 and calls this virtual load slot at 0x49dc28; even overrides that ignore version retain the two-argument ABI.
event_record.cpp	type_record_claim_mine::load	263	Superseded DC interface; the Complete definition is reviewed in win_only.tsv as src/event_record.cpp type_record_claim_mine::load [unsigned char (TAbstractFile *, int) __attribute__((thiscall))]. Complete extends DC type_record_claim_mine::load (event_record.cpp:263, dc 0x8cbb4). Retail 0x49aa70 returns with ret 8 for (file, version), versus DC's single file argument. game::loadRecordedEvents pushes version and file at 0x49dc24/0x49dc25 and calls this virtual load slot at 0x49dc28; even overrides that ignore version retain the two-argument ABI.
event_record.cpp	type_record_hide_boat::type_record_hide_boat	376	Superseded DC interface; the Complete definition is reviewed in win_only.tsv as src/event_record.cpp type_record_hide_boat::type_record_hide_boat [void (boat *, unsigned char, int) __attribute__((thiscall))]. Complete extends DC type_record_hide_boat::type_record_hide_boat (event_record.cpp:376, dc 0x8ce74). Retail game::recordHideBoat at 0x49c560 returns with ret 0xc, adding requested occupancy and occupying-hero arguments to the DC boat pointer. Its inline constructor stores occupancy from [ebp+0xc] at record+0xc (0x49c594) and hero ID from [ebp+0x10] at record+0x10 (0x49c5a0), separately saving the old boat state at +0xd/+0x14. The exact three-argument definition remains in event_record.cpp.
event_record.cpp	type_record_hide_boat::load	400	Superseded DC interface; the Complete definition is reviewed in win_only.tsv as src/event_record.cpp type_record_hide_boat::load [unsigned char (TAbstractFile *, int) __attribute__((thiscall))]. Complete extends DC type_record_hide_boat::load (event_record.cpp:400, dc 0x8cedc). Retail 0x49ad00 returns with ret 8 for (file, version), versus DC's single file argument. game::loadRecordedEvents pushes version and file at 0x49dc24/0x49dc25 and calls this virtual load slot at 0x49dc28; even overrides that ignore version retain the two-argument ABI. This override reads version at 0x49ad43 and gates the added boat occupancy/hero state fields by save format.
event_record.cpp	type_record_show_boat::load	474	Superseded DC interface; the Complete definition is reviewed in win_only.tsv as src/event_record.cpp type_record_show_boat::load [unsigned char (TAbstractFile *, int) __attribute__((thiscall))]. Complete extends DC type_record_show_boat::load (event_record.cpp:474, dc 0x8d070). Retail 0x49af40 returns with ret 8 for (file, version), versus DC's single file argument. game::loadRecordedEvents pushes version and file at 0x49dc24/0x49dc25 and calls this virtual load slot at 0x49dc28; even overrides that ignore version retain the two-argument ABI.
event_record.cpp	type_record_erase::load	560	Superseded DC interface; the Complete definition is reviewed in win_only.tsv as src/event_record.cpp type_record_erase::load [unsigned char (TAbstractFile *, int) __attribute__((thiscall))]. Complete extends DC type_record_erase::load (event_record.cpp:560, dc 0x8d2bc). Retail 0x49b190 returns with ret 8 for (file, version), versus DC's single file argument. game::loadRecordedEvents pushes version and file at 0x49dc24/0x49dc25 and calls this virtual load slot at 0x49dc28; even overrides that ignore version retain the two-argument ABI.
event_record.cpp	type_record_hide_hero::type_record_hide_hero	628	Superseded DC interface; the Complete definition is reviewed in win_only.tsv as src/event_record.cpp type_record_hide_hero::type_record_hide_hero [void (hero *, char, unsigned char) __attribute__((thiscall))]. Complete extends DC type_record_hide_hero::type_record_hide_hero (event_record.cpp:628, dc 0x8d4b0). Retail game::recordHideHero at 0x49c720 returns with ret 0xc, adding a town-garrison flag to the DC hero pointer/new-owner pair. Its inline constructor loads [ebp+0x10] at 0x49c75a and stores the flag at record+0xe at 0x49c760, after retaining old/new owners at +0xd/+0xc. The exact three-argument definition remains in event_record.cpp.
event_record.cpp	type_record_hide_hero::load	654	Superseded DC interface; the Complete definition is reviewed in win_only.tsv as src/event_record.cpp type_record_hide_hero::load [unsigned char (TAbstractFile *, int) __attribute__((thiscall))]. Complete extends DC type_record_hide_hero::load (event_record.cpp:654, dc 0x8d52c). Retail 0x49b430 returns with ret 8 for (file, version), versus DC's single file argument. game::loadRecordedEvents pushes version and file at 0x49dc24/0x49dc25 and calls this virtual load slot at 0x49dc28; even overrides that ignore version retain the two-argument ABI.
event_record.cpp	type_record_show_hero::load	752	Superseded DC interface; the Complete definition is reviewed in win_only.tsv as src/event_record.cpp type_record_show_hero::load [unsigned char (TAbstractFile *, int) __attribute__((thiscall))]. Complete extends DC type_record_show_hero::load (event_record.cpp:752, dc 0x8d7ec). Retail 0x49b6d0 returns with ret 8 for (file, version), versus DC's single file argument. game::loadRecordedEvents pushes version and file at 0x49dc24/0x49dc25 and calls this virtual load slot at 0x49dc28; even overrides that ignore version retain the two-argument ABI.
event_record.cpp	type_record_player_death::load	866	Superseded DC interface; the Complete definition is reviewed in win_only.tsv as src/event_record.cpp type_record_player_death::load [unsigned char (TAbstractFile *, int) __attribute__((thiscall))]. Complete extends DC type_record_player_death::load (event_record.cpp:866, dc 0x8daec). Retail 0x49ba40 returns with ret 8 for (file, version), versus DC's single file argument. game::loadRecordedEvents pushes version and file at 0x49dc24/0x49dc25 and calls this virtual load slot at 0x49dc28; even overrides that ignore version retain the two-argument ABI.
event_record.cpp	type_record_shroud::load	935	Superseded DC interface; the Complete definition is reviewed in win_only.tsv as src/event_record.cpp type_record_shroud::load [unsigned char (TAbstractFile *, int) __attribute__((thiscall))]. Complete extends DC type_record_shroud::load (event_record.cpp:935, dc 0x8dcd8). Retail 0x49bc90 returns with ret 8 for (file, version), versus DC's single file argument. game::loadRecordedEvents pushes version and file at 0x49dc24/0x49dc25 and calls this virtual load slot at 0x49dc28; even overrides that ignore version retain the two-argument ABI.
event_record.cpp	game::record_hide_boat	1071	Superseded DC interface; the Complete definition is reviewed in win_only.tsv as src/event_record.cpp game::recordHideBoat [void (boat *, unsigned char, int) __attribute__((thiscall))]. Complete extends DC game::record_hide_boat (event_record.cpp:1071, dc 0x8e108). Retail game::recordHideBoat at 0x49c560 returns with ret 0xc, adding requested occupancy and occupying-hero arguments to the DC boat pointer. Its inline constructor stores occupancy from [ebp+0xc] at record+0xc (0x49c594) and hero ID from [ebp+0x10] at record+0x10 (0x49c5a0), separately saving the old boat state at +0xd/+0x14. The exact three-argument definition remains in event_record.cpp.
event_record.cpp	game::record_hide_hero	1079	Superseded DC interface; the Complete definition is reviewed in win_only.tsv as src/event_record.cpp game::recordHideHero [void (hero *, char, unsigned char) __attribute__((thiscall))]. Complete extends DC game::record_hide_hero (event_record.cpp:1079, dc 0x8e148). Retail game::recordHideHero at 0x49c720 returns with ret 0xc, adding a town-garrison flag to the DC hero pointer/new-owner pair. Its inline constructor loads [ebp+0x10] at 0x49c75a and stores the flag at record+0xe at 0x49c760, after retaining old/new owners at +0xd/+0xc. The exact three-argument definition remains in event_record.cpp.
event_record.cpp	game::load_recorded_events	1380	Superseded DC interface; the Complete definition is reviewed in win_only.tsv as src/event_record.cpp game::loadRecordedEvents [unsigned char (TAbstractFile *, int) __attribute__((thiscall))]. Complete extends DC game::load_recorded_events (event_record.cpp:1380, dc 0x8ead0). Retail 0x49dac0 returns with ret 8 and loads the added version from [ebp+0xc] at 0x49dbe6. It passes version and file at 0x49dc24/0x49dc25 to the record virtual load slot at 0x49dc28, supporting versioned Complete event payloads.
findpath.cpp	CalcTerrainCost	131	Superseded DC interface; the Complete definition is reviewed in win_only.tsv as src/findpath.cpp calcTerrainCost [int (const NewmapCell *, int, int, long, long, long, long, long, unsigned char) __attribute__((fastcall))]. Complete adds the hasNomad byte after the eight DC arguments (findpath.cpp:131, dc 0x9f034). Retail 0x4b1744 reads it from [ebp+0x20]; 0x4b1761 through 0x4b176a changes Sand terrain 1 to terrain 0 when set. GetTerrainCost calls GetCreatureTotal(0x8e) at 0x4b1a22, forms the positive-result byte at 0x4b1a29, and passes it to this function at 0x4b1a54. Returns use ret 0x1c for seven stack arguments plus ECX/EDX.
findpath.cpp	MinimumTerrainCost	223	Superseded DC interface; the Complete definition is reviewed in win_only.tsv as src/findpath.cpp minimumTerrainCost [int (const NewmapCell *, int, long, long, long, unsigned char) __attribute__((fastcall))]. Complete adds hasNomad after the five DC parameters (findpath.cpp:223, dc 0x9f154). Retail reads the added argument at [ebp+0x14] at 0x4b1883 and pushes it first at 0x4b1886 for the trailing flag of CalcTerrainCost, called at 0x4b18aa. Cell/pointsLeft remain in ECX/EDX, and ret 0x10 at 0x4b18b0 removes four stack arguments.
game.cpp	generator::Grow	601	Superseded DC interface; the Complete definition is reviewed in win_only.tsv as src/game.cpp generator::grow [void (int) __attribute__((thiscall))]. Complete retains an unused integer parameter where DC game.cpp:601 (dc 0xa3320) is nullary. Retail returns ret 4 at 0x4b8ae5 after reseeding the four creature populations and guards. Generator::Initialize independently pushes literal 1 at 0x4b88e5 before calling 0x4b8a60 at 0x4b88e9. The argument has no body reads; it is retained because the caller and callee stack contract both prove it.
game.cpp	game::LoadMinePool	896	Superseded DC interface; the Complete definition is reviewed in win_only.tsv as src/game.cpp game::loadMinePool [int (TAbstractFile *, int) __attribute__((thiscall))]. Complete extends DC game::LoadMinePool (game.cpp:896, dc 0xa3e5c) with one explicit argument. Retail 0x4b9340 consistently returns with ret 0x8, confirming 2 stack arguments. Loads version at 0x4b9491 and compares it with 25 at 0x4b9499 to select the mine-guard army representation.
game.cpp	game::LoadGarrisonPool	1024	Superseded DC interface; the Complete definition is reviewed in win_only.tsv as src/game.cpp game::loadGarrisonPool [int (TAbstractFile *, int) __attribute__((thiscall))]. Complete extends DC game::LoadGarrisonPool (game.cpp:1024, dc 0xa438c) with one explicit argument. Retail 0x4b96f0 consistently returns with ret 0x8, confirming 2 stack arguments. Loads version at 0x4b9850 and compares it with 28 at 0x4b9856, selecting the saved removable-troops byte or the legacy default.
game.cpp	playerData::load	1409	Superseded DC interface; the Complete definition is reviewed in win_only.tsv as src/game.cpp playerData::load [int (TAbstractFile *, int) __attribute__((thiscall))]. Complete extends DC playerData::load (game.cpp:1409, dc 0xa51b0) with one explicit argument. Retail 0x4ba260 consistently returns with ret 0x8, confirming 2 stack arguments. Tests version against 25 at 0x4ba2d9/0x4ba327/0x4ba380 for legacy hero-ID remapping, then against 37 at 0x4ba5bd for the combination-artifact tail.
game.cpp	game::LoadTownPool	1698	Superseded DC interface; the Complete definition is reviewed in win_only.tsv as src/game.cpp game::loadTownPool [int (TAbstractFile *, int) __attribute__((thiscall))]. Complete adds saveVersion to DC LoadTownPool (game.cpp:1698, dc 0xa5a40). The expanded game::load town loop loads the snapshot version at 0x4bd2de and passes it with the stream at 0x4bd36f/0x4bd370 to town::load at 0x4bd374. That retained town reader (0x5bcd60) returns ret 8 and uses the version for saved hero IDs and legacy town names. The canonical helper keeps the count/resize/town-load sequence from DC.
game.cpp	game::GetNewHeroId	2275	Superseded DC interface; the Complete definition is reviewed in win_only.tsv as src/game.cpp game::getNewHeroId [int (int, THeroClass, unsigned char, THeroClass) __attribute__((thiscall))]. Complete changes the first DC GetNewHeroId argument from town alignment to player position and adds a fourth preferred hero class (game.cpp:2275, dc 0xa6cd4). Retail reads playerPos at 0x4bb5e9 and obtains alignment from receiver+0x1f6b0+4*playerPos at 0x4bb5fd; it also uses that position for the hero availability masks. The added class is read from [ebp+0x14] at 0x4bb6e9, preserves Conflux-class weights at 0x4bb70c/0x4bb714, and selects a nonzero class weight at 0x4bb782..0x4bb78d. Both normal returns use ret 0x10. Later reuse of this argument slot is the random hero ordinal.
game.cpp	SGameSetupOptions::load	3266	Superseded DC interface; the Complete definition is reviewed in win_only.tsv as src/game.cpp SGameSetupOptions::load [int (TAbstractFile *, int) __attribute__((thiscall))]. Complete extends DC SGameSetupOptions::load (game.cpp:3266, dc 0xa8b74) with one explicit argument. Retail 0x4be260 consistently returns with ret 0x8, confirming 2 stack arguments. Tests version against 28 at 0x4be2d0 to replace the legacy path with maps, then against 25 at 0x4be39c for saved hero-ID remapping.
game.cpp	game::NewMap	4236	Superseded DC interface; the Complete definition is reviewed in win_only.tsv as src/game.cpp game::newMap [void (TAbstractFile *, int *, TCampaignBrief::ScenarioStruct *, int) __attribute__((thiscall))]. Complete replaces DC NewMap(MapName, playerHeroFaces) with an open-stream overload and adds campaign context and game-version selector (game.cpp:4236, dc 0xaada4). Retail reads gameVersion from [ebp+0x14] at 0x4bfee9 and stores it at receiver+0x1f698 at 0x4bff09; it passes the stream from [ebp+8] to LoadMap at 0x4bffb3..0x4bffb9. The third argument is read at 0x4c001d, gates campaign customization, and supplies the receiver for the crossover-hero call at 0x4c0042. The second argument supplies the starting-hero array passed to CreateTownHeroes at 0x4c004d. Normal return 0x4c04f0 uses ret 0x10; later stack-slot reuse does not describe incoming formals.
game.cpp	NewSMapHeader::loadVictoryCondition	6110	Superseded DC interface; the Complete definition is reviewed in win_only.tsv as src/game.cpp NewSMapHeader::loadVictoryCondition [int (char, TAbstractFile *, int) __attribute__((thiscall))]. Complete extends DC NewSMapHeader::loadVictoryCondition (game.cpp:6110, dc 0xaeb64) with one explicit argument. Retail 0x4c3890 consistently returns with ret 0xc, confirming 3 stack arguments. Tests the third argument against 25 at 0x4c3ad2 and remaps legacy target hero IDs 0x80/0x81 to the Complete roster in the kill-hero condition.
game.cpp	NewSMapHeader::loadLossCondition	6448	Superseded DC interface; the Complete definition is reviewed in win_only.tsv as src/game.cpp NewSMapHeader::loadLossCondition [int (char, TAbstractFile *, int) __attribute__((thiscall))]. Complete extends DC NewSMapHeader::loadLossCondition (game.cpp:6448, dc 0xaf488) with one explicit argument. Retail 0x4c3d90 consistently returns with ret 0xc, confirming 3 stack arguments. Loads the third argument at 0x4c3ddd and compares it with 16 at 0x4c3de0 for the legacy hero-coordinate loss payload; other versions use the saved hero-ID path.
game.cpp	NewSMapHeader::Read	6513	Superseded DC interface; the Complete definition is reviewed in win_only.tsv as src/game.cpp NewSMapHeader::read [int (TAbstractFile *, int) __attribute__((thiscall))]. Complete extends DC NewSMapHeader::Read (game.cpp:6513, dc 0xaf64c) with one explicit argument. Retail 0x4c4390 consistently returns with ret 0x8, confirming 2 stack arguments. The added argument is campaignMap, not a format version. Retail tests [ebp+0xc] at 0x4c4725/0x4c4736/0x4c4748 to apply campaign-scenario victory overrides, writing condition type 0xb or 0xc and the associated fields at 0x4c472c..0x4c4751. The map version itself is read from the stream into the header.
game.cpp	NewSMapHeader::Load	6974	Superseded DC interface; the Complete definition is reviewed in win_only.tsv as src/game.cpp NewSMapHeader::load [int (TAbstractFile *, int) __attribute__((thiscall))]. Complete extends DC NewSMapHeader::Load (game.cpp:6974, dc 0xb0754) with one explicit argument. Retail 0x4c5630 consistently returns with ret 0x8, confirming 2 stack arguments. Loads version at 0x4c5782 and tests it against 27 at 0x4c5788 for maximum hero level, against 28 at 0x4c585a for alignment width, and against 31 at 0x4c5c31 for the newer custom-hero payload.
game.cpp	NewSMapHeader::Get	7185	Superseded DC interface; the Complete definition is reviewed in win_only.tsv as src/game.cpp NewSMapHeader::get [int (const char *, const char *, int) __attribute__((thiscall))]. Complete adds a directory and campaign-map selector around the DC filename-only NewSMapHeader::Get (game.cpp:7185, dc 0xb0ea8). Retail reads directory from [ebp+8] at 0x4c5e34, appends filename from [ebp+0xc] at 0x4c5edd/0x4c5f24, and passes the selector from [ebp+0x10] at 0x4c5f5b with its local TGzFile to Read. All normal exits use ret 0xc; 0x4c5fed is an EH helper return.
game.cpp	game::replace_recruit	8358	Superseded DC interface; the Complete definition is reviewed in win_only.tsv as src/game.cpp game::replaceRecruit [void (int, long) __attribute__((thiscall))]. Complete replaces DC replace_recruit(recruits, slot, alignment) with playerPos and slot, obtaining both recruits and alignment through game state (game.cpp:8358, dc 0xb4050). Retail reads playerPos at 0x4c86a3 and slot at 0x4c86a8, derives receiver+0x20ad0+0x168*playerPos at 0x4c86b9, excludes the opposite recruit, and passes playerPos to GetNewHeroId at 0x4c86f1. The selected id is stored into record+0x28+4*slot at 0x4c86fe. Return 0x4c8772 uses ret 8; the incoming slots are reused later for mana-calculation temporaries.
game.cpp	game::CreateTownHeroes	9455	Superseded DC interface; the Complete definition is reviewed in win_only.tsv as src/game.cpp game::createTownHeroes [void (int *) __attribute__((thiscall))]. Complete adds an optional starting-hero-id array to DC CreateTownHeroes() (game.cpp:9455, dc 0xb5cdc). Retail reads [ebp+8] at 0x4ca046, tests it again at 0x4ca13c/0x4ca13f, and for a human player reads the corresponding array entry at 0x4ca14e, using it when not -1. NewMap explicitly pushes the array at 0x4c004c before calling this body at 0x4c004d. Return 0x4ca22e uses ret 4.
game.cpp	game::ResetGame	11895	Superseded DC interface; the Complete definition is reviewed in win_only.tsv as src/game.cpp game::resetGame [void (int, int, NewSMapHeader *) __attribute__((thiscall))]. Complete adds difficulty, the map-reader selector, and a default-header pointer to DC ResetGame() (game.cpp:11895, dc 0xbc418). Retail reads all three at 0x4cecf4/0x4cecf7/0x4cecfa, pushes them with a null fourth stream argument, and calls InitNewGame at 0x4ced03. The remaining player initialization, setup reset, turn-duration clear and spellbook reset preserve the DC wrapper identity. Return 0x4ced2e uses ret 0xc.
hero.cpp	hero::load	577	Superseded DC interface; the Complete definition is reviewed in win_only.tsv as src/hero.cpp hero::load [int (TAbstractFile *, int) __attribute__((thiscall))]. Complete extends DC hero::load (hero.cpp:577, dc 0xcaf98) with one explicit argument. Retail 0x4d7a20 consistently returns with ret 0x8, confirming 2 stack arguments. Loads version into ebx at 0x4d7a63 and compares it with 25 at 0x4d7a66 before selecting the legacy or Complete hero record; subsequent source fields also distinguish versions 30 and 32.
hero.cpp	mark_spells	1527	Superseded DC interface; the Complete definition is reviewed in win_only.tsv as src/hero.cpp markSpells [std::bitset<70> (TSpellSchool) __attribute__((fastcall))]. Complete changes the DC school helper mark_spells(unsigned char*, TSpellSchool), hero.cpp:1527 dc 0xcc360, to return its spell set by value. DC UpdateSpellList names the helper at dc 0xcc446, while retail's four Tome arms construct a separate three-dword bitset and copy it into the artifact result. The first expansion is 0x4d9386..0x4d93d2: schoolBits at trait+0x1c is tested at 0x4d939a, bits are assigned through 0x4d93af, and all three words are copied at 0x4d93c3..0x4d93d2; the other school masks use 2/4/8. Preserve one ordinary global school helper in hero.cpp at the DC source position. It was previously called spellsOfSchool; 0x4d9350 belongs to the separate artifact dispatcher, so this helper has no standalone retail VA claim.
hero.cpp	hero::get_hit_point_bonus	6336	Superseded DC interface; the Complete definition is reviewed in win_only.tsv as src/hero.cpp hero::getHitPointBonus [long (int) __attribute__((thiscall)) const]. Complete widens DC hero::get_hit_point_bonus (hero.cpp:6336, dc 0xd5508) with a creatureType parameter. Retail 0x4e5b80 returns with ret 4, indexes the creature traits table and adds one quarter of that creature's hit points for the Elixir of Life. The old zero-argument method cannot express this Complete artifact rule; the receiver remains const.
iconwdgt.cpp	iconWidget::iconWidget	63	Superseded DC interface; the Complete definition is reviewed in win_only.tsv as src/iconwdgt.cpp iconWidget::iconWidget [void (int, int, int, int, int, const char *, int, int, bool, unsigned int, int) __attribute__((thiscall))]. Complete omits DC's trailing focusable argument from iconWidget::iconWidget (iconwdgt.cpp:63, dc 0xd9350). Pinned retail 0x4ea720 consistently returns with ret 0x2c, confirming 11 arguments rather than DC's 12. Retail loads style from [ebp+0x30] at 0x4ea739 and passes the six base fields to widget at 0x4ea759; frame/sequence/flipped/background-color and image arguments initialize the icon fields.
mapcell.cpp	NewfullMap::readTimedEventList	62	Superseded DC interface; the Complete definition is reviewed in win_only.tsv as src/mapcell.cpp NewfullMap::readTimedEventList [int (TAbstractFile *, int) __attribute__((thiscall))]. Complete adds an explicit map/save version to DC NewfullMap::readTimedEventList (mapcell.cpp:62, dc 0xeb73c). Retail 0x4fc000 consistently returns with ret 0x8, confirming 2 stack arguments. Loads version from [ebp+0xc] at 0x4fc161, pushes it at 0x4fc164 and calls TTimedEvent::read at 0x4fc172.
mapcell.cpp	TTimedEvent::Read	85	Superseded DC interface; the Complete definition is reviewed in win_only.tsv as src/mapcell.cpp TTimedEvent::read [int (TAbstractFile *, int) __attribute__((thiscall))]. Complete adds an explicit map/save version to DC TTimedEvent::Read (mapcell.cpp:85, dc 0xeb7d0). Retail 0x4fc1a0 consistently returns with ret 0x8, confirming 2 stack arguments. Compares [ebp+0xc] with map format 28 at 0x4fc25f; newer formats read the apply-to-human byte, older formats default it to true.
mapcell.cpp	NewfullMap::loadTimedEventList	179	Superseded DC interface; the Complete definition is reviewed in win_only.tsv as src/mapcell.cpp NewfullMap::loadTimedEventList [int (TAbstractFile *, int) __attribute__((thiscall))]. Complete adds an explicit map/save version to DC NewfullMap::loadTimedEventList (mapcell.cpp:179, dc 0xebb0c). Retail 0x4fc500 consistently returns with ret 0x8, confirming 2 stack arguments. Loads version from [ebp+0xc] at 0x4fc661, pushes it at 0x4fc664 and calls TTimedEvent::load at 0x4fc672.
mapcell.cpp	TTimedEvent::Load	201	Superseded DC interface; the Complete definition is reviewed in win_only.tsv as src/mapcell.cpp TTimedEvent::load [int (TAbstractFile *, int) __attribute__((thiscall))]. Complete adds an explicit map/save version to DC TTimedEvent::Load (mapcell.cpp:201, dc 0xebbbc). Retail 0x4fc6a0 consistently returns with ret 0x8, confirming 2 stack arguments. Compares [ebp+0xc] with save version 42 at 0x4fc6f6; newer saves read the apply-to-human byte, older saves default it to true.
mapcell.cpp	TTownEvent::Read	232	Superseded DC interface; the Complete definition is reviewed in win_only.tsv as src/mapcell.cpp TTownEvent::read [int (TAbstractFile *, int) __attribute__((thiscall))]. Complete adds mapVersion to the DC TTownEvent::Read(infile) member (mapcell.cpp:232, dc 0xebc90) because its canonical TTimedEvent::read base now accepts and tests the format version. Retail readTownData 0x5019f0 expands this member: it loads mapVersion from stack +0x10 at 0x501f19, pushes it at 0x501f22 and calls the base reader at 0x501f28 on the local town event. The following reads are the derived six-byte building mask (0x501f37), fourteen-byte generator band (0x501f60), and four-byte padding (0x501f72). The first two short-read checks skip later reads; the caller discards the result, so no final padding-read check survives. The canonical member body is restored at its CodeView source position; this exact exemption covers only the added version argument, not the former file-static readTownEvent wrapper.
mapcell.cpp	NewfullMap::loadTownEventList	307	Superseded DC interface; the Complete definition is reviewed in win_only.tsv as src/mapcell.cpp NewfullMap::loadTownEventList [int (TAbstractFile *, int) __attribute__((thiscall))]. Complete adds an explicit map/save version to DC NewfullMap::loadTownEventList (mapcell.cpp:307, dc 0xebe3c). Retail 0x4fc870 consistently returns with ret 0x8, confirming 2 stack arguments. Loads version at 0x4fc9d4 and pushes it at 0x4fc9d7 into TTimedEvent::load at 0x4fc9e6 before reading town-specific event fields.
mapcell.cpp	TTownEvent::Load	329	Superseded DC interface; the Complete definition is reviewed in win_only.tsv as src/mapcell.cpp TTownEvent::load [int (TAbstractFile *, int) __attribute__((thiscall))]. Complete adds saveVersion to DC TTownEvent::Load(infile) (mapcell.cpp:329, dc 0xebeec), forwarding it to the canonical TTimedEvent::load version check. Retail loadTownEventList 0x4fc870 loads the second argument at 0x4fc9d4, pushes it at 0x4fc9d7 and calls the base at 0x4fc9e6. The derived one-byte town number, eight-byte building mask and fourteen-byte generator band are read at 0x4fc9f5, 0x4fca0b and 0x4fca21, each with its unsigned short-read check. Both DC (base call 0xebefa) and Complete discard the base result. The ordinary member is restored at its CodeView source position; this exact exemption covers only the added version parameter.
mapcell.cpp	NewfullMap::Read	614	Superseded DC interface; the Complete definition is reviewed in win_only.tsv as src/mapcell.cpp NewfullMap::read [int (TAbstractFile *, int, unsigned char, int) __attribute__((thiscall))]. Complete adds an explicit map/save version to DC NewfullMap::Read (mapcell.cpp:614, dc 0xec8f4). Retail 0x4fd690 consistently returns with ret 0x10, confirming 4 stack arguments. Loads the fourth argument at 0x4fd8d5 and forwards it to readMapObjects at 0x4fd8dc and readTimedEventList at 0x4fd8f6.
mapcell.cpp	NewfullMap::Load	679	Superseded DC interface; the Complete definition is reviewed in win_only.tsv as src/mapcell.cpp NewfullMap::load [int (TAbstractFile *, int, unsigned char, int) __attribute__((thiscall))]. Complete adds an explicit map/save version to DC NewfullMap::Load (mapcell.cpp:679, dc 0xecb94). Retail 0x4fdbc0 consistently returns with ret 0x10, confirming 4 stack arguments. Loads the fourth argument at 0x4fdbd8 and passes it to loadMapLayer at 0x4fdbe5; forwards it to loadBlackBoxList at 0x4fddff and event-list loaders at 0x4fdef1/0x4fdf0a. The compare with 25 at 0x4fdedf gates the additional save payload.
mapcell.cpp	NewfullMap::loadMapLayer	995	Superseded DC interface; the Complete definition is reviewed in win_only.tsv as src/mapcell.cpp NewfullMap::loadMapLayer [int (TAbstractFile *, int, int, int) __attribute__((thiscall))]. Complete adds an explicit map/save version to DC NewfullMap::loadMapLayer (mapcell.cpp:995, dc 0xed688). Retail 0x4fe920 consistently returns with ret 0x10, confirming 4 stack arguments. Loads the fourth argument into edx at 0x4febb7 and passes it with the current cell in ecx to the cell-extra conversion helper at 0x4febbc (target 0x4fe6c0).
mapcell.cpp	NewfullMap::readBlackBox	1524	Superseded DC interface; the Complete definition is reviewed in win_only.tsv as src/mapcell.cpp NewfullMap::readBlackBox [int (TAbstractFile *, BlackBoxData *, int) __attribute__((thiscall))]. Complete adds an explicit map/save version to DC NewfullMap::readBlackBox (mapcell.cpp:1524, dc 0xee56c). Retail 0x4ff6b0 consistently returns with ret 0xc, confirming 3 stack arguments. Loads the third argument at 0x4ffb76 and compares it with map format 14 at 0x4ffb7b to select one-byte versus two-byte creature IDs.
mapcell.cpp	NewfullMap::readBlackBoxData	1708	Superseded DC interface; the Complete definition is reviewed in win_only.tsv as src/mapcell.cpp NewfullMap::readBlackBoxData [int (TAbstractFile *, CObject *, int) __attribute__((thiscall))]. Complete adds an explicit map/save version to DC NewfullMap::readBlackBoxData (mapcell.cpp:1708, dc 0xeea60). Retail 0x4ffbf0 consistently returns with ret 0xc, confirming 3 stack arguments. Loads the third argument at 0x4ffcaf and pushes it at 0x4ffcbb into readBlackBox at 0x4ffcc8 with the temporary box and input file.
mapcell.cpp	NewfullMap::loadBlackBoxList	1891	Superseded DC interface; the Complete definition is reviewed in win_only.tsv as src/mapcell.cpp NewfullMap::loadBlackBoxList [int (TAbstractFile *, int) __attribute__((thiscall))]. Complete adds an explicit map/save version to DC NewfullMap::loadBlackBoxList (mapcell.cpp:1891, dc 0xef0a0). Retail 0x500200 consistently returns with ret 0x8, confirming 2 stack arguments. Loads version at 0x5003e1 and pushes it at 0x5003e4 into loadBlackBox at 0x5003f2 for each box.
mapcell.cpp	NewfullMap::loadBlackBox	1914	Superseded DC interface; the Complete definition is reviewed in win_only.tsv as src/mapcell.cpp NewfullMap::loadBlackBox [int (TAbstractFile *, BlackBoxData *, int) __attribute__((thiscall))]. Complete adds an explicit map/save version to DC NewfullMap::loadBlackBox (mapcell.cpp:1914, dc 0xef158). Retail 0x500430 consistently returns with ret 0xc, confirming 3 stack arguments. Loads the third argument at 0x50084d and compares it with save version 25 at 0x500852 to select one-byte versus two-byte creature IDs.
mapcell.cpp	NewfullMap::readEventData	2073	Superseded DC interface; the Complete definition is reviewed in win_only.tsv as src/mapcell.cpp NewfullMap::readEventData [int (TAbstractFile *, CObject *, int) __attribute__((thiscall))]. Complete adds an explicit map/save version to DC NewfullMap::readEventData (mapcell.cpp:2073, dc 0xef5dc). Retail 0x5008b0 consistently returns with ret 0xc, confirming 3 stack arguments. Loads the third argument at 0x500972 and pushes it at 0x500981 into readBlackBox at 0x50098b before reading the event-specific flags.
mapcell.cpp	NewfullMap::readTownData	2798	Superseded DC interface; the Complete definition is reviewed in win_only.tsv as src/mapcell.cpp NewfullMap::readTownData [int (TAbstractFile *, CObject *, int) __attribute__((thiscall))]. Complete adds an explicit map/save version to DC NewfullMap::readTownData (mapcell.cpp:2798, dc 0xf094c). Retail 0x5019f0 consistently returns with ret 0xc, confirming 3 stack arguments. Loads the third argument at 0x501ba4 and compares it with map format 14 at 0x501ba9 to select creature-ID width; also forwards it to TTimedEvent::read at 0x501f28 and tests it against 28 at 0x50204c for the added town field.
mapcell.cpp	NewfullMap::readHeroData	2951	Superseded DC interface; the Complete definition is reviewed in win_only.tsv as src/mapcell.cpp NewfullMap::readHeroData [int (TAbstractFile *, CObject *, int) __attribute__((thiscall))]. Complete adds an explicit map/save version to DC NewfullMap::readHeroData (mapcell.cpp:2951, dc 0xf0df4). Retail 0x5021c0 consistently returns with ret 0xc, confirming 3 stack arguments. Loads the third argument into esi at 0x5021fa; compares it with 14 at 0x502202 to gate the quest identifier, forwards it to readHeroId at 0x50223b, and tests formats 14/21 at 0x502298/0x50229d for the experience payload.
mapcell.cpp	NewfullMap::readGarrisonData	3229	Superseded DC interface; the Complete definition is reviewed in win_only.tsv as src/mapcell.cpp NewfullMap::readGarrisonData [int (TAbstractFile *, CObject *, int) __attribute__((thiscall))]. Complete adds an explicit map/save version to DC NewfullMap::readGarrisonData (mapcell.cpp:3229, dc 0xf151c). Retail 0x502a00 consistently returns with ret 0xc, confirming 3 stack arguments. Loads the third argument at 0x502a5b and compares it with map format 14 at 0x502a60 to select one-byte versus two-byte creature IDs.
mapcell.cpp	NewfullMap::readObject	3290	Superseded DC interface; the Complete definition is reviewed in win_only.tsv as src/mapcell.cpp NewfullMap::readObject [int (TAbstractFile *, CObject *, int) __attribute__((thiscall))]. Complete adds an explicit map/save version to DC NewfullMap::readObject (mapcell.cpp:3290, dc 0xf16c8). Retail 0x502e00 consistently returns with ret 0xc, confirming 3 stack arguments. Loads the third argument at 0x502f0d and passes it to readHeroData at 0x502f15; similarly forwards it to readTownData, readEventData, readBlackBoxData and readGarrisonData in their dispatch arms.
mapcell.cpp	NewfullMap::readMapObjects	3838	Superseded DC interface; the Complete definition is reviewed in win_only.tsv as src/mapcell.cpp NewfullMap::readMapObjects [int (TAbstractFile *, int) __attribute__((thiscall))]. Complete adds an explicit map/save version to DC NewfullMap::readMapObjects (mapcell.cpp:3838, dc 0xf2c20). Retail 0x504470 consistently returns with ret 0x8, confirming 2 stack arguments. Loads version from [ebp+0xc] at 0x5048ff and pushes it at 0x504905 into readObject at 0x504910 for each object.
newgame.cpp	game::InitNewGame	224	Superseded DC interface; the Complete definition is reviewed in win_only.tsv as src/newgame.cpp game::initNewGame [void (int, int, NewSMapHeader *, TAbstractFile *) __attribute__((thiscall))]. Complete widens DC InitNewGame(defaultHeader) with difficulty, the map-reader selector, and an optional open stream (newgame.cpp:224, dc 0x1034fc). Retail reads the header from [ebp+0x10] at 0x513328 and copies it when present. Otherwise it reads the stream from [ebp+0x14] at 0x513541 and selector from [ebp+0xc] at 0x51354e/0x51355c, calling Read at 0x513555 or filename-based Get at 0x513570. Difficulty comes from [ebp+8] at 0x513721 and is stored at receiver+0x1f6d8 at 0x51372b. Return 0x513737 uses ret 0x10. The header-copy and later alignment loops reuse some incoming slots as scratch only after their input values are no longer needed.
philai.cpp	value_of_university	3708	Superseded DC interface; the Complete definition is reviewed in win_only.tsv as src/philai.cpp valueOfUniversity [long (const hero *, type_university *, unsigned char) __attribute__((fastcall))]. Complete replaces DC NewmapCell* with the university record itself and adds mustPay (philai.cpp:3708, dc 0x113c1c). Retail 0x525c0b reads the added byte from [ebp+8]; when set, 0x525c17 checks the active player gold against 2000. EDX is saved at 0x525c42 and read directly as the four-skill array beginning at 0x525c4c, without a map-cell university lookup. Each return uses ret 4.
recruit.cpp	get_upgrade_cost	157	Superseded DC interface; the Complete definition is reviewed in win_only.tsv as src/recruit.cpp getUpgradeCost [void (TCreatureType, TCreatureType, long, long *) __attribute__((fastcall))]. Complete adds an explicit upgraded creature row to DC recruit.cpp:157 (dc 0x118adc). Retail 0x54e753 preserves the ECX original creature and 0x54e757/0x54e76a computes the separate EDX upgraded row. The seven-resource loop subtracts their costs, scales by amount at [ebp+8] at 0x54e797, and writes through the output pointer read from [ebp+0xc] at 0x54e776. Ret 8 at 0x54e7b1 proves four fastcall arguments.
resourcedisplay.cpp	TResourceDisplay::Update	150	Superseded DC interface; the Complete definition is reviewed in win_only.tsv as src/resourcedisplay.cpp TResourceDisplay::update [void (bool, bool) __attribute__((thiscall))]. Complete removes the third inMap byte from DC resourcedisplay.cpp:150 (dc 0x120fa0). Retail 0x558fee reads draw from [ebp+8]; 0x558ff5 reads update from [ebp+0xc] and forwards it with -0xffff/0xffff to TSubWindow::draw at 0x559005. The complete body performs resource/status text updates and has no third-argument widget-hide path; its return at 0x559010 uses ret 8.
resourcemanager.cpp	ResourceManager::Open	298	Superseded DC interface; the Complete definition is reviewed in win_only.tsv as src/resourcemanager.cpp ResourceManager::open [bool (bool, bool, int *) __attribute__((fastcall))]. Complete adds int* errorCode to DC resourcemanager.cpp:298 (dc 0x12173c), which has only open_sprites/open_bitmaps bytes. Retail 0x55a250 keeps the flags in ECX/EDX; its int catch handler reads the added pointer from [ebp+8] at 0x55a4fc and writes the caught code through it at 0x55a506. Normal exits at 0x55a520/0x55a53e use ret 4; the plain ret at 0x55a50d belongs to the internal catch continuation.
resourcemanager.cpp	ResourceManager::GetBitmap16	906	Superseded DC interface; the Complete definition is reviewed in win_only.tsv as src/resourcemanager.cpp ResourceManager::getBitmap16 [Bitmap16Bit *(const char *) __attribute__((fastcall))]. Complete removes DC GetBitmap16 ignore_cache (resourcemanager.cpp:906, dc 0x121c5c). Retail 0x55afd0 takes name in ECX and unconditionally performs the name-key cache lookup; only a miss calls the separate loader 0x55ac40 at 0x55b01a. No second input gates the lookup; the body ends with plain ret at 0x55b059.
resourcemanager.cpp	ResourceManager::GetPalette	1027	Superseded DC interface; the Complete definition is reviewed in win_only.tsv as src/resourcemanager.cpp ResourceManager::getPalette [TPalette16 *(const char *) __attribute__((fastcall))]. Complete removes DC GetPalette ignore_cache (resourcemanager.cpp:1027, dc 0x121d90). Retail 0x55b3e0 takes name in ECX and unconditionally performs the name-key cache lookup; only a miss calls the separate loader 0x55b060 at 0x55b42a. No second input gates the lookup; the body ends with plain ret at 0x55b469.
resourcemanager.cpp	ResourceManager::GetSoundFile	1566	Superseded DC interface; the Complete definition is reviewed in win_only.tsv as src/resourcemanager.cpp ResourceManager::getSoundFile [bool (const char *, std::auto_ptr<char> &, int *) __attribute__((fastcall))]. Complete replaces the four-argument DC data/header output API (resourcemanager.cpp:1566, dc 0x1221fc) with name, auto_ptr<char>& and int* size. Retail 0x55c153 saves the EDX ownership object; 0x55c2a1 reads the size pointer at [ebp+8] and 0x55c2b2 writes the 48-byte sound-header record size through it. Stores at 0x55c2ec/0x55c2ee update the ownership byte/pointer, and 0x55c336 calls ReadFile into that buffer. All exits use ret 4.
resourcemanager.cpp	ResourceManager::ReadFromBitmapResource	2125	Superseded DC interface; the Complete definition is reviewed in win_only.tsv as src/resourcemanager.cpp ResourceManager::readFromBitmapResource [int (LODFile *, void *, int) __attribute__((fastcall))]. Complete adds an explicit LODFile* to the DC destination/count surface (resourcemanager.cpp:2125, dc 0x1224cc). Retail 0x55d0d0 preserves ECX as the LOD receiver, pushes the EDX destination and count from [ebp+8], calls LODFile::read at 0x55d0d8, then returns ret 4.
sample.cpp	sample::sample	55	Superseded DC interface; the Complete definition is reviewed in win_only.tsv as src/sample.cpp sample::sample [void (const char *, const void *, long, long, long, long) __attribute__((thiscall))]. Complete adds resource name, source buffer and length before DC channel/volume/loop (sample.cpp:55, dc 0x129b3c). Retail forwards [ebp+8] and resource type 0x20 to the base constructor at 0x566dc7; length from [ebp+0x10] controls allocation at 0x566def and the copy from [ebp+0xc] at 0x566df9. Playback arguments [ebp+0x14/0x18/0x1c] are stored at receiver+0x28/0x2c/0x30. Return 0x566e2b uses ret 0x18.
seerhut.cpp	TSeerHut::load	535	Superseded DC interface; the Complete definition is reviewed in win_only.tsv as src/seerhut.cpp TSeerHut::load [void (TAbstractFile *, int) __attribute__((thiscall))]. Complete extends DC TSeerHut::load (seerhut.cpp:535, dc 0x12d8e4) with one explicit argument. Retail 0x574a90 consistently returns with ret 0x8, confirming 2 stack arguments. Loads version into ebx at 0x574aac and compares it with 28 at 0x574ab4, selecting legacy artifact-quest reconstruction or the Complete quest factory and versioned virtual load path.
singleselectionpopups.cpp	CHotspotWidget::CHotspotWidget	114	Superseded DC interface; the Complete definition is reviewed in win_only.tsv as src/singleselectionpopups.cpp CHotspotWidget::CHotspotWidget [void (int, int, int, int, int) __attribute__((thiscall))]. Complete omits DC's trailing unsigned-char focus argument from CHotspotWidget::CHotspotWidget (singleselectionpopups.cpp:114, dc 0x12de28). Pinned retail 0x575220 consistently returns with ret 0x14, confirming 5 arguments rather than DC's 6. Retail calls the default widget constructor at 0x575226, then stores only x/y/w/h/id from its five arguments at 0x575237..0x575255 and installs vtable 0x6419a4.
singleselectionwindow.cpp	CHostWaitDlg::Wait	437	Superseded DC interface; the Complete definition is reviewed in win_only.tsv as src/singleselectionwindow.cpp CHostWaitDlg::wait [void (unsigned long, const char *) __attribute__((thiscall))]. Complete widens the existing DC Wait(unsigned long) interface with caller-selected text. DC 0x1476dc reads its fixed general-text index 534 (literal at text+0x147790) only after the GameTime/SRand and random-creature loop. Retail HandleNetMsg has two expansions: it loads text 731 at 0x588ea1 and 534 at 0x588f67 before storing forWho at +0x7c and before GameTime/SRand. Both then reject creature ids 54/55 and invoke the same virtual Setup/DoModal sequence on the 0x80-byte CHostWaitDlg. The differing text and earlier evaluation justify the extra formal; no new helper or extra field is introduced. The single definition remains in the DC-proven local class in singleselectionwindow.cpp.
singleselectionwindow.cpp	CGameHeaderInfoMsg::CGameHeaderInfoMsg	520	Superseded DC interface; the Complete definition is reviewed in win_only.tsv as src/singleselectionwindow.cpp CGameHeaderInfoMsg::CGameHeaderInfoMsg [void (unsigned char, int, GameSelectionHeadersStruct *) __attribute__((thiscall))]. Complete adds the transfer-list flag before the DC header number/source-row arguments (singleselectionwindow.cpp:520, dc 0x147940). Retail reads the flag from [ebp+8] at 0x579181 and stores it at receiver+0x18 at 0x579191; it reads the header pointer from [ebp+0x10] and number from [ebp+0xc] at 0x579194/0x579197, storing the number at receiver+0x1c before copying the row. Return 0x5792ae uses ret 0xc. This exemption covers only the three-argument constructor.
singleselectionwindow.cpp	CMapFileNameMsg::CMapFileNameMsg	587	Superseded DC interface; the Complete definition is reviewed in win_only.tsv as src/singleselectionwindow.cpp CMapFileNameMsg::CMapFileNameMsg [void (unsigned char, int, char *, int *, FILETIME) __attribute__((thiscall))]. Complete adds a list-selection flag before the four DC payload arguments (singleselectionwindow.cpp:587, dc 0x147c78). In t_map_list_update::Tick, retail builds the 0x84-byte message at [ebp-0xa4], stores row number at message+0x18 at 0x577e64 and flag 1 at message+0x14 at 0x577ea7, copies filename/FILETIME/eight town types, and transmits at 0x577edc. CNewPlayerUpdateProc::Tick builds the same payload at [ebp-0xc8] with flag 0 at 0x578be0 and number at 0x578c15. Both sites retain the DC payload meaning; the added leading flag distinguishes the transfer list from the original list.
singleselectionwindow.cpp	CMapHeaderRequestMsg::CMapHeaderRequestMsg	605	Superseded DC interface; the Complete definition is reviewed in win_only.tsv as src/singleselectionwindow.cpp CMapHeaderRequestMsg::CMapHeaderRequestMsg [void (unsigned char, int) __attribute__((thiscall))]. Complete adds a list-selection flag before the DC header number (singleselectionwindow.cpp:605, dc 0x147cec). Retail CheckMissingHeaders constructs a 0x1c-byte message at [ebp-0x24]: the first list stores number at +0x18 at 0x589636 and flag 0 at +0x14 at 0x589639; the second list stores number at 0x5896cf and flag 1 at 0x5896d2. OnMapFileNameMsg also reads the incoming flag/number at 0x589a52/0x589a55 and forwards both into a request before transmitting at 0x589a7d. These distinct payload stores prove the extra flag independently of the inlined constructor call syntax.
singleselectionwindow.cpp	CNewPlayerUpdateProc::HeaderRequested	1346	Superseded DC interface; the Complete definition is reviewed in win_only.tsv as src/singleselectionwindow.cpp CNewPlayerUpdateProc::headerRequested [void (unsigned char, int) __attribute__((thiscall))]. Complete adds a transfer-list flag to DC HeaderRequested (singleselectionwindow.cpp:1346, dc 0x148348), which queued only an allocated header number. Its canonical expansion inside CNewPlayerUpdateMan::headerRequested reads flag and number at retail 0x5892ec/0x5892ef, stores both at 0x5892f5/0x5892f8, then appends the eight-byte SHeaderRequest by value to this+0xc. The manager has the corresponding proven three-argument Windows signature.
singleselectionwindow.cpp	CNewPlayerUpdateMan::HeaderRequested	1492	Superseded DC interface; the Complete definition is reviewed in win_only.tsv as src/singleselectionwindow.cpp CNewPlayerUpdateMan::headerRequested [void (unsigned long, unsigned char, int) __attribute__((thiscall))]. Complete inserts a transfer-list flag between DC dpid and header number (singleselectionwindow.cpp:1492, dc 0x14886c). Retail reads the added byte from [ebp+0xc] at 0x5892ec and number from [ebp+0x10] at 0x5892ef, storing them in a local request record at 0x5892f5/0x5892f8. Its vector append uses an eight-byte record stride, and all normal exits use ret 0xc.
singleselectionwindow.cpp	TSingleSelectionWindow::SetupScenarioOptions	2838	Superseded DC interface; the Complete definition is reviewed in win_only.tsv as src/singleselectionwindow.cpp TSingleSelectionWindow::setupScenarioOptions [void (unsigned char) __attribute__((thiscall))]. Complete adds the random-map-list selector to the nullary DC SetupScenarioOptions (singleselectionwindow.cpp:2838, dc 0x135f04). Retail reads the byte at [ebp+8] at 0x580aa2, compares it against receiver+0x66 at 0x580aa8, and stores it there at 0x580ab9 before selecting the header-list path. Both exits at 0x580a90/0x5810f8 use ret 4.
singleselectionwindow.cpp	TSingleSelectionWindow::GetHeaders	3475	Superseded DC interface; the Complete definition is reviewed in win_only.tsv as src/singleselectionwindow.cpp TSingleSelectionWindow::getHeaders [void (std::vector<GameSelectionHeadersStruct> *) __attribute__((thiscall))]. Complete adds an explicit destination vector to DC GetHeaders (singleselectionwindow.cpp:3475, dc 0x137da8), supporting the selection and transfer lists. Retail reads the pointer from [ebp+8] at 0x582c58, clears its element range through the +4/+8 pointers, retains the destination in EBX at 0x582c8f, and reads its end pointer at 0x582d5c when appending a successfully loaded header. Return 0x582e82 uses ret 4; later reuse of the incoming stack slot holds the directory string.
singleselectionwindow.cpp	TSingleSelectionWindow::GetHeader	3739	Superseded DC interface; the Complete definition is reviewed in win_only.tsv as src/singleselectionwindow.cpp TSingleSelectionWindow::getHeader [int (char *, char *, GameSelectionHeadersStruct *) __attribute__((thiscall))]. Complete adds the directory string before the DC filename/header-output pair (singleselectionwindow.cpp:3739, dc 0x1386c0). Retail reads [ebp+8] at 0x583180 and copies it into game setup path at game+0x1f7d4; it separately reads filename from [ebp+0xc] at 0x5831b1 and copies it into game+0x1f6d9. The output header occupies the third argument, and all normal exits use ret 0xc.
singleselectionwindow.cpp	TSingleSelectionWindow::Update	4239	Superseded DC interface; the Complete definition is reviewed in win_only.tsv as src/singleselectionwindow.cpp TSingleSelectionWindow::update [int () __attribute__((thiscall))]. Complete removes the message-reference argument from DC Update (singleselectionwindow.cpp:4239, dc 0x13a380). Retail HandleNetMsg calls 0x584550 at 0x588a44 with only the receiver in ECX after DrawWindow; OnGameTransmitInitMsg repeats that nullary call at 0x589b92, as does SliderDuration at 0x57c979. The UI-refresh body consumes window/global state, reads no incoming argument, and returns plain ret at 0x584bc4.
soundmgr.cpp	ProcessStopAndPlayMP3	1162	Superseded DC interface; the Complete definition is reviewed in win_only.tsv as src/soundmgr.cpp processStopAndPlayMP3 [void (void *)]. Complete turns DC nullary ProcessStopAndPlayMP3 (soundmgr.cpp:1162, dc 0x14b7f4) into a cdecl void(void*) CRT thread callback. ResumeStream pushes null argument, zero stack size and entry 0x59a840 at 0x59ac87/0x59ac89/0x59ac8b before _beginthread 0x619f9c at 0x59ac90; StartMP3 repeats the same callback registration at 0x59aef9 through 0x59af02. The worker ends through _endthread; its unused callback argument is required by that ABI.
spells.cpp	combatManager::InitiateSpell	176	Superseded DC interface; the Complete definition is reviewed in win_only.tsv as src/spells.cpp combatManager::initiateSpell [void (SpellID, int) __attribute__((thiscall))]. Complete widens DC InitiateSpell (spells.cpp:176, dc 0x14ecbc) with a creatureSpell selector. Retail 0x59ec50 reads the second stack argument at 0x59ee08 and 0x59ef9b to select the creature-spell action, and returns with ret 8; the Faerie Dragon caller supplies 1. This exact overload remains in spells.cpp.
textwdgt.cpp	textWidget::textWidget	62	Superseded DC interface; the Complete definition is reviewed in win_only.tsv as src/textwdgt.cpp textWidget::textWidget [void (int, int, int, int, const char *, const char *, font::TColor, int, unsigned int, int, int) __attribute__((thiscall))]. Complete omits DC's trailing unsigned-char focusable argument from textWidget::textWidget (textwdgt.cpp:62, dc 0x164c80). Pinned retail 0x5bc280 consistently returns with ret 0x2c, confirming 11 arguments rather than DC's 12. Retail forwards x/y/w/h/id plus fixed style 8 to widget at 0x5bc2b9, then initializes text/font/color/justification/background/style from its remaining arguments. No twelfth focusability argument is consumed.
town.cpp	town::load	458	Superseded DC interface; the Complete definition is reviewed in win_only.tsv as src/town.cpp town::load [int (TAbstractFile *, int) __attribute__((thiscall))]. Complete extends DC town::load (town.cpp:458, dc 0x165628) with one explicit argument. Retail 0x5bcd60 consistently returns with ret 0x8, confirming 2 stack arguments. Loads version into edi at 0x5bcef4 and passes it in edx to the saved hero-ID helper at 0x5bcefb for the garrison hero and again for the visiting hero. The same version also selects the legacy town-name buffer or string representation.
town.cpp	town::initialize_spells	1150	Superseded DC interface; the Complete definition is reviewed in win_only.tsv as src/town.cpp town::initializeSpells [void (const TownExtra *) __attribute__((thiscall))]. Complete adds a TownExtra pointer to DC town::initialize_spells() (town.cpp:1150, dc 0x166950). Retail reads [ebp+8] at 0x5be6f4/0x5be70c and tests the fixed-spell bitset at argument+0x7c at 0x5be715/0x5be719. A selected fixed spell enters the store at 0x5be749 before the weighted fallback. Return 0x5be927 uses ret 4.
townmgr.cpp	type_monster_join_window::type_monster_join_window	5136	Superseded DC interface; the Complete definition is reviewed in win_only.tsv as src/townmgr.cpp type_monster_join_window::type_monster_join_window [void (hero *, armyGroup *, unsigned char) __attribute__((thiscall))]. Complete adds a trailing title-selection flag to the DC monster-join constructor (townmgr.cpp:5136, dc 0x172f34). Retail reads the byte from [ebp+0x10] at 0x5d0b94 and tests it at 0x5d0b9b: the nonzero arm selects general-text entry 710 at 0x5d0bb4, while the zero arm builds a title from the incoming army. Return 0x5d0d5c uses ret 0xc. The existing hero and army-reference inputs retain their pointer representation; later reuse of [ebp+0x10] holds a widget allocation result.
townmgr.cpp	do_monster_join_dialog	5201	Superseded DC interface; the Complete definition is reviewed in win_only.tsv as src/townmgr.cpp doMonsterJoinDialog [void (hero *, armyGroup *, int) __attribute__((fastcall))]. Complete adds the join-window title flag to the DC hero/army-reference do_monster_join_dialog overload (townmgr.cpp:5201, dc 0x1732a8). Retail receives hero/army in ECX/EDX, reads the third argument from [ebp+8] at 0x5d12cb, and pushes all three to the join-window constructor at 0x5d12d5. Its normal return at 0x5d1352 uses ret 4. This exemption does not cover the separate hero/creature-type/count overload.
tradpost.cpp	DoFreelancersGuild	648	Superseded DC interface; the Complete definition is reviewed in win_only.tsv as src/tradpost.cpp doFreelancersGuild [void (hero *) __attribute__((fastcall))]. Complete map-object 213 entry at 0x5e9e60 receives hero in ECX and selects guild pricing 5/source 3. DC 0x188518 reads townToView, checks visitingHeroId, calls CountMarkets/GetHero and selects source 0, identifying the separate retained town-screen overload 0x5e9ea0.
university_window.cpp	type_university_window::type_university_window	102	Superseded DC interface; the Complete definition is reviewed in win_only.tsv as src/university_window.cpp type_university_window::type_university_window [void (hero *, const type_university *, unsigned char) __attribute__((thiscall))]. Complete adds townUniversity to DC university_window.cpp:102 (dc 0x18e790). Retail reads the added byte from [ebp+0x10] at 0x5ef6af before that slot is reused as an allocation temporary. Its two branches build iconWidget with hallelem.def/frame 21 at 0x5ef6f1 or bitmapBorder with univbldg.pcx at 0x5ef72b. Normal epilogue 0x5f074f uses ret 0xc for hero, university and the added mode.
viewarmywindow.cpp	TViewArmyWindow::TViewArmyWindow	140	Superseded DC interface; the Complete definition is reviewed in win_only.tsv as src/viewarmywindow.cpp TViewArmyWindow::TViewArmyWindow [void (armyGroup *, int, const hero *, const town *, int, int, int, unsigned char, unsigned char, unsigned char) __attribute__((thiscall))]. Complete adds the tenth alignment-grouping byte to the DC group-based TViewArmyWindow constructor (viewarmywindow.cpp:140, dc 0x190e78). Retail reads [ebp+0x2c] at 0x5f3e7a and pushes it at 0x5f3e88 for GetArmyMorale at 0x5f3e91; it reads the same input again at 0x5f3f18 and passes it at 0x5f3f21 to the morale-description call at 0x5f3f36. The normal return at 0x5f41ff uses ret 0x28. Later reuse of [ebp+0x2c] is a clamp temporary, not another incoming argument.
wingraph.cpp	DDInitGraphics	156	Superseded DC interface; the Complete definition is reviewed in win_only.tsv as src/wingraph.cpp ddInitGraphics [void () __attribute__((fastcall))]. Complete replaces the DC Mode/reinit input API (wingraph.cpp:156, dc 0x198bcc) with global-driven Win32 setup. Retail gates on busy global 0x6aacb4 at 0x6014f6 and reads windowed mode from 0x6987b8 at 0x601526; DirectDrawCreate at 0x60150c precedes any ECX/EDX input use. SetDisplayMode receives literal 800/600/16 at 0x60155d through 0x60156c. The body reads no incoming stack arguments and returns plain ret at 0x60181e; initGraphics at 0x6014e0 tail-jumps directly to it.
wingraph.cpp	DDCreateSurface	1013	Superseded DC interface; the Complete definition is reviewed in win_only.tsv as src/wingraph.cpp ddCreateSurface [IDirectDrawSurface *(unsigned long, unsigned long, int) __attribute__((fastcall))]. Complete uses the v1 DirectDraw surface API and removes the fourth oldsurface output argument from DC wingraph.cpp:1013 (dc 0x1992b0). Retail preserves width from ECX and height from EDX, reads primary from [ebp+8], and uses that stack home as the CreateSurface output at 0x60063d/0x60064a. It returns the surface in EAX and ret 4 at 0x6006d1. DDInitGraphics calls it at 0x6015aa/0x6016c4 with dimensions in ECX/EDX and only primary on the stack.
ressw.cpp	ResolutionSwitch::ResolutionSwitch	30	Dreamcast resolution-switch global has no external-compiland caller and would require its own initializer/destructor contribution. Complete has no ResSw contribution or corresponding initializer quartet; alleged dimensions0x68c8c4/0x68c8c8 are inside a string without relocations. See src/ResSw.cpp.
ressw.cpp	ResolutionSwitch::~ResolutionSwitch	36	Dreamcast resolution-switch global has no external-compiland caller and would require its own initializer/destructor contribution. Complete has no ResSw contribution or corresponding initializer quartet; alleged dimensions0x68c8c4/0x68c8c8 are inside a string without relocations. See src/ResSw.cpp.
ressw.cpp	ResolutionSwitch::S_to_800	42	Dreamcast resolution-switch global has no external-compiland caller and would require its own initializer/destructor contribution. Complete has no ResSw contribution or corresponding initializer quartet; alleged dimensions0x68c8c4/0x68c8c8 are inside a string without relocations. See src/ResSw.cpp.
ressw.cpp	ResolutionSwitch::S_to_600	53	Dreamcast resolution-switch global has no external-compiland caller and would require its own initializer/destructor contribution. Complete has no ResSw contribution or corresponding initializer quartet; alleged dimensions0x68c8c4/0x68c8c8 are inside a string without relocations. See src/ResSw.cpp.
ressw.cpp	ResolutionSwitch::Switch	65	Dreamcast resolution-switch global has no external-compiland caller and would require its own initializer/destructor contribution. Complete has no ResSw contribution or corresponding initializer quartet; alleged dimensions0x68c8c4/0x68c8c8 are inside a string without relocations. See src/ResSw.cpp.
bitmap8.cpp	Bitmap8Bit::Bitmap8Bit	32	Complete drops Bitmap8Bit. The reviewed bitmap-family bracket goes from Bitmap24Bit through 0x44f787, two initializer records at0x44f790/0x44f7b0, then Bitmap816 at0x44f7d0; adjacent vtables0x63b9f4/0x63ba14 leave no Bitmap8Bit table. No class address-take or retail consumer survives. See src/bitmap8.cpp.
bitmap8.cpp	Bitmap8Bit::Bitmap8Bit	40	Complete drops Bitmap8Bit. The reviewed bitmap-family bracket goes from Bitmap24Bit through 0x44f787, two initializer records at0x44f790/0x44f7b0, then Bitmap816 at0x44f7d0; adjacent vtables0x63b9f4/0x63ba14 leave no Bitmap8Bit table. No class address-take or retail consumer survives. See src/bitmap8.cpp.
bitmap8.cpp	Bitmap8Bit::Bitmap8Bit	55	Complete drops Bitmap8Bit. The reviewed bitmap-family bracket goes from Bitmap24Bit through 0x44f787, two initializer records at0x44f790/0x44f7b0, then Bitmap816 at0x44f7d0; adjacent vtables0x63b9f4/0x63ba14 leave no Bitmap8Bit table. No class address-take or retail consumer survives. See src/bitmap8.cpp.
bitmap8.cpp	Bitmap8Bit::~Bitmap8Bit	68	Complete drops Bitmap8Bit. The reviewed bitmap-family bracket goes from Bitmap24Bit through 0x44f787, two initializer records at0x44f790/0x44f7b0, then Bitmap816 at0x44f7d0; adjacent vtables0x63b9f4/0x63ba14 leave no Bitmap8Bit table. No class address-take or retail consumer survives. See src/bitmap8.cpp.
bitmap8.cpp	Bitmap8Bit::import	75	Complete drops Bitmap8Bit. The reviewed bitmap-family bracket goes from Bitmap24Bit through 0x44f787, two initializer records at0x44f790/0x44f7b0, then Bitmap816 at0x44f7d0; adjacent vtables0x63b9f4/0x63ba14 leave no Bitmap8Bit table. No class address-take or retail consumer survives. See src/bitmap8.cpp.
bitmap8.cpp	Bitmap8Bit::clear	102	Complete drops Bitmap8Bit. The reviewed bitmap-family bracket goes from Bitmap24Bit through 0x44f787, two initializer records at0x44f790/0x44f7b0, then Bitmap816 at0x44f7d0; adjacent vtables0x63b9f4/0x63ba14 leave no Bitmap8Bit table. No class address-take or retail consumer survives. See src/bitmap8.cpp.
bitmap8.cpp	Bitmap8Bit::exportPCXFile	208	Complete drops Bitmap8Bit. The reviewed bitmap-family bracket goes from Bitmap24Bit through 0x44f787, two initializer records at0x44f790/0x44f7b0, then Bitmap816 at0x44f7d0; adjacent vtables0x63b9f4/0x63ba14 leave no Bitmap8Bit table. No class address-take or retail consumer survives. See src/bitmap8.cpp.
bitmap8.cpp	Bitmap8Bit::importPCXFile	248	Complete drops Bitmap8Bit. The reviewed bitmap-family bracket goes from Bitmap24Bit through 0x44f787, two initializer records at0x44f790/0x44f7b0, then Bitmap816 at0x44f7d0; adjacent vtables0x63b9f4/0x63ba14 leave no Bitmap8Bit table. No class address-take or retail consumer survives. See src/bitmap8.cpp.
mainmenu.cpp	VideomodeChoice::VideomodeChoice	308	Dreamcast video-mode-selection class is absent from the fully accounted Complete mainmenu contribution0x4fb2a0..0x4fbb94 between the two terrain initializer groups. No retained class methods or required non-COMDAT globals occupy that bracket. See src/mainmenu.cpp.
mainmenu.cpp	VideomodeChoice::~VideomodeChoice	360	Dreamcast video-mode-selection class is absent from the fully accounted Complete mainmenu contribution0x4fb2a0..0x4fbb94 between the two terrain initializer groups. No retained class methods or required non-COMDAT globals occupy that bracket. See src/mainmenu.cpp.
mainmenu.cpp	VideomodeChoice::Test	369	Dreamcast video-mode-selection class is absent from the fully accounted Complete mainmenu contribution0x4fb2a0..0x4fbb94 between the two terrain initializer groups. No retained class methods or required non-COMDAT globals occupy that bracket. See src/mainmenu.cpp.
mainmenu.cpp	VideomodeChoice::WindowHandler	410	Dreamcast video-mode-selection class is absent from the fully accounted Complete mainmenu contribution0x4fb2a0..0x4fbb94 between the two terrain initializer groups. No retained class methods or required non-COMDAT globals occupy that bracket. See src/mainmenu.cpp.
winfile.cpp	File::GetLastError	60	Unused old File/CFindFile interface absent from Complete. The entire winfile contribution0x5ffb20..0x5ffdc2 contains fourteen accounted File bodies; no retail access uses the error/open bookkeeping, and the only FindFirstFileA/FindNextFileA/FindClose consumers are CRT0x618113/0x6181df/0x618297. See src/winfile.cpp and include/winfile.h; this does not exclude the inlined Exists/Init helpers.
winfile.cpp	File::UpdateError	65	Unused old File/CFindFile interface absent from Complete. The entire winfile contribution0x5ffb20..0x5ffdc2 contains fourteen accounted File bodies; no retail access uses the error/open bookkeeping, and the only FindFirstFileA/FindNextFileA/FindClose consumers are CRT0x618113/0x6181df/0x618297. See src/winfile.cpp and include/winfile.h; this does not exclude the inlined Exists/Init helpers.
winfile.cpp	File::Rename	88	Unused old File/CFindFile interface absent from Complete. The entire winfile contribution0x5ffb20..0x5ffdc2 contains fourteen accounted File bodies; no retail access uses the error/open bookkeeping, and the only FindFirstFileA/FindNextFileA/FindClose consumers are CRT0x618113/0x6181df/0x618297. See src/winfile.cpp and include/winfile.h; this does not exclude the inlined Exists/Init helpers.
winfile.cpp	File::SetAttribute	114	Unused old File/CFindFile interface absent from Complete. The entire winfile contribution0x5ffb20..0x5ffdc2 contains fourteen accounted File bodies; no retail access uses the error/open bookkeeping, and the only FindFirstFileA/FindNextFileA/FindClose consumers are CRT0x618113/0x6181df/0x618297. See src/winfile.cpp and include/winfile.h; this does not exclude the inlined Exists/Init helpers.
winfile.cpp	File::GetAttribute	123	Unused old File/CFindFile interface absent from Complete. The entire winfile contribution0x5ffb20..0x5ffdc2 contains fourteen accounted File bodies; no retail access uses the error/open bookkeeping, and the only FindFirstFileA/FindNextFileA/FindClose consumers are CRT0x618113/0x6181df/0x618297. See src/winfile.cpp and include/winfile.h; this does not exclude the inlined Exists/Init helpers.
winfile.cpp	CFindFile::CFindFile	370	Unused old File/CFindFile interface absent from Complete. The entire winfile contribution0x5ffb20..0x5ffdc2 contains fourteen accounted File bodies; no retail access uses the error/open bookkeeping, and the only FindFirstFileA/FindNextFileA/FindClose consumers are CRT0x618113/0x6181df/0x618297. See src/winfile.cpp and include/winfile.h; this does not exclude the inlined Exists/Init helpers.
winfile.cpp	CFindFile::~CFindFile	378	Unused old File/CFindFile interface absent from Complete. The entire winfile contribution0x5ffb20..0x5ffdc2 contains fourteen accounted File bodies; no retail access uses the error/open bookkeeping, and the only FindFirstFileA/FindNextFileA/FindClose consumers are CRT0x618113/0x6181df/0x618297. See src/winfile.cpp and include/winfile.h; this does not exclude the inlined Exists/Init helpers.
winfile.cpp	CFindFile::FindFile	383	Unused old File/CFindFile interface absent from Complete. The entire winfile contribution0x5ffb20..0x5ffdc2 contains fourteen accounted File bodies; no retail access uses the error/open bookkeeping, and the only FindFirstFileA/FindNextFileA/FindClose consumers are CRT0x618113/0x6181df/0x618297. See src/winfile.cpp and include/winfile.h; this does not exclude the inlined Exists/Init helpers.
winfile.cpp	CFindFile::FindNext	397	Unused old File/CFindFile interface absent from Complete. The entire winfile contribution0x5ffb20..0x5ffdc2 contains fourteen accounted File bodies; no retail access uses the error/open bookkeeping, and the only FindFirstFileA/FindNextFileA/FindClose consumers are CRT0x618113/0x6181df/0x618297. See src/winfile.cpp and include/winfile.h; this does not exclude the inlined Exists/Init helpers.
winfile.cpp	CFindFile::Close	405	Unused old File/CFindFile interface absent from Complete. The entire winfile contribution0x5ffb20..0x5ffdc2 contains fourteen accounted File bodies; no retail access uses the error/open bookkeeping, and the only FindFirstFileA/FindNextFileA/FindClose consumers are CRT0x618113/0x6181df/0x618297. See src/winfile.cpp and include/winfile.h; this does not exclude the inlined Exists/Init helpers.
winfile.cpp	CFindFile::GetLength	413	Unused old File/CFindFile interface absent from Complete. The entire winfile contribution0x5ffb20..0x5ffdc2 contains fourteen accounted File bodies; no retail access uses the error/open bookkeeping, and the only FindFirstFileA/FindNextFileA/FindClose consumers are CRT0x618113/0x6181df/0x618297. See src/winfile.cpp and include/winfile.h; this does not exclude the inlined Exists/Init helpers.
winfile.cpp	CFindFile::GetFilename	421	Unused old File/CFindFile interface absent from Complete. The entire winfile contribution0x5ffb20..0x5ffdc2 contains fourteen accounted File bodies; no retail access uses the error/open bookkeeping, and the only FindFirstFileA/FindNextFileA/FindClose consumers are CRT0x618113/0x6181df/0x618297. See src/winfile.cpp and include/winfile.h; this does not exclude the inlined Exists/Init helpers.
winfile.cpp	CFindFile::IsReadOnly	433	Unused old File/CFindFile interface absent from Complete. The entire winfile contribution0x5ffb20..0x5ffdc2 contains fourteen accounted File bodies; no retail access uses the error/open bookkeeping, and the only FindFirstFileA/FindNextFileA/FindClose consumers are CRT0x618113/0x6181df/0x618297. See src/winfile.cpp and include/winfile.h; this does not exclude the inlined Exists/Init helpers.
winfile.cpp	CFindFile::IsSystem	441	Unused old File/CFindFile interface absent from Complete. The entire winfile contribution0x5ffb20..0x5ffdc2 contains fourteen accounted File bodies; no retail access uses the error/open bookkeeping, and the only FindFirstFileA/FindNextFileA/FindClose consumers are CRT0x618113/0x6181df/0x618297. See src/winfile.cpp and include/winfile.h; this does not exclude the inlined Exists/Init helpers.
winfile.cpp	CFindFile::IsNormal	449	Unused old File/CFindFile interface absent from Complete. The entire winfile contribution0x5ffb20..0x5ffdc2 contains fourteen accounted File bodies; no retail access uses the error/open bookkeeping, and the only FindFirstFileA/FindNextFileA/FindClose consumers are CRT0x618113/0x6181df/0x618297. See src/winfile.cpp and include/winfile.h; this does not exclude the inlined Exists/Init helpers.
winfile.cpp	CFindFile::IsDots	457	Unused old File/CFindFile interface absent from Complete. The entire winfile contribution0x5ffb20..0x5ffdc2 contains fourteen accounted File bodies; no retail access uses the error/open bookkeeping, and the only FindFirstFileA/FindNextFileA/FindClose consumers are CRT0x618113/0x6181df/0x618297. See src/winfile.cpp and include/winfile.h; this does not exclude the inlined Exists/Init helpers.
winfile.cpp	CFindFile::IsDirectory	466	Unused old File/CFindFile interface absent from Complete. The entire winfile contribution0x5ffb20..0x5ffdc2 contains fourteen accounted File bodies; no retail access uses the error/open bookkeeping, and the only FindFirstFileA/FindNextFileA/FindClose consumers are CRT0x618113/0x6181df/0x618297. See src/winfile.cpp and include/winfile.h; this does not exclude the inlined Exists/Init helpers.
winfile.cpp	CFindFile::IsHidden	474	Unused old File/CFindFile interface absent from Complete. The entire winfile contribution0x5ffb20..0x5ffdc2 contains fourteen accounted File bodies; no retail access uses the error/open bookkeeping, and the only FindFirstFileA/FindNextFileA/FindClose consumers are CRT0x618113/0x6181df/0x618297. See src/winfile.cpp and include/winfile.h; this does not exclude the inlined Exists/Init helpers.
winfile.cpp	CFindFile::IsArchived	482	Unused old File/CFindFile interface absent from Complete. The entire winfile contribution0x5ffb20..0x5ffdc2 contains fourteen accounted File bodies; no retail access uses the error/open bookkeeping, and the only FindFirstFileA/FindNextFileA/FindClose consumers are CRT0x618113/0x6181df/0x618297. See src/winfile.cpp and include/winfile.h; this does not exclude the inlined Exists/Init helpers.
singleselectionwindow.cpp	numberComp	890	DC 0x13006c implements three-way integer comparison for the old qsort callback family. Complete SortMaps retail0x585050 uses stateful std::sort Boolean predicates; the retained players/victory/loss predicates at0x590e00/0x591cb0/0x592030 directly return signed less-than comparisons, not a negative/zero/positive adapter.
singleselectionwindow.cpp	victoryCompare	901	DC 0x130090 is an int(const void*,const void*) qsort callback passed by SortMaps at DC0x13b890. Complete SortMaps retail0x585151 passes a stateful TSortMapsByVictory predicate by value; its Boolean member operator at0x591cb0 reads the direction byte and two typed row references.
singleselectionwindow.cpp	lossCompare	912	DC 0x1300dc is an int(const void*,const void*) qsort callback passed by SortMaps at DC0x13b8ae. Complete SortMaps retail0x58516c passes a stateful TSortMapsByLoss predicate by value; its Boolean member operator at0x592030 reads the direction byte and two typed row references.
singleselectionwindow.cpp	sizeCompare	923	DC 0x13012c is an int(const void*,const void*) qsort callback passed by SortMaps at DC0x13b872. Complete SortMaps retail0x585136 passes a stateful TSortMapsBySize predicate; its Boolean comparison expands into retail0x591310 and reads the predicate direction at0x59139b.
singleselectionwindow.cpp	numberCompare	934	DC 0x13017c is an int(const void*,const void*) qsort callback passed by SortMaps at DC0x13b824. Complete SortMaps retail0x5850e3 passes a stateful TSortMapsByPlayers predicate; its Boolean member operator at0x590e00 ranks numPlayers*10+maxNumHumanPlayers and reads its direction byte.
singleselectionwindow.cpp	alphaCompare	948	DC 0x130224 is an int(const void*,const void*) qsort callback passed by SortMaps at DC0x13b806. Complete SortMaps retail0x5850c5 passes a two-byte TSortMapsByName predicate; its Boolean member operator at0x5903b0 reads direction and network-name mode, with typed row references.
singleselectionwindow.cpp	EnumMapleDevicesCallback	8847	DC 0x1453ec is the Maple enumeration callback: MAPLEDEVICEINSTANCE input, MapleCreateDevice at source8850 and COM-device queries. This is the Dreamcast VM device-discovery backend, not a Windows file callback; Complete enumerates disk files in GetHeaders and opens high-score files with CRT _open at retail0x4e90a0.
singleselectionwindow.cpp	VMSaveFile	8878	DC 0x14549c writes VM flash data using FSFILEDESC/FSDEVICEDESC, EnumVMs, SetVMIconStatus and VMDeleteFile. Complete saves disk files through game save I/O; its SaveValid retail0x577360 tests the games-directory filename with CRT _open instead of VM capacity/device selection.
singleselectionwindow.cpp	myEnumFiles	9086	DC 0x145cfc is the IFlashDevice/FSFILEDESC enumeration callback used by DC GetHeaders. Complete GetHeaders enumerates Windows directory entries and retains FILETIME per header; it has no flash-file-id/context callback interface.
singleselectionwindow.cpp	TSingleSelectionWindow::SetVMIconStatus	9103	DC 0x145dec reads FSDEVICEDESC through VM device interfaces and updates VM slot icons. The Complete selection window uses disk files and no VM slot selector; its GetHeaders and OnDeleteFile retail0x58dfb0 use Windows filesystem operations.
singleselectionwindow.cpp	TSingleSelectionWindow::FindCurrentVM	9142	DC 0x146090 selects among IFlashDevice pointers and FSDEVICEDESC records, called by GetDeviceDesc and VM save UI. Complete selects a disk filename and directory, with no Maple VM selection state; see GetHeaders and SaveValid retail0x577360.
singleselectionwindow.cpp	TSingleSelectionWindow::GetDeviceDesc	9268	DC 0x146324 obtains FSDEVICEDESC from IFlashDevice, calls EnumVMs, SetVMIconStatus and FindCurrentVM. This is the Dreamcast VM capacity/selection dialogue path; Complete SaveValid retail0x577360 and OnDeleteFile retail0x58dfb0 operate on games-directory files.
singleselectionwindow.cpp	VMLoadFile	9328	DC 0x146564 loads via IFlashFile virtual methods and Buffer after enumerating up to eight IFlashDevice pointers. Complete reads disk saves and high scores directly; highScoreManager::open retail0x4e90a0 uses CRT _open/_read/_close.
singleselectionwindow.cpp	VMDeleteFile	9420	DC 0x146814 deletes through flash-device virtual calls with FSDEVICEDESC. Complete OnDeleteFile retail0x58dfb0 changes to games and calls DeleteFileA; no flash device descriptor or VM enumeration is involved.
singleselectionwindow.cpp	VMSaveHiscore	9465	DC 0x146994 writes high-score data through VM FSFILEDESC/FSDEVICEDESC and flash virtual calls. Complete writeHighScores expands in AddScoreToHighScore retail0x4e91d0, using the DATA-directory score filename and CRT _open with create/truncate/write flags, _write and _close.
singleselectionwindow.cpp	FindFileOnVMS	9542	DC 0x146bfc searches VM devices and holds an IFlashFile pointer; LoadCompleteVMFile is its recorded caller. Complete save loading addresses disk filenames directly and has no cross-VM multipart search.
singleselectionwindow.cpp	LoadCompleteVMFile	9571	DC 0x146c88 assembles a save from VM parts using Buffer, FindFileOnVMS, VMLoadFile and EnumVMs. Complete game save-header loading reads one disk save file; its selection header enumeration retains filesystem FILETIME rather than VM-part metadata.
singleselectionwindow.cpp	GetDateTime	9712	DC 0x14727c searches the VM file-enumeration myContext array by filename, then displays its cached date text; this is not a general clock helper. Complete drawBasicMapInfo retail0x5840f0 converts the selected header FILETIME with FileTimeToLocalFileTime/FileTimeToSystemTime and formats month/day/year/hour/minute.
singleselectionwindow.cpp	EnumVMs	9726	DC 0x147350 releases existing device interfaces and calls MapleEnumerateDevices with EnumMapleDevicesCallback. Complete uses Windows/CRT disk-file enumeration and has no Maple bus or IFlashDevice backend.
singleselectionwindow.cpp	TSingleSelectionWindow::MaxPlayers	4219	DC0x13a2f8 derives the advanced-options player-scroll limit from setup.playerPos; DC WindowHandler source6118/6121 compares it with my_index at this+88, then increments that scroll byte. Complete Update retail0x584550 draws all eight player slots directly and WindowHandler0x587d00 has no advanced-options player-scroll branch. This is the smaller Dreamcast viewport UI helper, not a missing general player-count function.
singleselectionwindow.cpp	TSingleSelectionWindow::SendGameHeaders	6990	DC0x140dbc is the old synchronous init/all-headers/end transfer: CGameHeaderInfoInitMsgEx at6991, two-argument CGameHeaderInfoMsg per row at6997, CGameHeaderInfoEndMsg at7001. Complete OnNewPlayerMsg0x589fa0 starts CNewPlayerUpdateMan::newPlayer0x58a280; CNewPlayerUpdateProc::go/tick/finish0x5789f0/0x578a90/0x5795a0 send the initialization, throttled rows with the added list flag, and confirmation-driven end. The DC two-argument row-message interface is removed; do not invent a synchronous desktop implementation or alias it to those distinct retained methods.
event_record.cpp	type_record_shroud::type_record_shroud	912	Provided by current implicit C++ construction/destruction. DC constructor0x8dc24 only constructs type_event_record and the changes vector; destructor0x8f398 only destroys the vector and base. Complete create0x49bc30 expands construction, and retained destructor0x49bc00 (existing VA_COMPGEN IMPLICIT_DTOR) frees the vector then installs the base vtable. No extra written method is required; preserve the canonical implicit members in include/event_record.h.
event_record.cpp	type_record_shroud::~type_record_shroud	913	Provided by current implicit C++ construction/destruction. DC constructor0x8dc24 only constructs type_event_record and the changes vector; destructor0x8f398 only destroys the vector and base. Complete create0x49bc30 expands construction, and retained destructor0x49bc00 (existing VA_COMPGEN IMPLICIT_DTOR) frees the vector then installs the base vtable. No extra written method is required; preserve the canonical implicit members in include/event_record.h.
event_record.h	type_record_move_hero::~type_record_move_hero	85	Provided by the current implicit C++ destructor of type_record_move_hero, not a missing authored body. DC emission 0x8ed00 has one source row and only calls type_event_record::~type_event_record; the class adds scalar fields and needs no manual cleanup. Complete derived vtables0x63de8c..0x63df64 share deleting wrapper0x49a620, which performs the same base cleanup. Keep the implicit definition in include/event_record.h.
event_record.h	type_record_teleport::~type_record_teleport	108	Provided by the current implicit C++ destructor of type_record_teleport, not a missing authored body. DC emission 0x8ed88 has one source row and only calls type_record_move_hero::~type_record_move_hero; the class adds scalar fields and needs no manual cleanup. Complete derived vtables0x63de8c..0x63df64 share deleting wrapper0x49a620, which performs the same base cleanup. Keep the implicit definition in include/event_record.h.
event_record.h	type_record_claim_mine::~type_record_claim_mine	128	Provided by the current implicit C++ destructor of type_record_claim_mine, not a missing authored body. DC emission 0x8ee10 has one source row and only calls type_event_record::~type_event_record; the class adds scalar fields and needs no manual cleanup. Complete derived vtables0x63de8c..0x63df64 share deleting wrapper0x49a620, which performs the same base cleanup. Keep the implicit definition in include/event_record.h.
event_record.h	type_record_claim_town::~type_record_claim_town	149	Provided by the current implicit C++ destructor of type_record_claim_town, not a missing authored body. DC emission 0x8ee98 has one source row and only calls type_record_claim_mine::~type_record_claim_mine; the class adds scalar fields and needs no manual cleanup. Complete derived vtables0x63de8c..0x63df64 share deleting wrapper0x49a620, which performs the same base cleanup. Keep the implicit definition in include/event_record.h.
event_record.h	type_record_hide_boat::~type_record_hide_boat	169	Provided by the current implicit C++ destructor of type_record_hide_boat, not a missing authored body. DC emission 0x8ef20 has one source row and only calls type_event_record::~type_event_record; the class adds scalar fields and needs no manual cleanup. Complete derived vtables0x63de8c..0x63df64 share deleting wrapper0x49a620, which performs the same base cleanup. Keep the implicit definition in include/event_record.h.
event_record.h	type_record_show_boat::~type_record_show_boat	190	Provided by the current implicit C++ destructor of type_record_show_boat, not a missing authored body. DC emission 0x8efd8 has one source row and only calls type_record_hide_boat::~type_record_hide_boat; the class adds scalar fields and needs no manual cleanup. Complete derived vtables0x63de8c..0x63df64 share deleting wrapper0x49a620, which performs the same base cleanup. Keep the implicit definition in include/event_record.h.
event_record.h	type_record_erase::~type_record_erase	214	Provided by the current implicit C++ destructor of type_record_erase, not a missing authored body. DC emission 0x8f078 has one source row and only calls type_event_record::~type_event_record; the class adds scalar fields and needs no manual cleanup. Complete derived vtables0x63de8c..0x63df64 share deleting wrapper0x49a620, which performs the same base cleanup. Keep the implicit definition in include/event_record.h.
event_record.h	type_record_hide_hero::~type_record_hide_hero	238	Provided by the current implicit C++ destructor of type_record_hide_hero, not a missing authored body. DC emission 0x8f100 has one source row and only calls type_event_record::~type_event_record; the class adds scalar fields and needs no manual cleanup. Complete derived vtables0x63de8c..0x63df64 share deleting wrapper0x49a620, which performs the same base cleanup. Keep the implicit definition in include/event_record.h.
event_record.h	type_record_show_hero::~type_record_show_hero	262	Provided by the current implicit C++ destructor of type_record_show_hero, not a missing authored body. DC emission 0x8f1b8 has one source row and only calls type_record_hide_hero::~type_record_hide_hero; the class adds scalar fields and needs no manual cleanup. Complete derived vtables0x63de8c..0x63df64 share deleting wrapper0x49a620, which performs the same base cleanup. Keep the implicit definition in include/event_record.h.
event_record.h	type_record_player_death::~type_record_player_death	286	Provided by the current implicit C++ destructor of type_record_player_death, not a missing authored body. DC emission 0x8f240 has one source row and only calls type_event_record::~type_event_record; the class adds scalar fields and needs no manual cleanup. Complete derived vtables0x63de8c..0x63df64 share deleting wrapper0x49a620, which performs the same base cleanup. Keep the implicit definition in include/event_record.h.
ai_player.cpp	type_scouting_artifact::~type_scouting_artifact	5059	DC0x381ec has only the class-end source row5059 and its base cleanup call type_artifact_effect::~type_artifact_effect. The canonical type_scouting_artifact declaration in include/ai_player.h has scalar-only state and relies on its implicit virtual destructor. Retail derived artifact vtables0x63b6b8..0x63b778 share deleting wrapper0x433080 (VA_COMPGEN SCALAR_DELETING_DTOR type_combat_artifact); its base cleanup is supplied by the existing type_artifact_effect destructor0x432500. This emitted implicit member is supplied by the class hierarchy, not a missing written destructor.
ai_player.cpp	type_combat_artifact::~type_combat_artifact	5075	DC0x38238 has only the class-end source row5075 and its base cleanup call type_artifact_effect::~type_artifact_effect. The canonical type_combat_artifact declaration in include/ai_player.h has scalar-only state and relies on its implicit virtual destructor. Retail derived artifact vtables0x63b6b8..0x63b778 share deleting wrapper0x433080 (VA_COMPGEN SCALAR_DELETING_DTOR type_combat_artifact); its base cleanup is supplied by the existing type_artifact_effect destructor0x432500. This emitted implicit member is supplied by the class hierarchy, not a missing written destructor.
ai_player.cpp	type_might_artifact::~type_might_artifact	5091	DC0x38284 has only the class-end source row5091 and its base cleanup call type_combat_artifact::~type_combat_artifact. The canonical type_might_artifact declaration in include/ai_player.h has scalar-only state and relies on its implicit virtual destructor. Retail derived artifact vtables0x63b6b8..0x63b778 share deleting wrapper0x433080 (VA_COMPGEN SCALAR_DELETING_DTOR type_combat_artifact); its base cleanup is supplied by the existing type_artifact_effect destructor0x432500. This emitted implicit member is supplied by the class hierarchy, not a missing written destructor.
ai_player.cpp	type_power_artifact::~type_power_artifact	5110	DC0x382d0 has only the class-end source row5110 and its base cleanup call type_combat_artifact::~type_combat_artifact. The canonical type_power_artifact declaration in include/ai_player.h has scalar-only state and relies on its implicit virtual destructor. Retail derived artifact vtables0x63b6b8..0x63b778 share deleting wrapper0x433080 (VA_COMPGEN SCALAR_DELETING_DTOR type_combat_artifact); its base cleanup is supplied by the existing type_artifact_effect destructor0x432500. This emitted implicit member is supplied by the class hierarchy, not a missing written destructor.
ai_player.cpp	type_knowledge_artifact::~type_knowledge_artifact	5128	DC0x3831c has only the class-end source row5128 and its base cleanup call type_combat_artifact::~type_combat_artifact. The canonical type_knowledge_artifact declaration in include/ai_player.h has scalar-only state and relies on its implicit virtual destructor. Retail derived artifact vtables0x63b6b8..0x63b778 share deleting wrapper0x433080 (VA_COMPGEN SCALAR_DELETING_DTOR type_combat_artifact); its base cleanup is supplied by the existing type_artifact_effect destructor0x432500. This emitted implicit member is supplied by the class hierarchy, not a missing written destructor.
ai_player.cpp	type_necromancy_artifact::~type_necromancy_artifact	5146	DC0x38368 has only the class-end source row5146 and its base cleanup call type_combat_artifact::~type_combat_artifact. The canonical type_necromancy_artifact declaration in include/ai_player.h has scalar-only state and relies on its implicit virtual destructor. Retail derived artifact vtables0x63b6b8..0x63b778 share deleting wrapper0x433080 (VA_COMPGEN SCALAR_DELETING_DTOR type_combat_artifact); its base cleanup is supplied by the existing type_artifact_effect destructor0x432500. This emitted implicit member is supplied by the class hierarchy, not a missing written destructor.
ai_player.cpp	type_movement_artifact::~type_movement_artifact	5183	DC0x383b4 has only the class-end source row5183 and its base cleanup call type_combat_artifact::~type_combat_artifact. The canonical type_movement_artifact declaration in include/ai_player.h has scalar-only state and relies on its implicit virtual destructor. Retail derived artifact vtables0x63b6b8..0x63b778 share deleting wrapper0x433080 (VA_COMPGEN SCALAR_DELETING_DTOR type_combat_artifact); its base cleanup is supplied by the existing type_artifact_effect destructor0x432500. This emitted implicit member is supplied by the class hierarchy, not a missing written destructor.
ai_player.cpp	type_spellcaster_artifact::~type_spellcaster_artifact	5199	DC0x38400 has only the class-end source row5199 and its base cleanup call type_combat_artifact::~type_combat_artifact. The canonical type_spellcaster_artifact declaration in include/ai_player.h has scalar-only state and relies on its implicit virtual destructor. Retail derived artifact vtables0x63b6b8..0x63b778 share deleting wrapper0x433080 (VA_COMPGEN SCALAR_DELETING_DTOR type_combat_artifact); its base cleanup is supplied by the existing type_artifact_effect destructor0x432500. This emitted implicit member is supplied by the class hierarchy, not a missing written destructor.
ai_player.cpp	type_morale_artifact::~type_morale_artifact	5220	DC0x3844c has only the class-end source row5220 and its base cleanup call type_combat_artifact::~type_combat_artifact. The canonical type_morale_artifact declaration in include/ai_player.h has scalar-only state and relies on its implicit virtual destructor. Retail derived artifact vtables0x63b6b8..0x63b778 share deleting wrapper0x433080 (VA_COMPGEN SCALAR_DELETING_DTOR type_combat_artifact); its base cleanup is supplied by the existing type_artifact_effect destructor0x432500. This emitted implicit member is supplied by the class hierarchy, not a missing written destructor.
ai_player.cpp	type_luck_artifact::~type_luck_artifact	5244	DC0x38498 has only the class-end source row5244 and its base cleanup call type_combat_artifact::~type_combat_artifact. The canonical type_luck_artifact declaration in include/ai_player.h has scalar-only state and relies on its implicit virtual destructor. Retail derived artifact vtables0x63b6b8..0x63b778 share deleting wrapper0x433080 (VA_COMPGEN SCALAR_DELETING_DTOR type_combat_artifact); its base cleanup is supplied by the existing type_artifact_effect destructor0x432500. This emitted implicit member is supplied by the class hierarchy, not a missing written destructor.
ai_player.cpp	type_duration_artifact::~type_duration_artifact	5268	DC0x384e4 has only the class-end source row5268 and its base cleanup call type_power_artifact::~type_power_artifact. The canonical type_duration_artifact declaration in include/ai_player.h has scalar-only state and relies on its implicit virtual destructor. Retail derived artifact vtables0x63b6b8..0x63b778 share deleting wrapper0x433080 (VA_COMPGEN SCALAR_DELETING_DTOR type_combat_artifact); its base cleanup is supplied by the existing type_artifact_effect destructor0x432500. This emitted implicit member is supplied by the class hierarchy, not a missing written destructor.
ai_player.cpp	type_school_artifact::~type_school_artifact	5287	DC0x38530 has only the class-end source row5287 and its base cleanup call type_power_artifact::~type_power_artifact. The canonical type_school_artifact declaration in include/ai_player.h has scalar-only state and relies on its implicit virtual destructor. Retail derived artifact vtables0x63b6b8..0x63b778 share deleting wrapper0x433080 (VA_COMPGEN SCALAR_DELETING_DTOR type_combat_artifact); its base cleanup is supplied by the existing type_artifact_effect destructor0x432500. This emitted implicit member is supplied by the class hierarchy, not a missing written destructor.
ai_player.cpp	type_antimagic_artifact::~type_antimagic_artifact	5349	DC0x3857c has only the class-end source row5349 and its base cleanup call type_artifact_effect::~type_artifact_effect. The canonical type_antimagic_artifact declaration in include/ai_player.h has scalar-only state and relies on its implicit virtual destructor. Retail derived artifact vtables0x63b6b8..0x63b778 share deleting wrapper0x433080 (VA_COMPGEN SCALAR_DELETING_DTOR type_combat_artifact); its base cleanup is supplied by the existing type_artifact_effect destructor0x432500. This emitted implicit member is supplied by the class hierarchy, not a missing written destructor.
ai_player.cpp	type_antimorale_artifact::~type_antimorale_artifact	5381	DC0x385c8 has only the class-end source row5381 and its base cleanup call type_artifact_effect::~type_artifact_effect. The canonical type_antimorale_artifact declaration in include/ai_player.h has scalar-only state and relies on its implicit virtual destructor. Retail derived artifact vtables0x63b6b8..0x63b778 share deleting wrapper0x433080 (VA_COMPGEN SCALAR_DELETING_DTOR type_combat_artifact); its base cleanup is supplied by the existing type_artifact_effect destructor0x432500. This emitted implicit member is supplied by the class hierarchy, not a missing written destructor.
ai_player.cpp	type_antiluck_artifact::~type_antiluck_artifact	5407	DC0x38614 has only the class-end source row5407 and its base cleanup call type_artifact_effect::~type_artifact_effect. The canonical type_antiluck_artifact declaration in include/ai_player.h has scalar-only state and relies on its implicit virtual destructor. Retail derived artifact vtables0x63b6b8..0x63b778 share deleting wrapper0x433080 (VA_COMPGEN SCALAR_DELETING_DTOR type_combat_artifact); its base cleanup is supplied by the existing type_artifact_effect destructor0x432500. This emitted implicit member is supplied by the class hierarchy, not a missing written destructor.
ai_player.cpp	type_tome_artifact::~type_tome_artifact	5435	DC0x38660 has only the class-end source row5435 and its base cleanup call type_combat_artifact::~type_combat_artifact. The canonical type_tome_artifact declaration in include/ai_player.h has scalar-only state and relies on its implicit virtual destructor. Retail derived artifact vtables0x63b6b8..0x63b778 share deleting wrapper0x433080 (VA_COMPGEN SCALAR_DELETING_DTOR type_combat_artifact); its base cleanup is supplied by the existing type_artifact_effect destructor0x432500. This emitted implicit member is supplied by the class hierarchy, not a missing written destructor.
ai_player.cpp	type_income_artifact::~type_income_artifact	5480	DC0x386ac has only the class-end source row5480 and its base cleanup call type_artifact_effect::~type_artifact_effect. The canonical type_income_artifact declaration in include/ai_player.h has scalar-only state and relies on its implicit virtual destructor. Retail derived artifact vtables0x63b6b8..0x63b778 share deleting wrapper0x433080 (VA_COMPGEN SCALAR_DELETING_DTOR type_combat_artifact); its base cleanup is supplied by the existing type_artifact_effect destructor0x432500. This emitted implicit member is supplied by the class hierarchy, not a missing written destructor.
ai_player.cpp	type_creature_growth_artifact::~type_creature_growth_artifact	5498	DC0x386f8 has only the class-end source row5498 and its base cleanup call type_artifact_effect::~type_artifact_effect. The canonical type_creature_growth_artifact declaration in include/ai_player.h has scalar-only state and relies on its implicit virtual destructor. Retail derived artifact vtables0x63b6b8..0x63b778 share deleting wrapper0x433080 (VA_COMPGEN SCALAR_DELETING_DTOR type_combat_artifact); its base cleanup is supplied by the existing type_artifact_effect destructor0x432500. This emitted implicit member is supplied by the class hierarchy, not a missing written destructor.
game.cpp	game::LoadPlayerData	1668	Superseded DC interface; reviewed Complete counterpart src/game.cpp game::loadPlayerData. Complete adds saveVersion to DC LoadPlayerData (game.cpp:1668, dc 0xa5998). Retail game::load (0x4bcda0) +0x51f pushes the snapshot version and stream before playerData::load; eight records, stride0x168. Preserve the canonical ordinary helper and its source call; no retained helper VA is claimed.
game.cpp	game::LoadHeroPool	1760	Superseded DC interface; reviewed Complete counterpart src/game.cpp game::loadHeroPool. Complete adds saveVersion to DC LoadHeroPool (game.cpp:1760, dc 0xa5bf4). Retail game::load (0x4bcda0) +0x622 selects128 or156 heroes at version25 and +0x658 pushes the version and stream before hero::load; stride0x492. Preserve the canonical ordinary helper and its source call; no retained helper VA is claimed.
inputmgr.cpp	inputManager::FocusTheWidget	274	Dreamcast spatial focus navigation, dc 0xdcc4c: FocusTheWidget selects neighboring widget rectangles through CheckLeft/Right/Up/Down and moves the console pointer. Complete's mouseMessageHandler0x4ec290 obtains coordinates directly from WM_MOUSE messages; its inputManager::Main0x4ec560 is the retained empty manager body. The large FocusTheWidget and four directional scans are absent between the retained input handlers and Open0x4ec4d0; their console controller dispatch is retired with DC_input.cxx, not copied into the native handler.
inputmgr.cpp	inputManager::CheckLeft	523	Dreamcast spatial focus navigation, dc 0xdd438: FocusTheWidget selects neighboring widget rectangles through CheckLeft/Right/Up/Down and moves the console pointer. Complete's mouseMessageHandler0x4ec290 obtains coordinates directly from WM_MOUSE messages; its inputManager::Main0x4ec560 is the retained empty manager body. The large FocusTheWidget and four directional scans are absent between the retained input handlers and Open0x4ec4d0; their console controller dispatch is retired with DC_input.cxx, not copied into the native handler.
inputmgr.cpp	inputManager::CheckRight	586	Dreamcast spatial focus navigation, dc 0xdd59c: FocusTheWidget selects neighboring widget rectangles through CheckLeft/Right/Up/Down and moves the console pointer. Complete's mouseMessageHandler0x4ec290 obtains coordinates directly from WM_MOUSE messages; its inputManager::Main0x4ec560 is the retained empty manager body. The large FocusTheWidget and four directional scans are absent between the retained input handlers and Open0x4ec4d0; their console controller dispatch is retired with DC_input.cxx, not copied into the native handler.
inputmgr.cpp	inputManager::CheckUp	650	Dreamcast spatial focus navigation, dc 0xdd704: FocusTheWidget selects neighboring widget rectangles through CheckLeft/Right/Up/Down and moves the console pointer. Complete's mouseMessageHandler0x4ec290 obtains coordinates directly from WM_MOUSE messages; its inputManager::Main0x4ec560 is the retained empty manager body. The large FocusTheWidget and four directional scans are absent between the retained input handlers and Open0x4ec4d0; their console controller dispatch is retired with DC_input.cxx, not copied into the native handler.
inputmgr.cpp	inputManager::CheckDown	714	Dreamcast spatial focus navigation, dc 0xdd840: FocusTheWidget selects neighboring widget rectangles through CheckLeft/Right/Up/Down and moves the console pointer. Complete's mouseMessageHandler0x4ec290 obtains coordinates directly from WM_MOUSE messages; its inputManager::Main0x4ec560 is the retained empty manager body. The large FocusTheWidget and four directional scans are absent between the retained input handlers and Open0x4ec4d0; their console controller dispatch is retired with DC_input.cxx, not copied into the native handler.
inputmgr.cpp	VRKeyboard::VRKeyboard	1169	Dreamcast on-screen keyboard, dc 0xde0e8: the CAdvPopup-derived VRKeyboard constructor creates character textButtons and an edit display, and WindowHandler dispatches those widget selections. Complete's textEntryWidget handles physical keyboard input in OnKeyPress0x5bac50 through inputManager::AsciiConvert0x4ec6f0; inputmgr's retained band ends at ForceMouseMove0x4ecc00 without the VRKeyboard popup/vtable family. This separate console keyboard class is retired.
inputmgr.cpp	VRKeyboard::~VRKeyboard	1225	Dreamcast on-screen keyboard, dc 0xded30: the CAdvPopup-derived VRKeyboard constructor creates character textButtons and an edit display, and WindowHandler dispatches those widget selections. Complete's textEntryWidget handles physical keyboard input in OnKeyPress0x5bac50 through inputManager::AsciiConvert0x4ec6f0; inputmgr's retained band ends at ForceMouseMove0x4ecc00 without the VRKeyboard popup/vtable family. This separate console keyboard class is retired.
inputmgr.cpp	VRKeyboard::WindowHandler	1231	Dreamcast on-screen keyboard, dc 0xded94: the CAdvPopup-derived VRKeyboard constructor creates character textButtons and an edit display, and WindowHandler dispatches those widget selections. Complete's textEntryWidget handles physical keyboard input in OnKeyPress0x5bac50 through inputManager::AsciiConvert0x4ec6f0; inputmgr's retained band ends at ForceMouseMove0x4ecc00 without the VRKeyboard popup/vtable family. This separate console keyboard class is retired.
dc_input.cxx	DIEnumDeviceObjectsProc	95	Dreamcast controller backend, dc 0x7ec4c: DIThread polls ReadDirectInputDevices; CreateDirectInput calls DirectInputCreateW and timeSetEvent, device enumeration configures IDirectInputDeviceW, and the reader translates DIJOYSTATE into SendMessageW events. Complete receives native keyboard/mouse messages in 0x4ec0e0/0x4ec290 through AppWndProc, has no DINPUT import or DirectInput creation string, and retains no controller-polling backend. This exact console backend procedure is outside Complete's input path.
dc_input.cxx	DIThread	143	Dreamcast controller backend, dc 0x7ec88: DIThread polls ReadDirectInputDevices; CreateDirectInput calls DirectInputCreateW and timeSetEvent, device enumeration configures IDirectInputDeviceW, and the reader translates DIJOYSTATE into SendMessageW events. Complete receives native keyboard/mouse messages in 0x4ec0e0/0x4ec290 through AppWndProc, has no DINPUT import or DirectInput creation string, and retains no controller-polling backend. This exact console backend procedure is outside Complete's input path.
dc_input.cxx	DInputDeviceEnumCallback	169	Dreamcast controller backend, dc 0x7ecac: DIThread polls ReadDirectInputDevices; CreateDirectInput calls DirectInputCreateW and timeSetEvent, device enumeration configures IDirectInputDeviceW, and the reader translates DIJOYSTATE into SendMessageW events. Complete receives native keyboard/mouse messages in 0x4ec0e0/0x4ec290 through AppWndProc, has no DINPUT import or DirectInput creation string, and retains no controller-polling backend. This exact console backend procedure is outside Complete's input path.
dc_input.cxx	CreateDirectInput	231	Dreamcast controller backend, dc 0x7ed6c: DIThread polls ReadDirectInputDevices; CreateDirectInput calls DirectInputCreateW and timeSetEvent, device enumeration configures IDirectInputDeviceW, and the reader translates DIJOYSTATE into SendMessageW events. Complete receives native keyboard/mouse messages in 0x4ec0e0/0x4ec290 through AppWndProc, has no DINPUT import or DirectInput creation string, and retains no controller-polling backend. This exact console backend procedure is outside Complete's input path.
dc_input.cxx	DestroyDirectInput	339	Dreamcast controller backend, dc 0x7ee64: DIThread polls ReadDirectInputDevices; CreateDirectInput calls DirectInputCreateW and timeSetEvent, device enumeration configures IDirectInputDeviceW, and the reader translates DIJOYSTATE into SendMessageW events. Complete receives native keyboard/mouse messages in 0x4ec0e0/0x4ec290 through AppWndProc, has no DINPUT import or DirectInput creation string, and retains no controller-polling backend. This exact console backend procedure is outside Complete's input path.
dc_input.cxx	ReadDirectInputDevices	431	Dreamcast controller backend, dc 0x7eeec: DIThread polls ReadDirectInputDevices; CreateDirectInput calls DirectInputCreateW and timeSetEvent, device enumeration configures IDirectInputDeviceW, and the reader translates DIJOYSTATE into SendMessageW events. Complete receives native keyboard/mouse messages in 0x4ec0e0/0x4ec290 through AppWndProc, has no DINPUT import or DirectInput creation string, and retains no controller-polling backend. This exact console backend procedure is outside Complete's input path.
adventuremapwindow.cpp	TAdventureMapWindow::SleepAllWidgets	52	Changed class/interface in Complete, not an unimplemented identical helper. Complete generalizes sleeping into heroWindow and supplies an adventure-window mouse-effect override. DC heroWindow's full type 0x101c is 68 bytes and has no sleep counter/member; TAdventureMapWindow's full type 0x3048 instead owns ordinary SleepAllWidgets. DC 0x370 walks Widgets and directly calls widget::sleep at 0x39a. This changed class boundary is not an identical derived wrapper merely inlined away. CallManager 0x4b0c70 calls this ECX base-window member at 0x4b0cbe with 1 and at 0x4b0d3a/0x4b0df5 with 0. Retail reads the unsigned-byte stack argument at 0x5ff5b3 and adjusts this+0x48. The first increment from zero calls vtable+0x20 at 0x5ff5cb with 1; decrement to zero calls it at 0x5ff5dc with 0. It returns with ret 4. Keep the new base owner and its retained 0x5ff5b0 body.
army.cpp	army::FreeResources	477	DC0x4424c owns raw CSprite/sample pointers: after IsQuickCombat it Dispose/zeros two sprites and eight samples; its sole caller is combatManager::FreeArmies0x5e3d8. Complete replaces these pointers by TResourceHandle members: copy constructor0x437a00 increments each resource reference, while army::~army0x43d400 invokes the eight-element destructor iterator at+0x170 and virtual Dispose for+0x168/+0x164. FreeArmies survives as0x4639e0 with only StopAllSamples(1); Close0x463260 and DoVictory0x477470 likewise have no per-army release loop. The raw-owner release API was retired when resource cleanup moved to member lifetimes; the owning source records this change.
singleselectionpopups.h	CSingleSelPopup::~CSingleSelPopup	70	DC0x5add0 has only class-end line70 and TDialogBox::~TDialogBox. The canonical CSingleSelPopup class adds a scalar mode byte and relies on its implicit destructor. Complete derived popup deleting wrappers0x5754c0/0x575e30 share implicit teardown0x576530 (CTeamAlignmentDlg VA_COMPGEN), a five-byte jump to TDialogBox::~TDialogBox0x48fe90. The class hierarchy supplies this emitted base member; there is no missing written body.
hiscore.cpp	CHighScoreEdit::~CHighScoreEdit	256	DC0xd8ea4 has only class-end line256 and textEntryWidget::~textEntryWidget. Canonical CHighScoreEdit adds two non-owning edit links and no written destructor. Retail constructor0x4e96a0 installs vtable0x63ebf4; slot0 is shared deleting wrapper0x57cd90, which calls implicit teardown0x472890 and its textEntryWidget base destructor. The class declaration supplies this emitted member.
multiplayerwindow.cpp	CMultiPlayerWindowEdit::~CMultiPlayerWindowEdit	156	DC0x101f1c has only class-end line156 and textEntryWidget::~textEntryWidget. The canonical CMultiPlayerWindowEdit adds no fields or written destructor. Retail vtable0x640054 uses shared deleting wrapper0x57cd90, whose cleanup call is implicit teardown0x472890 followed by the textEntryWidget base destructor. The class declaration already supplies this emitted member.
multiplayerwindow.cpp	CMPEdit::~CMPEdit	339	DC0x1021f8 has only class-end line339 and textEntryWidget::~textEntryWidget. Canonical CMPEdit adds two non-owning focus links and no written destructor. Retail constructor0x510760 installs vtable0x640184; slot0 is deleting wrapper0x57d100, which calls shared implicit teardown0x472890 and its textEntryWidget base destructor. The class declaration already supplies this emitted member.
multiplayerwindow.cpp	CMPInputEdit::~CMPInputEdit	384	DC0x1022dc has only class-end line384 and CMPEdit::~CMPEdit. Canonical CMPInputEdit adds no state or written destructor. Retail constructor0x511cd0 installs vtable0x640130; slot0 is deleting wrapper0x57d100, whose cleanup folds to implicit teardown0x472890 and its textEntryWidget base destructor. The source class hierarchy already supplies this emitted member.
sacrifice_window.cpp	type_transformer_slot::~type_transformer_slot	1894	DC0x128764 has only class-end line1894 and iconWidget::~iconWidget. Canonical type_transformer_slot adds two scalar fields and relies on its implicit destructor. Complete owns this emitted member at0x5654b0 under the existing VA_COMPGEN IMPLICIT_DTOR annotation; its body tail-jumps to iconWidget::~iconWidget. Vtable0x64165c uses deleting wrapper0x55fd70 calling that teardown. There is no missing written destructor.
swapmgr.cpp	CSwapManagerChatEdit::~CSwapManagerChatEdit	201	DC0x15f198 has only class-end line201 and CGameChatEdit::~CGameChatEdit. Canonical CSwapManagerChatEdit adds no state or written destructor. Retail TSwapWindow constructor0x5aaa80 installs its chat editor vtable0x642350 after CChatEdit construction; slot0 is deleting wrapper0x57d100, which calls implicit teardown0x472890 and its textEntryWidget base destructor. The source class hierarchy supplies this emitted member.
university_window.cpp	type_university_skill_button::~type_university_skill_button	68	DC0x18fb18 has only class-end line68 and iconWidget::~iconWidget. Canonical type_university_skill_button adds scalar click/skill fields and relies on its implicit destructor. Retail vtable0x643ba0 uses its existing VA_COMPGEN deleting wrapper0x5ef460, which calls shared implicit teardown0x5654b0; that five-byte body tail-jumps to iconWidget::~iconWidget. The source class already supplies this emitted member.
creature_bank.cpp	type_creature_bank_traits::~type_creature_bank_traits	25	DC0x71514 has only class-end line25 and its std::string member destructor. Canonical type_creature_bank_traits contains one name string at+0 and scalar creature-bank levels, with no written destructor. Retail array initializer0x47aa80 passes constructor0x47aad0 and destructor0x4fca60 to the eleven-element0x190-stride iterator over0x695038; atexit0x47aab0 passes the same destructor. The latter is the shared string-only teardown already owned as TreasureData VA_COMPGEN IMPLICIT_DTOR. The canonical class members supply this emitted destructor.
multiplayerwindow.cpp	CHeroSessions::~CHeroSessions	1000	DC0x10303c has only class-end line1000 and CAutoArray<CDPlaySession>::~CAutoArray. Canonical CHeroSessions has no additional fields or written destructor. Complete owns its implicit destructor at0x558350 under VA_COMPGEN IMPLICIT_DTOR; it performs the base owning-array teardown (virtual Get and delete for each element, then array storage deletion/reset), and deleting wrapper0x50ede0 calls it. The source hierarchy already supplies this emitted member.
adventuremapwindow.cpp	TAdvMenu::TAdvMenu	1307	Retired Dreamcast modal adventure-menu interface; Complete owns the controls directly in TAdventureMapWindow. DC0x1284 constructs a separate CAdvPopup and its button/widget vector. Complete0x401510 constructs these buttons directly in TAdventureMapWindow (vtable0x63a5e4); advManager::open0x406fd0 owns that persistent window. See owning source comment; this is a platform/class-interface disposition, not evidence that its gameplay operation is absent.
adventuremapwindow.cpp	TAdvMenu::InitAdvMenu	1448	Retired Dreamcast modal adventure-menu interface; Complete owns the controls directly in TAdventureMapWindow. DC0x198c initializes the separate modal menu through palette, locator and button helpers. Complete initializes the persistent adventure window in0x401510 and updates its buttons at0x403f60; no separate TAdvMenu lifetime is used. See owning source comment; this is a platform/class-interface disposition, not evidence that its gameplay operation is absent.
adventuremapwindow.cpp	TAdvMenu::~TAdvMenu	1475	Retired Dreamcast modal adventure-menu interface; Complete owns the controls directly in TAdventureMapWindow. DC0x1a40 explicitly deletes the modal widget vector and releases cached sprites before CAdvPopup teardown. Complete destroys the persistent TAdventureMapWindow at0x402b10; its own widget/resource members own that cleanup. See owning source comment; this is a platform/class-interface disposition, not evidence that its gameplay operation is absent.
adventuremapwindow.cpp	TAdvMenu::WindowHandler	1486	Retired Dreamcast modal adventure-menu interface; Complete owns the controls directly in TAdventureMapWindow. DC0x1ab8 dispatches the modal menu through ProcessAdvMenu and CAdvPopup::WindowHandler. Complete dispatches persistent map-window input through advManager::main0x4087b0, doAdvCommand0x407b80 and processKeyPress0x408c40. See owning source comment; this is a platform/class-interface disposition, not evidence that its gameplay operation is absent.
adventuremapwindow.cpp	TAdvMenu::UpdateHeroLocator	1706	Retired Dreamcast modal adventure-menu interface; Complete owns the controls directly in TAdventureMapWindow. Complete persistent-window counterpart TAdventureMapWindow::updateHeroLocator is retained at0x403560. See owning source comment; this is a platform/class-interface disposition, not evidence that its gameplay operation is absent.
adventuremapwindow.cpp	TAdvMenu::UpdateHeroLocators	1782	Retired Dreamcast modal adventure-menu interface; Complete owns the controls directly in TAdventureMapWindow. Complete persistent-window counterpart TAdventureMapWindow::updateHeroLocators is retained at0x4032e0. See owning source comment; this is a platform/class-interface disposition, not evidence that its gameplay operation is absent.
adventuremapwindow.cpp	TAdvMenu::UpdateTownLocator	1842	Retired Dreamcast modal adventure-menu interface; Complete owns the controls directly in TAdventureMapWindow. Complete persistent-window counterpart TAdventureMapWindow::updateTownLocator is retained at0x4037a0. See owning source comment; this is a platform/class-interface disposition, not evidence that its gameplay operation is absent.
adventuremapwindow.cpp	TAdvMenu::UpdateTownLocators	1885	Retired Dreamcast modal adventure-menu interface; Complete owns the controls directly in TAdventureMapWindow. Complete persistent-window counterpart TAdventureMapWindow::updateTownLocators is retained at0x403420. See owning source comment; this is a platform/class-interface disposition, not evidence that its gameplay operation is absent.
adventuremapwindow.cpp	TAdvMenu::HighlightLocators	1942	Retired Dreamcast modal adventure-menu interface; Complete owns the controls directly in TAdventureMapWindow. Complete persistent-window counterpart TAdventureMapWindow::highlightLocators is retained at0x4038c0. See owning source comment; this is a platform/class-interface disposition, not evidence that its gameplay operation is absent.
adventuremapwindow.cpp	TAdvMenu::DoHeroKnob	1978	Retired Dreamcast modal adventure-menu interface; Complete owns the controls directly in TAdventureMapWindow. Complete persistent-window counterpart TAdventureMapWindow::doHeroKnob is retained at0x403220. See owning source comment; this is a platform/class-interface disposition, not evidence that its gameplay operation is absent.
adventuremapwindow.cpp	TAdvMenu::DoTownKnob	1996	Retired Dreamcast modal adventure-menu interface; Complete owns the controls directly in TAdventureMapWindow. Complete persistent-window counterpart TAdventureMapWindow::doTownKnob is retained at0x403280. See owning source comment; this is a platform/class-interface disposition, not evidence that its gameplay operation is absent.
adventuremapwindow.cpp	TAdvMenu::SetElevationToggleImage	2014	Retired Dreamcast modal adventure-menu interface; Complete owns the controls directly in TAdventureMapWindow. Complete persistent-window counterpart TAdventureMapWindow::setElevationToggleImage is retained at0x403c40. See owning source comment; this is a platform/class-interface disposition, not evidence that its gameplay operation is absent.
adventuremapwindow.cpp	TAdvMenu::UpdateSpellButton	2038	Retired Dreamcast modal adventure-menu interface; Complete owns the controls directly in TAdventureMapWindow. Complete persistent-window counterpart TAdventureMapWindow::updateSpellButton is retained at0x403bf0. See owning source comment; this is a platform/class-interface disposition, not evidence that its gameplay operation is absent.
adventuremapwindow.cpp	TAdvMenu::SetSleepImage	2056	Retired Dreamcast modal adventure-menu interface; Complete owns the controls directly in TAdventureMapWindow. Complete persistent-window counterpart TAdventureMapWindow::setSleepImage is retained at0x403cc0. Its own DC counterpart0x118c stays paired; the additional TAdvMenu method0x2a74 is not a second retail function. See owning source comment; this is a platform/class-interface disposition, not evidence that its gameplay operation is absent.
adventuremapwindow.cpp	TAdvMenu::UpdateSleepButton	2082	Retired Dreamcast modal adventure-menu interface; Complete owns the controls directly in TAdventureMapWindow. Complete persistent-window counterpart TAdventureMapWindow::updateSleepButton is retained at0x403ba0. See owning source comment; this is a platform/class-interface disposition, not evidence that its gameplay operation is absent.
adventuremapwindow.cpp	TAdvMenu::UpdateQuestLogButton	2099	Retired Dreamcast modal adventure-menu interface; Complete owns the controls directly in TAdventureMapWindow. Complete persistent-window counterpart TAdventureMapWindow::updateQuestLogButton is retained at0x4039b0. See owning source comment; this is a platform/class-interface disposition, not evidence that its gameplay operation is absent.
adventuremapwindow.cpp	TAdvMenu::CheckDimNextHeroBut	2132	Retired Dreamcast modal adventure-menu interface; Complete owns the controls directly in TAdventureMapWindow. Complete advManager::checkDimNextHeroBut0x419450 updates the persistent adventure-window button; its own DC counterpart remains paired. See owning source comment; this is a platform/class-interface disposition, not evidence that its gameplay operation is absent.
advmgr.cpp	advManager::ProcessAdvMenu	2031	Retired Dreamcast modal adventure-menu interface; Complete owns the controls directly in TAdventureMapWindow. DC0x9614 is called from TAdvMenu::WindowHandler to dispatch the separate modal button panel. Complete persistent-map input uses advManager::main0x4087b0, doAdvCommand0x407b80 and processKeyPress0x408c40. See owning source comment; this is a platform/class-interface disposition, not evidence that its gameplay operation is absent.
advmgr.cpp	advManager::DoAdvMenu	11352	Retired Dreamcast modal adventure-menu interface; Complete owns the controls directly in TAdventureMapWindow. DC0x1e598 has local TAdvMenu AdvMenu, constructs it at11357, calls DoModal at11358 and destroys it at11359. Complete owns these controls in the persistent TAdventureMapWindow constructed at0x401510 and installed by advManager::open0x406fd0. See owning source comment; this is a platform/class-interface disposition, not evidence that its gameplay operation is absent.
townmgr.cpp	townManager::SetCommandAndText2	3681	Retired Dreamcast modal town-menu interface; Complete uses the persistent TTownScreenWindow/manager. DC0x16ceb4 is the alternate message decoder called by TTownMenu::WindowHandler0x178638. Complete main0x5d3240 dispatches its persistent-screen widgets through setCommandAndText0x5c77a0; the existing SetCommandAndText DC counterpart is retained separately. See owning source comment; this is a platform/class-interface disposition, not evidence that its gameplay operation is absent.
townmgr.cpp	TTownMenu::TTownMenu	6966	Retired Dreamcast modal town-menu interface; Complete uses the persistent TTownScreenWindow/manager. DC0x1770bc constructs a separate CAdvPopup menu with a widget vector and SetupStrips. Complete townManager::open0x5c63c0 owns TTownScreenWindow; townManager::setupTown0x5c6870 builds the persistent panorama and calls its own newStrips0x5c6e10. See owning source comment; this is a platform/class-interface disposition, not evidence that its gameplay operation is absent.
townmgr.cpp	TTownMenu::~TTownMenu	7040	Retired Dreamcast modal town-menu interface; Complete uses the persistent TTownScreenWindow/manager. DC0x1785c8 explicitly deletes modal widgets, releases cached sprites and destroys CAdvPopup. Complete townManager::unloadTown0x5c70b0 deletes its two strips and panorama objects owned by the persistent town window. See owning source comment; this is a platform/class-interface disposition, not evidence that its gameplay operation is absent.
townmgr.cpp	TTownMenu::WindowHandler	7048	Retired Dreamcast modal town-menu interface; Complete uses the persistent TTownScreenWindow/manager. DC0x178638 calls the alternate SetCommandAndText2 and DoCommand from a modal menu, then draws its strips. Complete townManager::main0x5d3240 calls setCommandAndText0x5c77a0 and doCommand0x5d4c10 for the persistent town screen. See owning source comment; this is a platform/class-interface disposition, not evidence that its gameplay operation is absent.
townmgr.cpp	TTownMenu::SetupStrips	7110	Retired Dreamcast modal town-menu interface; Complete uses the persistent TTownScreenWindow/manager. DC0x178760 broadcasts menu palette changes and calls TTownMenu::NewStrips. Complete townManager::setupTown0x5c6870 updates the persistent town window and calls townManager::newStrips0x5c6e10. See owning source comment; this is a platform/class-interface disposition, not evidence that its gameplay operation is absent.
townmgr.cpp	TTownMenu::NewStrips	7133	Retired Dreamcast modal town-menu interface; Complete uses the persistent TTownScreenWindow/manager. DC0x1787e0 creates garrison and visiting-hero strips attached to the modal TTownMenu. Complete townManager::newStrips0x5c6e10 attaches those strips to m_townWindow at manager+0x118; unloadTown0x5c70b0 owns their cleanup. The separate townManager DC counterpart0x16c0e4 remains paired. See owning source comment; this is a platform/class-interface disposition, not evidence that its gameplay operation is absent.
game.cpp	game::set_weekly_recruits	8308	Complete changes DC set_weekly_recruits(recruits, alignment), game.cpp:8308 dc 0xb3e60, to a player index: 0x4c8458 reads [ebp+8], 0x4c845e..0x4c8467 forms receiver+0x20ad0+0x168*playerPos, and 0x4c8484 walks its two recruit ids at +0x28. Tutorial class selection, backpack equip, mana and army reset identify the weekly helper; ret 4 at 0x4c8695 proves its one argument. The nullary set_recruits wrapper survives expanded in NewMap and PerWeek.
customcampaign.h	TArtifactRequirement::TArtifactRequirement	95	DC0xbcd20 calls init for its 8-byte artifact/guard record; these are the two members constructed at trait+16 and+24 by DC0xbcd58. Complete replaces DC SCampaign::map_traits[8][32] (DC member offset1408, 36-byte entries) with the 0x7c-byte SCampaign and dynamically read ScenarioStruct records. Retail ScenarioStruct::read 0x487e40 reads five retention flags and crossover bitsets; SCampaign owns vector hero/artifact pools and vector CampaignScenarioInfo, with no embedded fixed trait/requirement array. Owning evidence: include/customcampaign.h.
customcampaign.h	TArtifactRequirement::init	102	DC0xbcd40 stores artifact=-1 at+0 and guard_bit=0 at+4 in the old fixed campaign requirement record. Complete replaces DC SCampaign::map_traits[8][32] (DC member offset1408, 36-byte entries) with the 0x7c-byte SCampaign and dynamically read ScenarioStruct records. Retail ScenarioStruct::read 0x487e40 reads five retention flags and crossover bitsets; SCampaign owns vector hero/artifact pools and vector CampaignScenarioInfo, with no embedded fixed trait/requirement array. Owning evidence: include/customcampaign.h.
customcampaign.h	TArtifactRequirement::set	108	DC0x7ea10 assigns artifact at+0 and guard_bit at+4; its callers are the old fixed trait init/set routines. Complete replaces DC SCampaign::map_traits[8][32] (DC member offset1408, 36-byte entries) with the 0x7c-byte SCampaign and dynamically read ScenarioStruct records. Retail ScenarioStruct::read 0x487e40 reads five retention flags and crossover bitsets; SCampaign owns vector hero/artifact pools and vector CampaignScenarioInfo, with no embedded fixed trait/requirement array. Owning evidence: include/customcampaign.h.
customcampaign.h	TCustomCampaignTraits::TCustomCampaignTraits	135	DC0xbcd58 constructs two TArtifactRequirement elements at+16 with stride8 then calls trait init; this object belongs to the removed fixed campaign table. Complete replaces DC SCampaign::map_traits[8][32] (DC member offset1408, 36-byte entries) with the 0x7c-byte SCampaign and dynamically read ScenarioStruct records. Retail ScenarioStruct::read 0x487e40 reads five retention flags and crossover bitsets; SCampaign owns vector hero/artifact pools and vector CampaignScenarioInfo, with no embedded fixed trait/requirement array. Owning evidence: include/customcampaign.h.
customcampaign.cpp	TCustomCampaignTraits::init	29	DC0x7cc8c sets exp_cap=INT_MAX, clears hero counts/pool indices/positions/difficulty, and resets two artifact requirements. Complete replaces DC SCampaign::map_traits[8][32] (DC member offset1408, 36-byte entries) with the 0x7c-byte SCampaign and dynamically read ScenarioStruct records. Retail ScenarioStruct::read 0x487e40 reads five retention flags and crossover bitsets; SCampaign owns vector hero/artifact pools and vector CampaignScenarioInfo, with no embedded fixed trait/requirement array. Owning evidence: include/customcampaign.h.
customcampaign.cpp	TCustomCampaignTraits::set	55	DC0x7cccc assigns the old trait exp cap, hero counts, carryover pool selectors, two required-artifact/guard pairs, positions and difficulty. Complete replaces DC SCampaign::map_traits[8][32] (DC member offset1408, 36-byte entries) with the 0x7c-byte SCampaign and dynamically read ScenarioStruct records. Retail ScenarioStruct::read 0x487e40 reads five retention flags and crossover bitsets; SCampaign owns vector hero/artifact pools and vector CampaignScenarioInfo, with no embedded fixed trait/requirement array. Owning evidence: include/customcampaign.h.
customcampaign.cpp	InitCampaignMapTraits	70	DC0x7cd4c first initializes the 8x32 trait array then supplies hard-coded scenario trait rows via TCustomCampaignTraits::set. Complete replaces DC SCampaign::map_traits[8][32] (DC member offset1408, 36-byte entries) with the 0x7c-byte SCampaign and dynamically read ScenarioStruct records. Retail ScenarioStruct::read 0x487e40 reads five retention flags and crossover bitsets; SCampaign owns vector hero/artifact pools and vector CampaignScenarioInfo, with no embedded fixed trait/requirement array. Owning evidence: include/customcampaign.h.
customcampaign.h	SCampaign::GetExpCap	225	DC0xd5944 reads the exp-cap dword in map_traits[currentCampaign][currentMap], with 36-byte scenario stride. Retail hero::giveExperience0x4e33b0 instead tests NewSMapHeader::m_maxHeroLevel and calls getExperience to convert that map-defined level; Complete SCampaign has no fixed trait table. See include/customcampaign.h.
game.cpp	game::mark_campaign_map_won	11884	DC0xbc384 writes current turn, won flag and score to three fixed campaign/map-indexed arrays. Complete SCampaign::completeCurrentMap0x489820 receives the campaign header, obtains vector<CampaignScenarioInfo>[currentMap], skips already completed records, records days/score/order and manages dynamic crossover pools. oldmain calls this SCampaign member directly. The old nullary game interface and fixed-array owner are replaced; see include/customcampaign.h.
game.cpp	hero_power	3275	DC0xa8ba0 sums hero::getPrimarySkillTotal and28 signed secondary-skill levels. The exact operation survives as ordinary heroPower in src/customcampaign.cpp at retail0x483f50, with Original source bridge; Complete moved the campaign sort helper to its dynamic crossover-pool owner. See the paired win_only TU-move row.
game.cpp	compare_heroes	3288	DC0xa8c6c accepts two const void* hero addresses and returns an int qsort difference by score then experience. Complete SCampaign::pruneCrossoverHeroes0x489e20 uses std::sort and CrossoverHeroStronger::operator()0x483f80, a bool predicate on hero references that adds hero ID on an experience tie. The changed sort contract and canonical surviving score helper are documented in src/customcampaign.cpp; no duplicate qsort adapter is required.
game.cpp	initialize_hero	9912	DC static free helper0xb6c84 accepts hero* plus const HeroExtra*. Complete moved the setup operation to hero::initialize(const HeroExtra*)0x4d8b30: ECX receiver, ret4, two calls from game::processOnMapHeroes0x4cae10. Location/owner/ID, custom skills/army/artifacts, experience, mana and mobility identify the operation; expanded HeroExtra adds primary skills/spells/custom name/sex and dynamic SCampaign replaces fixed trait carryover. Canonical member and Original bridge live in src/hero.cpp; paired win_only row records changed owner/interface.
game.cpp	Buffer::Buffer	348	DC0xa2b5c initializes the20-byte console Buffer, zeros counters/cursor at0/4/12, sets capacity+16 to50000 and allocates payload+8. Complete game::loadGame0x4bf330 constructs TGzFile; TGzFile0x4d6c50 owns a per-stream gz handle, read/write0x4d6d80/0x4d6da0 dispatch to retained gzread0x6066f0/gzwrite0x606930. Those retail zlib bodies call CRT fread/fwrite, replacing the DC global Buffer/modified-zlib VM backend. Owning evidence: src/game.cpp and src/gzfile.cpp.
game.cpp	Buffer::~Buffer	356	DC0xa2b98 explicitly deletes the payload at Buffer+8; its scalar-deleting wrapper0xbd4fc and VM load/save/hiscore consumers identify this old owner. Complete game::loadGame0x4bf330 constructs TGzFile; TGzFile0x4d6c50 owns a per-stream gz handle, read/write0x4d6d80/0x4d6da0 dispatch to retained gzread0x6066f0/gzwrite0x606930. Those retail zlib bodies call CRT fread/fwrite, replacing the DC global Buffer/modified-zlib VM backend. Owning evidence: src/game.cpp and src/gzfile.cpp.
game.cpp	bufwrite	365	DC0xa2bb4 accesses global saveBuffer, grows payload capacity in50000-byte chunks, copies prior bytes, appends at cursor+4 and advances it; DC gzwrite0x80130 calls this callback. Complete game::loadGame0x4bf330 constructs TGzFile; TGzFile0x4d6c50 owns a per-stream gz handle, read/write0x4d6d80/0x4d6da0 dispatch to retained gzread0x6066f0/gzwrite0x606930. Those retail zlib bodies call CRT fread/fwrite, replacing the DC global Buffer/modified-zlib VM backend. Owning evidence: src/game.cpp and src/gzfile.cpp.
game.cpp	bufread	396	DC0xa2d5c copies size bytes from global saveBuffer payload+8 plus cursor+4, advances cursor and returns size; DC gzread0xc9fd4 calls this callback. Complete game::loadGame0x4bf330 constructs TGzFile; TGzFile0x4d6c50 owns a per-stream gz handle, read/write0x4d6d80/0x4d6da0 dispatch to retained gzread0x6066f0/gzwrite0x606930. Those retail zlib bodies call CRT fread/fwrite, replacing the DC global Buffer/modified-zlib VM backend. Owning evidence: src/game.cpp and src/gzfile.cpp.
game.cpp	game::GetSaveGameHeaders	2806	DC0xa7bec calls the44-byte-format SavedGameHeader::Load0xbcfe4 (ID8, version4, compatibility32), then reads map/setup/campaign/name/player state into game; optional input owns LoadCompleteVMFile/Buffer/uncompress. Complete SavedGameHeader::load0x4bc750 now reads those nested records into its0x5a4-byte value object, including versioned campaign and player fields. game::load0x4bcda0 and selection load that object directly; game::load retains it for later version tests and copies the fields to globals. This is an ownership/interface replacement, documented in src/game.cpp and include/game.h.
game.cpp	DCFileConv	11918	DC0xbc500 rewrites each space to underscore in a mutable asset filename. Its named consumers are DC game::LoadMap0xadb88 and ds_engine::PlayStream0x89640. Complete game::loadMap0x4c2450 receives TAbstractFile* instead of a path; the Miles audio path startMP3/processStopAndPlayMP3 at0x59acb0/0x59a840 copies the original filename and passes it to AIL_open_stream. The console asset-name conversion is absent from these concretely replaced boundaries; see src/game.cpp owning note.
seerhut.h	TSeerHut::GetQuestArtifactName	123	DC0x20260 reads one artifact ID at this+0 and returns its traits name. Complete replaces that field with type_quest*, permits several quest kinds and a vector of required artifacts; type_artifact_quest::getRequirementText0x56f5f0 walks vector+0x44/+0x48, collects every artifact name and calls joinTextList. TSeerHut display methods0x5741b0/0x5743e0 call the virtual quest description. The old single-artifact accessor is replaced by this positively evidenced quest interface; see include/seerhut.h.
seerhut.cpp	TSeerHut::DoProgressDialog	204	DC0x12d238 formats SeerProgressText[textRow] with the hut's single artifact name and calls NormalDialog with artifact picture8. Complete doSeerEvent0x573670 passes the quest pointer as receiver to virtual slots4/5; type_artifact_quest dialog bodies0x56f8a0/0x56fbc0 own the requirement vector and generated/custom progress strings and call extendedDialog. The old hut-owned single-artifact text interface is replaced by the polymorphic quest owner; see src/seerhut.cpp.
seerhut.cpp	TSeerHut::DoAlreadyHaveProposalDialog	210	DC0x12d2e8 offers the reward immediately when a newly proposed artifact is already held; acceptance sets old completion/player bytes, removes that artifact and calls GiveReward, while rejection calls DoRefusalDialog. Complete doSeerEvent0x573670 marks visitation, invokes quest isSatisfied, then uses its canonical doCompletionDialog, quest takePayment slot3 and separate TSeerReward. No old already-have/refusal branch survives that proven flow; see src/seerhut.cpp.
seerhut.cpp	TSeerHut::DoAcceptanceDialog	229	DC0x12d394 only shows SeerAcceptanceText[textRow] in an informational NormalDialog after accepting an unfulfilled single-artifact proposal. Complete0x573670 unconditionally records the visit, tests polymorphic quest satisfaction and returns if unsatisfied; it does not show a second acceptance acknowledgement. The proposal/progress text belongs to quest slots4/5 and the later completion offer is separate. Owning flow note: src/seerhut.cpp.
seerhut.cpp	TSeerHut::DoRefusalDialog	234	DC0x12d3c8 only shows SeerRefusalText[textRow] after rejecting an old proposal or already-have reward prompt. Complete0x573670 checks the completion reply against0x7805/0x7809 and branches straight to its epilogue on rejection; its initial quest text uses virtual slots4/5 without this acknowledgement. The obsolete second-dialog stage is documented in src/seerhut.cpp.
seerhut.cpp	TSeerHut::DoProposalDialog	239	DC0x12d3fc shows one artifact proposal, sets the old player-given bit on acceptance, asks HasArtifact and then chooses DoAlreadyHaveProposalDialog or DoAcceptanceDialog; rejection uses DoRefusalDialog. Complete0x573670 calls polymorphic quest slots5/4, records a visit independently of consent, then tests isSatisfied and offers completion. Quest-specific proposal text/pictures live in the derived methods, including type_artifact_quest0x56f8a0. This older hut-owned proposal-state interface is retired; see src/seerhut.cpp.
seerhut.cpp	TSeerHut::GiveReward	266	DC0x12d4dc applies the ten reward kinds from the old hut payload. Complete0x573c80 retains that operation as TSeerReward::giveReward(hero*,bool): caller0x573919 passes hut+5 as receiver, and the callee reads type at0/payload4/8. The separate12-byte reward owner is proven by those offsets and constructor/save/load; current canonical source and paired win_only row document the moved interface.
seerhut.cpp	TSeerHut::GetRewardExtra	373	DC0x12d6d8 maps the old hut reward to a dialog qualifier. Complete0x573f10 is canonical TSeerReward::getRewardExtra(const hero*): doSeerEvent passes hut+5 and the callee reads type0/payload4/8, including signed bonuses and packed creature/count. The operation moved to the separate reward record, as documented beside the source and paired win_only row.
seerhut.cpp	TSeerHut::SaveSeerList	481	DC static0x12d7e8 always selects gpGame's seer vector, writes a two-byte size and checks each TSeerHut::save result. Complete NewfullMap::save0x4fdf40 instead selects its own receiver+0x60 pool, writes the same two-byte count and calls private TSeerHut::save for0x13-byte records without the old per-item test. The map receiver is retained independently of gpGame; the older global static interface cannot express it. See source ownership note in src/seerhut.cpp and src/mapcell.cpp.
seerhut.cpp	TSeerHut::LoadSeerList	503	DC static0x12d854 reads a short count, resizes gpGame's seer vector and checks old one-stream record loads. Complete NewfullMap::load0x4fdbc0 uses its receiver+0x60 pool, passes saveVersion to void TSeerHut::load0x574a90, and registers each nonnull polymorphic quest in receiver+0xb0. It retains the two-byte count but changes receiver, versioned interface and ownership; the old static global-map wrapper is superseded. See src/seerhut.cpp and src/mapcell.cpp.
csprite.cpp	addPal16	978	DC0x73b64 replaces the sprite-owned palette with a copy and is called by CSprite::SpriteDataReload. Complete moves DEF loading to ResourceManager::getSprite0x55c7b0, whose palette tail preserves that delete/copy operation. Canonical ordinary addPal16 lives in src/resourcemanager.cpp beside its actual caller with Original bridge; Complete palette copy constructor uses pointer rather than DC reference. Paired win_only row records the moved owner.
csprite.cpp	addPal24	986	DC0x73bac replaces the sprite-owned palette with a copy and is called by CSprite::SpriteDataReload. Complete moves DEF loading to ResourceManager::getSprite0x55c7b0, whose palette tail preserves that delete/copy operation. Canonical ordinary addPal24 lives in src/resourcemanager.cpp beside its actual caller with Original bridge; Complete palette copy constructor uses pointer rather than DC reference. Paired win_only row records the moved owner.
winmgr.cpp	heroWindowManager::UpdateScreen	916	DC translated-combat viewport: UpdateScreen() dc0x19b1f0 selects a six-argument blit with destination(8,32); DDAppBlitX dc0x199054 stores lastdx/lastdy and mdr1 before RobAppBlit. Complete RobAppBlit0x5ffe70 instead derives desktop destination via ClientToScreen/OffsetRect and composites mouseManager::m_savedRect; retained UpdateScreen0x602bd0 is the four-argument client-surface path. This exact translated viewport entry is excluded with its platform state, not treated as another retail pairing.
winmgr.cpp	heroWindowManager::BlitToScreenWithPointerX	986	DC translated-combat viewport: UpdateScreen() dc0x19b1f0 selects a six-argument blit with destination(8,32); DDAppBlitX dc0x199054 stores lastdx/lastdy and mdr1 before RobAppBlit. Complete RobAppBlit0x5ffe70 instead derives desktop destination via ClientToScreen/OffsetRect and composites mouseManager::m_savedRect; retained UpdateScreen0x602bd0 is the four-argument client-surface path. This exact translated viewport entry is excluded with its platform state, not treated as another retail pairing.
wingraph.cpp	DDAppBlitX	529	DC translated-combat viewport: UpdateScreen() dc0x19b1f0 selects a six-argument blit with destination(8,32); DDAppBlitX dc0x199054 stores lastdx/lastdy and mdr1 before RobAppBlit. Complete RobAppBlit0x5ffe70 instead derives desktop destination via ClientToScreen/OffsetRect and composites mouseManager::m_savedRect; retained UpdateScreen0x602bd0 is the four-argument client-surface path. This exact translated viewport entry is excluded with its platform state, not treated as another retail pairing.
csprite.cpp	mmdbf	38	DC0x72100 is a WinCE wide-character debug sink: wsprintfW/wvsprintfW build test-prefixed text and OutputDebugStringW emits it (lines43-50). Complete imports wsprintfA but none of the three wide APIs; the DC-only sink has no incoming game call in the recovered graph. Owning source documents this retired debug interface.
csprite.cpp	CSprite::SpriteDataDelete	947	DC0x73b10 deletes the sequence tree only when Sp_loaded is nonnull, then clears the external flag. Complete removes Sp_loaded/SpecialCacheFlag from its proved 0x38-byte sprite layout; Dispose0x55d1a0 instead releases frame resources through resource ownership and destructor0x47ba40 destroys the complete object. This cache eviction operation is not ordinary Clear, which also deletes palettes/mask.
csprite.cpp	CSprite::SpriteDataReload	998	DC0x73bf4 uses Sp_loaded/SpecialCacheFlag to reload DEF bytes and cached frames into an existing sprite. Complete removes those fields and moves DEF parsing/allocation to ResourceManager::getSprite0x55c7b0; constructor0x47b920 and retained draw/accessor bodies use directly owned sequences/palettes without reload. Preserved palette attachment operations are canonical addPal16/addPal24 beside that new owner.
command.cpp	combatManager::SelectAttackDir	709	DC cursor-navigation/translated-viewport backend: DC0x6ba7c opens a modal message loop with a vector of attack hexes and moves the cursor between them; Complete ProcessCombatMsg0x474d80 instead selects the approach through absolute mouse coordinates and CheckSetMouseDirection0x474a00. DC-only state inmenu/combat_pos/combat_row/defaultinput/no_scrolling at +0x38..45 and ca_scroll_x/y before Archers is absent from the proven Complete member layout; see command.cpp owning comment.
command.cpp	combatManager::MoveToValidHex	872	DC cursor-navigation/translated-viewport backend: DC0x6be24 follows an adjacent hex and calls MoveCursorTo; the Complete mouse-directed attack path in ProcessCombatMsg0x474d80/CheckSetMouseDirection0x474a00 does not move a controller selection cursor. DC-only state inmenu/combat_pos/combat_row/defaultinput/no_scrolling at +0x38..45 and ca_scroll_x/y before Archers is absent from the proven Complete member layout; see command.cpp owning comment.
command.cpp	combatManager::DoKeyboardNavigation	1522	DC cursor-navigation/translated-viewport backend: DC0x6cb78 navigates combat_pos/combat_row/inmenu through MoveCursorTo/Menu; Complete ProcessCombatMsg0x474d80 has F5-F8 and command shortcuts instead of that cursor navigation. DC-only state inmenu/combat_pos/combat_row/defaultinput/no_scrolling at +0x38..45 and ca_scroll_x/y before Archers is absent from the proven Complete member layout; see command.cpp owning comment.
command.cpp	combatManager::InitMouse	1571	DC cursor-navigation/translated-viewport backend: DC0x6cc80 chooses the remembered combat/menu cursor state and calls MoveCursorTo/MoveCursor; Complete ResetMouse0x478890 uses ForceMouseMove with the OS cursor. DC-only state inmenu/combat_pos/combat_row/defaultinput/no_scrolling at +0x38..45 and ca_scroll_x/y before Archers is absent from the proven Complete member layout; see command.cpp owning comment.
command.cpp	combatManager::MoveCursor	1591	DC cursor-navigation/translated-viewport backend: DC0x6ccc0 moves the WinCE cursor using DSetCursorPos and sends a scaled mouse message with SendMessageW; Complete uses OS mouse coordinates in ProcessCombatMsg0x474d80 and ForceMouseMove in ResetMouse0x478890. DC-only state inmenu/combat_pos/combat_row/defaultinput/no_scrolling at +0x38..45 and ca_scroll_x/y before Archers is absent from the proven Complete member layout; see command.cpp owning comment.
command.cpp	combatManager::MoveCursorCombatXY	1625	DC cursor-navigation/translated-viewport backend: DC0x6cdcc scrolls to the chosen combat point, translates it through CombatToScreen, then calls the WinCE MoveCursor backend; Complete uses a fixed client viewport. DC-only state inmenu/combat_pos/combat_row/defaultinput/no_scrolling at +0x38..45 and ca_scroll_x/y before Archers is absent from the proven Complete member layout; see command.cpp owning comment.
command.cpp	combatManager::MoveCursorTo	1645	DC cursor-navigation/translated-viewport backend: DC0x6ce60 maintains combat_pos and moves the controller selection via GetHexXY/MoveCursorCombatXY; Complete uses absolute pointer position in ProcessCombatMsg0x474d80. DC-only state inmenu/combat_pos/combat_row/defaultinput/no_scrolling at +0x38..45 and ca_scroll_x/y before Archers is absent from the proven Complete member layout; see command.cpp owning comment.
command.cpp	combatManager::MoveCursorMenu	1676	DC cursor-navigation/translated-viewport backend: DC0x6cee4 navigates the smaller console menu layout and calls MoveCursor; Complete ProcessCombatMsg0x474d80 dispatches actual widget messages/keyboard shortcuts. DC-only state inmenu/combat_pos/combat_row/defaultinput/no_scrolling at +0x38..45 and ca_scroll_x/y before Archers is absent from the proven Complete member layout; see command.cpp owning comment.
command.cpp	combatManager::ClientToCombat	1724	DC cursor-navigation/translated-viewport backend: DC0x6cfe8 adds ca_scroll_x/y and subtracts the translated viewport offset (8,32); Complete GetGridIndex receives fixed client coordinates directly in ProcessCombatMsg0x474d80. DC-only state inmenu/combat_pos/combat_row/defaultinput/no_scrolling at +0x38..45 and ca_scroll_x/y before Archers is absent from the proven Complete member layout; see command.cpp owning comment.
command.cpp	combatManager::CombatToScreen	1732	DC cursor-navigation/translated-viewport backend: DC0x6d004 subtracts ca_scroll_x/y, adds (8,32), then ClientToScreen; Complete has no combat-origin translation, using fixed client coordinates. DC-only state inmenu/combat_pos/combat_row/defaultinput/no_scrolling at +0x38..45 and ca_scroll_x/y before Archers is absent from the proven Complete member layout; see command.cpp owning comment.
command.cpp	combatManager::CheckAutoScrolling	4001	DC cursor-navigation/translated-viewport backend: DC0x70920 checks four cursor edges and calls ScrollCombatArea in ten-pixel increments; Complete draws the whole fixed battlefield through UpdateCombatArea0x493780. DC-only state inmenu/combat_pos/combat_row/defaultinput/no_scrolling at +0x38..45 and ca_scroll_x/y before Archers is absent from the proven Complete member layout; see command.cpp owning comment.
command.cpp	combatManager::ShiftXY	4023	DC cursor-navigation/translated-viewport backend: DC0x709a8 rewrites combat mouse coordinates with ca_scroll_x/y and (8,32), or shifts the lower menu band; Complete ProcessCombatMsg0x474d80 consumes client mouse coordinates directly. DC-only state inmenu/combat_pos/combat_row/defaultinput/no_scrolling at +0x38..45 and ca_scroll_x/y before Archers is absent from the proven Complete member layout; see command.cpp owning comment.
command.cpp	combatManager::CheckCastleAttack	2992	DC0x6edbc performs an all-towers volley gated by CastleAttackDone, then NextArmy or DoSpellAI. Complete Main0x4740d0 instead handles the current CREATURE_ARROW_TOWER army and its specific wall, scheduling action12 or AutomateArcher. The retained byte reset is not a retained call to this older volley procedure; owning command.cpp documents the changed turn model.
drawing.cpp	combatManager::FullUpdate	506	DC translated combat viewport: DC0x83e8c draws then posts ca_scroll_x/y through the four-coordinate UpdateCombatArea. Complete removes both scroll-origin fields before Archers and uses fixed client rectangles in UpdateCombatArea0x493780/DrawFrame0x494440 with UpdateScreen0x602bd0. Ordinary ScrollTo source facades remain separately reconstructed; see drawing.cpp owning comment.
drawing.cpp	combatManager::UpdateCombatArea	520	DC translated combat viewport: DC0x83ee8 clips against ca_scroll_x/y and posts to the six-argument UpdateScreen translated destination. Complete removes both scroll-origin fields before Archers and uses fixed client rectangles in UpdateCombatArea0x493780/DrawFrame0x494440 with UpdateScreen0x602bd0. Ordinary ScrollTo source facades remain separately reconstructed; see drawing.cpp owning comment.
drawing.cpp	combatManager::ScrollCombatArea	554	DC translated combat viewport: DC0x83f84 changes ca_scroll_x/y under no_scrolling and redraws the smaller viewport. Complete removes both scroll-origin fields before Archers and uses fixed client rectangles in UpdateCombatArea0x493780/DrawFrame0x494440 with UpdateScreen0x602bd0. Ordinary ScrollTo source facades remain separately reconstructed; see drawing.cpp owning comment.
drawing.cpp	combatManager::ScrollToPixel	672	DC translated combat viewport: DC0x84228 centers the smaller viewport through ScrollCombatArea. Complete removes both scroll-origin fields before Archers and uses fixed client rectangles in UpdateCombatArea0x493780/DrawFrame0x494440 with UpdateScreen0x602bd0. Ordinary ScrollTo source facades remain separately reconstructed; see drawing.cpp owning comment.
drawing.cpp	Rescale	2662	DC translated combat viewport: DC0x87278 converts coordinates through float and conditionally adds (8,32), the console combat viewport destination. Complete removes both scroll-origin fields before Archers and uses fixed client rectangles in UpdateCombatArea0x493780/DrawFrame0x494440 with UpdateScreen0x602bd0. Ordinary ScrollTo source facades remain separately reconstructed; see drawing.cpp owning comment.
townmgr.cpp	TThievesGuildWindow::show_side	3951	DC 0x16df0c paginates one player column using arrow widgets 42/43, scroll index this+0xbbc and visibility/widget-id arrays at +0x78/+0x2b8. Complete constructor 0x5c8190 and setupThievesGuild 0x5dda10 place all eight columns at 66-pixel intervals in the 800x600 page; its 0x84-byte object has no pagination arrays and handler 0x5c9930 has no arrow-selection actions. Owning source: src/townmgr.cpp.
townmgr.cpp	townManager::show_hall_side	5583	DC 0x174990 clamps townManager::scroll_offset at +0x38 to 0..3, controls arrows 181/182 and moves nine building slots into a 3x3 page. Complete THallWindow constructor 0x5c9be0 uses fixed faction x/y tables for all 16-18 slots; setupCastle 0x461190 updates the full grid and handler 0x461ab0 has no pagination actions. Complete removed scroll_offset and lastHoverAK, with currTown now at +0x38. Owning source: src/townmgr.cpp.
townmgr.cpp	TCastleWindow::show_scroller	8642	DC 0x17f160 reads scroll_offset+0x58 and arrow widgets 101/102, hides twelve widget families then reveals two dwelling rows. Complete constructor 0x5d86f0 lays out all seven/eight dwellings in two columns over four rows; handler 0x5dcf80 has no scroll-arrow actions. Complete class has no scroll_offset: use8 immediately follows its 0x60-byte CAdvPopup base, followed by CastleBank+0x64 and SpriteWidget+0x68. Owning source: src/townmgr.cpp.
hero.cpp	THeroScreenWindow::ShowWidgets	3239	DC 0xcec1c switches hero pages via advManager::infoScreen at +0x39, alternates backgrounds 0/1 and hides/shows army/artifact/skill groups. Complete constructor 0x4de710 builds one 672x586 page with background 0 and hero-name widget 1, presenting these groups together. Complete advManager removes infoScreen; its +0x38 is the network-handler pointer followed by FPS/debug bytes. Owning source: src/hero.cpp.
hero.cpp	THeroScreenWindow::show_skills	3421	DC 0xcf3ac clamps advManager::scroll_offset+0x3c to 0..2, controls arrow widgets 141/142 and repositions four skills from index 2*scroll_offset into two rows. Complete constructor 0x4de710 lays out all eight skill icon/name/mastery triples in four rows; setupHeroView 0x4e1a50 updates all eight at fixed positions. Complete removes the scroll_offset field and skill-scroll arrow actions. Owning source: src/hero.cpp.
artifact.cpp	`anonymous namespace'::TAutoStrPtr::TAutoStrPtr	33	DC anonymous TAutoStrPtr is a four-byte pointer with unconditional destruction. Complete initializeArtifactTraitsTable (0x44cd50) uses eight-byte TAutoArrayPtr<char> owners instead: destructor 0x44d360 tests ownership at 0x694c90 before deleting the pointer at 0x694c94; the second buffer has the same conditional destruction at 0x44d340. Canonical replacement is include/autoarrayptr.h; owning evidence is src/artifact.cpp.
artifact.cpp	`anonymous namespace'::TAutoStrPtr::~TAutoStrPtr	34	DC anonymous TAutoStrPtr is a four-byte pointer with unconditional destruction. Complete initializeArtifactTraitsTable (0x44cd50) uses eight-byte TAutoArrayPtr<char> owners instead: destructor 0x44d360 tests ownership at 0x694c90 before deleting the pointer at 0x694c94; the second buffer has the same conditional destruction at 0x44d340. Canonical replacement is include/autoarrayptr.h; owning evidence is src/artifact.cpp.
artifact.cpp	`anonymous namespace'::TAutoStrPtr::set	36	DC anonymous TAutoStrPtr is a four-byte pointer with unconditional destruction. Complete initializeArtifactTraitsTable (0x44cd50) uses eight-byte TAutoArrayPtr<char> owners instead: destructor 0x44d360 tests ownership at 0x694c90 before deleting the pointer at 0x694c94; the second buffer has the same conditional destruction at 0x44d340. Canonical replacement is include/autoarrayptr.h; owning evidence is src/artifact.cpp.
artifact.cpp	`anonymous namespace'::TAutoStrPtr::get	38	DC anonymous TAutoStrPtr is a four-byte pointer with unconditional destruction. Complete initializeArtifactTraitsTable (0x44cd50) uses eight-byte TAutoArrayPtr<char> owners instead: destructor 0x44d360 tests ownership at 0x694c90 before deleting the pointer at 0x694c94; the second buffer has the same conditional destruction at 0x44d340. Canonical replacement is include/autoarrayptr.h; owning evidence is src/artifact.cpp.
lodfile.cpp	LODFile::GetFileSize	53	DC 0xe90c0 saves DCftell, clears tempoff at +0x194, calls DCftell again and restores tempoff. Complete replaces the mapped backend with fopen/fseek/fread and a decompression buffer (0x4fa8a0/0x4fab20); its proven 0x18c-byte class ends with the Dinkumware vector at +0x17c and has no mapping/tempoff state. Owning evidence: src/lodfile.cpp.
lodfile.cpp	LODFile::set_filemap	341	DC 0xe955c uses wide WinCE CreateFileForMappingW/CreateFileMappingW/MapViewOfFile with hFile/hFileMap/pFileMem at +0x188/+0x18c/+0x190. Complete replaces the mapped backend with fopen/fseek/fread and a decompression buffer (0x4fa8a0/0x4fab20); its proven 0x18c-byte class ends with the Dinkumware vector at +0x17c and has no mapping/tempoff state. Owning evidence: src/lodfile.cpp.
misc.cpp	IsCDDrive	603	DC 0xfe060 returns 1 for every drive; the pinned Complete SetupCDDrive body at 0x50c1c0 directly returns 7, with no drive enumeration or classification operation. The caller's fixed-return path removes the classifier. Owning evidence: src/misc.cpp.
window.cpp	heroWindow::DrawWindowX	571	DC 0x197690 rescales the window origin using Rescale and unconditionally calls the six-coordinate UpdateScreen for the translated combat viewport. Complete drawWindow at 0x5ff020 updates its client rectangle with an optional shadow and draws the video frame; the console Rescale/six-coordinate viewport interface is removed. This is separate from the paired DrawWindow identity. Owning evidence: src/window.cpp and src/drawing.cpp.
playvideo.cpp	playVideoDll	26	DC 0x114c20 loads playsfddll.dll and resolves the wide PlayVideo export, passing DirectDraw surfaces, DirectSound, filename, and PalMode/StopVideo pointers. Complete videoOpen (0x597570) selects the retained Smacker/Bink archive backends with RAD imports instead; this SFD-DLL interface and its two shared flag parameters do not exist in that path. Owning evidence: src/playvideo.cpp and src/smackmgr.cpp.
ai_tactical.cpp	army::army	2183	DC 0x42aa8 is the implicit army copy constructor: const army& __that, one borrowed call-site line for the whole 774-byte emission, member/array copies followed by deque<SpellID> and four vector<army*> copy constructors. Current army has no authored copy constructor; the natural implicit member supplies retained Complete 0x437a00 (VA_COMPGEN IMPLICIT_COPY_CTOR), including the Complete resource-handle refcounting copies. Its 51 CFG blocks and all calls match retail exactly. Owning source: src/ai_tactical.cpp.
resourcemanager.cpp	ResourceManager::ReadFromSpriteResource	2115	DC 0x12249c reads through the single global SpriteResourceFile. Complete getSprite (0x55c7b0) instead obtains an explicit archive from pointToSpriteResource (0x55cf50) and invokes LODFile::read on that receiver; the fixed implicit stream and its two-argument read interface were removed when archive-context lists replaced the global file. Owning evidence: src/resourcemanager.cpp.
philai.cpp	ValueOfSpell	1945	DC philai.cpp:1945 (dc 0x110574) is a free procedure ValueOfSpell(const hero*, SpellID). Complete 0x527aa0 takes the hero in ECX, saved to ESI at 0x527aae and used for the Wisdom/book reads, while SpellID comes from [ebp+8] at 0x527aab. Both exits use ret 4, proving the retained instance-method ABI rather than the DC two-argument free-function ABI. Retain the canonical hero member; the DC free-function interface is retired. Owning source: src/philai.cpp.
philai.cpp	MoraleIncreaseValue	2692	DC philai.cpp:2692 (dc 0x111b7c) is a free procedure MoraleIncreaseValue(const hero*, int). Complete 0x527cf0 takes the hero in ECX, saved at 0x527cf7 and used for its army at +0x91; the award comes from [ebp+8] at 0x527d22. Both exits use ret 4, proving the retained instance-method ABI. Retain the canonical hero member; the DC free-function interface is retired. Owning source: src/philai.cpp.
philai.cpp	LuckIncreaseValue	2728	DC philai.cpp:2728 (dc 0x111c78) is a free procedure LuckIncreaseValue(const hero*, int). Complete 0x527d80 takes the hero in ECX, saved at 0x527d8b and passed to getLuck at 0x527d8f; the award comes from [ebp+8] at 0x527d94. Both exits use ret 4, proving the retained instance-method ABI. Retain the canonical hero member; the DC free-function interface is retired. Owning source: src/philai.cpp.
hiscore.cpp	CHSInputDlg::WindowHandler	371	DC 0xd920c creates VRKeyboard and copies the console keyboard result before synthesizing dialog close. Complete CHSInputDlg vtable 0x63ebbc slot 9 (0x63ebe0) points directly at inherited CHeroWindowEx::windowHandler 0x5ff820; native edit input replaces the console override. Owning evidence: src/hiscore.cpp.
campaignbrief.cpp	CampaignWait	202	DC dc 0x58244 is a free index-based player: it indexes cCampaignDialog/voice-over tables, formats a numbered bitmap and draws it while scrolling subtitles. Complete 0x488fb0 is nullary MapTextStruct::play, using its scenario-owned video/audio/subtitles loaded at 0x487e40 and opening the PC movie through videoOpen. The retained scrolling/speech operation now belongs to that record; no CampaignWait(int) interface remains. Owning source: src/campaignbrief.cpp; replacement src/customcampaign.cpp.
campaignbrief.cpp	ShowTerritorySmacker	365	DC dc 0x58774 stops samples and chooses CampaignWait(23) for its boolean special case or MusicFileIndex[currentCampaign] + currentMap otherwise. Complete 0x48a270/0x48a2a0 are distinct SCampaign prologue/epilogue members taking the loaded campaign header (ret 4), selecting scenario text pointers +0x3c/+0x40 and calling MapTextStruct::play 0x488fb0. The free boolean/global-table interface is replaced, not an unclaimed copy. Owning source: src/campaignbrief.cpp; replacement src/customcampaign.cpp.
campaignbrief.cpp	ExtractCampaignMap	649	DC dc 0x59300 allocates one 0x20808-byte RamDisc, reads a bitmap resource into it and parses global CampaignHeader using ReadRamDisc (0x5ab84); raw first formal is int&. Complete CampaignHeaderStruct::load 0x488880 owns file/resource std::streambuf storage, inflates the header, allocates dynamic ScenarioStruct records and records embedded map offsets. loadScenario 0x488810/loadMapHeader 0x487d30 seek and inflate each map. The fixed RAM-disc parser and its free numPreReqs/singleMapOnly/writeFile interface are retired. Owning source: src/campaignbrief.cpp; replacement src/customcampaign.cpp.
campaignbrief.cpp	ReadRamDisc	1409	DC dc 0x5ab84 indexes pRamDisc with stride 0x20808, memcpy reads at *bytesRead, advances that cursor by size and stores it at record +0x20800. This is the concrete backend used by ExtractCampaignMap 0x59300. Complete campaign readers 0x488880/0x487d30 instead use seekable std::streambuf plus TGzInflateBuf/TAbstractFile; they have no fixed RamDisc record or mirrored cursor. Owning source: src/campaignbrief.cpp.
customcampaign.cpp	SCampaign::clear	112	DC dc 0x7d14c clears the 0x70d4-byte SCampaign fixed filename/availability/progress arrays, initializes map_traits[8][32] at +0x580 and the artifact requirement +0x2980, then resets both fixed hero pools. Complete SCampaign is 0x7c bytes: constructor 0x489500 initializes scalar sentinels and STL members; selectCampaign 0x489590 loads a filename/header and sizes dynamic 0x14-byte scenario progress records. Those retained boundaries replace initialization of the removed fixed storage; SCampaign::load 0x48a310 separately promotes legacy records. Owning source: src/customcampaign.cpp and include/customcampaign.h.
customcampaign.cpp	SCampaign::clear_carryover_pool	140	DC dc 0x7d1ec memsets one hero[8] pool (0x23a0 bytes, SCampaign+0x2988+pool*0x23a0) to -1, memsets assigned_carryover[8] at +0x70ca to -1 and zeros carryover_pool_size[pool] at +0x70c8. Complete replaces the two raw pools with constructed vector<vector<hero> > plus artifact vectors; their clear/erase/destruction manage live objects. SCampaign::load 0x48a310 converts packed legacy pools into those vectors. The raw sentinel-reset interface is retired, not a missing vector wrapper. Owning source: src/customcampaign.cpp and include/customcampaign.h.
customcampaign.cpp	SCampaign::give_custom_items	222	DC dc 0x7d420 dispatches on fixed campaign/map/briefing choices and carryover_artifact, directly granting hard-coded creatures, artifacts, spells, resources and skills. Complete ScenarioStruct::read 0x487e40 loads scenario-specific starting options; TCampaignStartBonusOption::read 0x485190 constructs serialized bonus types 0..7 and apply 0x485380 selects a vector entry and calls its virtual apply(player). The concrete retained bonus classes/vtables own these operations; no nullary hard-coded SCampaign interface remains. Owning source: src/customcampaign.cpp; class evidence in include/customcampaign.h.
multiplayerwindow.cpp	CHotSeatDlg::WindowHandler	786	DC 0x102e24 opens VRKeyboard for edit-widget selections, copies its result, and updates dialog controls. Complete CHotSeatDlg vtable 0x6401d8 slot 9 points to inherited CHeroWindowEx::windowHandler 0x5ff820; retained CHotSeatEdit key/focus methods use native keyboard input. This console override is removed with the virtual keyboard, not another retained handler pairing. Owning evidence: src/multiplayerwindow.cpp.
wingraph.cpp	DDAppBlit	370	DC0x19902c ignores its const RECT reference, writes the mouse rectangle to mdr1 and calls RobAppBlit(NULL). This belongs to the translated console viewport backend. Complete RobAppBlit0x5ffe70 dereferences its non-null rectangle and uses ClientToScreen/OffsetRect plus mouseManager::m_savedRect; the null/global-mdr1 entry is not part of that desktop interface.
wingraph.cpp	DDBlitFromFront	861	DC0x19916c is an empty four-byte WinCE stub with Surface4*, const RECT&, RECT and flags parameters. Complete uses the Surface1 desktop backend (DDBlit and DDRestoreFrontBuffer0x6003c0); it has no authored implementation of this elided Surface4 front-copy interface.
wingraph.cpp	BMCreateSurface	1110	DC0x199490 is the console bitmap-surface allocator: combat-mode and Gr_in_Surf guards, nine sel_surface_width choices, area retiled by quotient/remainder, then a 124-byte DDSURFACEDESC2/Surface4 allocation. Complete DDCreateSurface0x6005f0 uses a 108-byte Surface1 descriptor and the original dimensions, while bitmap storage uses its heap-backed resource classes. The console packing/backend entry is excluded, not paired with the ordinary desktop allocator.
newgame.cpp	game::SetupNetPlayerNames	337	DC0x1037f4 is an empty four-byte network hook. Complete player-name initialization belongs to TSingleSelectionWindow::updatePlayerPositions0x588330: each position starts with general text469 and is replaced by the connected player name from m_players. This obsolete empty game hook is not the Complete network setup interface.
newgame.cpp	game::GetSideDesc	826	DC0x103fb4 formats a team/start/end description into a caller-owned char buffer using player colors and general text. Complete game::showScenInfo0x513740 constructs CScenarioInfoDlg0x567290, whose per-player CScenarioPlayerInfoWidget rows own names, colors, flags, alignment, handicap and player type. The old string-buffer scenario-summary interface is replaced by these native dialog objects.
kb.cpp	DoCampaignWindow	1962	Versioned interface: DC0xe15b0 returns int and records one lowered-byte newGame input. The operation and its oldmain1732/1744 calls are recovered in Complete as ordinary doCampaignWindow(bool,int), with the added campaign-set argument inferred from retail constructor calls. win_only.tsv records that exact inferred interface separately from Complete's retained zero-argument campaign-set front end at0x4f00a0. This row excludes only the older one-parameter signature, not the operation or its original helper boundary.
kb.cpp	type_dialog_icon::type_dialog_icon	5466	DC0xe7490 default-constructs the two string members and leaves scalar members untouched. The canonical type_dialog_icon declaration supplies exactly this implicit constructor; Complete emits it at0x4f6490, claimed by VA_COMPGEN CLASS_CTOR. This row is accounted through class-generated construction rather than a separate authored body.
kb.cpp	type_dialog_icon::type_dialog_icon	5528	DC0xe755c takes const type_dialog_icon& and copies scalar members plus its two strings. Complete emits the implicit memberwise copy at0x4f6810, claimed by VA_COMPGEN IMPLICIT_COPY_CTOR for the canonical class used in by-value TNormalDialogInfo. No second handwritten copy constructor is required for this class-generated operation.
spells.cpp	combatManager::DoLuck	4765	DC0x1564c4 derives an army screen position, clamps its height, chooses an edge by side and draws the luck-colored DoBolt arc. Complete army::checkLuck, expanded in doRangedAttack0x43f900 and doAttack, instead starts goodluck.82m, formats general text46 and invokes spellEffect(eSpellEffectFortune,this,100,0). The old bolt-animation entry is excluded on this positive effect replacement.
genericresource.cpp	TGenericResource::TGenericResource	26	DC TGenericResource owns a DATA resource buffer and is constructed only by ResourceManager::GetResource0x121a2c. Complete resource::resource0x558720 has 23 direct callers, all attributed to bitmap16/24/816, sprite/frame, font, palette16/24, sample and text/spreadsheet classes; none constructs the DATA wrapper, and the admitted resource vtables contain no TGenericResource. The Complete carve after gametypewindow passes cinit0415..0429 into global TGzInflateBuf. This unreachable class/getter family is excluded; no claim is made about unused original PC source.
genericresource.cpp	TGenericResource::~TGenericResource	34	DC TGenericResource owns a DATA resource buffer and is constructed only by ResourceManager::GetResource0x121a2c. Complete resource::resource0x558720 has 23 direct callers, all attributed to bitmap16/24/816, sprite/frame, font, palette16/24, sample and text/spreadsheet classes; none constructs the DATA wrapper, and the admitted resource vtables contain no TGenericResource. The Complete carve after gametypewindow passes cinit0415..0429 into global TGzInflateBuf. This unreachable class/getter family is excluded; no claim is made about unused original PC source.
resourcemanager.cpp	ResourceManager::GetResource	438	DC TGenericResource owns a DATA resource buffer and is constructed only by ResourceManager::GetResource0x121a2c. Complete resource::resource0x558720 has 23 direct callers, all attributed to bitmap16/24/816, sprite/frame, font, palette16/24, sample and text/spreadsheet classes; none constructs the DATA wrapper, and the admitted resource vtables contain no TGenericResource. The Complete carve after gametypewindow passes cinit0415..0429 into global TGzInflateBuf. This unreachable class/getter family is excluded; no claim is made about unused original PC source.
drawing.cpp	combatManager::ScrollTo	598	CE viewport-scrolling operation (dc 0x8405c): reads viewport offsets, calls ScrollToPixel/ScrollCombatArea and returns whether redraw occurred. Retail Windows Fly has no scrolling operation or result branch. The fixed-viewport extent helper is a distinct Windows no-op, represented once in cmbtmgr.h; header placement is a reviewed visibility inference, not recovered CE ownership.
drawing.cpp	combatManager::UpdateCombatArea	513	CE by-value extent presentation wrapper (dc 0x83ec0) forwards inclusive bounds to drawing.cpp:520, whose CE leaf clips/translates the viewport and redraws its window. The Windows fixed-viewport overload family is represented separately; preserve the by-value interface and forwarding call as reproduced by VC6. Shared Windows header placement is an explicit inference from cross-TU retail expansion, not a relocated CE source claim.
