# Reviewed whole Windows-only modules and library definitions, including RMG and Victor.
# Individual game-interface exclusions live in win_only.tsv; both lists are checked together.
file	function	signature	reason
include/rmg.h	TPoint::TPoint	void () __attribute__((thiscall))	Complete-only RMG; no Dreamcast procedure counterpart. Retail ownership and caller/layout evidence are documented in src/rmg.cpp and src/rmg_terrain.cpp.
include/rmg.h	TPoint::TPoint	void (int, int) __attribute__((thiscall))	Complete-only RMG; no Dreamcast procedure counterpart. Retail ownership and caller/layout evidence are documented in src/rmg.cpp and src/rmg_terrain.cpp.
include/rmg.h	TPoint::operator!=	bool (const TPoint &) __attribute__((thiscall)) const	Complete-only RMG; no Dreamcast procedure counterpart. Retail ownership and caller/layout evidence are documented in src/rmg.cpp and src/rmg_terrain.cpp.
include/rmg.h	TPoint::operator+=	TPoint &(const TRmgVector &) __attribute__((thiscall))	Complete-only RMG; no Dreamcast procedure counterpart. Retail ownership and caller/layout evidence are documented in src/rmg.cpp and src/rmg_terrain.cpp.
include/rmg.h	TPoint::operator<	bool (const TPoint &) __attribute__((thiscall)) const	Complete-only RMG; no Dreamcast procedure counterpart. Retail ownership and caller/layout evidence are documented in src/rmg.cpp and src/rmg_terrain.cpp.
include/rmg.h	TPoint::operator==	bool (const TPoint &) __attribute__((thiscall)) const	Complete-only RMG; no Dreamcast procedure counterpart. Retail ownership and caller/layout evidence are documented in src/rmg.cpp and src/rmg_terrain.cpp.
include/rmg.h	TRmgLinePainter::TRmgLinePainter	void (TRmgMapAdapterInterface *) __attribute__((thiscall))	Complete-only RMG; no Dreamcast procedure counterpart. Retail ownership and caller/layout evidence are documented in src/rmg.cpp and src/rmg_terrain.cpp.
include/rmg.h	TRmgLinePainter::~TRmgLinePainter	void () __attribute__((thiscall))	Complete-only RMG; no Dreamcast procedure counterpart. Retail ownership and caller/layout evidence are documented in src/rmg.cpp and src/rmg_terrain.cpp.
include/rmg.h	TRmgMapAdapter::TRmgMapAdapter	void (type_random_map *) __attribute__((thiscall))	Complete-only RMG; no Dreamcast procedure counterpart. Retail ownership and caller/layout evidence are documented in src/rmg.cpp and src/rmg_terrain.cpp.
include/rmg.h	TRmgMapItem::resetMovement	void (TRmgMapPosition) __attribute__((thiscall))	Complete-only RMG; no Dreamcast procedure counterpart. Retail ownership and caller/layout evidence are documented in src/rmg.cpp and src/rmg_terrain.cpp.
include/rmg.h	TRmgMapItem::setMovementCost	void (int, TRmgMapPosition) __attribute__((thiscall))	Complete-only RMG; no Dreamcast procedure counterpart. Retail ownership and caller/layout evidence are documented in src/rmg.cpp and src/rmg_terrain.cpp.
include/rmg.h	TRmgMapPosition::TRmgMapPosition	void () __attribute__((thiscall))	Complete-only RMG; no Dreamcast procedure counterpart. Retail ownership and caller/layout evidence are documented in src/rmg.cpp and src/rmg_terrain.cpp.
src/rmg.cpp	TRmgMapPosition::operator+	TRmgMapPosition (TPoint) __attribute__((thiscall)) const	Complete-only RMG; no Dreamcast procedure counterpart. Retail ownership and caller/layout evidence are documented in src/rmg.cpp and src/rmg_terrain.cpp.
include/rmg.h	TRmgRiverDeltaOffset::TRmgRiverDeltaOffset	void (int, int) __attribute__((thiscall))	Complete-only RMG; no Dreamcast procedure counterpart. Retail ownership and caller/layout evidence are documented in src/rmg.cpp and src/rmg_terrain.cpp.
include/rmg.h	TRmgRiverDeltaOffset::~TRmgRiverDeltaOffset	void () __attribute__((thiscall))	Complete-only RMG; no Dreamcast procedure counterpart. Retail ownership and caller/layout evidence are documented in src/rmg.cpp and src/rmg_terrain.cpp.
include/rmg.h	TRmgZoneBounds::contains	bool (const TPoint &) __attribute__((thiscall)) const	Complete-only RMG; no Dreamcast procedure counterpart. Retail ownership and caller/layout evidence are documented in src/rmg.cpp and src/rmg_terrain.cpp.
include/rmg.h	type_artifact_def::type_artifact_def	void (int, int) __attribute__((thiscall))	Complete-only RMG; no Dreamcast procedure counterpart. Retail ownership and caller/layout evidence are documented in src/rmg.cpp and src/rmg_terrain.cpp.
include/rmg.h	type_black_box_experience_def::type_black_box_experience_def	void (int, int) __attribute__((thiscall))	Complete-only RMG; no Dreamcast procedure counterpart. Retail ownership and caller/layout evidence are documented in src/rmg.cpp and src/rmg_terrain.cpp.
include/rmg.h	type_black_box_gold_def::type_black_box_gold_def	void (int, int) __attribute__((thiscall))	Complete-only RMG; no Dreamcast procedure counterpart. Retail ownership and caller/layout evidence are documented in src/rmg.cpp and src/rmg_terrain.cpp.
include/rmg.h	type_black_box_spells_def::type_black_box_spells_def	void (int, int, int, int) __attribute__((thiscall))	Complete-only RMG; no Dreamcast procedure counterpart. Retail ownership and caller/layout evidence are documented in src/rmg.cpp and src/rmg_terrain.cpp.
include/rmg.h	type_dwelling_def::type_dwelling_def	void (int) __attribute__((thiscall))	Complete-only RMG; no Dreamcast procedure counterpart. Retail ownership and caller/layout evidence are documented in src/rmg.cpp and src/rmg_terrain.cpp.
include/rmg.h	type_key_tent_def::type_key_tent_def	void (int, int) __attribute__((thiscall))	Complete-only RMG; no Dreamcast procedure counterpart. Retail ownership and caller/layout evidence are documented in src/rmg.cpp and src/rmg_terrain.cpp.
include/rmg.h	type_map_dwelling_def::type_map_dwelling_def	void (int) __attribute__((thiscall))	Complete-only RMG; no Dreamcast procedure counterpart. Retail ownership and caller/layout evidence are documented in src/rmg.cpp and src/rmg_terrain.cpp.
src/rmg.cpp	type_object::type_object	void (TRmgObjectPropertiesRef *) __attribute__((thiscall))	Complete-only RMG; no Dreamcast procedure counterpart. Retail ownership and caller/layout evidence are documented in src/rmg.cpp and src/rmg_terrain.cpp.
include/rmg.h	type_prison_def::type_prison_def	void (int, int) __attribute__((thiscall))	Complete-only RMG; no Dreamcast procedure counterpart. Retail ownership and caller/layout evidence are documented in src/rmg.cpp and src/rmg_terrain.cpp.
include/rmg.h	type_quest_creature_def::type_quest_creature_def	void (int, int) __attribute__((thiscall))	Complete-only RMG; no Dreamcast procedure counterpart. Retail ownership and caller/layout evidence are documented in src/rmg.cpp and src/rmg_terrain.cpp.
include/rmg.h	type_quest_experience_def::type_quest_experience_def	void (int, int, int) __attribute__((thiscall))	Complete-only RMG; no Dreamcast procedure counterpart. Retail ownership and caller/layout evidence are documented in src/rmg.cpp and src/rmg_terrain.cpp.
include/rmg.h	type_quest_gold_def::type_quest_gold_def	void (int, int, int) __attribute__((thiscall))	Complete-only RMG; no Dreamcast procedure counterpart. Retail ownership and caller/layout evidence are documented in src/rmg.cpp and src/rmg_terrain.cpp.
include/rmg.h	type_random_map::getMapItem	TRmgMapItem *(int, int, int) __attribute__((thiscall))	Complete-only RMG; no Dreamcast procedure counterpart. Retail ownership and caller/layout evidence are documented in src/rmg.cpp and src/rmg_terrain.cpp.
include/rmg.h	type_random_map::type_random_map	void (TRmgMapItem *, int, int) __attribute__((thiscall))	Complete-only RMG; no Dreamcast procedure counterpart. Retail ownership and caller/layout evidence are documented in src/rmg.cpp and src/rmg_terrain.cpp.
include/rmg.h	type_random_map_generator::getSerializedMapVersion	int () __attribute__((thiscall)) const	Complete-only RMG; no Dreamcast procedure counterpart. Retail ownership and caller/layout evidence are documented in src/rmg.cpp and src/rmg_terrain.cpp.
include/rmg.h	type_resource_lump_def::type_resource_lump_def	void (int, int, int, int) __attribute__((thiscall))	Complete-only RMG; no Dreamcast procedure counterpart. Retail ownership and caller/layout evidence are documented in src/rmg.cpp and src/rmg_terrain.cpp.
include/rmg.h	type_scholar_def::type_scholar_def	void () __attribute__((thiscall))	Complete-only RMG; no Dreamcast procedure counterpart. Retail ownership and caller/layout evidence are documented in src/rmg.cpp and src/rmg_terrain.cpp.
include/rmg_terrain.h	TRmgPackedTerrainCell::getFlipX	unsigned char () __attribute__((thiscall)) const	Complete-only RMG; no Dreamcast procedure counterpart. Retail ownership and caller/layout evidence are documented in src/rmg.cpp and src/rmg_terrain.cpp.
include/rmg_terrain.h	TRmgPackedTerrainCell::getFlipY	unsigned char () __attribute__((thiscall)) const	Complete-only RMG; no Dreamcast procedure counterpart. Retail ownership and caller/layout evidence are documented in src/rmg.cpp and src/rmg_terrain.cpp.
include/rmg_terrain.h	TRmgPackedTerrainCell::getFrame	int () __attribute__((thiscall)) const	Complete-only RMG; no Dreamcast procedure counterpart. Retail ownership and caller/layout evidence are documented in src/rmg.cpp and src/rmg_terrain.cpp.
include/rmg_terrain.h	TRmgPackedTerrainCell::getTerrain	int () __attribute__((thiscall)) const	Complete-only RMG; no Dreamcast procedure counterpart. Retail ownership and caller/layout evidence are documented in src/rmg.cpp and src/rmg_terrain.cpp.
include/rmg_terrain.h	TRmgPackedTerrainCell::getTile	rmgTerrainTile () __attribute__((thiscall)) const	Complete-only RMG; no Dreamcast procedure counterpart. Retail ownership and caller/layout evidence are documented in src/rmg.cpp and src/rmg_terrain.cpp.
include/rmg_terrain.h	TRmgPackedTerrainCell::setFlipX	void (unsigned char) __attribute__((thiscall))	Complete-only RMG; no Dreamcast procedure counterpart. Retail ownership and caller/layout evidence are documented in src/rmg.cpp and src/rmg_terrain.cpp.
include/rmg_terrain.h	TRmgPackedTerrainCell::setFlipY	void (unsigned char) __attribute__((thiscall))	Complete-only RMG; no Dreamcast procedure counterpart. Retail ownership and caller/layout evidence are documented in src/rmg.cpp and src/rmg_terrain.cpp.
include/rmg_terrain.h	TRmgPackedTerrainCell::setFrame	void (int) __attribute__((thiscall))	Complete-only RMG; no Dreamcast procedure counterpart. Retail ownership and caller/layout evidence are documented in src/rmg.cpp and src/rmg_terrain.cpp.
include/rmg_terrain.h	TRmgPackedTerrainCell::setInitialized	void () __attribute__((thiscall))	Complete-only RMG; no Dreamcast procedure counterpart. Retail ownership and caller/layout evidence are documented in src/rmg.cpp and src/rmg_terrain.cpp.
include/rmg_terrain.h	TRmgPackedTerrainCell::setTerrain	void (int) __attribute__((thiscall))	Complete-only RMG; no Dreamcast procedure counterpart. Retail ownership and caller/layout evidence are documented in src/rmg.cpp and src/rmg_terrain.cpp.
include/rmg_terrain.h	TRmgPackedTerrainCell::TRmgPackedTerrainCell	void () __attribute__((thiscall))	Complete-only RMG; no Dreamcast procedure counterpart. Retail ownership and caller/layout evidence are documented in src/rmg.cpp and src/rmg_terrain.cpp.
include/rmg_terrain.h	TRmgTerrainFlip::TRmgTerrainFlip	void () __attribute__((thiscall))	Complete-only RMG; no Dreamcast procedure counterpart. Retail ownership and caller/layout evidence are documented in src/rmg.cpp and src/rmg_terrain.cpp.
include/rmg_terrain.h	TRmgTerrainFlip::TRmgTerrainFlip	void (unsigned char, unsigned char) __attribute__((thiscall))	Complete-only RMG; no Dreamcast procedure counterpart. Retail ownership and caller/layout evidence are documented in src/rmg.cpp and src/rmg_terrain.cpp.
src/rmg_terrain.cpp	TRmgTerrainRule::~TRmgTerrainRule	void () __attribute__((thiscall))	Complete-only RMG; no Dreamcast procedure counterpart. Retail ownership and caller/layout evidence are documented in src/rmg.cpp and src/rmg_terrain.cpp.
src/rmg.cpp	clipRmgBoundaryPoint	TPoint (const TRmgZoneBounds &, TPoint, TPoint) __attribute__((fastcall))	Complete-only RMG; no Dreamcast procedure counterpart. Retail ownership and caller/layout evidence are documented in src/rmg.cpp and src/rmg_terrain.cpp.
src/rmg.cpp	insertRmgWorkItem	void (std::vector<TRmgMapPosition> &, std::vector<int> &, TRmgMapPosition, int) __attribute__((fastcall))	Complete-only RMG; no Dreamcast procedure counterpart. Retail ownership and caller/layout evidence are documented in src/rmg.cpp and src/rmg_terrain.cpp.
src/rmg.cpp	isRmgTemplateFieldSet	bool (const char *) __attribute__((fastcall))	Complete-only RMG; no Dreamcast procedure counterpart. Retail ownership and caller/layout evidence are documented in src/rmg.cpp and src/rmg_terrain.cpp.
src/rmg.cpp	readRmgTemplateZones	void (const TSpreadsheetResource *, TRmgTemplate *, int, int, int, int, int) __attribute__((fastcall))	Complete-only RMG; no Dreamcast procedure counterpart. Retail ownership and caller/layout evidence are documented in src/rmg.cpp and src/rmg_terrain.cpp.
src/rmg.cpp	TRmgTemplate::findZone	TRmgTownSlot *(int) __attribute__((thiscall))	Complete-only RMG; no Dreamcast procedure counterpart. Retail ownership and caller/layout evidence are documented in src/rmg.cpp and src/rmg_terrain.cpp.
src/rmg.cpp	assignRmgTeams	void (int, int, int, const unsigned char *, char *) __attribute__((fastcall))	Complete-only RMG; no Dreamcast procedure counterpart. Retail ownership and caller/layout evidence are documented in src/rmg.cpp and src/rmg_terrain.cpp.
src/rmg.cpp	setAvailableRmgHeroes	void (std::bitset<N> *, unsigned char *, unsigned char *) __attribute__((fastcall))	Complete-only RMG; no Dreamcast procedure counterpart. Retail ownership and caller/layout evidence are documented in src/rmg.cpp and src/rmg_terrain.cpp.
src/rmg.cpp	type_black_box_creature_def::type_black_box_creature_def	void (int) __attribute__((thiscall))	Complete-only RMG; no Dreamcast procedure counterpart. Retail ownership and caller/layout evidence are documented in src/rmg.cpp and src/rmg_terrain.cpp.
src/rmg.cpp	type_random_map::getMapItem	TRmgMapItem *(TRmgMapPosition) __attribute__((thiscall))	Complete-only RMG; no Dreamcast procedure counterpart. Retail ownership and caller/layout evidence are documented in src/rmg.cpp and src/rmg_terrain.cpp.
src/rmg.cpp	type_random_map_generator::buildRoadCostMap	void (TRmgMapPosition) __attribute__((thiscall))	Complete-only RMG; no Dreamcast procedure counterpart. Retail ownership and caller/layout evidence are documented in src/rmg.cpp and src/rmg_terrain.cpp.
src/rmg.cpp	type_random_map_generator::connectZones	void () __attribute__((thiscall))	Complete-only RMG; no Dreamcast procedure counterpart. Retail ownership and caller/layout evidence are documented in src/rmg.cpp and src/rmg_terrain.cpp.
src/rmg.cpp	type_random_map_generator::createRiver	void (TRmgMapPosition) __attribute__((thiscall))	Complete-only RMG; no Dreamcast procedure counterpart. Retail ownership and caller/layout evidence are documented in src/rmg.cpp and src/rmg_terrain.cpp.
src/rmg.cpp	type_random_map_generator::createSubterraneanGate	unsigned char (TRmgZone *, TRmgZoneConnection *) __attribute__((thiscall))	Complete-only RMG; no Dreamcast procedure counterpart. Retail ownership and caller/layout evidence are documented in src/rmg.cpp and src/rmg_terrain.cpp.
src/rmg.cpp	type_random_map_generator::drawIrregularZoneBoundary	void (TPoint, TPoint, int, int, int) __attribute__((thiscall))	Complete-only RMG; no Dreamcast procedure counterpart. Retail ownership and caller/layout evidence are documented in src/rmg.cpp and src/rmg_terrain.cpp.
src/rmg.cpp	type_random_map_generator::drawStraightZoneBoundary	void (TPoint, TPoint, int, int) __attribute__((thiscall))	Complete-only RMG; no Dreamcast procedure counterpart. Retail ownership and caller/layout evidence are documented in src/rmg.cpp and src/rmg_terrain.cpp.
src/rmg.cpp	type_random_map_generator::initializeObjectGenerators	void () __attribute__((thiscall))	Complete-only RMG; no Dreamcast procedure counterpart. Retail ownership and caller/layout evidence are documented in src/rmg.cpp and src/rmg_terrain.cpp.
src/rmg.cpp	type_random_map_generator::traceZoneBoundary	void (TRmgBoundaryVertex *, unsigned char) __attribute__((thiscall))	Complete-only RMG; no Dreamcast procedure counterpart. Retail ownership and caller/layout evidence are documented in src/rmg.cpp and src/rmg_terrain.cpp.
src/rmg.cpp	type_random_map_generator::writeMapHeader	void (TAbstractFile *) __attribute__((thiscall))	Complete-only RMG; no Dreamcast procedure counterpart. Retail ownership and caller/layout evidence are documented in src/rmg.cpp and src/rmg_terrain.cpp.
src/rmg.cpp	type_shrine_def::type_shrine_def	void (int, int) __attribute__((thiscall))	Complete-only RMG; no Dreamcast procedure counterpart. Retail ownership and caller/layout evidence are documented in src/rmg.cpp and src/rmg_terrain.cpp.
src/rmg.cpp	type_spell_scroll_def::type_spell_scroll_def	void (int, int) __attribute__((thiscall))	Complete-only RMG; no Dreamcast procedure counterpart. Retail ownership and caller/layout evidence are documented in src/rmg.cpp and src/rmg_terrain.cpp.
src/rmg.cpp	type_treasure_def::type_treasure_def	void (int, int, int, int) __attribute__((thiscall))	Complete-only RMG; no Dreamcast procedure counterpart. Retail ownership and caller/layout evidence are documented in src/rmg.cpp and src/rmg_terrain.cpp.
src/rmg.cpp	type_witch_hut_def::type_witch_hut_def	void () __attribute__((thiscall))	Complete-only RMG; no Dreamcast procedure counterpart. Retail ownership and caller/layout evidence are documented in src/rmg.cpp and src/rmg_terrain.cpp.
src/rmg_terrain.cpp	makeTerrainFlip	TRmgTerrainFlip (unsigned char, unsigned char) __attribute__((fastcall))	Complete-only RMG; no Dreamcast procedure counterpart. Retail ownership and caller/layout evidence are documented in src/rmg.cpp and src/rmg_terrain.cpp.
src/rmg_terrain.cpp	selectTerrainTransition	int (const int *, TRmgTerrainFlip *) __attribute__((fastcall))	Complete-only RMG; no Dreamcast procedure counterpart. Retail ownership and caller/layout evidence are documented in src/rmg.cpp and src/rmg_terrain.cpp.
src/rmg.cpp	TRmgTemplate::~TRmgTemplate	void () __attribute__((thiscall))	Complete RMG template owner: retail 0x532fe0 deletes the zone-pointer elements then destroys the zones/name members; generator destruction calls it at 0x537e84 before freeing the template. No Dreamcast RMG class or compiland; src/rmg.cpp and include/rmg.h document the matching field layout.
src/rmg_support.cpp	TRmgLinePainter::setTile	void (const TRmgGridPoint &, const rmgTerrainTile &) __attribute__((thiscall))	Complete-only RMG painter. Retail vtables 0x641174/0x641190/0x6411f0/0x64120c slot 1 share 0x55edc0; the fieldwise tile copy and adapter call prove the body (src/rmg_support.cpp).
src/rmg_support.cpp	TRmgRoadLinePainter::setTile	void (const TRmgGridPoint &, const rmgTerrainTile &) __attribute__((thiscall))	Complete-only RMG road painter. Retail shares its slot-1 fieldwise tile-copy body with TRmgLinePainter at 0x55edc0 (src/rmg_support.cpp); no Dreamcast RMG counterpart.
src/rmg_terrain.cpp	TRmgTableTerrainRule::selectBaseFrame	int (int, int) __attribute__((thiscall))	Complete-only RMG table rule. Vtable 0x642cb0 slot 4 and retained 0x5b3aa0 identify the old-frame/range selector (src/rmg_terrain.cpp); no Dreamcast counterpart.
src/rmg.cpp	TRmgMapItem::TRmgMapItem	void () __attribute__((thiscall))	Complete-only RMG; no Dreamcast RMG compiland or type procedures. Retail 0x530e90 constructs the vector at +0, zeros its pointer triplet at +4/+8/+0xc and calls clear at 0x530f10, with the matching constructor EH cleanup.
src/rmg.cpp	type_random_map::setOverlay	void (const TRmgGridPoint &, int) __attribute__((thiscall))	Complete-only RMG; no Dreamcast RMG compiland or type procedures. Retail vtable 0x6409cc slot 2 points to 0x532200: indexes 0x30-byte cells by y*width+x and replaces the eight-bit frame at bits 6..13 of +0x24; ret 8 confirms the two arguments.
src/rmg.cpp	type_random_map::getTile	rmgTerrainTile (const TRmgGridPoint &) __attribute__((thiscall))	Complete-only RMG; no Dreamcast RMG compiland or type procedures. Retail vtable 0x6409cc slot 4 points to 0x532260: extracts terrain/frame from cell +0x24 and flip bits 15/16 from +0x28 into the hidden three-dword result.
src/rmg_terrain.cpp	TRmgPatternTerrainRule::selectBaseFrame	int (int, int) __attribute__((thiscall))	Complete-only RMG terrain rule; no Dreamcast RMG compiland or type procedures. Retail vtable 0x642c98 slot 4 points to 0x5b3890: preserves zero-tagged old entries, otherwise selects the primary/secondary range using strength*value/8 and rand, then returns an index within that range.
src/rmg_terrain.cpp	TRmgPatternTerrainRule::selectTransitionFrame	int (int, TRmgTerrainFlip, TRmgTerrainFlip &, int) __attribute__((thiscall))	Complete-only RMG terrain rule; no Dreamcast RMG compiland or type procedures. Retail vtable 0x642c98 slot 5 points to 0x5b38f0: preserves an old entry with the requested transition or samples its range, copies the two-byte requested flip to the output, and returns with ret 0x10.
src/rmg_terrain.cpp	operator<	bool (const TRmgCoordinatePoint<Coordinate> &, const TRmgCoordinatePoint<Coordinate> &) __attribute__((fastcall))	Complete RMG terrain point comparison has no Dreamcast procedure counterpart; TRmgGridPoint is a provisional name for the two-unsigned-dword coordinate record. Retail 0x5b8ca0 takes point addresses in ECX/EDX, first compares their +4 y fields at 0x5b8ca7 using unsigned jb, then compares x only when y is equal at 0x5b8cb1. It returns zero or one with plain ret. The retained free comparator sits in the rmg_terrain.cpp set-support cluster and is called by terrain painting at 0x5b4e96; it is not a copied STL tree implementation. Generic coordinate ownership is a Complete/x86 inference: the unsigned specialization preserves the retained constructor/comparator ABI and restores the tree insertion exception frame without inline or throw specifications.
src/rmg_support.cpp	TRmgVector::length	int () __attribute__((thiscall)) const	Complete RMG geometry has no Dreamcast procedure counterpart; TRmgVector and the point type names remain provisional. Retail 0x5fceb0 is the retained vector-length member used by the irregular zone-boundary painter. It squares both signed integer components at 0x5fcebd/0x5fcec2, adds them at 0x5fcec5, converts the integer sum with fild at 0x5fceca, calls sqrt at 0x5fced8 and the floating-to-integer conversion at 0x5fcee0, then returns without popping arguments. The ordinary support body is in rmg_support.cpp; it is not a header inline inferred from its first emitter.
src/rmg.cpp	TRmgVector::operator+	TRmgVector (TRmgVector) __attribute__((thiscall)) const	Complete RMG geometry has no Dreamcast procedure counterpart; TRmgVector and the point type names remain provisional. Retail circumcenter builder 0x5fdb40 calls this ordinary member addition at 0x5fdc49. Body 0x5fdcb0 reads the two receiver dwords through ECX and the by-value vector through stack +0xc/+0x10, adds each component, writes the eight-byte hidden result through stack +8, and returns with ret 0xc. It belongs with the other arithmetic bodies in rmg.cpp, in retained address order.
src/rmg.cpp	TRmgVector::operator*	TRmgVector (int) __attribute__((thiscall)) const	Complete RMG geometry has no Dreamcast procedure counterpart; TRmgVector and the point type names remain provisional. Retail circumcenter builder 0x5fdb40 calls this ordinary member scaling operation at 0x5fdc2f. Body 0x5fdcd0 multiplies both receiver components by the single scalar at stack +0xc, writes the eight-byte hidden result through stack +8, and returns with ret 8. It belongs in the rmg.cpp arithmetic cluster.
src/rmg.cpp	TRmgVector::operator/	TRmgVector (int) __attribute__((thiscall)) const	Complete RMG geometry has no Dreamcast procedure counterpart; TRmgVector and the point type names remain provisional. Retail circumcenter builder 0x5fdb40 calls this ordinary member division at 0x5fdc36 and 0x5fdc50. Body 0x5fdcf0 uses cdq/idiv separately for both signed components with the divisor at stack +0xc, writes the eight-byte hidden result through stack +8, and returns with ret 8. It belongs in the rmg.cpp arithmetic cluster.
src/rmg.cpp	operator+	TPoint (TPoint, TRmgVector) __attribute__((fastcall))	Complete RMG geometry has no Dreamcast procedure counterpart; TRmgVector and the point type names remain provisional. Retail circumcenter builder 0x5fdb40 calls free point translation at 0x5fdc64. Body 0x5fdd20 receives the result pointer in ECX and two eight-byte values on the stack, adds corresponding components, writes the result and returns with ret 0x10. This differs from the adjacent member vector addition ABI and remains an ordinary free body in rmg.cpp.
src/rmg.cpp	operator-	TRmgVector (TPoint, TPoint) __attribute__((fastcall))	Complete RMG geometry has no Dreamcast procedure counterpart; TRmgVector and the point type names remain provisional. Retail circumcenter builder 0x5fdb40 calls free point subtraction at 0x5fdbd8 and 0x5fdbf5. Body 0x5fdd40 receives the result pointer in ECX and two eight-byte points on the stack, subtracts right coordinates from left coordinates, writes the displacement result and returns with ret 0x10. This ordinary free body follows translation in the rmg.cpp arithmetic cluster.
src/rmg_terrain.cpp	TRmgPatternTerrainRule::hasEntries	unsigned char () __attribute__((thiscall))	Complete-only random-map terrain support; no Dreamcast RMG compiland or corresponding class procedures. Vtable 0x642c98 slot 1 points to 0x5b3840/0xc. The nullary member loads the unsigned count at this+0x20, compares it against zero with cmp/sbb/neg, and returns its nonzero predicate. This is the secondary range count built by the pattern constructor 0x5b3780. Type/method spellings are provisional retail roles.
src/rmg_terrain.cpp	TRmgPatternTerrainRule::isSpecialFrame	unsigned char (int) __attribute__((thiscall))	Complete-only random-map terrain support; no Dreamcast RMG compiland or corresponding class procedures. Vtable 0x642c98 slot 2 points to 0x5b3860/0x11. The member loads the entry-array pointer at this+0x10 and returns its index*8+4 byte (0x5b3869), with ret 4. Pattern constructor 0x5b3780 stores the supplied entry pointer at this+0x10 (0x5b37a2) and builds ranges over eight-byte records. Type/method spellings are provisional retail roles.
src/rmg_terrain.cpp	TRmgPatternTerrainRule::getEntry	int (int) __attribute__((thiscall))	Complete-only random-map terrain support; no Dreamcast RMG compiland or corresponding class procedures. Vtable 0x642c98 slot 3 points to 0x5b3880/0x10. The member loads the entry-array pointer at this+0x10 and returns its index*8 first dword (0x5b3889), with ret 4. This is the frame/transition tag tested by the independently retained selectBaseFrame and selectTransitionFrame slots. Type/method spellings are provisional retail roles.
src/rmg_terrain.cpp	TRmgTableTerrainRule::TRmgTableTerrainRule	void () __attribute__((thiscall))	Complete-only random-map terrain support; no Dreamcast RMG compiland or corresponding class procedures. Static initializer 0x5b3da0 supplies object 0x6a48c8 in ECX and calls the nullary constructor at 0x5b3da5. Its retained 0x5b3a20/0x11 body clears inherited bytes +4/+5 (0x5b3a24/0x5b3a27), installs concrete vtable 0x642cb0 at 0x5b3a2a, and returns this in EAX. Type/method spellings are provisional retail roles.
src/rmg_terrain.cpp	TRmgTableTerrainRule::hasEntries	unsigned char () __attribute__((thiscall))	Complete-only random-map terrain support; no Dreamcast RMG compiland or corresponding class procedures. Vtable 0x642cb0 slot 1 points to the retained 0x5b3a40/3 body: xor al,al; ret. The constructor 0x5b3a20 installs this concrete table-rule vtable; the no-argument member reports no secondary entries. Type/method spellings are provisional retail roles.
src/rmg_terrain.cpp	TRmgTableTerrainRule::getEntry	int (int) __attribute__((thiscall))	Complete-only random-map terrain support; no Dreamcast RMG compiland or corresponding class procedures. Vtable 0x642cb0 slot 3 points to 0x5b3a80/0x11. Its one-argument member loads the first dword of fixed eight-byte entry index at 0x6424a8 (0x5b3a86) and returns with ret 4. The fixed-table selectBaseFrame slot 0x5b3aa0 consumes the same entry tags. Type/method spellings are provisional retail roles.
src/rmg_terrain.cpp	rmgTerrainPainter::initializePackedCell	void (const TRmgGridPoint &, unsigned int) __attribute__((thiscall))	Complete-only random-map terrain support; no Dreamcast RMG compiland or corresponding class procedures. Retained 0x5b3dd0/0x6f receives a grid-point reference and cell index with ret 8. It loads adapter this+0, calls adapter vtable slot 4 at 0x5b3de7 with a twelve-byte return buffer, and uses packed-vector begin at this+0x38 plus index*2. Terrain/frame masks 0xf/0x7f and the two flip bits are packed into one word while preserving upper bits via mask 0xc001 at 0x5b3e28; bit zero is set at 0x5b3e30. The same adapter-read/cache-fill operation is expanded in retained getPackedCell 0x5b48d0. Type/method spellings are provisional retail roles.
src/rmg_terrain.cpp	rmgTerrainPainter::getPackedCell	TRmgPackedTerrainCell *(const TRmgGridPoint &) __attribute__((thiscall))	Complete-only random-map terrain support; no Dreamcast RMG compiland or corresponding class procedures. Retained 0x5b48d0/0x8d computes (point.y*this.width+point.x)*2 at 0x5b48dd..0x5b48e8 using this+0xc width and this+0x38 packed-vector begin. It tests cache-valid bit zero at 0x5b48ee; on a miss it calls adapter slot 4 at 0x5b48fe and expands the same packed-cell initialization as 0x5b3dd0. It returns the indexed two-byte cell pointer at 0x5b4950..0x5b495a with ret 4. Type/method spellings are provisional retail roles.
src/rmg_terrain.cpp	TRmgTerrainBrush::paintRectangle	void (unsigned int, unsigned int, unsigned int, unsigned int) __attribute__((thiscall))	Complete-only random-map terrain support; no Dreamcast RMG compiland or corresponding class procedures. Retained 0x5b7690/0x1f loads the owned painter pointer from the Dinkumware auto_ptr at brush+4 (0x5b7699), forwards all four stack dwords unchanged in order, and calls painter paintRectangle 0x5b4960 at 0x5b76a6. The wrapper returns with ret 0x10, independently fixing this four-argument member boundary. Type/method spellings are provisional retail roles.
src/rmg_terrain.cpp	rmgTerrainPainter::rmgTerrainPainter	void (TRmgMapInterface *, int, int) __attribute__((thiscall))	Complete-only random-map terrain support; no Dreamcast RMG compiland or corresponding class procedures. Brush constructor 0x5b7250 allocates 0x44 bytes and calls this three-argument constructor at 0x5b7297. Retained 0x5b45f0/0x26d stores adapter/terrain/strength at +0/+4/+8 (0x5b461c..0x5b4624), initializes point sets at +0x14/+0x24 via 0x5b8670 calls at 0x5b4636/0x5b4651, and initializes the packed vector at +0x34. Adapter vtable slot 3 call 0x5b4673 returns two dimensions, stored at +0xc/+0x10; their product drives a vector resize of two-byte cells whose validity bit is cleared (0x5b4678). Returns with ret 0xc. Type/method spellings are provisional retail roles.
src/rmg_terrain.cpp	TRmgTerrainBrush::TRmgTerrainBrush	void (TRmgMapInterface *, int, int) __attribute__((thiscall))	Complete-only random-map terrain support; no Dreamcast RMG compiland or corresponding class procedures. Generator repairWaterZoneBorders 0x53fcb0 calls the brush constructor at 0x54017e, then calls its terrain-change, rectangle and destructor entries on the same stack object. Retained 0x5b7250/0x9a allocates a 0x44-byte painter (0x5b726e/0x5b7273), forwards map/terrain/strength to painter constructor 0x5b45f0 at 0x5b7297, and initializes the VC6 auto_ptr owns byte and pointer at brush+0/+4 (0x5b72a5/0x5b72a7). Null allocation constructs and throws TAllocationFailure at 0x5b72d2; ThrowInfo 0x6486c0 names .?AVTAllocationFailure@@ through type descriptor 0x660430 and records size 0x20. Returns with ret 0xc. Type/method spellings are provisional retail roles.
src/rmg_terrain.cpp	TRmgTerrainBrush::~TRmgTerrainBrush	void () __attribute__((thiscall))	Complete-only random-map terrain support; no Dreamcast RMG compiland or corresponding class procedures. Generator repairWaterZoneBorders 0x53fcb0 calls this nullary member at 0x540207 after its rectangle loop. Retained 0x5b72f0/0x225 tests auto_ptr ownership at brush+0 and its nonnull painter at +4 (0x5b730b..0x5b7321). It expands painter cleanup: drains primary/secondary sets at painter+0x14/+0x24, calls repairTerrainPoint 0x5b5440 at 0x5b7358 and paintPoint 0x5b4b20 at 0x5b7409, then paintTransitions 0x5b5a70 at 0x5b7422. It frees the packed vector, destroys both sets and finally deletes the painter at 0x5b74fd. This is the ownership cleanup generated by the empty facade destructor body. Type/method spellings are provisional retail roles.
src/rmg_terrain.cpp	TRmgTerrainBrush::changeTerrain	void (int, int) __attribute__((thiscall))	Complete-only random-map terrain support; no Dreamcast RMG compiland or corresponding class procedures. Generator repairWaterZoneBorders 0x53fcb0 calls this two-argument member at 0x5401c3 when the terrain changes. Retained 0x5b7520/0x16a loads painter from brush+4, drains primary/secondary point sets (counts +0x20/+0x30), calls repairTerrainPoint at 0x5b754a, erases secondary points through bound/range helpers 0x5b8a20/0x5b85a0/0x5b7e30, and conditionally calls paintPoint at 0x5b7653. After paintTransitions at 0x5b7670, it stores the two stack arguments to painter+4/+8 at 0x5b767b/0x5b767e and returns with ret 8. Type/method spellings are provisional retail roles.
src/rmg_terrain.cpp	rmgTerrainPainter::~rmgTerrainPainter	void () __attribute__((thiscall))	Complete-only random-map terrain support; no Dreamcast RMG compiland or corresponding class procedures. The retained VC6 auto_ptr destructor at 0x5b76d0 tests owns and pointer, calls this nullary painter destructor at 0x5b76e0, then deletes the allocation at 0x5b76e6. Retained 0x5b76f0/0x209 drains the primary and secondary point sets, calls repairTerrainPoint at 0x5b7745 and conditional paintPoint at 0x5b77f6, then paintTransitions at 0x5b780f. It frees packed-vector begin this+0x38 at 0x5b781b and destroys secondary then primary sets through range erases 0x5b783f/0x5b789f. It leaves object deallocation to the auto_ptr caller. Type/method spellings are provisional retail roles.
src/rmg_terrain.cpp	rmgTerrainPainter::paintRectangle	void (unsigned int, unsigned int, unsigned int, unsigned int) __attribute__((thiscall))	Complete-only random-map terrain support; no Dreamcast RMG compiland or corresponding class procedures. Brush paintRectangle 0x5b7690 forwards four unsigned bounds at 0x5b76a6 to retained 0x5b4960/0x1b2. This member forms x+width and y+height (0x5b496f/0x5b497b), walks unsigned grid coordinates, calls paintPoint 0x5b4b20 at 0x5b4a2d for a differing terrain, or selects a base frame via strength helper 0x5b6fd0 (0x5b4a3e) and rule slot 4 (0x5b4a4f). The same-terrain path writes a tile through adapter slot 1 at 0x5b4a6f and refreshes the two-byte cache. Returns with ret 0x10. Type/method spellings are provisional retail roles.
src/rmg_terrain.cpp	rmgTerrainPainter::paintPoint	void (const TRmgGridPoint &) __attribute__((thiscall))	Complete-only random-map terrain support; no Dreamcast RMG compiland or corresponding class procedures. The rectangle painter calls retained 0x5b4b20/0x5cb at 0x5b4a2d. It accepts a grid-point reference, reads configured terrain this+4, calls strength helper 0x5b6fd0 at 0x5b4b33 and terrain-rule slot 4 at 0x5b4b44, writes through adapter slot 1 at 0x5b4b61, and updates the packed cache. It reconciles point sets at this+0x14/+0x24, branches on terrain-rule byte +5 at 0x5b4c03, and calls horizontal/vertical gaps, separated-neighbour checks and queueOtherTerrainNeighbours (first queue call 0x5b4c72). Returns with ret 4. Type/method spellings are provisional retail roles.
src/rmg_terrain.cpp	rmgTerrainPainter::queueOtherTerrainNeighbours	void (const TRmgGridPoint &) __attribute__((thiscall))	Complete-only random-map terrain support; no Dreamcast RMG compiland or corresponding class procedures. Retained 0x5b50f0/0x34e is called from paintPoint at 0x5b4c72 and 0x5b50dd with one grid-point reference. It bounds north/south and west/east probes using point coordinates and painter dimensions +0xc/+0x10, reads terrain through getPackedCell (first call 0x5b5114), and inserts differing-terrain points into the secondary set at this+0x24 (first insert 0x5b513e). Diagonal probes additionally test the selected terrain-rule byte +5, e.g. 0x5b5298/0x5b529f. Returns with ret 4. Type/method spellings are provisional retail roles.
src/rmg_terrain.cpp	rmgTerrainPainter::repairTerrainPoint	void (const TRmgGridPoint &) __attribute__((thiscall))	Complete-only random-map terrain support; no Dreamcast RMG compiland or corresponding class procedures. Painter destructor 0x5b76f0 calls retained 0x5b5440/0x626 at 0x5b7745 while draining the primary set. The one-reference member starts with getPackedCell at 0x5b544f and a vertical-gap call at 0x5b545f, combines cardinal gap/repair queries, and paints selected neighbouring points. For disallowed separated neighbours it calls hasSeparatedNeighbours at 0x5b58e4, builds the eight-byte match mask at 0x5b58f8, ranks runs in the direction ring, and calls paintPoint at 0x5b5a15. Returns with ret 4. Type/method spellings are provisional retail roles.
src/rmg_terrain.cpp	rmgTerrainPainter::paintTransitions	void () __attribute__((thiscall))	Complete-only random-map terrain support; no Dreamcast RMG compiland or corresponding class procedures. Painter destructor 0x5b76f0 calls retained nullary 0x5b5a70/0x8a7 at 0x5b780f after draining both worklists. It allocates width*height bytes (product 0x5b5a9d), reads terrain through the packed cache while counting edges, calls buildNeighbourKinds 0x5b68a0 at 0x5b5f4d and fastcall selectTerrainTransition 0x5b3e80 at 0x5b5f5b, then checks diagonal transitions through 0x5b6ba0/0x5b6e00. Rule slots 5/4 select transition/base frames at 0x5b60b6/0x5b60d4. Changed tiles are written through adapter slot 1 at 0x5b6104/0x5b6262 and cached before the byte vector is freed at 0x5b62fe. Type/method spellings are provisional retail roles.
src/rmg_terrain.cpp	rmgTerrainPainter::isHorizontalGap	unsigned char (const TRmgGridPoint &, int) __attribute__((thiscall))	Complete-only random-map terrain support; no Dreamcast RMG compiland or corresponding class procedures. RepairTerrainPoint calls retained 0x5b6320/0x107 at 0x5b5491 with a point reference and terrain. It rejects x==0 and x>=width-1 through unsigned branches at 0x5b6332/0x5b6340, probes x-1 and x+1 through the packed cache (retained initializePackedCell call 0x5b6367 and expanded adapter slot 4 call 0x5b63ab), and requires both terrain values to differ from the supplied terrain. Both returns use ret 8; the caller tests AL at 0x5b5496. Type/method spellings are provisional retail roles.
src/rmg_terrain.cpp	rmgTerrainPainter::isVerticalGap	unsigned char (const TRmgGridPoint &, int) __attribute__((thiscall))	Complete-only random-map terrain support; no Dreamcast RMG compiland or corresponding class procedures. RepairTerrainPoint calls retained 0x5b6430/0x106 at 0x5b545f with a point reference and terrain. It rejects y==0 and y>=height-1 through unsigned branches at 0x5b6443/0x5b644f, probes y-1 and y+1 through the packed cache (retained initializePackedCell call 0x5b6476 and expanded adapter slot 4 call 0x5b64b8), and requires both terrain values to differ from the supplied terrain. Both returns use ret 8; the caller tests AL at 0x5b5464. Type/method spellings are provisional retail roles.
src/rmg_terrain.cpp	rmgTerrainPainter::buildMatchingNeighbourMask	void (const TRmgGridPoint &, unsigned char *) __attribute__((thiscall))	Complete-only random-map terrain support; no Dreamcast RMG compiland or corresponding class procedures. HasSeparatedNeighbours calls retained 0x5b6540/0x2ca at 0x5b681e with a point reference and an eight-byte output buffer. It obtains center terrain from getPackedCell at 0x5b654f, clamps four adjacent coordinates against painter dimensions +0xc/+0x10, and emits cardinal equality bytes (north at output+0, 0x5b65c8; south at output+4, 0x5b65f2). Diagonal entries are guarded by adjoining cardinal matches and use the same terrain/cache domain. Returns with ret 8. Type/method spellings are provisional retail roles.
src/rmg_terrain.cpp	rmgTerrainPainter::hasSeparatedNeighbours	unsigned char (const TRmgGridPoint &) __attribute__((thiscall))	Complete-only random-map terrain support; no Dreamcast RMG compiland or corresponding class procedures. RepairTerrainPoint calls retained 0x5b6810/0x84 at 0x5b58e4. This one-reference member builds an eight-byte local matching-neighbour mask through 0x5b6540 at 0x5b681e, wraps direction indices with and 7, and scans matching/unmatching runs around the ring. A full wrap returns zero; reaching a second matching run returns AL=1 at 0x5b688c. Returns with ret 4. Type/method spellings are provisional retail roles.
src/rmg_terrain.cpp	rmgTerrainPainter::getTerrain	int (const TRmgGridPoint &) __attribute__((thiscall))	Complete-only RMG; no Dreamcast RMG compiland or corresponding class procedures. Reconstructed helper ownership is inferred from recurring retail painter operations: The one-point terrain query calls retained getPackedCell 0x5b48d0 then extracts bits 1..4 of its returned word, e.g. paintPoint 0x5b4e55..0x5b4e64 and painter destructor 0x5b7785..0x5b7790. The ordinary helper owns this recurring cache/query operation; its source comment records the caller controls. No standalone retail body or original source inline qualifier is asserted.
src/rmg_terrain.cpp	rmgTerrainPainter::getWidth	unsigned int () __attribute__((thiscall)) const	Complete-only RMG; no Dreamcast RMG compiland or corresponding class procedures. Reconstructed helper ownership is inferred from recurring retail painter operations: Painter construction stores width at this+0xc (0x5b467e). The ordinary dimension accessor models the repeated unsigned loads used by paintTransitions (0x5b5a97) and horizontal gap bounds (0x5b6338); it belongs with the painter implementation. No standalone retail body or original source inline qualifier is asserted.
src/rmg_terrain.cpp	rmgTerrainPainter::getHeight	unsigned int () __attribute__((thiscall)) const	Complete-only RMG; no Dreamcast RMG compiland or corresponding class procedures. Reconstructed helper ownership is inferred from recurring retail painter operations: Painter construction stores height at this+0x10 (0x5b4684). The ordinary dimension accessor models the repeated unsigned loads used by paintTransitions (0x5b5a9a) and vertical gap bounds (0x5b6449); it belongs with the painter implementation. No standalone retail body or original source inline qualifier is asserted.
src/rmg_terrain.cpp	rmgTerrainPainter::selectBaseFrame	int (const TRmgGridPoint &, int, int) __attribute__((thiscall))	Complete-only RMG; no Dreamcast RMG compiland or corresponding class procedures. Reconstructed helper ownership is inferred from recurring retail painter operations: PaintPoint first captures the terrain index, calls getTransitionStrength 0x5b6fd0 at 0x5b4b33, then loads the selected rule and calls its slot 4 at 0x5b4b44. PaintRectangle repeats this sequence at 0x5b4a3e/0x5b4a4f, and PaintTransitions at 0x5b60c2/0x5b60d4. This ordinary helper preserves the recurring operation and the terrain value across the strength call. No standalone retail body or original source inline qualifier is asserted.
src/rmg_terrain.cpp	rmgTerrainPainter::setTile	void (const TRmgGridPoint &, const rmgTerrainTile &) __attribute__((thiscall))	Complete-only RMG; no Dreamcast RMG compiland or corresponding class procedures. Reconstructed helper ownership is inferred from recurring retail painter operations: PaintPoint writes the point/tile through adapter slot 1 at 0x5b4b61, then sets cache validity at 0x5b4b76 and stores terrain, frame and both flip bits through 0x5b4bd7. PaintRectangle repeats the write at 0x5b4a6f and cache updates 0x5b4a81..0x5b4adf. PaintTransitions repeats both update forms at 0x5b6104/0x5b6262. This ordinary helper owns that shared write operation, distinct from adapter-read cache initialization. No standalone retail body or original source inline qualifier is asserted.
src/rmg_terrain.cpp	selectRmgLinePattern	int (const unsigned char *, const TRmgLinePatternTable *, unsigned char &, unsigned char &) __attribute__((fastcall))	Complete-only RMG; no Dreamcast counterpart. Retail refresh 0x4f9f00 calls the retained five-argument selector 0x4f9cb0 with independent pattern and byte-flip outputs. This ordinary scalar-return overload owns the pattern output and preserves the canonical selector, call order and separate flip lifetimes. Its expansion recovers the retail parameter-register roles and post-tile-query pattern comparison (99.7462%); an aggregate return packs the flips and differs. No standalone retail body or original inline qualifier is asserted.
src/rmg_terrain.cpp	rmgTerrainPainter::getPaintTerrain	const int &() __attribute__((thiscall)) const	Complete-only RMG; no Dreamcast RMG compiland or corresponding class procedures. Reconstructed helper ownership is inferred from recurring retail painter operations: The painter constructor stores the configured terrain at this+4 (0x5b461c), and brush changeTerrain updates it at 0x5b767b. PaintPoint reads the same field at 0x5b4b2e/0x5b4b47. The ordinary accessor is part of the recurring comparison/base-frame source interface. No standalone retail body or original source inline qualifier is asserted.
src/rmg_terrain.cpp	rmgTerrainPainter::isPaintTerrain	unsigned char (const TRmgGridPoint &) __attribute__((thiscall))	Complete-only RMG; no Dreamcast RMG compiland or corresponding class procedures. Reconstructed helper ownership is inferred from recurring retail painter operations: The eight-neighbour paintPoint path calls getPackedCell at 0x5b4e55 and compares its terrain with configured painter terrain before reconciling the point sets. This ordinary predicate composes getTerrain and getPaintTerrain; src/rmg_terrain.cpp documents the comparison-return and accessor-flattening controls, retaining the observed caller boundaries without an invented inline qualifier. No standalone retail body or original source inline qualifier is asserted.
src/rmg_terrain.cpp	rmgTerrainPainter::isHorizontalGap	unsigned char (const TRmgGridPoint &) __attribute__((thiscall))	Complete-only RMG; no Dreamcast RMG compiland or corresponding class procedures. Reconstructed helper ownership is inferred from recurring retail painter operations: The own-terrain overload supplies the cached terrain to the retained two-argument gap member. Painter destructor 0x5b7785..0x5b7798 calls getPackedCell, extracts terrain, and calls 0x5b6320 with the same point. PaintPoint repeats that sequence at 0x5b4c45..0x5b4c58. This ordinary overload owns the recurring query composition. No standalone retail body or original source inline qualifier is asserted.
src/rmg_terrain.cpp	rmgTerrainPainter::isVerticalGap	unsigned char (const TRmgGridPoint &) __attribute__((thiscall))	Complete-only RMG; no Dreamcast RMG compiland or corresponding class procedures. Reconstructed helper ownership is inferred from recurring retail painter operations: The own-terrain overload supplies the cached terrain to the retained two-argument gap member. RepairTerrainPoint opens with getPackedCell 0x5b544f, extracts terrain, and calls 0x5b6430 at 0x5b545f with the same point. Painter destructor repeats this composition at 0x5b77a7..0x5b77ba. No standalone retail body or original source inline qualifier is asserted.
src/rmg_terrain.cpp	rmgTerrainPainter::needsTerrainRepair	unsigned char (const TRmgGridPoint &) __attribute__((thiscall))	Complete-only RMG; no Dreamcast RMG compiland or corresponding class procedures. Reconstructed helper ownership is inferred from recurring retail painter operations: Painter destructor 0x5b7785..0x5b77ee checks horizontal and vertical gaps, returns a repair decision for either gap, otherwise consults the cached terrain rule byte +5 and the retained separated-neighbour predicate at 0x5b77e7. Brush changeTerrain repeats the operation at 0x5b75c6..0x5b764b. This ordinary helper preserves the shared guards and the separation helper result; source notes retain the negative controls for booleanizing that result. No standalone retail body or original source inline qualifier is asserted.
src/rmg_terrain.cpp	rmgTerrainPainter::finish	void () __attribute__((thiscall))	Complete-only RMG; no Dreamcast RMG compiland or corresponding class procedures. Reconstructed helper ownership is inferred from recurring retail painter operations: Painter destructor drains primary points through repairTerrainPoint (0x5b7745), erases secondary points (0x5b777a) and conditionally paints them (0x5b77f6), rechecks the primary count at 0x5b7804, then calls paintTransitions at 0x5b780f. Brush changeTerrain repeats the two-worklist completion at 0x5b752c..0x5b7670. This ordinary helper owns the shared completion operation, leaving container destruction to the destructor and terrain stores to changeTerrain. No standalone retail body or original source inline qualifier is asserted.
src/rmg_terrain.cpp	rmgTerrainPainter::changeTerrain	int (int, int) __attribute__((thiscall))	Complete-only RMG; no Dreamcast RMG compiland or corresponding class procedures. Reconstructed helper ownership is inferred from recurring retail painter operations: Brush changeTerrain 0x5b7520 loads its painter from brush+4 and expands the completion operation before storing the two stack arguments to painter+4/+8 at 0x5b767b/0x5b767e. The reconstructed ordinary painter member owns completion followed by the terrain/strength update; the retained brush boundary supplies the facade receiver separately. No standalone retail body or original source inline qualifier is asserted. The prior-terrain return is provisional: the brush discards it, so retail cannot prove it; owning source records the inline-cost controls and this limitation.
include/rmg_terrain.h	rmgTerrainTile::rmgTerrainTile	void () __attribute__((thiscall))	Complete-only RMG; no Dreamcast RMG compiland or corresponding class procedures. Reconstructed value/base constructor ownership is inferred from retail layout and caller operations: The twelve-byte tile value is exchanged by adapter slot 4: retained initializePackedCell calls it at 0x5b3de7 with a twelve-byte result buffer and reads terrain/frame/flip payloads at offsets 0/4/8. The reconstructed empty default constructor permits uninitialized tile locals used by this value interface and TRmgPackedTerrainCell::getTile; it writes no payload or padding. It accompanies the field-initializing constructor and is not claimed as a retained retail body. Original source spelling and inline qualifier are not asserted.
include/rmg_terrain.h	rmgTerrainTile::rmgTerrainTile	void (int, int) __attribute__((thiscall))	Complete-only RMG; no Dreamcast RMG compiland or corresponding class procedures. Reconstructed value/base constructor ownership is inferred from retail layout and caller operations: PaintPoint materializes the twelve-byte tile before adapter slot 1: frame and configured terrain are stored at 0x5b4b4a/0x5b4b4d, and the two flip bytes are zeroed at 0x5b4b55/0x5b4b59. PaintRectangle repeats this construction at 0x5b4a55..0x5b4a65. The reconstructed two-argument value constructor owns those initializations while leaving tail padding untouched; the tile structure is shared with the adapter interface. Original source spelling and inline qualifier are not asserted.
include/rmg_terrain.h	TRmgTerrainRule::TRmgTerrainRule	void (unsigned char, unsigned char) __attribute__((thiscall))	Complete-only RMG; no Dreamcast RMG compiland or corresponding class procedures. Reconstructed value/base constructor ownership is inferred from retail layout and caller operations: Table-rule constructor 0x5b3a20 clears inherited bytes +4/+5 at 0x5b3a24/0x5b3a27 before installing vtable 0x642cb0. The base destructor 0x5b3850 restores the six-slot base vtable 0x642c80; retained rule consumers inspect these flag bytes. The reconstructed base constructor owns the shared flag initialization; the derived table rule has no own data members. Original source spelling and inline qualifier are not asserted. The incoming pattern-rule reconstruction at 0x5b3780 copies the two caller flag arguments into the same inherited bytes; the base constructor now accepts them with zero defaults for the table-rule path.
src/rmg.cpp	rmgBlackBoxObject::rmgBlackBoxObject	void (TRmgObjectPropertiesRef *) __attribute__((thiscall))	Complete-only RMG generation; no DC generator class/procedure or RMG compiland (DC BlackBoxData/readBlackBox are gameplay consumers). Shared expansion in 0x534380/0x534410/0x534490 allocates 0x54, installs vptr 0x640ad4, clears vector words +0x48/+0x4c/+0x50, sets creature -1/count 0/experience 0, and clears seven resource dwords.
src/rmg.cpp	rmgBlackBoxObject::write	void (TAbstractFile *, int) __attribute__((thiscall))	Complete-only RMG generation; DC has gameplay BlackBoxData/readBlackBox but no generator class or RMG compiland. Retail 0x5336f0 is vtable 0x640ad4 slot 3: serializes reward +0x1c, seven resources +0x20, spell vector +0x44, and creature +0x3c/+0x40; version argument selects one/two-byte creature ID, ret 8.
src/rmg.cpp	type_black_box_creature_def::getValue	int (TRmgZone *, type_random_map_generator *) __attribute__((thiscall))	Complete-only RMG generation; no DC generator identity or RMG compiland. Vtable 0x640b7c slot 1 is 0x534310: compares creature alignment through 0x6747b0 with zone +8, returns -1 on mismatch, otherwise weights AI-value times count using generator +0xf60/+0xf64; ret 8.
src/rmg.cpp	type_black_box_creature_def::generate	type_object *(TRmgObjectPropertiesRef *, type_random_map_generator *, TRmgZone *) __attribute__((thiscall))	Complete-only RMG generation; no DC generator identity or RMG compiland. Vtable 0x640b7c slot 0 is 0x534380: allocates 0x54, expands canonical rmgBlackBoxObject construction, then copies definition +0x14/+0x18 to reward +0x3c/+0x40 at 0x5343f4..0x5343fd; ret 12.
src/rmg.cpp	type_black_box_experience_def::generate	type_object *(TRmgObjectPropertiesRef *, type_random_map_generator *, TRmgZone *) __attribute__((thiscall))	Complete-only RMG generation; no DC generator identity or RMG compiland. Vtable 0x640b88 slot 0 is 0x534410: allocates 0x54, expands canonical rmgBlackBoxObject construction, then copies definition +0x14 to reward experience +0x1c at 0x534484/0x534488; ret 12.
src/rmg.cpp	type_black_box_gold_def::generate	type_object *(TRmgObjectPropertiesRef *, type_random_map_generator *, TRmgZone *) __attribute__((thiscall))	Complete-only RMG generation; no DC generator identity or RMG compiland. Vtable 0x640b94 slot 0 is 0x534490: allocates 0x54, expands canonical rmgBlackBoxObject construction, then adds definition +0x14 to gold reward +0x38 at 0x534504..0x53450d; ret 12.
src/rmg.cpp	rmgResourceObject::rmgResourceObject	void (TRmgObjectPropertiesRef *) __attribute__((thiscall))	Complete-only RMG generation; no DC generator class/procedure or RMG compiland. Ordinary constructor expanded by factory 0x534870 (definition vtable 0x640bc4 slot 0): allocates base-sized 0x1c, retains property +4 and increments its +8 refcount, initializes coordinates/marks, then replaces base vptr 0x640a74 with 0x640ac4; no extra fields.
src/rmg.cpp	rmgResourceObject::write	void (TAbstractFile *, int) __attribute__((thiscall))	Complete-only RMG generation; no DC generator class/procedure or RMG compiland. Retail 0x5335c0 is object vtable 0x640ac4 slot 3. After the canonical coordinate/prototype/reserved record, writes one-byte zero custom-treasure flag followed by two independent four-byte zero writes at 0x53363f/0x533653/0x533667; ret 8.
src/rmg.cpp	type_resource_lump_def::generate	type_object *(TRmgObjectPropertiesRef *, type_random_map_generator *, TRmgZone *) __attribute__((thiscall))	Complete-only RMG generation; no DC generator class/procedure or RMG compiland. Retail 0x534870 is definition vtable 0x640bc4 slot 0: allocates 0x1c, expands canonical rmgResourceObject construction with vptr 0x640ac4, returns null on allocation failure, and returns with ret 12.
src/rmg.cpp	rmgScholarObject::rmgScholarObject	void (TRmgObjectPropertiesRef *) __attribute__((thiscall))	Complete-only RMG generation; no DC generator class/procedure or RMG compiland. Ordinary constructor expanded by factory 0x534970 (definition vtable 0x640bdc slot 0): allocates base-sized 0x1c, retains property +4 and increments its +8 refcount, initializes coordinates/marks, then replaces base vptr 0x640a74 with 0x640b24; no extra fields.
src/rmg.cpp	rmgScholarObject::write	void (TAbstractFile *, int) __attribute__((thiscall))	Complete-only RMG generation; no DC generator class/procedure or RMG compiland. Retail 0x533e70 is object vtable 0x640b24 slot 3. After the canonical coordinate/prototype/reserved record, writes one-byte reward tag 0xff, one-byte zero value, then four/two reserved zero bytes at 0x533eef/0x533f00/0x533f14/0x533f28; ret 8.
src/rmg.cpp	type_scholar_def::generate	type_object *(TRmgObjectPropertiesRef *, type_random_map_generator *, TRmgZone *) __attribute__((thiscall))	Complete-only RMG generation; no DC generator class/procedure or RMG compiland. Retail 0x534970 is definition vtable 0x640bdc slot 0: allocates 0x1c, expands canonical rmgScholarObject construction with vptr 0x640b24, returns null on allocation failure, and returns with ret 12.
src/rmg.cpp	rmgShrineObject::rmgShrineObject	void (TRmgObjectPropertiesRef *) __attribute__((thiscall))	Complete-only RMG generation; no DC generator class/procedure or RMG compiland. Ordinary constructor expanded by factory 0x534a00 (definition vtable 0x640be8 slot 0): allocates base-sized 0x1c, retains property +4 and increments its +8 refcount, initializes coordinates/marks, then replaces base vptr 0x640a74 with 0x640b34; no extra fields.
src/rmg.cpp	rmgShrineObject::write	void (TAbstractFile *, int) __attribute__((thiscall))	Complete-only RMG generation; no DC generator class/procedure or RMG compiland. Retail 0x533f40 is object vtable 0x640b34 slot 3. After the canonical coordinate/prototype/reserved record, writes one-byte default spell 0xff and two/one reserved zero bytes at 0x533fbf/0x533fd3/0x533fe4; ret 8.
src/rmg.cpp	type_shrine_def::generate	type_object *(TRmgObjectPropertiesRef *, type_random_map_generator *, TRmgZone *) __attribute__((thiscall))	Complete-only RMG generation; no DC generator class/procedure or RMG compiland. Retail 0x534a00 is definition vtable 0x640be8 slot 0: allocates 0x1c, expands canonical rmgShrineObject construction with vptr 0x640b34, returns null on allocation failure, and returns with ret 12.
src/rmg.cpp	rmgWitchHutObject::rmgWitchHutObject	void (TRmgObjectPropertiesRef *) __attribute__((thiscall))	Complete-only RMG generation; no DC generator class/procedure or RMG compiland. Ordinary constructor expanded by factory 0x534a90 (definition vtable 0x640bf4 slot 0): allocates base-sized 0x1c, retains property +4 and increments its +8 refcount, initializes coordinates/marks, then replaces base vptr 0x640a74 with 0x640b54; no extra fields.
src/rmg.cpp	rmgWitchHutObject::write	void (TAbstractFile *, int) __attribute__((thiscall))	Complete-only RMG generation; no DC generator class/procedure or RMG compiland. Retail 0x5340c0 is object vtable 0x640b54 slot 3. After the canonical coordinate/prototype/reserved record, writes four-byte skill mask 0xefdf at 0x534148 only when the signed version is at least 1 (comparison 0x534131); ret 8.
src/rmg.cpp	type_witch_hut_def::generate	type_object *(TRmgObjectPropertiesRef *, type_random_map_generator *, TRmgZone *) __attribute__((thiscall))	Complete-only RMG generation; no DC generator class/procedure or RMG compiland. Retail 0x534a90 is definition vtable 0x640bf4 slot 0: allocates 0x1c, expands canonical rmgWitchHutObject construction with vptr 0x640b54, returns null on allocation failure, and returns with ret 12.
src/rmg.cpp	type_object::clearPlacementMarks	void () __attribute__((thiscall))	Complete-only RMG generation; no Dreamcast generator type/procedure or RMG compiland. Retail 0x533150 is a retained reset of bytes +0x14 through +0x18, also expanded in the base constructor 0x5330e0; ret 0.
src/rmg.cpp	type_object::write	void (TAbstractFile *, int) __attribute__((thiscall))	Complete-only RMG generation; no Dreamcast generator type/procedure or RMG compiland. Object vtable 0x640a74 slot 3 is 0x533170: writes three coordinate bytes from +8/+0xc/+0x10, four-byte prototype index from the property record +0xc, then five zero bytes; ret 8.
src/rmg.cpp	type_object::~type_object	void () __attribute__((thiscall))	Complete-only RMG generation; no Dreamcast generator type/procedure or RMG compiland. Retained destructor 0x5338d0 installs base vptr 0x640a74, loads property pointer +4 and decrements its +8 reference count; ret 0. Canonical body serves derived member/base teardown.
include/rmg.h	rmgMonsterObject::rmgMonsterObject	void (TRmgObjectPropertiesRef *, int, int) __attribute__((thiscall))	Complete-only RMG generation; no Dreamcast generator type/procedure or RMG compiland. createGuard 0x540b20 allocates 0x2c at 0x540ce9, expands base construction, stores count +0x20 at 0x540d1d, installs vptr 0x640a84 at 0x540d3e, sets disposition +0x24 to 3 and object ID +0x1c; writer 0x5331f0 confirms those fields.
src/rmg.cpp	rmgMonsterObject::write	void (TAbstractFile *, int) __attribute__((thiscall))	Complete-only RMG generation; no Dreamcast generator type/procedure or RMG compiland. Object vtable 0x640a84 slot 3 is 0x5331f0. After base serialization, signed version >=1 gates the four-byte ID +0x1c; then writes two-byte count +0x20, one-byte disposition +0x24, three zero bytes separately and a zero word; ret 8.
include/rmg.h	rmgOwnableObject::rmgOwnableObject	void (TRmgObjectPropertiesRef *) __attribute__((thiscall))	Complete-only RMG generation; no Dreamcast generator type/procedure or RMG compiland. Dwelling factory 0x534790 allocates base-sized 0x1c, expands base property/coordinate/mark initialization, and installs vptr 0x640aa4 at 0x5347d2. No added data; its writer 0x533460 appends the unowned flag and reserved bytes.
src/rmg.cpp	rmgOwnableObject::write	void (TAbstractFile *, int) __attribute__((thiscall))	Complete-only RMG generation; no Dreamcast generator type/procedure or RMG compiland. Object vtable 0x640aa4 slot 3 is 0x533460: expands base serialization, writes one unowned-player byte 0xff at 0x5334df and three reserved zero bytes at 0x5334f5; ret 8.
src/rmg.cpp	rmgArtifactObject::rmgArtifactObject	void (TRmgObjectPropertiesRef *) __attribute__((thiscall))	Complete-only RMG generation; no Dreamcast generator type/procedure or RMG compiland. Artifact factory 0x5341f0 allocates base-sized 0x1c, expands canonical base construction and installs vptr 0x640ab4 at 0x534232. Its writer slot 3 is 0x533500; no added instance fields.
src/rmg.cpp	rmgArtifactObject::write	void (TAbstractFile *, int) __attribute__((thiscall))	Complete-only RMG generation; no Dreamcast generator type/procedure or RMG compiland. Object vtable 0x640ab4 slot 3 is 0x533500: expands base serialization and appends the one-byte zero custom-treasure flag at 0x53357b/0x53357f; ret 8.
src/rmg.cpp	type_treasure_def::getValue	int (TRmgZone *, type_random_map_generator *) __attribute__((thiscall))	Complete-only RMG generation; no Dreamcast generator type/procedure or RMG compiland. Definition vtable 0x640b64 slot 1 is 0x534190: returns value dword +0xc and pops the two interface arguments (ret 8). Several derived definition tables share this method.
src/rmg.cpp	type_treasure_def::generate	type_object *(TRmgObjectPropertiesRef *, type_random_map_generator *, TRmgZone *) __attribute__((thiscall))	Complete-only RMG generation; no Dreamcast generator type/procedure or RMG compiland. Definition vtable 0x640b64 slot 0 is 0x5341a0: allocates 0x1c, expands canonical type_object constructor with vptr 0x640a74 and supplied property pointer, returns null on allocation failure; ret 12.
src/rmg.cpp	type_artifact_def::generate	type_object *(TRmgObjectPropertiesRef *, type_random_map_generator *, TRmgZone *) __attribute__((thiscall))	Complete-only RMG generation; no Dreamcast generator type/procedure or RMG compiland. Definition vtable 0x640b70 slot 0 is 0x5341f0: allocates 0x1c, expands canonical rmgArtifactObject construction ending in vptr 0x640ab4, returns null on allocation failure; ret 12.
src/rmg.cpp	type_dwelling_def::generate	type_object *(TRmgObjectPropertiesRef *, type_random_map_generator *, TRmgZone *) __attribute__((thiscall))	Complete-only RMG generation; no Dreamcast generator type/procedure or RMG compiland. Definition vtables 0x640bac and 0x640bb8 share factory 0x534790 in slot 0. It allocates 0x1c and expands canonical rmgOwnableObject construction ending in vptr 0x640aa4, with null allocation return; ret 12.
src/rmg.cpp	type_quest_experience_def::getValue	int (TRmgZone *, type_random_map_generator *) __attribute__((thiscall))	Complete-only RMG generation; no Dreamcast generator type/procedure or RMG compiland. Definition vtable 0x640c0c slot 1 selects shared 0x534c80: compare subtype +8 with generator +0xf58, reject mismatch or exhausted-artifact byte +0x10b4 with -1, otherwise return value +0xc; ret 8. The experience class retains its distinct factory in slot 0.
src/rmg.cpp	type_quest_gold_def::getValue	int (TRmgZone *, type_random_map_generator *) __attribute__((thiscall))	Complete-only RMG generation; no Dreamcast generator type/procedure or RMG compiland. Definition vtable 0x640c18 slot 1 selects the same 0x534c80 as the experience class; slot 0 has its separate factory. Compare subtype +8 with generator +0xf58, reject mismatch or exhausted-artifact byte +0x10b4, otherwise return value +0xc; ret 8. Keep both source overrides with one folded retail VA.
src/rmg.cpp	type_key_tent_def::getValue	int (TRmgZone *, type_random_map_generator *) __attribute__((thiscall))	Complete-only RMG generation; no Dreamcast generator type/procedure or RMG compiland. Definition vtable 0x640c30 slot 1 is 0x534fa0: compare subtype/color +8 with generator next-color +0xf5c, return -1 on mismatch or value +0xc on match; ret 8.
src/victor.cpp	allocimage	int (imgdes *, int, int, int) __attribute__((stdcall))	Windows Victor library implementation; Dreamcast h3/DC_precompiledheaders.cpp contains only platform PCX stubs (allocimage dc 0x8014c returns zero; freeimage dc 0x80154 returns directly), with no vendor implementation source locations. The current grouping filenames and private helper names are provisional. Retail 0x603590 forwards the four caller arguments plus mode global 0x6abaa4 to allocation worker 0x6035c0, cleans five cdecl arguments, then ret 16. Bitmap24Bit/Bitmap816 PCX importers establish the public library boundary; the 44-byte imgdes type is shared with the DC stub.
src/victor.cpp	freeimage	void (imgdes *) __attribute__((stdcall))	Windows Victor library implementation; Dreamcast h3/DC_precompiledheaders.cpp contains only platform PCX stubs (allocimage dc 0x8014c returns zero; freeimage dc 0x80154 returns directly), with no vendor implementation source locations. The current grouping filenames and private helper names are provisional. Retail 0x6037a0 validates the header allocation, releases imgdes header +0x24 through GlobalHandle/GlobalUnlock/GlobalFree and optional HBITMAP +0x28 through DeleteObject, then clears eleven dwords; ret 4. The DC stub supplies the public void signature but performs none of these Windows ownership operations.
src/victor.cpp	victorUploadPalette	int (imgdes *) __attribute__((stdcall))	Windows Victor library implementation; Dreamcast h3/DC_precompiledheaders.cpp contains only platform PCX stubs (allocimage dc 0x8014c returns zero; freeimage dc 0x80154 returns directly), with no vendor implementation source locations. The current grouping filenames and private helper names are provisional. Retail 0x603810 checks HBITMAP +0x28 and color count +0x1c, selects a compatible DC, passes palette +0x18/count to the SetDIBColorTable callback at 0x6abaac, restores and deletes the DC, and releases the desktop DC; ret 4. A compatible-DC failure returns -14.
src/victor.cpp	victorValidateImage	int (imgdes *) __attribute__((stdcall))	Windows Victor library implementation; Dreamcast h3/DC_precompiledheaders.cpp contains only platform PCX stubs (allocimage dc 0x8014c returns zero; freeimage dc 0x80154 returns directly), with no vendor implementation source locations. The current grouping filenames and private helper names are provisional. Retail 0x6038b0 validates imgdes pixels through IsBadReadPtr, normalizes unsigned inclusive x/y bounds at +4/+8/+0xc/+0x10, checks BITMAPINFOHEADER dimensions and byte stride, and distinguishes -42 unreadable, -1 invalid region, -26 unsupported depth, and -12 compression; ret 4. This retained vendor validator is called by the bitmap validator at 0x6039a6.
src/victor.cpp	victorValidateBitmap	int (imgdes *) __attribute__((stdcall))	Windows Victor library implementation; Dreamcast h3/DC_precompiledheaders.cpp contains only platform PCX stubs (allocimage dc 0x8014c returns zero; freeimage dc 0x80154 returns directly), with no vendor implementation source locations. The current grouping filenames and private helper names are provisional. Retail 0x6039a0 calls image validator 0x6038b0, changes only status -26 to zero for BITMAPINFOHEADER bit count 1 at +0xe, then ret 4. Victor callers at 0x603b2c/0x603b42/0x603e12 identify this internal boundary.
src/victor.cpp	victorInitializePalette	void (imgdes *) __attribute__((stdcall))	Windows Victor library implementation; Dreamcast h3/DC_precompiledheaders.cpp contains only platform PCX stubs (allocimage dc 0x8014c returns zero; freeimage dc 0x80154 returns directly), with no vendor implementation source locations. The current grouping filenames and private helper names are provisional. Retail 0x6039c0 derives palette length from biClrUsed or 1<<biBitCount, stores imgdes colors +0x1c, writes grayscale RGBQUAD red/green/blue/reserved bytes at 0x603a22/0x603a29/0x603a30/0x603a39, and expands the GDI palette-upload path; ret 4. Allocation and loadpcx share this retained helper.
src/victor.cpp	victorMinimumDimensions	void (imgdes *, imgdes *, unsigned int *, unsigned int *)	Windows Victor library implementation; Dreamcast h3/DC_precompiledheaders.cpp contains only platform PCX stubs (allocimage dc 0x8014c returns zero; freeimage dc 0x80154 returns directly), with no vendor implementation source locations. The current grouping filenames and private helper names are provisional. Retail 0x603ac0 computes unsigned inclusive extents from both imgdes records, writes width before height, then reduces each through unsigned comparisons at 0x603afd/0x603b03; cdecl ret. flipimage retains the call at 0x603b7e, with height then width output arguments.
src/victor_pcx_kernels.cpp	victorDecodeRleBytes	int (unsigned char *, unsigned char *, int)	Windows Victor library implementation; Dreamcast h3/DC_precompiledheaders.cpp contains only platform PCX stubs (allocimage dc 0x8014c returns zero; freeimage dc 0x80154 returns directly), with no vendor implementation source locations. The current grouping filenames and private helper names are provisional. Retail 0x604510 is loadpcx's retained RLE kernel (caller 0x604071): literal threshold <=0xc0, signed 16-bit CX repeat count, partial-run marker rewrite at 0x60454e/0x604551, and consumed-byte return through the frame local; 83 bytes, cdecl ret. The source retains the explicit x86 assembly with compiler-owned outer frame.
src/victor_pcx_kernels.cpp	victorUnpackFourPlanes	void (unsigned char *, const unsigned char *, int, int)	Windows Victor library implementation; Dreamcast h3/DC_precompiledheaders.cpp contains only platform PCX stubs (allocimage dc 0x8014c returns zero; freeimage dc 0x80154 returns directly), with no vendor implementation source locations. The current grouping filenames and private helper names are provisional. Retail 0x604570 is the consecutive 99-byte PCX planar kernel: CL/CH hold bit index/mask, the four source planes are fetched one stride apart at 0x604588..0x604594, and their bits form one palette index before the mask rotates; cdecl ret. This source preserves the x86 assembly and provisional vendor grouping.
src/victor_pcx_kernels.cpp	victorInterleaveRgbPlanes	void (unsigned char *, const unsigned char *, int)	Windows Victor library implementation; Dreamcast h3/DC_precompiledheaders.cpp contains only platform PCX stubs (allocimage dc 0x8014c returns zero; freeimage dc 0x80154 returns directly), with no vendor implementation source locations. The current grouping filenames and private helper names are provisional. Retail 0x6045e0 is the consecutive 52-byte PCX planar-RGB kernel: saves EBP again inside its compiler frame, uses twice the plane stride in EBP, writes blue/green as a word and red as a byte at 0x604600/0x604605, and advances a signed 16-bit counter; cdecl ret. The assembly-specific grouping filename is provisional.
src/rmg_terrain.cpp	refreshRmgLinePoint	void (TRmgLinePainterInterface *, const TRmgGridPoint &) __attribute__((fastcall))	Complete-only RMG painting: full DC CodeView has no corresponding RMG type, procedure or compiland. Current source/type/helper names are provisional retail roles; no original filename is asserted. Retained fastcall 0x4f9f00 receives painter/point in ECX/EDX. It queries virtual slot 5, builds the eight-neighbour mask through 0x5bc910, retains compound point addition 0x4fa540 and proxy construction 0x4fa050, selects a line pattern through 0x4f9cb0, then conditionally writes the tile through slot 1. clearRmgLineRectangle and paintPoint retain calls to this shared body.
src/rmg_terrain.cpp	TRmgLinePainterInterface::at	TRmgLinePainterTile (const TRmgGridPoint &) __attribute__((thiscall))	Complete-only RMG painting: full DC CodeView has no corresponding RMG type, procedure or compiland. Current source/type/helper names are provisional retail roles; no original filename is asserted. Retained 0x4fa050 constructs the twelve-byte returned proxy by writing painter ECX at result+0 and the referenced point dwords at result+4/+8; ret 8 accounts for hidden result and point reference. refreshRmgLinePoint calls it at 0x4f9f86. This is the canonical ordinary proxy-return boundary, not an alternate by-value coordinate ABI.
src/rmg_terrain.cpp	clearRmgLineRectangle	void (TRmgLinePainterInterface *, const TRmgGridRectangle &) __attribute__((fastcall))	Complete-only RMG painting: full DC CodeView has no corresponding RMG type, procedure or compiland. Current source/type/helper names are provisional retail roles; no original filename is asserted. Retained fastcall 0x4fa080 receives painter/rectangle in ECX/EDX, clears rows through virtual slots 5 and 1, then refreshes four borders through calls at 0x4fa155/0x4fa1bd/0x4fa206/0x4fa25d. The right border subtracts one from height before its extent check; the left does not. paintPoint retains this body at 0x4fa42c.
src/rmg_terrain.cpp	TRmgLineWalker::TRmgLineWalker	void (TRmgLinePainterInterface *, int, const TRmgGridPoint &) __attribute__((thiscall))	Complete-only RMG painting: full DC CodeView has no corresponding RMG type, procedure or compiland. Current source/type/helper names are provisional retail roles; no original filename is asserted. Retained 0x4fa280 stores painter at +0, requested line type at +4 and the referenced point at +8/+0xc, then calls paintPoint 0x4fa3c0 with the member address at 0x4fa2a4; ret 12. Both final road/river painter constructors call this second-base constructor. The current TU partition preserves that ordinary helper boundary without asserting an original source filename.
src/rmg_terrain.cpp	TRmgLineWalker::drawTo	void (const TRmgGridPoint &) __attribute__((thiscall))	Complete-only RMG painting: full DC CodeView has no corresponding RMG type, procedure or compiland. Current source/type/helper names are provisional retail roles; no original filename is asserted. Retained 0x4fa2b0 constructs two three-dword axis records, chooses the major axis by unsigned distance, accumulates error, and retains paintPoint calls at 0x4fa33a/0x4fa369/0x4fa3a4. It finishes by copying the destination to +8/+0xc and ret 4; ordinary line-walker member, shared by road and river generation.
src/rmg_terrain.cpp	TRmgLineWalker::paintPoint	void (const TRmgGridPoint &) __attribute__((thiscall))	Complete-only RMG painting: full DC CodeView has no corresponding RMG type, procedure or compiland. Current source/type/helper names are provisional retail roles; no original filename is asserted. Retained 0x4fa3c0 compares the current line type against member +4, tests AL after virtual slot 3 at 0x4fa403, optionally clears a one-by-one rectangle through 0x4fa080, writes the overlay through slot 2, then refreshes current/neighbour tiles. The first neighbour pass retains operator+= at 0x4fa489; ret 4. Constructor and drawTo calls identify the shared method.
src/rmg_terrain.cpp	TRmgPatternTerrainRule::TRmgPatternTerrainRule	void (unsigned char, unsigned char, int, unsigned int, const TRmgTerrainPatternEntry *) __attribute__((thiscall))	Complete-only RMG painting: full DC CodeView has no corresponding RMG type, procedure or compiland. Current source/type/helper names are provisional retail roles; no original filename is asserted. Retained 0x5b3780 copies two byte flags to inherited +4/+5 and three remaining arguments to +8/+0xc/+0x10; initializes 58 first/count pairs at +0x14, installs derived vptr 0x642c98 after the array loop, then groups input entries by frame and special byte; ret 20. The six-slot vtable independently identifies this concrete pattern-rule class.
include/rmg_terrain.h	TRmgTerrainPatternRange::TRmgTerrainPatternRange	void () __attribute__((thiscall))	Complete-only RMG painting: full DC CodeView has no corresponding RMG type, procedure or compiland. Current source/type/helper names are provisional retail roles; no original filename is asserted. Both owning constructors expand the same eight-byte range initialization before scanning records: 0x5b37b6/0x5b37b8 zero first/count for 58 pattern-rule entries, and 0x5b3955/0x5b3957 zero 116 entries in the global table. The loops step by eight and the later scans update those exact two lanes. This shared value constructor stays with its record declaration; no retained standalone body or original inline spelling is asserted.
src/rmg_terrain.cpp	TRmgTerrainPatternTable::TRmgTerrainPatternTable	void () __attribute__((thiscall))	Complete-only RMG painting: full DC CodeView has no corresponding RMG type, procedure or compiland. Current source/type/helper names are provisional retail roles; no original filename is asserted. Retained 0x5b3940 initializes 116 eight-byte first/count records, then groups the 48 fixed eight-byte entries at 0x6424a8 by frame and two flip bytes. Static initialization passes the global table at 0x6a4158; selector 0x5b3ae0 consumes the same four-way transition ranges. Constructor returns its receiver with no explicit stack arguments.
src/rmg_terrain.cpp	TRmgTableTerrainRule::selectTransitionFrame	int (int, TRmgTerrainFlip, TRmgTerrainFlip &, int) __attribute__((thiscall))	Complete-only RMG painting: full DC CodeView has no corresponding RMG type, procedure or compiland. Current source/type/helper names are provisional retail roles; no original filename is asserted. Vtable 0x642cb0 slot 5 selects retained 0x5b3ae0. It reuses an old frame only if fixed table 0x6424a8 and flip bytes +4/+5 match, otherwise chooses within ((transition*2+xFlip)*2+yFlip) at range table 0x6a4158 using rand. It writes a zero two-byte output flip at 0x5b3b4d and ret 16.
src/rmg_terrain.cpp	getRmgTerrainNeighbourKind	int (int, int) __attribute__((fastcall))	Complete-only RMG painting: full DC CodeView has no corresponding RMG type, procedure or compiland. Current source/type/helper names are provisional retail roles; no original filename is asserted. Retained fastcall 0x5b3e40 returns zero for equal terrain or center terrain 1, reads both rules through pointer table 0x642bd8 and their blend byte +4, returns 2 when either forbids blending, otherwise returns center!=0. buildNeighbourKinds retains the final southeast call at 0x5b6b8e and expands the preceding classifiers.
src/rmg_terrain.cpp	rmgTerrainPainter::buildNeighbourKinds	void (const TRmgGridPoint &, int *) __attribute__((thiscall))	Complete-only RMG painting: full DC CodeView has no corresponding RMG type, procedure or compiland. Current source/type/helper names are provisional retail roles; no original filename is asserted. Retained 0x5b68a0 obtains center and eight clamped neighbouring terrains through cache helper 0x5b48d0, fills the N/S/W/E/NW/NE/SW/SE output slots, then retains the final classifier at 0x5b6b8e; ret 8. The transition pass calls this ordinary member at 0x5b5f4d.
src/rmg_terrain.cpp	rmgTerrainPainter::checkFirstDiagonal	unsigned char (const TRmgGridPoint &, const TRmgTerrainFlip &) __attribute__((thiscall))	Complete-only RMG painting: full DC CodeView has no corresponding RMG type, procedure or compiland. Current source/type/helper names are provisional retail roles; no original filename is asserted. Retained 0x5b6ba0 initializes guarded two-offset reflections at 0x6a5260, indexes by the two flip bytes, clamps referenced signed coordinates, and checks either neighbouring terrain against the center. Early cache queries call 0x5b48d0; the later query expands through adapter slot 4 at 0x5b6d7b; ret 8. Transition 2/8 callers supply this member boundary.
src/rmg_terrain.cpp	rmgTerrainPainter::checkSecondDiagonal	unsigned char (const TRmgGridPoint &, const TRmgTerrainFlip &) __attribute__((thiscall))	Complete-only RMG painting: full DC CodeView has no corresponding RMG type, procedure or compiland. Current source/type/helper names are provisional retail roles; no original filename is asserted. Retained 0x5b6e00 initializes the four signed two-cell offsets at 0x6a3d68, checks an x-adjusted point and a separate y-adjusted point, and succeeds on either terrain mismatch. Center/first queries retain 0x5b48d0, while the final query expands through adapter slot 4 at 0x5b6f42; ret 8. Transition 5/11 callers identify the shared method.
src/rmg_terrain.cpp	rmgTerrainPainter::getTransitionStrength	int (const TRmgGridPoint &, int) __attribute__((thiscall))	Complete-only RMG painting: full DC CodeView has no corresponding RMG type, procedure or compiland. Current source/type/helper names are provisional retail roles; no original filename is asserted. Retained 0x5b6fd0 considers west/north/east/south neighbours through the packed-cell cache, compares their terrain and calls terrain-rule slot 2 on each matching frame. Logical shifts at 0x5b703a/0x5b7086/0x5b70f1/0x5b722c halve unsigned strength; ret 8. Base-frame selection shares this ordinary member; later cache queries expand independently.
src/rmg_support.cpp	TRmgLinePainterInterface::TRmgLinePainterInterface	void (const TRmgGridPoint &) __attribute__((thiscall))	Complete-only RMG support: the full DC CodeView corpus has no corresponding RMG type, procedure or compiland. Current source/type/helper names are provisional retail roles, without an asserted original filename. Shared six-slot abstract painter prefix owns dimensions +4/+8. Both retained derived constructors 0x55ee50/0x55f3b0 obtain adapter size then copy those two fields before storing the adapter +0xc and constructing the walker second base. This ordinary base constructor preserves the shared class initialization; no standalone body or original inline spelling is asserted.
src/rmg_support.cpp	TRmgLinePatternTable::TRmgLinePatternTable	void (unsigned int, const int *) __attribute__((thiscall))	Complete-only RMG support: the full DC CodeView corpus has no corresponding RMG type, procedure or compiland. Current source/type/helper names are provisional retail roles, without an asserted original filename. Retail 0x4f9be0: Retained constructor copies the input pattern array into owned storage at +4, clears nine first/count pairs, then groups consecutive ids; ret 8. River/road initializers 0x55ed7c/0x55f2fc pass 13/17 entries. Allocation failure constructs TAllocationFailure through 0x4d6b80.
src/rmg_support.cpp	TRmgLinePatternTable::~TRmgLinePatternTable	void () __attribute__((thiscall))	Complete-only RMG support: the full DC CodeView corpus has no corresponding RMG type, procedure or compiland. Current source/type/helper names are provisional retail roles, without an asserted original filename. Retail 0x4f9ca0: Retained destructor loads the owned array at +4 and tail-calls array deletion; the two pattern-table cinit cleanups use this same body.
src/rmg_support.cpp	selectRmgLinePattern	void (const unsigned char *, const TRmgLinePatternTable *, int &, unsigned char &, unsigned char &) __attribute__((fastcall))	Complete-only RMG support: the full DC CodeView corpus has no corresponding RMG type, procedure or compiland. Current source/type/helper names are provisional retail roles, without an asserted original filename. Retail 0x4f9cb0: Retained fastcall selector receives an eight-byte neighbour mask and pattern table in ECX/EDX, plus three output references with ret 12. Caller 0x4f9f00 supplies id/X-flip/Y-flip separately; reflection lookup uses 0x63fe9c/0x63ff1c, distinct from the terrain classifier.
src/rmg.cpp	TRmgMapPosition::TRmgMapPosition	void (int, int, int) __attribute__((thiscall))	Complete-only RMG support: the full DC CodeView corpus has no corresponding RMG type, procedure or compiland. Current source/type/helper names are provisional retail roles, without an asserted original filename. Retail 0x5355c0: Retained value constructor writes its three stack integers to receiver +0/+4/+8 and returns with ret 12. The RMG pathfinding callers share this twelve-byte map-position boundary.
src/rmg_support.cpp	TRmgRiverPainter::~TRmgRiverPainter	void () __attribute__((thiscall))	Complete-only RMG support: the full DC CodeView corpus has no corresponding RMG type, procedure or compiland. Current source/type/helper names are provisional retail roles, without an asserted original filename. Retail 0x55eda0: Retained seven-byte derived destructor restores base vptr 0x641174. Base has six API slots and no virtual destructor; derived vtable 0x641190 adds seventh slot 0x55eed0, the scalar deleting wrapper calling this body. Its explicit virtual destructor declaration is required for that added slot.
src/rmg_support.cpp	TRmgLinePainter::getPattern	TRmgLinePatternTable *(int) __attribute__((thiscall))	Complete-only RMG support: the full DC CodeView corpus has no corresponding RMG type, procedure or compiland. Current source/type/helper names are provisional retail roles, without an asserted original filename. Retail 0x55edb0: Vtables 0x641174/0x641190 slot 0 select this retained eight-byte river-pattern-table accessor. It returns the global table pointer and ret 4, ignoring the integer selector at this boundary.
src/rmg_support.cpp	TRmgLinePainter::setOverlay	void (const TRmgGridPoint &, int) __attribute__((thiscall))	Complete-only RMG support: the full DC CodeView corpus has no corresponding RMG type, procedure or compiland. Current source/type/helper names are provisional retail roles, without an asserted original filename. River vtables 0x641174/0x641190 slot 2 contain 0x55f330, shared with both road tables. That folded body forwards point/value through adapter +0xc slot 2, ret 8; the single address claim remains on the road member.
src/rmg_support.cpp	TRmgLinePainter::getTile	void (const TRmgGridPoint &, rmgTerrainTile &) __attribute__((thiscall))	Complete-only RMG support: the full DC CodeView corpus has no corresponding RMG type, procedure or compiland. Current source/type/helper names are provisional retail roles, without an asserted original filename. River vtables 0x641174/0x641190 slot 4 contain 0x55f350, shared with both road tables. The folded body obtains an adapter return temporary and assigns its four meaningful fields to the explicit output reference, ret 8; the single address claim remains on the road member.
src/rmg_support.cpp	TRmgLinePainter::canPaint	int (const TRmgGridPoint &) __attribute__((thiscall))	Complete-only RMG support: the full DC CodeView corpus has no corresponding RMG type, procedure or compiland. Current source/type/helper names are provisional retail roles, without an asserted original filename. Retail 0x55ee00: All four painter vtables select this retained slot-3 body. It reads adapter +0xc, dispatches adapter slot 6, accepts only water/rock overlay values and ret 4. River/road members fold to this representative.
src/rmg_support.cpp	TRmgLinePainter::getLand	int (const TRmgGridPoint &) __attribute__((thiscall))	Complete-only RMG support: the full DC CodeView corpus has no corresponding RMG type, procedure or compiland. Current source/type/helper names are provisional retail roles, without an asserted original filename. Retail 0x55ee30: River painter vtables 0x641174/0x641190 slot 5 select this retained member: load adapter +0xc, forward point reference to adapter slot 5, ret 4.
src/rmg_support.cpp	TRmgRiverPainter::TRmgRiverPainter	void (TRmgMapAdapterInterface *, int, const TRmgGridPoint &) __attribute__((thiscall))	Complete-only RMG support: the full DC CodeView corpus has no corresponding RMG type, procedure or compiland. Current source/type/helper names are provisional retail roles, without an asserted original filename. Retail 0x55ee50: Retained river constructor obtains dimensions through adapter slot 3, stores dimensions +4/+8 and adapter +0xc, installs six-slot base vptr 0x641174, calls walker constructor 0x4fa280 with second base this+0x10, then installs seven-slot derived vptr 0x641190; ret 12. CreateRiver supplies this boundary.
src/rmg_support.cpp	TRmgRoadLinePainter::getPattern	TRmgLinePatternTable *(int) __attribute__((thiscall))	Complete-only RMG support: the full DC CodeView corpus has no corresponding RMG type, procedure or compiland. Current source/type/helper names are provisional retail roles, without an asserted original filename. Retail 0x55f320: Road vtables 0x6411f0/0x64120c slot 0 select this retained eight-byte road-pattern-table accessor, ret 4. Initializer 0x55f2f0 builds that table from seventeen ids at 0x6411ac.
src/rmg_support.cpp	TRmgRoadLinePainter::canPaint	int (const TRmgGridPoint &) __attribute__((thiscall))	Complete-only RMG support: the full DC CodeView corpus has no corresponding RMG type, procedure or compiland. Current source/type/helper names are provisional retail roles, without an asserted original filename. Road vtables 0x6411f0/0x64120c slot 3 contain 0x55ee00, shared with both river tables. The folded body dispatches adapter overlay slot 6 and accepts water/rock, ret 4; the single address claim remains on the river member.
src/rmg_support.cpp	TRmgRoadLinePainter::setOverlay	void (const TRmgGridPoint &, int) __attribute__((thiscall))	Complete-only RMG support: the full DC CodeView corpus has no corresponding RMG type, procedure or compiland. Current source/type/helper names are provisional retail roles, without an asserted original filename. Retail 0x55f330: All four painter vtables slot 2 select this retained folded member. It loads adapter +0xc, forwards point/value to adapter slot 2 and ret 8. The road spelling owns the single address claim; river has the same proven source member.
src/rmg_support.cpp	TRmgRoadLinePainter::getTile	void (const TRmgGridPoint &, rmgTerrainTile &) __attribute__((thiscall))	Complete-only RMG support: the full DC CodeView corpus has no corresponding RMG type, procedure or compiland. Current source/type/helper names are provisional retail roles, without an asserted original filename. Retail 0x55f350: All four painter vtables slot 4 select this retained folded member. Adapter slot 4 returns a twelve-byte tile temporary; this wrapper copies two dwords and two flip bytes to the explicit second output reference, then ret 8. The road spelling owns the single address claim.
src/rmg_support.cpp	TRmgRoadLinePainter::getLand	int (const TRmgGridPoint &) __attribute__((thiscall))	Complete-only RMG support: the full DC CodeView corpus has no corresponding RMG type, procedure or compiland. Current source/type/helper names are provisional retail roles, without an asserted original filename. Retail 0x55f390: Road vtables 0x6411f0/0x64120c slot 5 select this retained member: load adapter +0xc, forward point reference to road adapter slot 5, ret 4. The parallel river body is separately retained at 0x55ee30.
src/rmg_support.cpp	TRmgRoadPainter::TRmgRoadPainter	void (TRmgRoadMapAdapterInterface *, int, const TRmgGridPoint &) __attribute__((thiscall))	Complete-only RMG support: the full DC CodeView corpus has no corresponding RMG type, procedure or compiland. Current source/type/helper names are provisional retail roles, without an asserted original filename. Retail 0x55f3b0: Road builder calls this retained constructor at 0x548143. It obtains size through adapter slot 3, stores dimensions +4/+8 and adapter +0xc, installs six-slot base vptr 0x6411f0, constructs walker at this+0x10 through 0x4fa280, then installs seven-slot derived vptr 0x64120c; ret 12.
src/rmg_support.cpp	TRmgRoadPainter::~TRmgRoadPainter	void () __attribute__((thiscall))	Complete-only RMG support: the full DC CodeView corpus has no corresponding RMG type, procedure or compiland. Current source/type/helper names are provisional retail roles, without an asserted original filename. Retail 0x55f460: Retained seven-byte derived destructor restores base vptr 0x6411f0. Base has six API slots with no virtual destructor; derived vtable 0x64120c adds seventh slot 0x55f430, its scalar deleting wrapper. The source virtual destructor cannot be removed without losing that slot.
src/rmg_support.cpp	TRmgBoundaryVertex::TRmgBoundaryVertex	void (TPoint, TRmgZone *, TRmgBoundaryVertex *) __attribute__((thiscall))	Complete-only RMG support: the full DC CodeView corpus has no corresponding RMG type, procedure or compiland. Current source/type/helper names are provisional retail roles, without an asserted original filename. The allocation-success arm 0x5fcf1b..0x5fcf3b initializes the opposite half-edge from its site/zone and supplied twin: reciprocal twin pointer, both ring links self, cached-position byte zero, coordinates -1. This ordinary twin constructor models canonical initialization of the independently proven 0x24-byte edge record; no standalone address or original inline spelling is asserted.
src/rmg_support.cpp	TRmgBoundaryVertex::TRmgBoundaryVertex	void (TPoint, TRmgZone *, TPoint, TRmgZone *) __attribute__((thiscall))	Complete-only RMG support: the full DC CodeView corpus has no corresponding RMG type, procedure or compiland. Current source/type/helper names are provisional retail roles, without an asserted original filename. Retail 0x5fcef0: Retained paired-edge constructor takes two by-value TPoint/zone pairs, ret 24. It allocates a 0x24-byte twin, installs reciprocal twin pointers and self-linked rings, clears cached-position byte +0x18, and initializes both cached coordinates to -1. Voronoi construction calls this canonical constructor.
src/rmg_support.cpp	TRmgBoundaryVertex::splice	void (TRmgBoundaryVertex *) __attribute__((thiscall))	Complete-only RMG support: the full DC CodeView corpus has no corresponding RMG type, procedure or compiland. Current source/type/helper names are provisional retail roles, without an asserted original filename. Retail 0x5fcf60: Retained splice exchanges successor predecessor-links and successors at +0x10/+0x14 with ret 4. Constructor 0x5fd010 retains calls while detach expands the two canonical swaps; the ring layout proves the boundary-vertex owner.
src/rmg_support.cpp	TRmgBoundaryVertex::detach	void () __attribute__((thiscall))	Complete-only RMG support: the full DC CodeView corpus has no corresponding RMG type, procedure or compiland. Current source/type/helper names are provisional retail roles, without an asserted original filename. Retail 0x5fcfa0: Retained nullary detach snapshots receiver predecessor before twin predecessor, then expands the two splices. addSite 0x5fd790 calls this body before reusing a diagonal; capture order preserves both ring links across the first splice.
src/rmg_support.cpp	TRmgVoronoi::TRmgVoronoi	void () __attribute__((thiscall))	Complete-only RMG support: the full DC CodeView corpus has no corresponding RMG type, procedure or compiland. Current source/type/helper names are provisional retail roles, without an asserted original filename. Retail 0x5fd010: Retained nullary diagram constructor builds four paired perimeter edges at (-200,-200)..(400,400) and a fifth diagonal, joins the rings and stores the root. It retains four paired constructors, final createEdge 0x5fd390, seven pointer-vector insertions at 0x5fdd60, and shared splice calls.
src/rmg_support.cpp	TRmgVoronoi::~TRmgVoronoi	void () __attribute__((thiscall))	Complete-only RMG support: the full DC CodeView corpus has no corresponding RMG type, procedure or compiland. Current source/type/helper names are provisional retail roles, without an asserted original filename. Retail 0x5fd330: Retained nullary diagram destructor walks the pointer vector at +4, deletes each half-edge, then frees vector storage. Constructor and createEdge independently establish this ownership and trivial half-edge cleanup.
src/rmg_support.cpp	TRmgVoronoi::createEdge	TRmgBoundaryVertex *(TPoint, TRmgZone *, TPoint, TRmgZone *) __attribute__((thiscall))	Complete-only RMG support: the full DC CodeView corpus has no corresponding RMG type, procedure or compiland. Current source/type/helper names are provisional retail roles, without an asserted original filename. Retail 0x5fd390: Retained four-argument edge factory takes two TPoint/zone pairs, ret 24. It constructs a reciprocal edge pair and inserts both pointers into the owned vector. Diagram constructor and addSite share this ordinary member boundary.
src/rmg_support.cpp	TRmgVoronoi::removeEdge	void (TRmgBoundaryVertex *) __attribute__((thiscall))	Complete-only RMG support: the full DC CodeView corpus has no corresponding RMG type, procedure or compiland. Current source/type/helper names are provisional retail roles, without an asserted original filename. Retail 0x5fd5b0: Retained edge-removal member takes one pointer, ret 4. It detaches the pair, finds and erases each pointer in the diagram vector, then deletes each half-edge. addSite retains the call for a collinear insertion.
src/rmg_support.cpp	TRmgVoronoi::locate	TRmgBoundaryVertex *(TPoint) __attribute__((thiscall))	Complete-only RMG support: the full DC CodeView corpus has no corresponding RMG type, procedure or compiland. Current source/type/helper names are provisional retail roles, without an asserted original filename. Retail 0x5fd6b0: Retained location member takes an eight-byte point by value, ret 8. It starts at root, recognizes either endpoint, then follows twin/successor/twin-predecessor-twin according to integer cross products. Zone building and addSite share this graph traversal.
src/rmg_support.cpp	TRmgVoronoi::addSite	void (TPoint, TRmgZone *) __attribute__((thiscall))	Complete-only RMG support: the full DC CodeView corpus has no corresponding RMG type, procedure or compiland. Current source/type/helper names are provisional retail roles, without an asserted original filename. Retail 0x5fd790: Retained insertion member takes a by-value TPoint and zone pointer, ret 12. It calls locate, compares three squared distances, splits a collinear edge, creates an incident fan, then tests orientation/circumcircle determinants and flips diagonals through retained detach/splice boundaries. Provisional segment/circle/flip function groupings are removed; their operations belong to this body pending positive source evidence.
src/rmg_support.cpp	getRmgPointOrientation	int (TPoint, TPoint, TPoint) __attribute__((fastcall))	Complete-only RMG support: the full DC CodeView corpus has no corresponding RMG type, procedure or compiland. Current source/type/helper names are provisional retail roles, without an asserted original filename. Retail 0x5fdae0: Retained fastcall takes three by-value TPoints, ret 24, and returns their signed integer cross product. The five orientation calls in addSite establish the shared ordinary helper independently of its expansions in locate.
src/rmg.cpp	getRmgSquaredDistance	int (TPoint, TPoint) __attribute__((fastcall))	Complete-only RMG support: the full DC CodeView corpus has no corresponding RMG type, procedure or compiland. Current source/type/helper names are provisional retail roles, without an asserted original filename. Retail 0x5fdb10: Retained fastcall takes two by-value TPoints, ret 16, captures dy then dx and returns their integer squared distance. addSite retains calls at 0x5fd7e4/0x5fd7f6/0x5fd80d for its segment comparison.
include/rmg.h	TRmgRoadLinePainter::TRmgRoadLinePainter	void (TRmgRoadMapAdapterInterface *) __attribute__((thiscall))	Complete-only RMG support: the full DC CodeView corpus has no corresponding RMG type, procedure or compiland. Current source/type/helper names are provisional retail roles, without an asserted original filename. Retained derived constructor 0x55f3b0 expands the road-base initialization: adapter slot-3 size query at 0x55f3dd, dimension stores +4/+8, adapter +0xc, and six-slot base vptr 0x6411f0 before the walker second base. This header constructor owns the road base state; no standalone address is asserted.
include/rmg.h	TRmgRoadLinePainter::~TRmgRoadLinePainter	void () __attribute__((thiscall))	Complete-only RMG support: the full DC CodeView corpus has no corresponding RMG type, procedure or compiland. Current source/type/helper names are provisional retail roles, without an asserted original filename. Retained derived teardown 0x55f460 restores six-slot road base vptr 0x6411f0. The base API has no destructor slot, while derived 0x64120c adds deleting wrapper 0x55f430. This explicit nonvirtual empty base cleanup preserves the observed base-vptr restoration; fields alone have trivial cleanup. It is kept with the base declaration without a standalone address claim.
include/rmg.h	TRmgLineWalkAxis::TRmgLineWalkAxis	void (const unsigned int &, const unsigned int &) __attribute__((thiscall))	Complete-only RMG support: the full DC CodeView corpus has no corresponding RMG type, procedure or compiland. Current source/type/helper names are provisional retail roles, without an asserted original filename. Retained drawTo 0x4fa2b0 constructs two twelve-byte axis records at 0x4fa2c1..0x4fa309. Each receives destination, unsigned absolute distance and signed step toward the previous coordinate; subsequent major/minor selection passes pointers to the same three-field records. This shared record constructor stays with its declaration, without a standalone address claim.
src/rmg.cpp	TProgressSink::TProgressSink	void (int) __attribute__((thiscall))	Complete-only RMG map support: no corresponding RMG types, procedures or compiland occur in the full DC CodeView corpus. Current names describe retail roles; the original source filenames are unavailable. Retail 0x530e20: The progress base constructor installs vptr 0x6409c0, stores the supplied total at +4, clears completed count +8, and ret 4. The derived random-map progress constructor supplies this retained base boundary.
src/rmg.cpp	TProgressSink::~TProgressSink	void () __attribute__((thiscall))	Complete-only RMG map support: no corresponding RMG types, procedures or compiland occur in the full DC CodeView corpus. Current names describe retail roles; the original source filenames are unavailable. Retail 0x530e70: The seven-byte progress base destructor restores vptr 0x6409c0. Its table contains deleting wrapper 0x530e40, setTotal 0x530e80 and pure advance; the declared virtual destructor is source-required by that interface.
src/rmg.cpp	TProgressSink::setTotal	void (int) __attribute__((thiscall))	Complete-only RMG map support: no corresponding RMG types, procedures or compiland occur in the full DC CodeView corpus. Current names describe retail roles; the original source filenames are unavailable. Retail 0x530e80: Progress-base vtable 0x6409c0 slot 1 selects this retained method, which copies its integer stack argument into receiver +4 and ret 4. Constructor 0x530e20 establishes the same total field.
src/rmg.cpp	TRmgMapItem::clear	void () __attribute__((thiscall))	Complete-only RMG map support: no corresponding RMG types, procedures or compiland occur in the full DC CodeView corpus. Current names describe retail roles; the original source filenames are unavailable. Retail 0x530f10: Retained cell clear empties its object-pointer vector and resets packed cell fields at +0x24/+0x28/+0x2c, path costs to 0x7fbc and previous x to -1. Map clear 0x531140 calls it once per 0x30-byte cell. There is no pointee deletion in this operation.
src/rmg.cpp	type_random_map::type_random_map	void (int, int, int) __attribute__((thiscall))	Complete-only RMG map support: no corresponding RMG types, procedures or compiland occur in the full DC CodeView corpus. Current names describe retail roles; the original source filenames are unavailable. Retail 0x530fb0: Retained owning-map constructor installs vptr 0x6409cc, sets ownership byte +4, stores width/height/levels at +0xc/+0x10/+0x14, and allocates dimension product times 0x30 plus array cookie. EH iterator 0x617c3a receives canonical cell ctor 0x530e90 and implicit dtor 0x530ee0; ret 12.
src/rmg.cpp	type_random_map::~type_random_map	void () __attribute__((thiscall))	Complete-only RMG map support: no corresponding RMG types, procedures or compiland occur in the full DC CodeView corpus. Current names describe retail roles; the original source filenames are unavailable. Retail 0x5310b0: Retained owning-map destructor checks ownership +4 and array +8 before invoking 0x30-stride cell destruction through 0x530ee0 and deleting cookie storage. Both exits restore interface vptr 0x6409e8. Deleting wrapper 0x530f80 and owned-map users establish this explicit conditional cleanup.
src/rmg.cpp	type_random_map::clear	void () __attribute__((thiscall))	Complete-only RMG map support: no corresponding RMG types, procedures or compiland occur in the full DC CodeView corpus. Current names describe retail roles; the original source filenames are unavailable. Retail 0x531140: Retained nullary map clear multiplies all three dimensions and walks the contiguous cell array at stride 0x30, calling cell clear 0x530f10 at 0x53115c. Generation retry uses this map-wide boundary.
src/rmg.cpp	type_random_map::hasConnectedOutline	unsigned char (const std::vector<TPoint> &, TRmgMapPosition, unsigned char, TRmgZone *, unsigned char) __attribute__((thiscall))	Complete-only RMG map support: no corresponding RMG types, procedures or compiland occur in the full DC CodeView corpus. Current names describe retail roles; the original source filenames are unavailable. Retail 0x531170: Retained outline predicate takes a point vector, twelve-byte position, entrance flag, zone pointer and gate flag with ret 28. It visits the nonempty outline cyclically, checks translated cell flags/terrain/zone and rejects disconnected blocked runs. canPlaceObject calls this body at 0x531d93.
src/rmg.cpp	type_random_map::markCoastalTiles	void () __attribute__((thiscall))	Complete-only RMG map support: no corresponding RMG types, procedures or compiland occur in the full DC CodeView corpus. Current names describe retail roles; the original source filenames are unavailable. Retail 0x531310: Retained nullary coast pass walks map levels/rows/columns, tests six-bit land kind for water, and marks eligible non-water/non-rock cells in a clipped 3x3 neighbourhood. Generator call 0x549c8a establishes the map owner; packed cell stride is 0x30.
src/rmg.cpp	type_random_map::floodConnectionCosts	void (TRmgMapPosition, unsigned char) __attribute__((thiscall))	Complete-only RMG map support: no corresponding RMG types, procedures or compiland occur in the full DC CodeView corpus. Current names describe retail roles; the original source filenames are unavailable. Retail 0x531460: Retained connection-cost flood takes a twelve-byte position and water byte, ret 16. It maintains cost/position vectors, uses seed insertions 0x54c3f0/0x422f50, removes work through 0x54c610/0x448d30, and inserts neighbours cost-first at 0x531826 then position at 0x53183e. Connection-path callers 0x5407dd/0x5408a2 supply this member.
src/rmg.cpp	type_random_map::isPlacementBlocked	unsigned char (TRmgObjectPropertiesRef *, TRmgMapPosition, int, unsigned char) __attribute__((thiscall))	Complete-only RMG map support: no corresponding RMG types, procedures or compiland occur in the full DC CodeView corpus. Current names describe retail roles; the original source filenames are unavailable. Retail 0x5318b0: Retained footprint predicate takes properties, twelve-byte position, zone index and border flag, ret 24. It checks signed bounds using prototype width/height +0x34/+0x38, then separate trigger/passability mask arms with retained bitset range failures 0x41b410. canPlaceObject retains the call at 0x531d29.
src/rmg.cpp	type_random_map::openPathPatch	void (int, int, int) __attribute__((thiscall))	Complete-only RMG map support: no corresponding RMG types, procedures or compiland occur in the full DC CodeView corpus. Current names describe retail roles; the original source filenames are unavailable. Retail 0x531ad0: Retained three-integer patch member, ret 12, indexes the level/row/column cell and preserves connection-decorated cells. Its clipped 3x3 scan clears border bit 26 and sets gate bit 27 in +0x28. carveBranchingPaths calls it at 0x5441a1.
src/rmg.cpp	type_random_map::markBorderPatch	void (TRmgMapPosition) __attribute__((thiscall))	Complete-only RMG map support: no corresponding RMG types, procedures or compiland occur in the full DC CodeView corpus. Current names describe retail roles; the original source filenames are unavailable. Retail 0x531bd0: Retained border-patch member takes a twelve-byte position, ret 12. It sets border/clears gate on the undecorated center, then conditionally clears gate in the clipped neighbourhood while preserving entrance, blocked, rock, water and decorated cells. Caller 0x544343 identifies the same map owner.
src/rmg.cpp	type_random_map::canPlaceObject	unsigned char (TRmgObjectPropertiesRef *, TRmgMapPosition, TRmgZone *) __attribute__((thiscall))	Complete-only RMG map support: no corresponding RMG types, procedures or compiland occur in the full DC CodeView corpus. Current names describe retail roles; the original source filenames are unavailable. Retail 0x531cf0: Retained placement predicate takes properties, twelve-byte position and zone, ret 20. Named calls to footprint check 0x5318b0, outline construction 0x532c80 and outline check 0x531170 precede trigger-entrance, zone and water checks. The retained call at 0x541c73 independently identifies this member boundary.
src/rmg.cpp	type_random_map::addObject	void (type_object &, TRmgMapPosition) __attribute__((thiscall))	Complete-only RMG map support: no corresponding RMG types, procedures or compiland occur in the full DC CodeView corpus. Current names describe retail roles; the original source filenames are unavailable. Retail 0x531ea0: Retained placement update takes an object and twelve-byte position, ret 16. It first stores the position into object +8/+0xc/+0x10, then walks the prototype footprint and updates cell trigger/passability flags and object vectors. Treasure/guard callers 0x5465d9/0x535400 share this map member. Reference contract inferred from retail pointer temporaries before both STL insertions; &object reproduces those temporaries while preserving the one-address ABI and all six machine callers. Per-cell unsigned mask construction restores the third retained vector::size call.
src/rmg.cpp	type_random_map::setTile	void (const TRmgGridPoint &, const rmgTerrainTile &) __attribute__((thiscall))	Complete-only RMG map support: no corresponding RMG types, procedures or compiland occur in the full DC CodeView corpus. Current names describe retail roles; the original source filenames are unavailable. Retail 0x532190: Concrete map vtable 0x6409cc slot 1 selects this retained two-reference setter, ret 8. It indexes 0x30-byte cells by y*width+x and writes six-bit land kind, eight-bit terrain frame, and flip bits 15/16 from the four meaningful tile fields.
src/rmg.cpp	type_random_map::getSize	TRmgGridPoint &(TRmgGridPoint &) __attribute__((thiscall))	Complete-only RMG map support: no corresponding RMG types, procedures or compiland occur in the full DC CodeView corpus. Current names describe retail roles; original source filenames are unavailable. Retail 0x532240: concrete map vtable 0x6409cc slot 3 copies width/height +0xc/+0x10 into the explicit eight-byte output, returns its address and ret 4. This body alone also fits a hidden value result; both adapters at 0x532790 copying from the returned reference and the scoped terrain-painter query jointly establish the output-reference model.
src/rmg.cpp	type_random_map::getLand	int (const TRmgGridPoint &) __attribute__((thiscall))	Complete-only RMG map support: no corresponding RMG types, procedures or compiland occur in the full DC CodeView corpus. Current names describe retail roles; the original source filenames are unavailable. Retail 0x5322c0: Concrete map vtable 0x6409cc slot 5 selects this retained point-reference accessor, ret 4. It indexes the 0x30-byte map array and extracts signed six-bit land kind with shl/sar 26 from packed +0x24.
src/rmg.cpp	type_random_map::getOverlay	int (const TRmgGridPoint &) __attribute__((thiscall))	Complete-only RMG map support: no corresponding RMG types, procedures or compiland occur in the full DC CodeView corpus. Current names describe retail roles; the original source filenames are unavailable. Retail 0x5322f0: Concrete map vtable 0x6409cc slot 6 selects this retained point-reference accessor, ret 4. It indexes the same cell and extracts the signed eight-bit terrain frame using shl 18/sar 24 from packed +0x24.
src/rmg.cpp	TRmgRoadMapAdapterInterface::~TRmgRoadMapAdapterInterface	void () __attribute__((thiscall))	Complete-only RMG map support: no corresponding RMG types, procedures or compiland occur in the full DC CodeView corpus. Current names describe retail roles; the original source filenames are unavailable. Retail 0x532350: Retained seven-byte road-interface destructor installs vptr 0x640a20. That abstract seven-slot table has deleting wrapper 0x537940 followed by six pure calls; concrete road deleting wrapper 0x532320 delegates to this base cleanup.
src/rmg.cpp	TRmgRoadMapAdapter::setTile	void (const TRmgGridPoint &, const rmgTerrainTile &) __attribute__((thiscall))	Complete-only RMG map support: no corresponding RMG types, procedures or compiland occur in the full DC CodeView corpus. Current names describe retail roles; the original source filenames are unavailable. Retail 0x532360: Concrete road table 0x640a04 slot 1 selects this retained setter, ret 8. Through wrapped map +4 it indexes the cell array and writes road kind at +0x24 bits 26..29, road frame at +0x28 bits 0..7 and flip bits 19/20.
src/rmg.cpp	TRmgRoadMapAdapter::setOverlay	void (const TRmgGridPoint &, int) __attribute__((thiscall))	Complete-only RMG map support: no corresponding RMG types, procedures or compiland occur in the full DC CodeView corpus. Current names describe retail roles; the original source filenames are unavailable. Retail 0x5323d0: Concrete road table 0x640a04 slot 2 selects this retained point/value setter, ret 8. It indexes the wrapped map and changes only four-bit road kind at cell +0x24 bits 26..29, preserving the other packed lanes.
src/rmg.cpp	TRmgRoadMapAdapter::getTile	rmgTerrainTile (const TRmgGridPoint &) __attribute__((thiscall))	Complete-only RMG map support: no corresponding RMG types, procedures or compiland occur in the full DC CodeView corpus. Current names describe retail roles; the original source filenames are unavailable. Retail 0x532410: Concrete road table 0x640a04 slot 4 selects this retained point-reference return member, ret 8 including hidden result. It returns signed road kind/frame and flip bits 19/20 as the twelve-byte tile value.
src/rmg.cpp	TRmgRoadMapAdapter::getLand	int (const TRmgGridPoint &) __attribute__((thiscall))	Complete-only RMG map support: no corresponding RMG types, procedures or compiland occur in the full DC CodeView corpus. Current names describe retail roles; the original source filenames are unavailable. Retail 0x532480: Concrete road table 0x640a04 slot 5 selects this retained point-reference accessor, ret 4. Wrapped map +4 leads to cell +0x24, whose road kind is sign-extended with shl 2/sar 28.
src/rmg.cpp	TRmgRoadMapAdapter::getOverlay	int (const TRmgGridPoint &) __attribute__((thiscall))	Complete-only RMG map support: no corresponding RMG types, procedures or compiland occur in the full DC CodeView corpus. Current names describe retail roles; the original source filenames are unavailable. Retail 0x5324b0: Concrete road table 0x640a04 slot 6 selects this retained point-reference accessor, ret 4. It returns underlying six-bit land kind from the wrapped map, using shl/sar 26; this supplies the painter water/rock eligibility check.
src/rmg.cpp	TRmgRoadMapAdapter::getSize	TRmgGridPoint () __attribute__((thiscall))	Complete-only RMG map support: no corresponding RMG types, procedures or compiland occur in the full DC CodeView corpus. Current names describe retail roles; the original source filenames are unavailable. Road vtable 0x640a04 slot 3 and river table 0x640a3c slot 3 both contain 0x532790. Its wrapped-map virtual size query and eight-byte return copy prove both source members; only the river member claims the folded retained address.
src/rmg.cpp	TRmgMapAdapterInterface::~TRmgMapAdapterInterface	void () __attribute__((thiscall))	Complete-only RMG map support: no corresponding RMG types, procedures or compiland occur in the full DC CodeView corpus. Current names describe retail roles; the original source filenames are unavailable. Retail 0x532510: Retained seven-byte river-interface destructor installs vptr 0x640a58. The abstract table has deleting wrapper 0x537910 then six pure-call slots; concrete river deleting wrapper 0x5324e0 delegates to this base cleanup.
src/rmg.cpp	TRmgMapAdapter::setTile	void (const TRmgGridPoint &, const rmgTerrainTile &) __attribute__((thiscall))	Complete-only RMG map support: no corresponding RMG types, procedures or compiland occur in the full DC CodeView corpus. Current names describe retail roles; the original source filenames are unavailable. Retail 0x532520: Concrete river table 0x640a3c slot 1 selects this retained setter, ret 8. It writes river kind/frame/flips, records presence in bit 29, and for nonzero full input marks a clipped 3x3 impassable area and clears river targets in a clipped 5x5 area where stored river kind is zero.
src/rmg.cpp	TRmgMapAdapter::setOverlay	void (const TRmgGridPoint &, int) __attribute__((thiscall))	Complete-only RMG map support: no corresponding RMG types, procedures or compiland occur in the full DC CodeView corpus. Current names describe retail roles; the original source filenames are unavailable. Retail 0x532730: Concrete river table 0x640a3c slot 2 selects this retained point/value setter, ret 8. It writes four-bit river kind at +0x24 bits 14..17, then materializes full input!=0 and stores presence at +0x28 bit 29; routing-target bit 30 is preserved.
src/rmg.cpp	TRmgMapAdapter::getSize	TRmgGridPoint () __attribute__((thiscall))	Complete-only RMG map support: no corresponding RMG types, procedures or compiland occur in the full DC CodeView corpus. Current names describe retail roles; the original source filenames are unavailable. Retail 0x532790: Concrete river and road tables 0x640a3c/0x640a04 slot 3 share this retained size-return body. It calls wrapped-map slot 3 with an eight-byte temporary, copies both returned components into its own hidden result and ret 4. The river member owns the single folded address claim.
src/rmg.cpp	TRmgMapAdapter::getTile	rmgTerrainTile (const TRmgGridPoint &) __attribute__((thiscall))	Complete-only RMG map support: no corresponding RMG types, procedures or compiland occur in the full DC CodeView corpus. Current names describe retail roles; the original source filenames are unavailable. Retail 0x5327c0: Concrete river table 0x640a3c slot 4 selects this retained point-reference return member, ret 8 including hidden result. It extracts signed river kind/frame from +0x24 and independent flip bits 17/18 from +0x28 into the twelve-byte tile result.
src/rmg.cpp	TRmgMapAdapter::getLand	int (const TRmgGridPoint &) __attribute__((thiscall))	Complete-only RMG map support: no corresponding RMG types, procedures or compiland occur in the full DC CodeView corpus. Current names describe retail roles; the original source filenames are unavailable. Retail 0x532830: Concrete river table 0x640a3c slot 5 selects this retained point-reference accessor, ret 4. It indexes the wrapped map and extracts signed river kind using shl 14/sar 28 from cell +0x24.
src/rmg.cpp	TRmgMapAdapter::getOverlay	int (const TRmgGridPoint &) __attribute__((thiscall))	Complete-only RMG map support: no corresponding RMG types, procedures or compiland occur in the full DC CodeView corpus. Current names describe retail roles; the original source filenames are unavailable. Retail 0x532860: Concrete river table 0x640a3c slot 6 selects this retained point-reference accessor, ret 4. It returns underlying signed six-bit land kind through shl/sar 26; river and road callers use that same terrain domain.
src/rmg.cpp	TRmgMapItem::write	void (TAbstractFile *) __attribute__((thiscall))	Complete-only RMG map support: no corresponding RMG types, procedures or compiland occur in the full DC CodeView corpus. Current names describe retail roles; the original source filenames are unavailable. Retail 0x532890: Retained cell writer takes TAbstractFile*, ret 4. Seven virtual slot-2 writes each emit one byte: terrain/frame, river/frame, road/frame, then six flips plus coastal flag. Map writer 0x54ac46 supplies consecutive 0x30-byte cells.
src/rmg.cpp	TRmgZone::TRmgZone	void (TRmgTownSlot *) __attribute__((thiscall))	Complete-only RMG map support: no corresponding RMG types, procedures or compiland occur in the full DC CodeView corpus. Current names describe retail roles; the original source filenames are unavailable. Retail 0x5329e0: Retained zone constructor takes a town-slot pointer, ret 4. It initializes three member vectors, chooses among nine allowed towns with rand when nonempty, sets roughness from slot size, bounds to +/-32000, active byte zero and 232 object counts at +0x44 to zero. Boundary construction retains it at 0x53e149/0x53e45c.
src/rmg.cpp	TRmgZone::chooseTerrain	void () __attribute__((thiscall))	Complete-only RMG map support: no corresponding RMG types, procedures or compiland occur in the full DC CodeView corpus. Current names describe retail roles; the original source filenames are unavailable. Retail 0x532ab0: Retained nullary terrain selection reads slot native-terrain flag +0x84 and mask +0x85, optionally chooses with rand, and writes zone terrain +0xc. Underground level +0x18 forces subterranean except lava; initialization calls it at 0x53bf4e.
src/rmg.cpp	TRmgZone::~TRmgZone	void () __attribute__((thiscall))	Complete-only RMG; no corresponding procedure, type or compiland occurs in the pinned DC corpus. Retail 0x532b50 destroys entrances, boundary and distances in reverse member order, with no user cleanup. The ordinary empty definition at this source position preserves the exact retained body and boundary expansion, and makes derived generator teardown 0x537df0 recover retail's four unwind actions. Implicit ownership emits the same body after that caller and adds five unwind actions plus a state store. Original explicitness and source spelling remain retail-supported inferences.
src/rmg.cpp	TRmgZone::canConnect	unsigned char (const TRmgZone *) __attribute__((thiscall)) const	Complete-only RMG map support: no corresponding RMG types, procedures or compiland occur in the full DC CodeView corpus. Current names describe retail roles; the original source filenames are unavailable. Retail 0x532bd0: Retained zone-connection predicate takes another zone, ret 4. It computes integer center distance through sqrt/ftol calls, compares levels +0x18 and slot sizes, using a minimum-size clearance for different levels and 11*combined>=10*distance for equal levels. Filter calls at 0x53b4b7/0x53b5ae identify this member.
src/rmg.cpp	TRmgObjectPropertiesRef::buildOutline	void () __attribute__((thiscall))	Complete-only RMG map support: no corresponding RMG types, procedures or compiland occur in the full DC CodeView corpus. Current names describe retail roles; the original source filenames are unavailable. Retail 0x532c80: Retained nullary outline builder first checks cached point-vector size, then follows prototype passability/trigger masks around the footprint using shared direction table and point insertion 0x54d330. Placement retains the call at 0x531d49; this owns the cached outline in the property record.
src/rmg.cpp	TRmgObjectPropertiesRef::buildOverlapPriorities	void () __attribute__((thiscall))	Complete-only RMG map support: no corresponding RMG types, procedures or compiland occur in the full DC CodeView corpus. Current names describe retail roles; the original source filenames are unavailable. Retail 0x532e40: Retained nullary overlap-priority builder guards and sets initialized byte +0xe4, scans prototype width/height and draw/passability masks, then stores priorities into the same property record. Placement-score callers 0x536ee9/0x53700b retain this cached calculation.
include/rmg.h	TRmgRoadMapAdapter::TRmgRoadMapAdapter	void (type_random_map *) __attribute__((thiscall))	Complete-only RMG map support: no corresponding RMG types, procedures or compiland occur in the full DC CodeView corpus. Current names describe retail roles; the original source filenames are unavailable. Road painting 0x548040 constructs an eight-byte adapter at 0x548120 with concrete seven-slot vptr 0x640a04 and the address of its map view at +4, then passes it to road painter 0x55f3b0. All six concrete adapter methods independently use that wrapped map. This constructor stays with its class declaration; no standalone address is asserted.
src/rmg.cpp	rmgSpellScrollObject::rmgSpellScrollObject	void (TRmgObjectPropertiesRef *, int) __attribute__((thiscall))	Complete-only RMG generated-object hierarchy: no corresponding generator types, procedures or compiland exist in the full DC CodeView corpus. Gameplay payload readers in DC do not supply source identities for these factories/writers. Current class/method and source-file names are provisional retail roles. Factory 0x534ed0 allocates 0x20 bytes; its initialization at 0x534f4c..0x534f7f acquires the property reference, initializes canonical base fields, writes selected spell +0x1c and installs vptr 0x640b44. Writer slot 3 independently consumes that spell field. This ordinary constructor has no separately retained address.
src/rmg.cpp	rmgTownObject::write	void (TAbstractFile *, int) __attribute__((thiscall))	Complete-only RMG generated-object hierarchy: no corresponding generator types, procedures or compiland exist in the full DC CodeView corpus. Gameplay payload readers in DC do not supply source identities for these factories/writers. Current class/method and source-file names are provisional retail roles. Retail 0x5332f0: Town vtable 0x640a94 slot 3 selects the retained writer, ret 8. It expands the canonical object header, gates object id on version>=1, emits owner and town option, nine-byte spell buffers, and the version>=2 alignment byte. Town placement independently initializes those payload fields.
src/rmg.cpp	rmgSeerHutObject::rmgSeerHutObject	void (TRmgObjectPropertiesRef *) __attribute__((thiscall))	Complete-only RMG generated-object hierarchy: no corresponding generator types, procedures or compiland exist in the full DC CodeView corpus. Gameplay payload readers in DC do not supply source identities for these factories/writers. Current class/method and source-file names are provisional retail roles. All three quest factories 0x534b90/0x534cc0/0x534db0 allocate 0x34 bytes and initialize vptr 0x640b04, artifact/creature to -1, experience/counts to zero and resource kind to gold (6). The shared writer and wrapper destructor prove this canonical pending-hut record. No separately retained constructor address is asserted.
src/rmg.cpp	rmgQuestArtifactObject::rmgQuestArtifactObject	void (TRmgObjectPropertiesRef *, type_random_map_generator *, rmgSeerHutObject *, type_treasure_def *) __attribute__((thiscall))	Complete-only RMG generated-object hierarchy: no corresponding generator types, procedures or compiland exist in the full DC CodeView corpus. Gameplay payload readers in DC do not supply source identities for these factories/writers. Current class/method and source-file names are provisional retail roles. The same three quest factories allocate a 0x28-byte artifact wrapper, initialize canonical artifact/base state, store generator/hut/definition at +0x1c/+0x20/+0x24 and install vptr 0x640af4. Retained destructor 0x5339f0 and writable override 0x533a50 establish owned-hut lifetime. This ordinary constructor has no separate retained address.
src/rmg.cpp	rmgKeyTentObject::rmgKeyTentObject	void (TRmgObjectPropertiesRef *, type_random_map_generator *, int) __attribute__((thiscall))	Complete-only RMG generated-object hierarchy: no corresponding generator types, procedures or compiland exist in the full DC CodeView corpus. Gameplay payload readers in DC do not supply source identities for these factories/writers. Current class/method and source-file names are provisional retail roles. Factory 0x534fd0 allocates 0x24 bytes and initializes the canonical base, generator +0x1c, value +0x20 and vptr 0x640ae4 at 0x534fe6..0x535022. Retained writable override 0x5338e0 independently reads those members; no separate constructor address is asserted.
src/rmg.cpp	rmgKeyTentObject::isWritable	unsigned char () __attribute__((thiscall))	Complete-only RMG generated-object hierarchy: no corresponding generator types, procedures or compiland exist in the full DC CodeView corpus. Gameplay payload readers in DC do not supply source identities for these factories/writers. Current class/method and source-file names are provisional retail roles. Retail 0x5338e0: Key-tent vtable 0x640ae4 slot 2 selects this nullary override. It attempts guard placement through 0x54b8c0 at 1.5 times stored value, then snapshots generator/value/position before removeObject 0x54bc50. Failure creates replacement treasure through 0x546190 and inserts it through generator slot 1.
src/rmg.cpp	rmgQuestArtifactObject::~rmgQuestArtifactObject	void () __attribute__((thiscall))	Complete-only RMG generated-object hierarchy: no corresponding generator types, procedures or compiland exist in the full DC CodeView corpus. Gameplay payload readers in DC do not supply source identities for these factories/writers. Current class/method and source-file names are provisional retail roles. Retail 0x5339f0: Quest-artifact deleting wrapper 0x5339c0 delegates to this explicit destructor. It conditionally deletes owned seer-hut pointer +0x20 through virtual slot 0 at 0x533a27, then restores base vptr 0x640a74 and decrements property refcount. This owned-pointee deletion requires the written destructor.
src/rmg.cpp	rmgQuestArtifactObject::isWritable	unsigned char () __attribute__((thiscall))	Complete-only RMG generated-object hierarchy: no corresponding generator types, procedures or compiland exist in the full DC CodeView corpus. Gameplay payload readers in DC do not supply source identities for these factories/writers. Current class/method and source-file names are provisional retail roles. Retail 0x533a50: Quest-artifact vtable 0x640af4 slot 2 selects this nullary override. It calls placeQuestArtifact 0x54b490, clears owned seer-hut pointer +0x20 on success, and on failure virtually deletes the hut before clearing that pointer and returning false.
src/rmg.cpp	rmgSeerHutObject::write	void (TAbstractFile *, int) __attribute__((thiscall))	Complete-only RMG generated-object hierarchy: no corresponding generator types, procedures or compiland exist in the full DC CodeView corpus. Gameplay payload readers in DC do not supply source identities for these factories/writers. Current class/method and source-file names are provisional retail roles. Retail 0x533a90: Seer-hut vtable 0x640b04 slot 3 selects this retained writer, ret 8. It expands the object header, writes the versioned artifact quest, then chooses exactly one reward in experience/creature/resource precedence, finishing with a reserved word. The three quest factories initialize the corresponding fields.
src/rmg.cpp	rmgHeroObject::rmgHeroObject	void (TRmgObjectPropertiesRef *, type_random_map_generator *, const int &, int, int) __attribute__((thiscall))	Complete-only RMG generated-object hierarchy: no corresponding generator types, procedures or compiland exist in the full DC CodeView corpus. Gameplay payload readers in DC do not supply source identities for these factories/writers. Current class/method and source-file names are provisional retail roles. Factory 0x5348d0 initializes the 0x2c-byte object with generator +0x1c, object id +0x20, hero index +0x24 and experience +0x28, installing vptr 0x640b14. Retained reservation release 0x533c70 and writer 0x533c80 consume those fields. This canonical ordinary constructor has no separate retained address.
src/rmg.cpp	rmgHeroObject::unknownOperation	void () __attribute__((thiscall))	Complete-only RMG generated-object hierarchy: no corresponding generator types, procedures or compiland exist in the full DC CodeView corpus. Gameplay payload readers in DC do not supply source identities for these factories/writers. Current class/method and source-file names are provisional retail roles. Retail 0x533c70: Hero-object vtable 0x640b14 slot 1 selects this retained nullary reservation-release operation. It reads hero index +0x24 and generator +0x1c, then clears generator disabledHeroes[index] at +0xf88; factory 0x5348d0 supplies both fields.
src/rmg.cpp	rmgHeroObject::write	void (TAbstractFile *, int) __attribute__((thiscall))	Complete-only RMG generated-object hierarchy: no corresponding generator types, procedures or compiland exist in the full DC CodeView corpus. Gameplay payload readers in DC do not supply source identities for these factories/writers. Current class/method and source-file names are provisional retail roles. Retail 0x533c80: Hero-object vtable 0x640b14 slot 3 selects this retained writer, ret 8. After the canonical header it emits an unowned prison hero, selected hero index and versioned experience, followed by absent-customization fields. Versions 1/2 gate object id, biography/sex/spells and optional experience/primary skills.
src/rmg.cpp	rmgSpellScrollObject::write	void (TAbstractFile *, int) __attribute__((thiscall))	Complete-only RMG generated-object hierarchy: no corresponding generator types, procedures or compiland exist in the full DC CodeView corpus. Gameplay payload readers in DC do not supply source identities for these factories/writers. Current class/method and source-file names are provisional retail roles. Retail 0x533ff0: Spell-scroll vtable 0x640b44 slot 3 selects this retained writer, ret 8. It expands the object header, then emits zero message flag, selected spell from +0x1c, a reserved word and reserved byte. Factory 0x534ed0 establishes the selected-spell payload.
src/rmg.cpp	type_black_box_spells_def::generate	type_object *(TRmgObjectPropertiesRef *, type_random_map_generator *, TRmgZone *) __attribute__((thiscall))	Complete-only RMG generated-object hierarchy: no corresponding generator types, procedures or compiland exist in the full DC CodeView corpus. Gameplay payload readers in DC do not supply source identities for these factories/writers. Current class/method and source-file names are provisional retail roles. Retail 0x534520: Spell-reward definition vtable 0x640ba0 slot 0 selects this factory, ret 12. It allocates a 0x54-byte Pandora object with vptr 0x640ad4 and spell vector +0x44, scans 70 spell rows of stride 0x88 for each descending level, excludes flag 0x2000 and appends school-mask matches.
src/rmg.cpp	type_map_dwelling_def::getValue	int (TRmgZone *, type_random_map_generator *) __attribute__((thiscall))	Complete-only RMG generated-object hierarchy: no corresponding generator types, procedures or compiland exist in the full DC CodeView corpus. Gameplay payload readers in DC do not supply source identities for these factories/writers. Current class/method and source-file names are provisional retail roles. Retail 0x5347f0: Map-dwelling definition vtable 0x640bb8 slot 1 selects this valuation, ret 8. It maps subtype through 0x63d570 into 0x74-byte creature traits, checks creature town against zone +8, and combines growth/AI value with generator active-zone counts +0xf60/+0xf64 using signed division.
src/rmg.cpp	type_prison_def::generate	type_object *(TRmgObjectPropertiesRef *, type_random_map_generator *, TRmgZone *) __attribute__((thiscall))	Complete-only RMG generated-object hierarchy: no corresponding generator types, procedures or compiland exist in the full DC CodeView corpus. Gameplay payload readers in DC do not supply source identities for these factories/writers. Current class/method and source-file names are provisional retail roles. Retail 0x5348d0: Prison definition vtable 0x640bd0 slot 0 selects this factory, ret 12. It calls selectPrisonHero 0x54b100, returns null on -1, otherwise allocates 0x2c bytes, advances generator id +0xf44 and initializes hero object vptr 0x640b14 plus generator/id/hero/experience fields.
src/rmg.cpp	type_quest_creature_def::getValue	int (TRmgZone *, type_random_map_generator *) __attribute__((thiscall))	Complete-only RMG generated-object hierarchy: no corresponding generator types, procedures or compiland exist in the full DC CodeView corpus. Gameplay payload readers in DC do not supply source identities for these factories/writers. Current class/method and source-file names are provisional retail roles. Retail 0x534af0: Creature-quest definition vtable 0x640c00 slot 1 selects this valuation, ret 8. It rejects a mismatched seer prototype +0xf58 or exhausted-artifact byte +0x10b4, expands the canonical creature valuation, then applies signed (2*value-4000)/3 even when that valuation is -1.
src/rmg.cpp	type_quest_creature_def::generate	type_object *(TRmgObjectPropertiesRef *, type_random_map_generator *, TRmgZone *) __attribute__((thiscall))	Complete-only RMG generated-object hierarchy: no corresponding generator types, procedures or compiland exist in the full DC CodeView corpus. Gameplay payload readers in DC do not supply source identities for these factories/writers. Current class/method and source-file names are provisional retail roles. Retail 0x534b90: Creature-quest definition vtable 0x640c00 slot 0 selects this factory, ret 12. It allocates a 0x34-byte seer hut, calls prototype selection 0x546040 with dirt/0x41/0, and allocates its 0x28-byte quest-artifact wrapper. Only afterward are definition creature/count copied into hut +0x2c/+0x30.
src/rmg.cpp	type_quest_experience_def::generate	type_object *(TRmgObjectPropertiesRef *, type_random_map_generator *, TRmgZone *) __attribute__((thiscall))	Complete-only RMG generated-object hierarchy: no corresponding generator types, procedures or compiland exist in the full DC CodeView corpus. Gameplay payload readers in DC do not supply source identities for these factories/writers. Current class/method and source-file names are provisional retail roles. Retail 0x534cc0: Experience-quest definition vtable 0x640c0c slot 0 selects this factory, ret 12. It constructs the shared 0x34-byte hut and 0x28-byte artifact wrapper around prototype selection 0x546040, then writes definition experience +0x14 into hut +0x20.
src/rmg.cpp	type_quest_gold_def::generate	type_object *(TRmgObjectPropertiesRef *, type_random_map_generator *, TRmgZone *) __attribute__((thiscall))	Complete-only RMG generated-object hierarchy: no corresponding generator types, procedures or compiland exist in the full DC CodeView corpus. Gameplay payload readers in DC do not supply source identities for these factories/writers. Current class/method and source-file names are provisional retail roles. Retail 0x534db0: Gold-quest definition vtable 0x640c18 slot 0 selects this factory, ret 12. It constructs the same hut/wrapper pair around 0x546040, then sets hut resource type +0x24 to 6 and amount +0x28 from definition +0x14. It returns the artifact wrapper, whose destructor owns the pending hut.
src/rmg.cpp	type_spell_scroll_def::generate	type_object *(TRmgObjectPropertiesRef *, type_random_map_generator *, TRmgZone *) __attribute__((thiscall))	Complete-only RMG generated-object hierarchy: no corresponding generator types, procedures or compiland exist in the full DC CodeView corpus. Gameplay payload readers in DC do not supply source identities for these factories/writers. Current class/method and source-file names are provisional retail roles. Retail 0x534ed0: Spell-scroll definition vtable 0x640c24 slot 0 selects this factory, ret 12. Two scans of 70 spell rows exclude flag 0x2000, require a nonzero school mask and matching level, then rand chooses an eligible spell. The 0x20-byte object receives vptr 0x640b44 and spell +0x1c.
src/rmg.cpp	type_key_tent_def::generate	type_object *(TRmgObjectPropertiesRef *, type_random_map_generator *, TRmgZone *) __attribute__((thiscall))	Complete-only RMG generated-object hierarchy: no corresponding generator types, procedures or compiland exist in the full DC CodeView corpus. Gameplay payload readers in DC do not supply source identities for these factories/writers. Current class/method and source-file names are provisional retail roles. Retail 0x534fd0: Key-tent definition vtable 0x640c30 slot 0 selects this factory, ret 12. It allocates 0x24 bytes, expands the canonical object base, stores generator at +0x1c and definition value +0xc at object +0x20, then installs vptr 0x640ae4.
include/rmg.h	rmgTownObject::rmgTownObject	void (TRmgObjectPropertiesRef *, int, int, unsigned char) __attribute__((thiscall))	Complete-only RMG generated-object hierarchy: no corresponding generator types, procedures or compiland exist in the full DC CodeView corpus. Gameplay payload readers in DC do not supply source identities for these factories/writers. Current class/method and source-file names are provisional retail roles. Primary-town placement 0x545250 allocates 0x28 bytes at 0x54542f and retains canonical base constructor 0x5330e0 at 0x545452. Its constructor expansion stores owner/option/id and installs town vptr 0x640a94; writer 0x5332f0 independently uses those fields. This class constructor stays in its header; no separate retained address is asserted.
src/rmg.cpp	TRmgTreasureGroup::reset	void () __attribute__((thiscall))	Complete-only RMG generation: the full DC CodeView corpus has no corresponding RMG types, procedures or compiland. Current class/member and source-file spellings describe provisional retail roles. Retail 0x535040: Retained nullary group reset clears object/outline vectors, walks owned-map cells through clear 0x530f10, clears guard/ready flags and sets surface terrain to dirt/frame zero. The expanded group constructor calls this body at 0x5473d2 after constructing map and vectors.
src/rmg.cpp	TRmgTreasureGroup::addGuard	unsigned char (type_object *) __attribute__((thiscall))	Complete-only RMG generation: the full DC CodeView corpus has no corresponding RMG types, procedures or compiland. Current class/member and source-file spellings describe provisional retail roles. Retail 0x535110: Retained guard insertion takes type_object*, ret 4 with AL result. It traces the outline through 0x535ee0, retains map-position construction 0x5355c0 and fit test 0x5355e0, selects a candidate using rand, inserts the guard and stamps it through 0x531ea0, then updates bounds 0x535df0 and retraces the outline. Assembly calls it at 0x546843.
src/rmg.cpp	TRmgTreasureGroup::canFitObject	unsigned char (TRmgObjectPropertiesRef *, TRmgMapPosition) __attribute__((thiscall))	Complete-only RMG generation: the full DC CodeView corpus has no corresponding RMG types, procedures or compiland. Current class/member and source-file spellings describe provisional retail roles. Retail 0x5355e0: Retained fit predicate takes properties and a twelve-byte position, ret 16. It checks approach-dependent neighbouring entrances, retains map placement-blocking calls at 0x535700/0x53573b, and requires an available neighbouring cell for guarded objects. tryAddObject and addGuard share this group member.
src/rmg.cpp	TRmgTreasureGroup::tryAddObject	unsigned char (type_object *) __attribute__((thiscall))	Complete-only RMG generation: the full DC CodeView corpus has no corresponding RMG types, procedures or compiland. Current class/member and source-file spellings describe provisional retail roles. Retail 0x535970: Retained group insertion takes type_object*, ret 4. It collects candidate positions next to existing entrances, retains fit checks 0x5355e0 and position insertions 0x4347a0, chooses with rand, appends the object through 0x54d120 and stamps its surface footprint through 0x531ea0. Treasure filling calls it at 0x546680.
src/rmg.cpp	TRmgTreasureGroup::updateBounds	void () __attribute__((thiscall))	Complete-only RMG generation: the full DC CodeView corpus has no corresponding RMG types, procedures or compiland. Current class/member and source-file spellings describe provisional retail roles. Retail 0x535df0: Retained nullary bounds update initializes four extrema to +/-32000, scans 0x30-byte group cells and encloses cells blocked by passability, rock, entrance or gate flags with exclusive upper bounds. Calls 0x5466c6/0x5355a4 independently establish the group owner.
src/rmg.cpp	TRmgTreasureGroup::traceOutline	void () __attribute__((thiscall))	Complete-only RMG generation: the full DC CodeView corpus has no corresponding RMG types, procedures or compiland. Current class/member and source-file spellings describe provisional retail roles. Retail 0x535ee0: Retained nullary outline walk first checks the cached point vector +0x38, finds the first nontraversable group cell, then walks cardinal directions around its perimeter with point insertion 0x54d330 at 0x535fb2. Guard/assembly callers share this ordinary member.
src/rmg.cpp	TRmgGeneratorBase::TRmgGeneratorBase	void (int, int, int, TProgressSink *, int, int) __attribute__((thiscall))	Complete-only RMG generation: the full DC CodeView corpus has no corresponding RMG types, procedures or compiland. Current class/member and source-file spellings describe provisional retail roles. Retail 0x536070: Retained six-argument generator-base constructor, ret 24, constructs owned map at +0xc through 0x530fb0, object table at +0x24 and 232 sixteen-byte property-pointer vectors at +0x34 through EH iterator 0x617c3a. It installs vptr 0x640c3c, sets progress/version, seeds RNG through time/srand and calls loadObjectPrototypes 0x536200.
src/rmg.cpp	TRmgMapInterface::~TRmgMapInterface	void () __attribute__((thiscall))	Complete-only RMG generation: the full DC CodeView corpus has no corresponding RMG types, procedures or compiland. Current class/member and source-file spellings describe provisional retail roles. Retail 0x5361a0: Retained seven-byte abstract map destructor restores vptr 0x6409e8. That seven-slot table contains deleting wrapper 0x5361b0 followed by six pure API slots; owning/view-map cleanup expands this base operation. The source virtual destructor is required by the shared interface.
src/rmg.cpp	TRmgObjectPropertiesRef::TRmgObjectPropertiesRef	void (TObjectType *) __attribute__((thiscall))	Complete-only RMG generation: the full DC CodeView corpus has no corresponding RMG types, procedures or compiland. Current class/member and source-file spellings describe provisional retail roles. Loader 0x536200 allocates a 0xe8-byte property reference and initializes it at 0x5362b3..0x5362dc: outline-vector pointers +0x18/+0x1c/+0x20 zero, supplied prototype at +0, preferred terrain +4=-1, refcount/index/rule zero and cached-priority flag +0xe4 zero. Lazy outline/priority builders independently consume this record. This ordinary constructor has no separately retained address; closure 0x5361e0 constructs vectors of reference pointers, not this record.
src/rmg.cpp	TRmgGeneratorBase::loadObjectPrototypes	void () __attribute__((thiscall))	Complete-only RMG generation: the full DC CodeView corpus has no corresponding RMG types, procedures or compiland. Current class/member and source-file spellings describe provisional retail roles. Retail 0x536200: Retained nullary loader calls TObjectTypeTable::load 0x514d80 for objects.txt, filters/remaps object categories, allocates 0xe8-byte property references and inserts them into the 232 prototype vectors. It sorts creature-bucket prototype pointers, calls readObjectPlacementRules 0x536560 and advances progress through slot 2.
src/rmg.cpp	TRmgGeneratorBase::~TRmgGeneratorBase	void () __attribute__((thiscall))	Complete-only RMG generation: the full DC CodeView corpus has no corresponding RMG types, procedures or compiland. Current class/member and source-file spellings describe provisional retail roles. Retail 0x5363b0: Retained explicit base destructor virtually deletes placed objects, deletes references in all 232 prototype vectors including each reference outline allocation, then releases rule/vector/table members and the owned map. Derived teardown retains the base call at 0x537fda; automatic vector destruction alone cannot replace the pointee-deletion loops.
src/rmg.cpp	TRmgGeneratorBase::readObjectPlacementRules	void () __attribute__((thiscall))	Complete-only RMG generation: the full DC CodeView corpus has no corresponding RMG types, procedures or compiland. Current class/member and source-file spellings describe provisional retail roles. Retail 0x536560: Retained nullary placement-rule loader reads rand_trn.txt through 0x55c0a0 and parses rows from index 3. Its 0x4c-byte rules and two 232x10 vector grids establish object/subtype/terrain grouping; later rows take precedence in the final reverse scan. Retained single rule insertion 0x54c730 and grid EH iterators independently identify this loader.
src/rmg.cpp	TRmgGeneratorBase::scoreObjectPlacement	int (TRmgObjectPropertiesRef *, TRmgMapPosition) __attribute__((thiscall))	Complete-only RMG generation: the full DC CodeView corpus has no corresponding RMG types, procedures or compiland. Current class/member and source-file spellings describe provisional retail roles. Retail 0x536bc0: Retained footprint scorer takes properties and a twelve-byte position, ret 16. It retains bitset tests 0x5067e0/0x5166e0, evaluates terrain and overlaps through cached priority builder 0x532e40, temporarily marks affected objects and clears their five marks before returning. Decoration retains the call at 0x5375ff.
src/rmg.cpp	TRmgGeneratorBase::addObject	void (type_object *, TRmgMapPosition) __attribute__((thiscall))	Complete-only RMG generation: the full DC CodeView corpus has no corresponding RMG types, procedures or compiland. Current class/member and source-file spellings describe provisional retail roles. Retail 0x5371c0: Generator-base vtable 0x640c3c slot 1 selects this retained insertion, ret 16. It calls map registration 0x531ea0 at 0x5371e8 then appends the object pointer into base vector +0xec4. Derived insertion expands this ordinary base operation before its zone updates.
src/rmg.cpp	TRmgGeneratorBase::decorateMapCell	void (TRmgMapPosition, int) __attribute__((thiscall))	Complete-only RMG generation: the full DC CodeView corpus has no corresponding RMG types, procedures or compiland. Current class/member and source-file spellings describe provisional retail roles. Retail 0x5373a0: Retained cell-decoration pass takes a twelve-byte position and progress share, ret 16. It maintains a position worklist through 0x54c3f0/0x54c610, queries map cells through 0x5378e0, scores prototypes through 0x536bc0, chooses a weighted candidate using rand and inserts it through virtual generator slot 1.
src/rmg.cpp	TRmgGeneratorBase::decorateMap	void () __attribute__((thiscall))	Complete-only RMG generation: the full DC CodeView corpus has no corresponding RMG types, procedures or compiland. Current class/member and source-file spellings describe provisional retail roles. Retail 0x537970: Retained nullary map-decoration pass scans all map levels using packed eligibility flags, divides progress across eligible cells and calls decorateMapCell at 0x537a59. Generation calls it at 0x549c91 immediately after coastal marking; the accessed map/progress fields belong to the generator base.
src/rmg.cpp	type_random_map_generator::type_random_map_generator	void (int, int, int, int, int, int, int, int, int, TProgressSink *, int) __attribute__((thiscall))	Complete-only RMG generation: the full DC CodeView corpus has no corresponding RMG types, procedures or compiland. Current class/member and source-file spellings describe provisional retail roles. Retail 0x537b10: Retained eleven-argument generator constructor, ret 44, calls six-argument base constructor 0x536070 at 0x537b52, initializes derived containers/settings, randomizes requested choices, loads templates through 0x537ff0 and initializes hero eligibility from version-dependent trait bytes. Derived vptr 0x640c44 establishes the base/derived relationship.
src/rmg.cpp	type_random_map_generator::~type_random_map_generator	void () __attribute__((thiscall))	Complete-only RMG generation: the full DC CodeView corpus has no corresponding RMG types, procedures or compiland. Current class/member and source-file spellings describe provisional retail roles. Retail 0x537df0: Retained explicit derived destructor deletes zones through 0x532b50, templates through 0x532fe0 and owned treasure definitions, then destroys member vectors/string before calling base destructor 0x5363b0 at 0x537fda. Request-generation cleanup calls this body; the owned-pointee loops remain source operations.
src/rmg.cpp	type_random_map_generator::loadTemplates	void () __attribute__((thiscall))	Complete-only RMG generation: the full DC CodeView corpus has no corresponding RMG types, procedures or compiland. Current class/member and source-file spellings describe provisional retail roles. Retail 0x537ff0: Retained nullary rmg.txt loader calls spreadsheet retrieval 0x55c0a0, normalizes map volume by 1296, constructs templates and reads zones through 0x538480. It resolves connection endpoints via 0x5330a0 and retains two directed connection insertions 0x54c970 before validating player slots and deleting rejected templates through 0x532fe0.
src/rmg.cpp	type_random_map_generator::canPlaceZone	unsigned char (TRmgZone *) __attribute__((thiscall))	Complete-only RMG generation: the full DC CodeView corpus has no corresponding RMG types, procedures or compiland. Current class/member and source-file spellings describe provisional retail roles. Retail 0x53ad60: Retained zone-placement predicate takes a zone pointer, ret 4. It checks underground player-town alignment and same-level spacing from copied zone coordinates, with signed center distance through sqrt/ftol. Boundary/candidate callers 0x53e2ea/0x53af04 identify this generator member.
src/rmg.cpp	type_random_map_generator::appendZonePositions	void (TRmgZone *, TRmgZone *, std::vector<TRmgMapPosition> &) __attribute__((thiscall))	Complete-only RMG generation: the full DC CodeView corpus has no corresponding RMG types, procedures or compiland. Current class/member and source-file spellings describe provisional retail roles. Retail 0x53ae80: Retained candidate generator takes center zone, proposed zone and a position-vector reference, ret 12. It samples positions around the center, converts computed offsets with ftol, retains three calls to canPlaceZone 0x53ad60 and inserts accepted twelve-byte coordinates. Position selection calls it at 0x53bab9/0x53bb23.
include/rmg.h	TRmgTreasureGroup::TRmgTreasureGroup	void (int, int) __attribute__((thiscall))	Complete-only RMG generation: the full DC CodeView corpus has no corresponding RMG types, procedures or compiland. Current class/member and source-file spellings describe provisional retail roles. Zone-treasure scheduling 0x547360 constructs a 0x64-byte group on the stack: owned map 0x530fb0 at 0x547398 with supplied width/height and one level, object/outline vectors at +0x28/+0x38, zero guard/ready bytes +0x48/+0x60, then retained reset 0x535040 at 0x5473d2. The header constructor owns that shared lifetime; no separate retained address is asserted.
src/rmg.cpp	type_random_map_generator::getInitialZoneBounds	void (int &, int &, int &, int &) __attribute__((thiscall)) const	Complete-only RMG zone generation, absent from the full DC CodeView type/procedure/compiland corpus. Current source and semantic names are provisional retail roles. Retail 0x53b1f0: The retained const member writes four output references, ret 16. It encloses unscaled zone centers using each template size as radius, including the origin. initializeZones calls it at 0x53be5c; copied three-coordinate values and the four output stores establish its interface.
src/rmg.cpp	type_random_map_generator::filterZonePositions	void (TRmgZone *, std::vector<TRmgMapPosition> &, int) __attribute__((thiscall))	Complete-only RMG zone generation, absent from the full DC CodeView type/procedure/compiland corpus. Current source and semantic names are provisional retail roles. Retail 0x53b2f0: The retained candidate filter takes zone, twelve-byte-position vector and map size, ret 12. It prefers unused levels, counts connections through 0x532bd0 at 0x53b4b7/0x53b5ae with retained vector-size calls, then minimizes enclosing-square size. Position selection calls it at 0x53bb38.
src/rmg.cpp	type_random_map_generator::positionZone	void (TRmgZone *, int) __attribute__((thiscall))	Complete-only RMG zone generation, absent from the full DC CodeView type/procedure/compiland corpus. Current source and semantic names are provisional retail roles. Retail 0x53b970: The retained selector takes zone/map size, ret 8. It seeds the first zone on an eligible level, samples later zones through appendZonePositions 0x53ae80, filters via 0x53b2f0, and chooses an unsigned candidate index with rand at 0x53bb5f. Initialization retains both placement calls.
src/rmg.cpp	type_random_map_generator::calculateZoneBounds	void () __attribute__((thiscall))	Complete-only RMG zone generation, absent from the full DC CodeView type/procedure/compiland corpus. Current source and semantic names are provisional retail roles. Retail 0x53bbb0: The retained nullary bounds pass scans the owned map by level/row/column and accumulates half-open bounds of cells assigned to each zone. Terrain coordination calls it at 0x53e6c0; receiver map fields and per-zone bounds establish ownership.
src/rmg.cpp	type_random_map_generator::initializeZones	void (TRmgTemplate *) __attribute__((thiscall))	Complete-only RMG zone generation, absent from the full DC CodeView type/procedure/compiland corpus. Current source and semantic names are provisional retail roles. Retail 0x53bcb0: The retained initializer takes a template, ret 4. It clears the zone vector, allocates zones through 0x5329e0, runs two placement passes via 0x53b970, measures initial bounds through 0x53b1f0, normalizes positions and chooses terrain through 0x532ab0. Generation coordinator supplies the template.
src/rmg.cpp	type_random_map_generator::drawIslandBoundary	void (TPoint, TPoint, int, int, int) __attribute__((thiscall))	Complete-only RMG zone generation, absent from the full DC CodeView type/procedure/compiland corpus. Current source and semantic names are provisional retail roles. Retail 0x53cd30: The retained boundary subdivision takes two by-value TPoints plus zone/level/roughness, ret 28. It uses a pending-point vector, vector length 0x5fceb0, rand and point insertion 0x54d330 to subdivide edges. insetIslandZone calls it at 0x53d34e.
src/rmg.cpp	type_random_map_generator::fillIslandInterior	void (TRmgZone *) __attribute__((thiscall))	Complete-only RMG zone generation, absent from the full DC CodeView type/procedure/compiland corpus. Current source and semantic names are provisional retail roles. Retail 0x53cf50: The retained cardinal flood takes a zone pointer, ret 4. It copies the zone seed into a twelve-byte coordinate worklist and marks eligible neighbours with cell bit 28, leaving the initial seed unmarked until reached. insetIslandZone retains the call at 0x53d36b.
src/rmg.cpp	type_random_map_generator::recenterZone	void (TRmgZone *) __attribute__((thiscall))	Complete-only RMG zone generation, absent from the full DC CodeView type/procedure/compiland corpus. Current source and semantic names are provisional retail roles. Retail 0x53d0d0: The retained recentering member takes one zone, ret 4. It scans assigned cells inside that zone bounds, accumulates and divides x/y coordinates, then stores their average while retaining the level. Terrain coordination calls it at 0x53e6e8.
src/rmg.cpp	type_random_map_generator::insetIslandZone	void (TRmgZone *) __attribute__((thiscall))	Complete-only RMG zone generation, absent from the full DC CodeView type/procedure/compiland corpus. Current source and semantic names are provisional retail roles. Retail 0x53d1c0: The retained island inset takes one zone, ret 4. It measures radial vectors through 0x5fceb0, clamps displacement toward the center, redraws polygon edges through 0x53cd30 and fills the interior through 0x53cf50. Terrain coordination calls it at 0x53e70f.
src/rmg.cpp	type_random_map_generator::fillZoneArea	void (TRmgZone *, TRmgBoundaryVertex *) __attribute__((thiscall))	Complete-only RMG zone generation, absent from the full DC CodeView type/procedure/compiland corpus. Current source and semantic names are provisional retail roles. Retail 0x53d380: The retained area fill takes zone and a Voronoi edge-ring pointer, ret 8. It chooses/clips a starting seed using boundary helper 0x53cac0, then uses a twelve-byte-coordinate worklist for scanline fill of cells whose signed zone byte is -1. Boundary coordination calls it at 0x53e65c.
src/rmg.cpp	type_random_map_generator::propagateZoneDistances	void (TRmgZone *) __attribute__((thiscall))	Complete-only RMG zone generation, absent from the full DC CodeView type/procedure/compiland corpus. Current source and semantic names are provisional retail roles. Retail 0x53d8e0: The retained graph-distance propagation takes a zone, ret 4. It reads the short-distance vector through 0x54c3d0, maintains zone/cost worklists and relaxes signed-short table entries as connections are reached. joinExtraZones calls it at 0x53dcd2 and again at 0x53e020.
src/rmg.cpp	type_random_map_generator::joinExtraZones	void (int, TRmgVoronoi *) __attribute__((thiscall))	Complete-only RMG zone generation, absent from the full DC CodeView type/procedure/compiland corpus. Current source and semantic names are provisional retail roles. Retail 0x53dad0: The retained extra-zone join takes original-zone count and diagram pointer, ret 8. It locates sites through 0x5fd6b0, tests clipped boundaries through 0x53cac0, constructs directed connection records and initializes/propagates short zone-distance columns. Boundary coordination calls it after the level fill.
src/rmg.cpp	type_random_map_generator::buildZoneBoundaries	void (TRmgTemplate *, int) __attribute__((thiscall))	Complete-only RMG zone generation, absent from the full DC CodeView type/procedure/compiland corpus. Current source and semantic names are provisional retail roles. Retail 0x53e050: The retained boundary coordinator takes template and level, ret 8. It constructs one diagram through 0x5fd010, inserts existing/radial sites via 0x5fd790, owns a nested temporary slot/zone, builds vertices through 0x5fdb40, traces/fills zones, joins extras and destroys the diagram through 0x5fd330.
src/rmg.cpp	type_random_map_generator::paintZoneTerrain	void () __attribute__((thiscall))	Complete-only RMG zone generation, absent from the full DC CodeView type/procedure/compiland corpus. Current source and semantic names are provisional retail roles. Retail 0x53e6a0: The retained nullary terrain coordinator calculates bounds, recenters/insets zones, then uses separate borrowed-level-map and brush lifetimes. It retains brush ctor 0x5b7250, rectangle painting 0x5b7690 and dtor 0x5b72f0 for underground rock, surface water and individual dry zones.
src/rmg.cpp	subdivideRmgNoiseRegion	void (std::vector<TRmgNoiseRegion> &, TRmgNoiseRegion, TRmgNoiseMidpoints, int) __attribute__((fastcall))	Complete-only RMG zone generation, absent from the full DC CodeView type/procedure/compiland corpus. Current source and semantic names are provisional retail roles. Retail 0x53e9e0: The retained fastcall subdivision receives a work vector in ECX and center value in EDX, plus nine-dword region and four midpoint values, ret 52. It emits nondegenerate quadrants via the 36-byte record insertion 0x54d5c0. Mask generation calls it at 0x53ed91.
src/rmg.cpp	generateRmgIslandMask	void (unsigned char *, int, int) __attribute__((fastcall))	Complete-only RMG zone generation, absent from the full DC CodeView type/procedure/compiland corpus. Current source and semantic names are provisional retail roles. Retail 0x53ed00: The retained fastcall mask generator receives output bytes in ECX, width in EDX and height on stack, ret 4. It consumes a stack of nine-dword noise regions, generates midpoint perturbations through rand and calls subdivision 0x53e9e0, then clamps samples to output bytes. Island creation calls it at 0x53f048.
src/rmg.cpp	type_random_map_generator::createWaterZoneIsland	void (const TRmgZoneBounds &, int) __attribute__((thiscall))	Complete-only RMG zone generation, absent from the full DC CodeView type/procedure/compiland corpus. Current source and semantic names are provisional retail roles. Retail 0x53efa0: The retained island painter takes bounds reference and level, ret 8. It allocates a byte mask, constructs a brush on a borrowed map view, calls mask generation 0x53ed00, paints rectangles and destroys the brush before tagging dry cells, releasing the mask and advancing progress.
src/rmg.cpp	type_random_map_generator::floodWaterZoneDistances	void (TRmgMapPosition, int) __attribute__((thiscall))	Complete-only RMG zone generation, absent from the full DC CodeView type/procedure/compiland corpus. Current source and semantic names are provisional retail roles. Retail 0x53f1a0: The retained water-distance flood takes a twelve-byte position and zone index, ret 16. Paired position/cost vectors seed and order the walk; eight-neighbour costs are 2/3 and only the supplied zone receives shorter distances and reset connection metadata. Water preparation retains calls at 0x53f603/0x53f83e.
src/rmg.cpp	type_random_map_generator::prepareWaterZoneConnections	void (TRmgZone *) __attribute__((thiscall))	Complete-only RMG zone generation, absent from the full DC CodeView type/procedure/compiland corpus. Current source and semantic names are provisional retail roles. Retail 0x53f470: The retained water-connection preparation takes a zone, ret 4. It resets eligible water cells, floods from the perimeter through 0x53f1a0, repeatedly collects candidates at least 20 distance units from coast, selects using rand, creates islands through 0x53efa0 and refloods after each island.
src/rmg.cpp	type_random_map_generator::expandObstacleClearance	void () __attribute__((thiscall))	Complete-only RMG zone generation, absent from the full DC CodeView type/procedure/compiland corpus. Current source and semantic names are provisional retail roles. Retail 0x53f880: The retained nullary obstacle-clearance pass scans dry assigned cells near water or another zone and updates three clipped neighbourhoods. Connection presence, level and guard policy determine separation; the distinct policy tests at 0x53fa3f..0x53fa58 and progress slot-2 call establish this coordination boundary.
src/rmg.cpp	type_random_map_generator::repairWaterZoneBorders	void () __attribute__((thiscall))	Complete-only RMG zone generation, absent from the full DC CodeView type/procedure/compiland corpus. Current source and semantic names are provisional retail roles. Retail 0x53fcb0: The retained nullary border-repair pass checks water beside usable land lacking a template connection, marks inner border terrain and removes gate eligibility in the outer area. It defers painting per level through brush ctor 0x5b7250, point/rectangle methods 0x5b7520/0x5b7690 and dtor 0x5b72f0.
src/rmg.cpp	type_random_map_generator::addObject	void (type_object *, TRmgMapPosition) __attribute__((thiscall))	Complete-only RMG zone generation, absent from the full DC CodeView type/procedure/compiland corpus. Current source and semantic names are provisional retail roles. Retail 0x5402a0: Derived-generator vtable 0x640c44 slot 1 selects this retained insertion, ret 16. It expands canonical base insertion, retaining map addObject 0x531ea0, then increments global/zone object-type counts and floods entrance scores through paired position/cost worklists for trigger-bearing prototypes.
src/rmg.cpp	type_random_map_generator::buildZoneConnectionPaths	void () __attribute__((thiscall))	Complete-only RMG zone generation, absent from the full DC CodeView type/procedure/compiland corpus. Current source and semantic names are provisional retail roles. Retail 0x5405d0: The retained nullary connection-path pass resets costs/predecessors, seeds each zone from its first usable gate or last empty candidate, and retains floodConnectionCosts 0x531460 at 0x5407dd/0x5408a2 around path opening 0x5408e0. It connects remaining dry gates while extending the reachable cost set.
src/rmg.cpp	type_random_map_generator::openConnectionPath	void (TRmgMapPosition, unsigned char) __attribute__((thiscall))	Complete-only RMG placement, absent from the full DC CodeView type/procedure/compiland corpus. Current source and semantic names are provisional retail roles. Retail 0x5408e0: Retained position/narrow-flag member, ret 16, follows positive-cost predecessor cells without changing costs. It retains getMapItem 0x5378e0 and border-prototype selection 0x546040, virtually inserts decorated guards, then rechecks connection presence. Ground connection calls it for both endpoints.
src/rmg.cpp	type_random_map_generator::createGuard	type_object *(int, TRmgZone *) __attribute__((thiscall))	Complete-only RMG placement, absent from the full DC CodeView type/procedure/compiland corpus. Current source and semantic names are provisional retail roles. Retail 0x540b20: Retained value/zone guard factory, ret 8, filters 145 creature/prototype entries, selects a creature, uses two ordered variation draws, then allocates the 0x2c-byte monster object with vptr 0x640a84. Ground, shipyard and monolith placement retain this shared factory.
src/rmg.cpp	type_random_map_generator::placeBorderObject	int (TRmgMapPosition, int, TRmgZone *) __attribute__((thiscall))	Complete-only RMG placement, absent from the full DC CodeView type/procedure/compiland corpus. Current source and semantic names are provisional retail roles. Retail 0x540d60: Retained entrance/count/destination member, ret 20, selects matching-color tent/guard prototypes, places the tent via 0x542930, then virtually inserts adjacent guards. Missing tent and missing guard have distinct -1/0 exits. Shipyard placement retains the call at 0x541fc5.
src/rmg.cpp	type_random_map_generator::markBorderObjectArea	void (TRmgMapPosition, int) __attribute__((thiscall))	Complete-only RMG placement, absent from the full DC CodeView type/procedure/compiland corpus. Current source and semantic names are provisional retail roles. Retail 0x540fc0: Retained position/direction member, ret 16, clips a 3x3 rectangle and updates connection/obstacle flags only on eligible empty cells. It clears the center predecessor when valid and preserves the subsequent presence test. Ground connection retains calls at 0x54160b/0x541654.
src/rmg.cpp	type_random_map_generator::createGroundConnection	unsigned char (TRmgZone *, TRmgZoneConnection *, std::vector<TRmgMapItem *> *, std::vector<TRmgMapPosition> *) __attribute__((thiscall))	Complete-only RMG placement, absent from the full DC CodeView type/procedure/compiland corpus. Current source and semantic names are provisional retail roles. Retail 0x541140: Retained ground-connection member takes source, connection and paired boundary-item/position vectors, ret 16. It collects equally cheap empty crossings, chooses with rand, opens both predecessor paths via 0x5408e0, records entrances and places border objects or guards through shared retained helpers.
src/rmg.cpp	type_random_map_generator::floodConnectionRegion	void (TRmgMapPosition) __attribute__((thiscall))	Complete-only RMG placement, absent from the full DC CodeView type/procedure/compiland corpus. Current source and semantic names are provisional retail roles. Retail 0x541780: Retained connection-region flood takes a twelve-byte position, ret 12. A LIFO coordinate vector drives cardinal-neighbour traversal; admitted neighbours are marked, while only eligible water is enqueued. Shipyard placement calls it at 0x541f1f.
src/rmg.cpp	type_random_map_generator::canPlaceShipyard	unsigned char (TRmgMapPosition) __attribute__((thiscall))	Complete-only RMG placement, absent from the full DC CodeView type/procedure/compiland corpus. Current source and semantic names are provisional retail roles. Retail 0x541960: Retained shipyard-site predicate takes a twelve-byte position, ret 12. It checks a six-cell land footprint, probes four water offsets for gate-marked water, and requires an in-bounds non-water opposite side. Shipyard connection calls it at 0x541c94 after ordinary object placement checks.
src/rmg.cpp	type_random_map_generator::createShipyardConnection	unsigned char (TRmgZone *, TRmgZoneConnection *) __attribute__((thiscall))	Complete-only RMG placement, absent from the full DC CodeView type/procedure/compiland corpus. Current source and semantic names are provisional retail roles. Retail 0x541ad0: Retained source/connection member, ret 8, chooses shipyard prototype 87, scans coastal sites through 0x531cf0/0x541960, allocates an ownable object with retained base constructor 0x5330e0, then floods water and places border/guard objects. connectZones retains this fallback after ground failure.
src/rmg.cpp	type_random_map_generator::placeObjectInZone	unsigned char (type_object *, TRmgZone *) __attribute__((thiscall))	Complete-only RMG placement, absent from the full DC CodeView type/procedure/compiland corpus. Current source and semantic names are provisional retail roles. Retail 0x542930: Retained object/zone placement, ret 8, scans clipped zone bounds adjusted by prototype footprint, retains canPlaceObject 0x531cf0 and candidate insertion 0x4347a0, chooses via rand and calls virtual addObject. Border-tent placement calls it at 0x540e81.
src/rmg.cpp	type_random_map_generator::placeMonolithBorder	unsigned char (TRmgMapPosition, TRmgZone *) __attribute__((thiscall))	Complete-only RMG placement, absent from the full DC CodeView type/procedure/compiland corpus. Current source and semantic names are provisional retail roles. Retail 0x542b00: Retained monolith-border member takes a twelve-byte position and zone, ret 16. It rebuilds connection costs through 0x5405d0, selects an entrance-side predecessor or usable same-zone neighbour, and places the border via 0x540d60. Monolith placement calls it at both endpoints.
src/rmg.cpp	type_random_map_generator::createMonolithConnection	void (TRmgZone *, TRmgZoneConnection *, int) __attribute__((thiscall))	Complete-only RMG placement, absent from the full DC CodeView type/procedure/compiland corpus. Current source and semantic names are provisional retail roles. Retail 0x542ce0: Retained source/connection/index fallback, ret 12, constructs paired monoliths, uses placeObjectInZone 0x542930, records entrances, places endpoint borders through 0x542b00 and guards through 0x540b20. Failed objects are virtually deleted; one-way prototypes additionally construct exit pairs.
src/rmg.cpp	type_random_map_generator::decorateUnderground	void () __attribute__((thiscall))	Complete-only RMG placement, absent from the full DC CodeView type/procedure/compiland corpus. Current source and semantic names are provisional retail roles. Retail 0x5439e0: Retained nullary underground pass uses one borrowed level-one map and one brush across two scans: rock over unused floor, then zone terrain at occupied/gate-marked rock cells. Brush ctor/paint/dtor calls are 0x5b7250/0x5b7690/0x5b72f0; generation retains it at 0x549c82.
src/rmg.cpp	type_random_map::traceBranchEnd	TPoint (TPoint, TPoint, int) __attribute__((thiscall))	Complete-only RMG placement, absent from the full DC CodeView type/procedure/compiland corpus. Current source and semantic names are provisional retail roles. Retail 0x543c70: Retained map ray takes two TPoints and a level, returning TPoint through a hidden buffer with ret 24. It continues beyond the second point until bounds or a nearby gate-marked tile blocks it, ignoring that neighbourhood for the first two steps. Branch carving calls it at 0x544226.
src/rmg.cpp	type_random_map_generator::carveBranchingPaths	void () __attribute__((thiscall))	Complete-only RMG placement, absent from the full DC CodeView type/procedure/compiland corpus. Current source and semantic names are provisional retail roles. Retail 0x543e20: Retained nullary branch-carving pass stores point pairs in a vector stack and side branches in a list. It uses shared vector length 0x5fceb0, ray tracing 0x543c70, openPathPatch 0x531ad0 and markBorderPatch 0x531bd0. Zone preparation calls it at 0x54492b.
src/rmg.cpp	type_random_map_generator::connectJunctionEntrance	void (TPoint, TPoint, TRmgZone *) __attribute__((thiscall))	Complete-only RMG placement, absent from the full DC CodeView type/procedure/compiland corpus. Current source and semantic names are provisional retail roles. Retail 0x5443a0: Retained junction path takes two TPoints and zone, ret 20. It subdivides a point-vector worklist using length 0x5fceb0 and rand, then marks matching-zone path cells and neighbours. Junction preparation calls it at 0x5448eb.
src/rmg.cpp	type_random_map_generator::prepareJunctionZone	void (TRmgZone *) __attribute__((thiscall))	Complete-only RMG placement, absent from the full DC CodeView type/procedure/compiland corpus. Current source and semantic names are provisional retail roles. Retail 0x5446a0: Retained one-zone junction preparation, ret 4, resets dry cells, seeds the first entrance and floods through 0x531460. It traces reachable entrances back to zero-cost cells, carves each path through 0x5443a0 and refloods through 0x531460.
src/rmg.cpp	type_random_map_generator::prepareZoneConnections	void () __attribute__((thiscall))	Complete-only RMG placement, absent from the full DC CodeView type/procedure/compiland corpus. Current source and semantic names are provisional retail roles. Retail 0x544920: Retained nullary connection coordinator calls branch carving 0x543e20 and clearance 0x53f880, marks unassigned dry cells, prepares water zones through 0x53f470, then runs path construction 0x5405d0, border repair 0x53fcb0 and connectZones 0x543240. Generation retains it at 0x549b65.
src/rmg.cpp	type_random_map_generator::placePrimaryTown	void (TRmgZone *) __attribute__((thiscall))	Complete-only RMG placement, absent from the full DC CodeView type/procedure/compiland corpus. Current source and semantic names are provisional retail roles. Retail 0x544a50: Retained primary-town scheduler takes one zone, ret 4. Four ordered calls to 0x545250 test mapped-player then neutral template counts, option 1 before option 0 in each pair. Generation calls this pass at 0x549b30.
src/rmg.cpp	type_random_map_generator::placeAdditionalTowns	void (TRmgZone *) __attribute__((thiscall))	Complete-only RMG placement, absent from the full DC CodeView type/procedure/compiland corpus. Current source and semantic names are provisional retail roles. Retail 0x544ae0: Retained additional-town scheduler takes one zone, ret 4. Its fixed-count phase skips the already placed primary town, followed by four weighted density categories with separate failure flags. Eight retained calls to 0x544d90 establish the shared placement boundary.
src/rmg.cpp	type_random_map_generator::tryPlaceAdditionalTown	unsigned char (TRmgZone *, int, int, unsigned char, int) __attribute__((thiscall))	Complete-only RMG placement, absent from the full DC CodeView type/procedure/compiland corpus. Current source and semantic names are provisional retail roles. Retail 0x544d90: Retained additional-town placement takes zone/alignment/player/option/spacing, ret 20. It resolves unknown alignment with rand, delegates inactive zones to 0x545250, tests candidate footprints through 0x531cf0 and whole-zone neighbourhoods, then constructs the town and virtually inserts it.
src/rmg.cpp	type_random_map_generator::tryPlacePrimaryTown	unsigned char (TRmgZone *, int, int, unsigned char) __attribute__((thiscall))	Complete-only RMG placement, absent from the full DC CodeView type/procedure/compiland corpus. Current source and semantic names are provisional retail roles. Retail 0x545250: Retained primary-town placement takes zone/alignment/player/option, ret 16. It rejects alignment -1, checks sites through 0x531cf0, chooses a nearest-site candidate, allocates 0x28 bytes and retains base ctor 0x5330e0 before installing town vptr 0x640a94 and updating the zone primary-town position.
src/rmg.cpp	type_random_map_generator::placeMineSite	unsigned char (type_object *, TRmgZone *, unsigned char, int) __attribute__((thiscall))	Complete-only RMG placement, absent from the full DC CodeView type/procedure/compiland corpus. Current source and semantic names are provisional retail roles. Retail 0x545580: Retained mine-site selector takes object/zone/starting-flag/spacing, ret 16. It retains outline builder 0x532c80 and placement predicate 0x531cf0, applies ordered distance/border/score filters with independent candidate resets, then randomly selects and virtually inserts a site. tryPlaceMine calls it at 0x545aee.
src/rmg.cpp	type_random_map_generator::tryPlaceMine	unsigned char (TRmgZone *, int, unsigned char, int) __attribute__((thiscall))	Complete-only RMG placement, absent from the full DC CodeView type/procedure/compiland corpus. Current source and semantic names are provisional retail roles. Retail 0x545990: Retained mine placement takes zone/resource/starting-flag/spacing, ret 16. It selects from the MINE prototype vector with terrain test 0x5166e0, retains base ctor 0x5330e0 and site selection 0x545580, then applies guard-value helper 0x545e00, guard creation and optional resource-strip objects.
src/rmg.cpp	getRmgGuardValue	int (int, int) __attribute__((fastcall))	Complete-only RMG placement, absent from the full DC CodeView type/procedure/compiland corpus. Current source and semantic names are provisional retail roles. Retail 0x545e00: Retained fastcall receives requested value in ECX and strength index in EDX, reads four strength-table values and suppresses computed guards below 2000. Mine placement calls it at 0x545b76; ground/border/monolith paths independently expand this shared arithmetic.
src/rmg.cpp	type_random_map_generator::placeExtraMines	void (TRmgZone *) __attribute__((thiscall))	Complete-only RMG placement, absent from the full DC CodeView type/procedure/compiland corpus. Current source and semantic names are provisional retail roles. Retail 0x545e60: Retained extra-mine scheduler takes one zone, ret 4. It initializes per-resource weighted scores from requested counts, computes density increments, repeatedly chooses the least served active resource and calls tryPlaceMine 0x545990 until each resource is exhausted.
src/rmg.cpp	type_random_map_generator::placeMines	void () __attribute__((thiscall))	Complete-only RMG placement, absent from the full DC CodeView type/procedure/compiland corpus. Current source and semantic names are provisional retail roles. Retail 0x545f60: Retained nullary mine pass walks zones and places fixed counts through 0x545990 before density placement 0x545e60. Starting wood/ore flags apply only to active human/computer zones; progress advances through sink slot 2. Generation calls it at 0x549ba9.
src/rmg.cpp	type_random_map_generator::selectObjectPrototype	TRmgObjectPropertiesRef *(int, int, int) __attribute__((thiscall))	Complete-only RMG placement, absent from the full DC CodeView type/procedure/compiland corpus. Current source and semantic names are provisional retail roles. Retail 0x546040: Retained prototype selector takes terrain/object type/subtype, ret 12. It filters the type vector by subtype, admits categories 4/5 off water and otherwise checks the ten-terrain mask, returns null when empty and selects a property reference with rand. Path and quest factories retain this boundary.
src/rmg.cpp	type_random_map_generator::createTreasureObject	type_object *(TRmgZone *, int, int, int *, unsigned char, unsigned char, unsigned char, TRmgMapPosition) __attribute__((thiscall))	Complete-only RMG placement, absent from the full DC CodeView type/procedure/compiland corpus. Current source and semantic names are provisional retail roles. Retail 0x546190: Retained treasure selector takes zone/value bounds/output value, three policy bytes and optional twelve-byte position, ret 40. It queries definition terrain/value virtuals, selects prototypes through 0x546040, tests placement where required, builds weighted candidates and invokes the selected definition factory through slot 0.
src/rmg.cpp	type_random_map_generator::fillTreasureGroup	int (TRmgZone *, TRmgTreasureGroup *, unsigned char, int) __attribute__((thiscall))	Complete-only RMG placement, absent from the full DC CodeView type/procedure/compiland corpus. Current source and semantic names are provisional retail roles. Retail 0x546520: Retained group fill takes zone/group/alternative-flag/value, ret 16. It centers the first generated object using 0x546190 and 0x531ea0, tries later objects through group insertion 0x535970, releases failed fits through virtual callbacks/destruction and updates group bounds 0x535df0 before returning accumulated value.
src/rmg.cpp	type_random_map_generator::assembleTreasureGroup	unsigned char (TRmgZone *, TRmgTreasureGroup *, unsigned char, int, int) __attribute__((thiscall))	Complete-only RMG driver/support, absent from the full DC CodeView type/procedure/compiland corpus. Current source and semantic names are provisional retail roles. Retail 0x5466e0: Retained group assembly takes zone/group/policy/value bounds, ret 20. It resets reusable group state, chooses a value with rand, fills through 0x546520 and adds a scaled guard through 0x540b20/0x535110. Failed guard fits release owned objects and guard; success traces and marks the outline through 0x535ee0.
src/rmg.cpp	TRmgMapItem::setTerrain	void (int, int, unsigned char, unsigned char) __attribute__((thiscall))	Complete-only RMG driver/support, absent from the full DC CodeView type/procedure/compiland corpus. Current source and semantic names are provisional retail roles. Retail 0x546940: Retained cell setter takes terrain/frame/two flip bytes, ret 16. It changes +0x24 low six-bit kind and next eight-bit frame, then +0x28 flip bits 15/16. Calls in assembly and zone-treasure reset establish this shared TRmgMapItem boundary independently of adapter setters.
src/rmg.cpp	type_random_map::getMapItem	TRmgMapItem *(int, int) __attribute__((thiscall))	Complete-only RMG driver/support, absent from the full DC CodeView type/procedure/compiland corpus. Current source and semantic names are provisional retail roles. Retail 0x546990: Retained two-integer map accessor, ret 8, computes array+0x30*(y*width+x) from map +8/+0xc. Group reset copies call it at 0x547625/0x547717 while standalone reset expands it; one ordinary definition owns both decisions.
src/rmg.cpp	type_random_map_generator::commitTreasureGroup	void (TRmgTreasureGroup *, TRmgMapPosition) __attribute__((thiscall))	Complete-only RMG driver/support, absent from the full DC CodeView type/procedure/compiland corpus. Current source and semantic names are provisional retail roles. Retail 0x5469b0: Retained group/position commit, ret 16, stores group offset, translates each object and virtually registers it, transfers clipped border/gate state between group and destination cells, then queries each object through writable slot 2. Placement retains the call at 0x547330.
src/rmg.cpp	type_random_map_generator::canPlaceTreasureGroup	unsigned char (TRmgTreasureGroup *, TRmgMapPosition, TRmgZone *) __attribute__((thiscall))	Complete-only RMG driver/support, absent from the full DC CodeView type/procedure/compiland corpus. Current source and semantic names are provisional retail roles. Retail 0x546c70: Retained group/position/zone predicate, ret 20, checks each translated object footprint through 0x5318b0, constructs the translated guard position through 0x5355c0, evaluates cell/entrance policies and retains connected-outline test 0x531170. Group placement calls it at 0x54721c.
src/rmg.cpp	type_random_map_generator::placeTreasureGroup	unsigned char (TRmgTreasureGroup *, TRmgZone *, int) __attribute__((thiscall))	Complete-only RMG driver/support, absent from the full DC CodeView type/procedure/compiland corpus. Current source and semantic names are provisional retail roles. Retail 0x5470d0: Retained group/zone/spacing placement, ret 12, collects candidate positions accepted by 0x546c70, applies spacing and tied-candidate resets, chooses with rand and commits through 0x5469b0. Zone scheduling retains calls for ordinary and alternate attempts.
src/rmg.cpp	type_random_map_generator::placeZoneTreasures	void (TRmgZone *) __attribute__((thiscall))	Complete-only RMG driver/support, absent from the full DC CodeView type/procedure/compiland corpus. Current source and semantic names are provisional retail roles. Retail 0x547360: Retained one-zone treasure scheduler, ret 4, constructs a 16x16 one-level temporary group through map ctor 0x530fb0 and reset 0x535040. Weighted value bands receive ordinary then alternate assembly/placement attempts through 0x5466e0/0x5470d0; failures release reservations and objects before reset, and final cleanup destroys the group.
src/rmg.cpp	type_random_map_generator::paintRoad	unsigned char (TRmgMapPosition, int) __attribute__((thiscall))	Complete-only RMG driver/support, absent from the full DC CodeView type/procedure/compiland corpus. Current source and semantic names are provisional retail roles. Retail 0x548040: Retained road painting takes twelve-byte position and road kind, ret 16. It follows predecessors, constructs the road adapter/painter at 0x548120/0x548143 for same-level cardinal runs, paints through walker 0x4fa2b0 and destroys through 0x55f460 at run boundaries. createRoads retains the call at 0x548408.
src/rmg.cpp	type_random_map_generator::createRoads	void () __attribute__((thiscall))	Complete-only RMG driver/support, absent from the full DC CodeView type/procedure/compiland corpus. Current source and semantic names are provisional retail roles. Retail 0x548290: Retained nullary road coordinator chooses one style with rand, visits ordered target pairs, calls road-cost builder 0x547880 and road painter 0x548040, then rebuilds traversal costs after a successful draw. Generation calls it at 0x549c98.
src/rmg.cpp	type_random_map_generator::createRiverToObject	void (TRmgMapPosition) __attribute__((thiscall))	Complete-only RMG driver/support, absent from the full DC CodeView type/procedure/compiland corpus. Current source and semantic names are provisional retail roles. Retail 0x548500: Retained object-bound river search takes a twelve-byte source, ret 12. It resets movement costs, maintains paired position/cost worklists, stops at marked object targets and constructs river painter 0x55ee50 to draw the predecessor chain through 0x4fa2b0. Unlike coast routing it does not apply direction/impassability vetoes.
src/rmg.cpp	type_random_map_generator::markRiverCoastTarget	void (TRmgMapPosition, int) __attribute__((thiscall))	Complete-only RMG driver/support, absent from the full DC CodeView type/procedure/compiland corpus. Current source and semantic names are provisional retail roles. Retail 0x548a40: Retained coastal-target test takes twelve-byte position/direction, ret 16. It checks three water cells across shore, adjacent dry entrance-free cells and an inland run, then marks the last cell with target/approach bits. markRiverTargets retains this shared test at 0x548ccc.
src/rmg.cpp	type_random_map_generator::markRiverTargets	void () __attribute__((thiscall))	Complete-only RMG driver/support, absent from the full DC CodeView type/procedure/compiland corpus. Current source and semantic names are provisional retail roles. Retail 0x548c70: Retained nullary river-target pass scans water in level/row/column order, tests four cardinal coast directions through 0x548a40, then marks the river-target flag along each map edge. createRivers calls it after object-target preparation.
src/rmg.cpp	type_random_map_generator::markRiverObjectTargets	void () __attribute__((thiscall))	Complete-only RMG driver/support, absent from the full DC CodeView type/procedure/compiland corpus. Current source and semantic names are provisional retail roles. Retail 0x5497a0: Retained nullary object-target pass walks placed objects, selects mountains/lakes/gem mines, obtains a trigger position or unsigned half-size scenery position and marks packed bit 29 for river routing. createRivers calls it at 0x54987b.
src/rmg.cpp	type_random_map_generator::createRivers	void () __attribute__((thiscall))	Complete-only RMG driver/support, absent from the full DC CodeView type/procedure/compiland corpus. Current source and semantic names are provisional retail roles. Retail 0x549870: Retained nullary river coordinator calls object-target 0x5497a0 and coast-target 0x548c70 preparation, finds water wheels and invokes object-bound search 0x548500 plus coast-bound routing 0x548df0 at the displaced trigger source. Generation calls it last at 0x549c9f.
src/rmg.cpp	type_random_map_generator::generate	unsigned char () __attribute__((thiscall))	Complete-only RMG driver/support, absent from the full DC CodeView type/procedure/compiland corpus. Current source and semantic names are provisional retail roles. Retail 0x549930: Retained nullary generation coordinator returns AL success. It selects a template, initializes zones/boundaries/terrain, runs distinct primary/additional-town passes, prepares connections, places mines and treasures, then finishes underground decoration, coast marking, general decoration, roads and rivers. Request worker 0x54bf60 retains this top-level call.
src/rmg.cpp	type_random_map_generator::writeMap	unsigned char (TAbstractFile *) __attribute__((thiscall))	Complete-only RMG driver/support, absent from the full DC CodeView type/procedure/compiland corpus. Current source and semantic names are provisional retail roles. Retail 0x54abf0: Retained stream writer takes TAbstractFile*, ret 4. It writes header 0x549cb0, reserved count, every cell via 0x532890, reserved/referenced prototypes through 0x54ae30, then objects in two trait-ordered virtual-write passes. Its final four-byte write determines success; request worker calls it at 0x54c05b.
src/rmg.cpp	writeRmgObjectPrototype	void (TAbstractFile *, TObjectType *) __attribute__((fastcall))	Complete-only RMG driver/support, absent from the full DC CodeView type/procedure/compiland corpus. Current source and semantic names are provisional retail roles. Retail 0x54ae30: Retained fastcall prototype serializer receives output/prototype in ECX/EDX. It calls image-name accessor 0x514960 twice, serializes two 48-cell masks in reverse coordinate order and the terrain masks, then type/subtype/category/underlay and sixteen reserved zeros. Map writing retains three call sites.
src/rmg.cpp	type_random_map_generator::selectPrisonHero	int () __attribute__((thiscall))	Complete-only RMG driver/support, absent from the full DC CodeView type/procedure/compiland corpus. Current source and semantic names are provisional retail roles. Retail 0x54b100: Retained nullary hero selector scans generator disabledHeroes +0xf88 in reverse using version-dependent 128/145 limits, returns -1 when exhausted, otherwise chooses with rand and reserves the selected byte. Prison factory calls it at 0x5348dc and stores the returned hero index.
src/rmg.cpp	type_random_map_generator::calculateQuestZoneDistances	void (TRmgZone *) __attribute__((thiscall))	Complete-only RMG driver/support, absent from the full DC CodeView type/procedure/compiland corpus. Current source and semantic names are provisional retail roles. Retail 0x54b180: Retained one-zone quest-distance pass, ret 4, initializes generated-zone scores +0x40 to 20000, sets the origin to zero and relaxes connected zones through their 0x1c-byte template connection records using an ordered pointer worklist. Quest-group placement calls it at 0x54b33a.
src/rmg.cpp	type_random_map_generator::placeQuestGroup	unsigned char (TRmgTreasureGroup *, TRmgZone *) __attribute__((thiscall))	Complete-only RMG driver/support, absent from the full DC CodeView type/procedure/compiland corpus. Current source and semantic names are provisional retail roles. Retail 0x54b300: Retained group/origin-zone quest placement, ret 8, computes graph distances through 0x54b180, assigns randomized priorities, excludes origin/water/junction/unreachable zones, then tries canonical group placement 0x5470d0 with spacing 1. Quest-artifact construction retains the call at 0x54b6f4.
src/rmg.cpp	type_random_map_generator::placeQuestArtifact	unsigned char (rmgQuestArtifactObject *) __attribute__((thiscall))	Complete-only RMG driver/support, absent from the full DC CodeView type/procedure/compiland corpus. Current source and semantic names are provisional retail roles. Retail 0x54b490: Retained one-wrapper quest-artifact worker, ret 4, selects/reserves an eligible artifact, constructs and places a temporary hut group through 0x54b300, and updates property references/masks/cursor on success. Failure removes the wrapper through 0x54bc50 and generates substitute treasure via 0x546190. Writable override 0x533a50 supplies its owner.
src/rmg.cpp	type_random_map_generator::placeKeyTentGuard	unsigned char (type_object *, int) __attribute__((thiscall))	Complete-only RMG driver/support, absent from the full DC CodeView type/procedure/compiland corpus. Current source and semantic names are provisional retail roles. Retail 0x54b8c0: Retained tent/max-value guard placement, ret 8, reserves the tent color before constructing/filling a temporary group, adds its guard through 0x535110 and places through 0x54b300. Failure releases the color and each object reservation before deletion. Key-tent writable override calls it at 0x5338fb.
src/rmg.cpp	type_random_map_generator::removeObject	void (type_object *) __attribute__((thiscall))	Complete-only RMG driver/support, absent from the full DC CodeView type/procedure/compiland corpus. Current source and semantic names are provisional retail roles. Retail 0x54bc50: Retained one-object removal, ret 4, erases the generator registration, updates object-type counts and cell footprint flags/vectors using canonical prototype masks. It preserves the retail null-iterator tests and leaves deletion to the caller. Key-tent and quest-artifact fallback paths retain this shared member.
src/rmg.cpp	TRandomMapRequest::TRandomMapRequest	void (int, int, int) __attribute__((thiscall))	Complete-only RMG driver/support, absent from the full DC CodeView type/procedure/compiland corpus. Current source and semantic names are provisional retail roles. Retail 0x54bf00: Retained request constructor takes width/height/levels, ret 12. It stores them at +0x28/+0x2c/+0x30, sets human counts 2/2, computer counts 0/8, version 2, strength 0 and water 3, then clears eight human-seat bytes and fills eight town choices with -1. Lobby construction calls it at 0x5862e8.
src/rmg.cpp	TRandomMapRequest::generateToFile	int (TAbstractFile *, void *) __attribute__((thiscall))	Complete-only RMG driver/support, absent from the full DC CodeView type/procedure/compiland corpus. Current source and semantic names are provisional retail roles. Retail 0x54bf60: Retained request worker takes stream/progress pointers, ret 8. It constructs an eleven-argument 0x14e0-byte generator through 0x537b10, copies eight human-seat/town selections, calls generate 0x549930 and writeMap 0x54abf0, then destroys through 0x537df0. Generation/write failures return distinct 3/2 codes.
src/rmg.cpp	TRandomMapRequest::generate	int (const char *, void *) __attribute__((thiscall))	Complete-only RMG driver/support, absent from the full DC CodeView type/procedure/compiland corpus. Current source and semantic names are provisional retail roles. Retail 0x54c090: Retained filename/progress wrapper, ret 8, constructs a TGzFile through 0x4d6c50, calls generateToFile 0x54bf60 and destroys the stream through 0x4d6d60 before returning. Its exception continuation returns the file-open failure code; lobby call 0x586422 identifies this request boundary.
src/rmg.cpp	TRmgVoronoi::buildVertices	void () __attribute__((thiscall))	Complete-only RMG driver/support, absent from the full DC CodeView type/procedure/compiland corpus. Current source and semantic names are provisional retail roles. Retail 0x5fdb40: Retained nullary Voronoi vertex pass visits uncomputed interior half-edges, computes an integer circumcenter and shares it with all three incident half-edges. It retains point subtraction 0x5fdd40 and vector multiply/divide/add plus point translation 0x5fdcd0/0x5fdcf0/0x5fdcb0/0x5fdd20. Boundary coordination calls it at 0x53e587.
include/rmg.h	TRmgVector::TRmgVector	void () __attribute__((thiscall))	Complete-only RMG; no corresponding RMG types/procedures/compiland in the full DC CodeView corpus. Names and original source-file attribution remain provisional retail inferences. Empty default construction permits the uninitialized displacement local filled on each branch in island/junction geometry (0x53cd30 and 0x5443a0), alongside the two-integer constructor used by retained arithmetic. It writes no fields; no standalone default-constructor address is asserted.
include/rmg.h	TRmgVector::TRmgVector	void (int, int) __attribute__((thiscall))	Complete-only RMG; no corresponding RMG types/procedures/compiland in the full DC CodeView corpus. Names and original source-file attribution remain provisional retail inferences. Retained vector addition/multiply/divide 0x5fdcb0/0x5fdcd0/0x5fdcf0 and free point subtraction 0x5fdd40 return two separately computed signed components through a hidden result pointer. This constructor is the common value construction; it has no separately claimed retail body.
include/rmg.h	TRmgCoordinatePoint::TRmgCoordinatePoint<Coordinate>	void () __attribute__((thiscall))	Complete-only RMG; no corresponding RMG types/procedures/compiland in the full DC CodeView corpus. Names and original source-file attribution remain provisional retail inferences. Default grid values are filled fieldwise before use in line refresh 0x4f9f00 and terrain diagonals 0x5b6ba0/0x5b6e00. The retained reference/copy constructors suppress an implicit default declaration, so the empty overload preserves those no-initialization sites without claiming a standalone body. Generic coordinate ownership is a Complete/x86 inference: the unsigned specialization preserves the retained constructor/comparator ABI and restores the tree insertion exception frame without inline or throw specifications.
include/rmg.h	TRmgCoordinatePoint::TRmgCoordinatePoint<Coordinate>	void (const Coordinate &, const Coordinate &) __attribute__((thiscall))	Complete-only RMG; no corresponding RMG types/procedures/compiland in the full DC CodeView corpus. Names and original source-file attribution remain provisional retail inferences. Explicit two-reference constructor retains 0x5b76b0/0x18: ret 8, dereference each argument pointer and store the corresponding grid component. RepairTerrainPoint retains this boundary. Its VA now belongs to this actual header definition, replacing the former generic CLASS_CTOR annotation in rmg_terrain.cpp. Generic coordinate ownership is a Complete/x86 inference: the unsigned specialization preserves the retained constructor/comparator ABI and restores the tree insertion exception frame without inline or throw specifications.
include/rmg.h	type_object::isPlacementTouched	unsigned char () __attribute__((thiscall)) const	Complete-only RMG; no corresponding RMG types/procedures/compiland in the full DC CodeView corpus. Names and original source-file attribution remain provisional retail inferences. Placement scorer 0x536bc0 tests object bytes +0x16/+0x18/+0x17 before updating placement marks and again at 0x537068..0x53707b before inserting a newly touched object. This shared byte predicate owns that recurring three-flag query; the helper spelling and expansion boundary are inferred.
include/rmg.h	TRmgMapItem::hasRiver	bool () __attribute__((thiscall)) const	Complete-only RMG; no corresponding RMG types/procedures/compiland in the full DC CodeView corpus. Names and original source-file attribution remain provisional retail inferences. Object-bound river search 0x548500 reads cell +0x28 bit 29 after frontier insertion and on its terminal decision. These shr/low-byte tests recover the boolean query separately from signed river-kind extraction. No retained standalone accessor is asserted.
include/rmg.h	TRmgMapItem::isRiverTarget	bool () __attribute__((thiscall)) const	Complete-only RMG; no corresponding RMG types/procedures/compiland in the full DC CodeView corpus. Names and original source-file attribution remain provisional retail inferences. Coast-bound river search extracts cell +0x28 bit 30 at 0x549262/0x5492ac and tests CL bit zero. The repeated narrow predicate supports this boolean accessor; the original source spelling and inline qualification are unavailable.
include/rmg.h	TRmgMapItem::isImpassable	bool () __attribute__((thiscall)) const	Complete-only RMG; no corresponding RMG types/procedures/compiland in the full DC CodeView corpus. Names and original source-file attribution remain provisional retail inferences. Coast-bound river search 0x548df0 applies the cell +0x28 impassable-bit veto through a shifted low-byte test before relaxing movement cost. The boolean query preserves the narrow boundary alongside the river-target query; no standalone body is claimed.
include/rmg.h	TRmgMapItem::isZoneBoundary	unsigned char () __attribute__((thiscall)) const	Complete-only RMG; no corresponding RMG types/procedures/compiland in the full DC CodeView corpus. Names and original source-file attribution remain provisional retail inferences. Zone-terrain painting 0x53e6a0 extracts cell +0x28 bit 28 then tests the byte when deciding which owned cells to paint. Island filling also queries the boundary. The unsigned-char accessor is inferred from that truncation, with the direct-field negative control documented in rmg.h.
include/rmg.h	TRmgMapItem::isRoadEntrance	unsigned char () __attribute__((thiscall)) const	Complete-only RMG; no corresponding RMG types/procedures/compiland in the full DC CodeView corpus. Names and original source-file attribution remain provisional retail inferences. Connected-area test 0x531170 extracts +0x28 bit 22 at 0x531231/0x531255 and tests CL. Placement tests 0x5318b0 and 0x531cf0 repeat the narrow query. This shared unsigned-char accessor owns the operation; direct dword-mask conditions are documented negative controls.
include/rmg.h	TRmgMapItem::hasSubterraneanGate	unsigned char () __attribute__((thiscall)) const	Complete-only RMG; no corresponding RMG types/procedures/compiland in the full DC CodeView corpus. Names and original source-file attribution remain provisional retail inferences. Connected-area test extracts +0x28 bit 27 at 0x53126c and tests CL, while the adjacent road-passable condition tests the full dword. Treasure-group fit repeats the byte gate at 0x546ea3/0x546ea6. This distinct narrow query supports the shared inferred accessor.
include/rmg.h	TRmgMapItem::hasBorderObject	unsigned char () __attribute__((thiscall)) const	Complete-only RMG; no corresponding RMG types/procedures/compiland in the full DC CodeView corpus. Names and original source-file attribution remain provisional retail inferences. Water-border repair 0x53fe30 shifts +0x28 bit 26 and tests BL, then checks road-passable through the full dword at 0x53fe38. Border and group-placement callers reuse this narrow query; the source comment records the direct-condition control.
include/rmg.h	TRmgMapItem::isPlacementOutline	unsigned char () __attribute__((thiscall)) const	Complete-only RMG; no corresponding RMG types/procedures/compiland in the full DC CodeView corpus. Names and original source-file attribution remain provisional retail inferences. Treasure-group fit 0x546ed5/0x546ed8 extracts +0x28 bit 23 and tests AL after independent gate/road/entrance decisions. This unsigned-char accessor models that narrow value boundary; no retained separate body is asserted.
include/rmg_terrain.h	rmgTerrainTile::operator=	rmgTerrainTile &(const rmgTerrainTile &) __attribute__((thiscall))	Complete-only RMG; no corresponding RMG types/procedures/compiland in the full DC CodeView corpus. Names and original source-file attribution remain provisional retail inferences. Retained output-reference adapter wrapper 0x55f350 reads a twelve-byte tile return and assigns only its two dwords plus flip bytes at 0x55f372..0x55f37a. The explicit assignment owns these four fields and leaves natural trailing padding untouched. An implicit block copy would not express the same byte ownership; the tile copy constructor remains implicit.
src/rmg.cpp	TRmgZone::getLevelPosition	TRmgMapPosition () __attribute__((thiscall)) const	Complete-only RMG; no corresponding RMG types/procedures/compiland in the full DC CodeView corpus. Names and original source-file attribution remain provisional retail inferences. FilterZonePositions 0x53b33f..0x53b350 copies the zone +0x10 three-dword coordinate before selecting its level, including x/y stack stores. Its later bounds pass repeats whole-value extraction. This ordinary value accessor owns the recurring copy, distinct from a direct z field read.
src/rmg.cpp	TRmgZone::setLevelPosition	void (TRmgMapPosition) __attribute__((thiscall))	Complete-only RMG; no corresponding RMG types/procedures/compiland in the full DC CodeView corpus. Names and original source-file attribution remain provisional retail inferences. Candidate filtering 0x53b44e..0x53b46a loads all three source coordinates before writing zone +0x10/+0x14/+0x18. Both connection-ranking passes repeat the setter. Preserve the ordinary by-value boundary and the documented direct-assignment control; no standalone address is asserted.
src/rmg.cpp	type_object::getPosition	TRmgMapPosition () __attribute__((thiscall)) const	Complete-only RMG; no corresponding RMG types/procedures/compiland in the full DC CodeView corpus. Names and original source-file attribution remain provisional retail inferences. Shipyard probing 0x541ad0 snapshots all three object coordinates before trying the water offsets. Treasure-group commit/fit 0x5469b0/0x546c70 repeat whole object-position extraction before translation. This ordinary accessor owns the recurring value copy; source name and helper boundary are inferred.
src/rmg.cpp	readRmgTemplateConnections	void (const TSpreadsheetResource *, TRmgTemplate *, int, int, int, int) __attribute__((fastcall))	Complete-only RMG; no corresponding RMG types/procedures/compiland in the full DC CodeView corpus. Names and original source-file attribution remain provisional retail inferences. LoadTemplates 0x537ff0 captures human/computer counts before its connection-row pass. The pass resolves two zones through 0x5330a0, parses fields 76..84, checks four player limits and performs paired connection insertions at 0x53833e/0x538354. The ordinary helper preserves this bounded pass and its captured inputs; its spelling/boundary are inferred, not a separate retained symbol.
src/rmg.cpp	hasRmgTemplatePlayerSlots	bool (TRmgTemplate *, int, int) __attribute__((fastcall))	Complete-only RMG; no corresponding RMG types/procedures/compiland in the full DC CodeView corpus. Names and original source-file attribution remain provisional retail inferences. LoadTemplates 0x538374..0x5383fb captures the player counts again, counts human-kind slots, rejects an insufficient first count, adds computer-kind slots, then materializes and tests the final boolean before accepting/deleting the template. This ordinary predicate preserves those pass-local values and the shared result boundary; no retained symbol is claimed.
src/rmg.cpp	type_random_map_generator::countPlacedZoneConnections	int (TRmgZone *) __attribute__((thiscall)) const	Complete-only RMG; no corresponding RMG types/procedures/compiland in the full DC CodeView corpus. Names and original source-file attribution remain provisional retail inferences. FilterZonePositions expands this same connection-count pass twice: the first at 0x53b46d..0x53b4de walks the slot connection vector, bounds destination indices and calls canConnect 0x532bd0, then returns the local count to the ranking decision. The second pass removes inferior candidates. Keep one ordinary helper and the documented negative controls.
src/rmg.cpp	insertRmgWorkItem	void (std::vector<TRmgZone *> &, std::vector<int> &, TRmgZone *, int) __attribute__((fastcall))	Complete-only RMG; no corresponding RMG types/procedures/compiland in the full DC CodeView corpus. Names and original source-file attribution remain provisional retail inferences. Zone-distance propagation 0x53d8e0 expands descending binary search at 0x53da1b, inserts the cost before the corresponding zone pointer, and separately snapshots the pointer argument through 0x53da6f. This ordinary overload owns paired-worklist insertion; it is distinct from the retained position/cost overload and the zone-only overload.
src/rmg.cpp	TRmgTownSlot::findConnection	TRmgZoneConnection *(int) __attribute__((thiscall))	Complete-only RMG; no corresponding RMG types/procedures/compiland in the full DC CodeView corpus. Names and original source-file attribution remain provisional retail inferences. Water-border repair 0x53fe7a searches the slot connection vector for the destination zone index and returns an element pointer or null. The caller still tests that pointer on the found arm before changing connection flags. Obstacle-clearance expansion also searches connections. Preserve this ordinary pointer-return boundary, not a boolean search.
src/rmg.cpp	TRmgMapPosition::operator+=	TRmgMapPosition &(const TPoint &) __attribute__((thiscall))	Complete-only RMG; no corresponding RMG types/procedures/compiland in the full DC CodeView corpus. Names and original source-file attribution remain provisional retail inferences. River-coast targeting 0x548a40 repeatedly advances its three-dword point using a two-dword cardinal direction while preserving level; these compound updates are distinct from the retained three-integer constructor 0x5355c0 used for value addition. The ordinary reference-returning member owns that recurring planar operation; no standalone address or DC spelling is asserted.
src/rmg.cpp	TRmgMapPosition::operator-=	TRmgMapPosition &(const TPoint &) __attribute__((thiscall))	Complete-only RMG; no corresponding RMG types/procedures/compiland in the full DC CodeView corpus. Names and original source-file attribution remain provisional retail inferences. Shipyard connection 0x541ad0 copies the selected three-dword position, subtracts the prototype trigger x/y, then inserts that entrance into road targets while retaining the copied level. Its source comment records the reference-consumption control. This ordinary member owns the two-coordinate subtraction and returns the same position.
src/rmg.cpp	type_random_map_generator::placeGuard	void (TRmgMapPosition, int) __attribute__((thiscall))	Complete-only RMG; no corresponding RMG types/procedures/compiland in the full DC CodeView corpus. Names and original source-file attribution remain provisional retail inferences. Ground connection 0x541140, shipyard 0x541ad0, subterranean gate 0x542080 and monolith 0x542ce0 repeat cell lookup, owning-zone selection, empty-object test, guard creation and conditional addObject. The position value survives the nested calls. One ordinary overload owns the shared operation; source comments retain the flattening controls and distinguish this inferred boundary from retained createGuard.
src/rmg.cpp	type_random_map_generator::resetMovementCosts	void () __attribute__((thiscall))	Complete-only RMG; no corresponding RMG types/procedures/compiland in the full DC CodeView corpus. Names and original source-file attribution remain provisional retail inferences. Road and both river searches repeat reset construction (-1,-1,-1), map-origin access and a width*height*levels cell walk. Object-bound search 0x54852f/0x54853d retains the constructor and origin accessor, then 0x548563..0x548597 writes packed cost 0x7d00 and all three predecessor fields at stride 0x30. This ordinary helper owns the recurring whole-map reset, distinct from the per-cell resetMovement member.
src/rmg.cpp	insertRmgWorkItem	void (std::vector<TRmgZone *> &, TRmgZone *) __attribute__((fastcall))	Complete-only RMG; no corresponding RMG types/procedures/compiland in the full DC CodeView corpus. Names and original source-file attribution remain provisional retail inferences. Quest-distance propagation 0x54b294..0x54b2bb expands descending binary search using zone priority +0x40, preserves the candidate zone pointer in a separate local and performs one-element pointer-vector insertion. This ordinary overload owns zone-only priority insertion; it does not replace the separate parallel-cost overload.
src/rmg_terrain.cpp	TRmgLinePainterTile::TRmgLinePainterTile	void (TRmgLinePainterInterface *, const TRmgGridPoint &) __attribute__((thiscall))	Complete-only RMG; no corresponding RMG types/procedures/compiland in the full DC CodeView corpus. Names and original source-file attribution remain provisional retail inferences. Retained interface at 0x4fa050 builds a twelve-byte proxy containing the painter pointer and copied x/y at 0x4fa062..0x4fa067. Refresh 0x4f9f0d..0x4f9f1b and line paintPoint 0x4fa3ce..0x4fa3db expand the same construction. This ordinary constructor supplies one canonical proxy body; no separate constructor address is claimed.
src/rmg_terrain.cpp	TRmgLinePainterTile::getLand	int () __attribute__((thiscall))	Complete-only RMG; no corresponding RMG types/procedures/compiland in the full DC CodeView corpus. Names and original source-file attribution remain provisional retail inferences. Refresh 0x4f9f23 queries proxy painter slot 5 with the address of its copied coordinate. It repeats after retained at 0x4fa050 at 0x4f9f8b..0x4f9f93; clear rectangle 0x4fa0bb and line paintPoint 0x4fa3e7 use the same query. Preserve the ordinary proxy method and documented caller controls.
src/rmg_terrain.cpp	TRmgLinePainterTile::getTile	void (rmgTerrainTile &) __attribute__((thiscall))	Complete-only RMG; no corresponding RMG types/procedures/compiland in the full DC CodeView corpus. Names and original source-file attribution remain provisional retail inferences. Refresh reloads proxy painter at 0x4f9fdd, supplies output tile and copied coordinate, then invokes slot 4 at 0x4f9fea. This ordinary output-reference proxy method owns that operation; the underlying slot ABI is fixed independently by painter vtables.
src/rmg_terrain.cpp	TRmgLinePainterTile::setTile	void (const rmgTerrainTile &) __attribute__((thiscall))	Complete-only RMG; no corresponding RMG types/procedures/compiland in the full DC CodeView corpus. Names and original source-file attribution remain provisional retail inferences. Refresh invokes proxy painter slot 1 at 0x4fa03c after modifying frame/flip fields. Clear rectangle repeats slot 1 with a zero tile at 0x4fa0dd. Both pass the proxy coordinate plus tile reference, supporting one ordinary proxy write method.
src/rmg_terrain.cpp	TRmgLinePainterTile::isBlocked	unsigned char () __attribute__((thiscall))	Complete-only RMG; no corresponding RMG types/procedures/compiland in the full DC CodeView corpus. Names and original source-file attribution remain provisional retail inferences. Line paintPoint calls proxy painter slot 3 at 0x4fa400 then tests AL at 0x4fa403. The underlying virtual returns int, while this unsigned-char proxy query preserves the observed low-byte veto and polarity; no standalone body is asserted.
src/rmg_terrain.cpp	TRmgLinePainterTile::setOverlay	void (int) __attribute__((thiscall))	Complete-only RMG; no corresponding RMG types/procedures/compiland in the full DC CodeView corpus. Names and original source-file attribution remain provisional retail inferences. Line paintPoint reloads the proxy painter and copied coordinate, supplies the desired line type and calls slot 2 at 0x4fa43e. This ordinary proxy method owns the overlay write using the same proxy state as the terrain queries.
src/rmg.cpp	initializeRmgZoneDistances	void (type_random_map_generator *, int) __attribute__((fastcall))	Complete-only RMG source-boundary hypothesis from mainline 9ffdbd7b/8d262aaa: JoinExtraZones (0x53dad0) sizes signed-short distance rows, fills 32000 and clears original-zone diagonals. Exposing this ordinary operation recovers the retained vector<short>::resize at 0x54c1e0. The helper name and boundary remain inferred; source-family controls are documented beside its definition.
src/rmg.cpp	type_random_map_generator::setHumanPlayer	void (int) __attribute__((thiscall))	Complete-only RMG provisional setter; worker 0x54bf60 expands a store to generator human flags at +0xed8. The paired setter family in src/rmg.cpp recovers the worker instruction stream with ordinary methods and no pins. Original method name and source boundary are inferred, not Dreamcast-proven.
src/rmg.cpp	type_random_map_generator::setTownChoice	void (int, int) __attribute__((thiscall))	Complete-only RMG provisional setter; worker 0x54bf60 expands indexed stores to generator town choices at +0xf24. The paired setter family in src/rmg.cpp recovers the worker instruction stream with ordinary methods and no pins. Original method name and source boundary are inferred, not Dreamcast-proven.
src/rmg_support.cpp	isRmgPointRightOfEdge	int (TPoint, TRmgBoundaryVertex *) __attribute__((fastcall))	Complete-only RMG provisional shared edge predicate used by locate (0x5fd6b0) and addSite (0x5fd790). Integer by-value point, edge twin and the canonical orientation operation reproduce all 215 retained locate bytes without pins. Graphics Gems RightOf is only a boundary hypothesis; original helper name/inline status are not proven. See source-family evidence beside the definition.
src/victor.cpp	victorAllocateImage	int (imgdes *, int, int, int, unsigned int)	Windows Victor library worker at 0x6035c0; allocimage (0x603590) forwards four arguments plus global mode 0x6abaa4 via cdecl. Retail imgdes layout and Win32 allocation/cleanup establish this retained vendor boundary; no Dreamcast Windows implementation. Private name and grouping filename remain provisional.
src/victor.cpp	pcxinfo	int (const char *, PcxData *) __attribute__((stdcall))	Windows Victor PCX API at 0x6042a0, stdcall ret 8; PCX importers and loadpcx establish its boundary. Dreamcast has only the public API stub. Retail OpenFile/header decoding/output layout establishes the Windows implementation; grouping filename is provisional.
src/victor.cpp	victorReadPcxPalette	int (const char *, RGBQUAD *) __attribute__((stdcall))	Windows Victor retained palette reader at 0x6043d0, called by loadpcx. Retail PCX marker/seek operations and paired RGB output establish the function boundary; stdcall ret 8. No Dreamcast vendor body; private name and grouping filename remain provisional.
src/victor.cpp	victorInsertBits	void (unsigned char *, const unsigned char *, int, int) __attribute__((stdcall))	Windows Victor retained bit-range insertion at 0x604720, called by flipimage with destination/source/offset/count; stdcall ret 16. Retail mask tables at 0x644120/0x644128 corroborate the operation. No Dreamcast vendor implementation; private name and grouping filename are provisional.
src/victor.cpp	victorExtractBits	void (unsigned char *, const unsigned char *, int, int) __attribute__((stdcall))	Windows Victor retained bit-range extraction at 0x6047b0, called by flipimage with destination/source/offset/count; stdcall ret 16. Paired insertion and retail trailing-bit table establish the vendor boundary. No Dreamcast vendor implementation; private name and grouping filename are provisional.
src/victor_flip.cpp	flipimage	int (imgdes *, imgdes *) __attribute__((stdcall))	Windows Victor public API at 0x603b20, stdcall ret 8; PCX importers and paired validation/dimension/bit-range calls establish the vendor boundary. Dreamcast provides only an API stub. Provisional caller TU preserves retail retained calls absent when all vendor bodies share /Ob2 visibility; see src/victor_flip.cpp.
src/victor_loadpcx.cpp	loadpcx	int (const char *, imgdes *) __attribute__((stdcall))	Windows Victor public API at 0x603e00, stdcall ret 8; PCX importers and retained RLE/plane/palette helper sequence establish vendor ownership. Dreamcast provides only a fname/desimg API stub. Provisional caller TU preserves retail retained calls; see src/victor_loadpcx.cpp.
include/rmg.h	TPoint::getX	int () __attribute__((thiscall)) const	Complete-only RMG; no corresponding procedure, type or compiland in the pinned DC corpus. Names, source ownership and unretained helper boundaries remain provisional retail inferences. Terrain diagonals 0x5b6ba0/0x5b6e00 read and assign the coordinate pair. Header comments document accessor/copy controls on these callers and paintRectangle; no standalone accessor address is asserted.
include/rmg.h	TPoint::getY	int () __attribute__((thiscall)) const	Complete-only RMG; no corresponding procedure, type or compiland in the pinned DC corpus. Names, source ownership and unretained helper boundaries remain provisional retail inferences. Terrain diagonals 0x5b6ba0/0x5b6e00 read and assign the coordinate pair. Header comments document accessor/copy controls on these callers and paintRectangle; no standalone accessor address is asserted.
include/rmg.h	TRmgBoundaryVertex::getLeftNext	TRmgBoundaryVertex *() __attribute__((thiscall)) const	Complete-only RMG; no corresponding procedure, type or compiland in the pinned DC corpus. Names, source ownership and unretained helper boundaries remain provisional retail inferences. Constructor 0x5fcef0 and splice 0x5fcf60 fix site +0/+4, zone +8, twin +0xc, next +0x10 and previous +0x14. addSite 0x5fd790, locate 0x5fd6b0 and removeEdge 0x5fd5b0 traverse these quad-edge relations. rmg_support.cpp records shared-accessor negative controls; original accessor names/inline qualifiers are not recovered.
include/rmg.h	TRmgBoundaryVertex::getLeftPrevious	TRmgBoundaryVertex *() __attribute__((thiscall)) const	Complete-only RMG; no corresponding procedure, type or compiland in the pinned DC corpus. Names, source ownership and unretained helper boundaries remain provisional retail inferences. Constructor 0x5fcef0 and splice 0x5fcf60 fix site +0/+4, zone +8, twin +0xc, next +0x10 and previous +0x14. addSite 0x5fd790, locate 0x5fd6b0 and removeEdge 0x5fd5b0 traverse these quad-edge relations. rmg_support.cpp records shared-accessor negative controls; original accessor names/inline qualifiers are not recovered.
include/rmg.h	TRmgBoundaryVertex::getNext	TRmgBoundaryVertex *() __attribute__((thiscall)) const	Complete-only RMG; no corresponding procedure, type or compiland in the pinned DC corpus. Names, source ownership and unretained helper boundaries remain provisional retail inferences. Constructor 0x5fcef0 and splice 0x5fcf60 fix site +0/+4, zone +8, twin +0xc, next +0x10 and previous +0x14. addSite 0x5fd790, locate 0x5fd6b0 and removeEdge 0x5fd5b0 traverse these quad-edge relations. rmg_support.cpp records shared-accessor negative controls; original accessor names/inline qualifiers are not recovered.
include/rmg.h	TRmgBoundaryVertex::getOppositeSitePosition	TPoint () __attribute__((thiscall)) const	Complete-only RMG; no corresponding procedure, type or compiland in the pinned DC corpus. Names, source ownership and unretained helper boundaries remain provisional retail inferences. Constructor 0x5fcef0 and splice 0x5fcf60 fix site +0/+4, zone +8, twin +0xc, next +0x10 and previous +0x14. addSite 0x5fd790, locate 0x5fd6b0 and removeEdge 0x5fd5b0 traverse these quad-edge relations. rmg_support.cpp records shared-accessor negative controls; original accessor names/inline qualifiers are not recovered.
include/rmg.h	TRmgBoundaryVertex::getOppositeZone	TRmgZone *() __attribute__((thiscall)) const	Complete-only RMG; no corresponding procedure, type or compiland in the pinned DC corpus. Names, source ownership and unretained helper boundaries remain provisional retail inferences. Constructor 0x5fcef0 and splice 0x5fcf60 fix site +0/+4, zone +8, twin +0xc, next +0x10 and previous +0x14. addSite 0x5fd790, locate 0x5fd6b0 and removeEdge 0x5fd5b0 traverse these quad-edge relations. rmg_support.cpp records shared-accessor negative controls; original accessor names/inline qualifiers are not recovered.
include/rmg.h	TRmgBoundaryVertex::getPrevious	TRmgBoundaryVertex *() __attribute__((thiscall)) const	Complete-only RMG; no corresponding procedure, type or compiland in the pinned DC corpus. Names, source ownership and unretained helper boundaries remain provisional retail inferences. Constructor 0x5fcef0 and splice 0x5fcf60 fix site +0/+4, zone +8, twin +0xc, next +0x10 and previous +0x14. addSite 0x5fd790, locate 0x5fd6b0 and removeEdge 0x5fd5b0 traverse these quad-edge relations. rmg_support.cpp records shared-accessor negative controls; original accessor names/inline qualifiers are not recovered.
include/rmg.h	TRmgBoundaryVertex::getSitePosition	TPoint () __attribute__((thiscall)) const	Complete-only RMG; no corresponding procedure, type or compiland in the pinned DC corpus. Names, source ownership and unretained helper boundaries remain provisional retail inferences. Constructor 0x5fcef0 and splice 0x5fcf60 fix site +0/+4, zone +8, twin +0xc, next +0x10 and previous +0x14. addSite 0x5fd790, locate 0x5fd6b0 and removeEdge 0x5fd5b0 traverse these quad-edge relations. rmg_support.cpp records shared-accessor negative controls; original accessor names/inline qualifiers are not recovered.
include/rmg.h	TRmgBoundaryVertex::getTwin	TRmgBoundaryVertex *() __attribute__((thiscall)) const	Complete-only RMG; no corresponding procedure, type or compiland in the pinned DC corpus. Names, source ownership and unretained helper boundaries remain provisional retail inferences. Constructor 0x5fcef0 and splice 0x5fcf60 fix site +0/+4, zone +8, twin +0xc, next +0x10 and previous +0x14. addSite 0x5fd790, locate 0x5fd6b0 and removeEdge 0x5fd5b0 traverse these quad-edge relations. rmg_support.cpp records shared-accessor negative controls; original accessor names/inline qualifiers are not recovered.
include/rmg.h	TRmgBoundaryVertex::getZone	TRmgZone *() __attribute__((thiscall)) const	Complete-only RMG; no corresponding procedure, type or compiland in the pinned DC corpus. Names, source ownership and unretained helper boundaries remain provisional retail inferences. Constructor 0x5fcef0 and splice 0x5fcf60 fix site +0/+4, zone +8, twin +0xc, next +0x10 and previous +0x14. addSite 0x5fd790, locate 0x5fd6b0 and removeEdge 0x5fd5b0 traverse these quad-edge relations. rmg_support.cpp records shared-accessor negative controls; original accessor names/inline qualifiers are not recovered.
include/rmg.h	TRmgBoundaryVertex::isPositionComputed	unsigned char () __attribute__((thiscall)) const	Complete-only RMG; no corresponding procedure, type or compiland in the pinned DC corpus. Names, source ownership and unretained helper boundaries remain provisional retail inferences. buildVertices 0x5fdb40 tests the +0x18 flag at 0x5fdb7a, writes the computed pair at +0x1c, then sets it on three incident edges at 0x5fdc7d/89/9e. Header helpers own these repeated field operations; no standalone claim.
include/rmg.h	TRmgBoundaryVertex::setPosition	void (const TPoint &) __attribute__((thiscall))	Complete-only RMG; no corresponding procedure, type or compiland in the pinned DC corpus. Names, source ownership and unretained helper boundaries remain provisional retail inferences. buildVertices 0x5fdb40 tests the +0x18 flag at 0x5fdb7a, writes the computed pair at +0x1c, then sets it on three incident edges at 0x5fdc7d/89/9e. Header helpers own these repeated field operations; no standalone claim.
include/rmg.h	TRmgCoordinatePoint::getX	Coordinate () __attribute__((thiscall)) const	Complete-only RMG; no corresponding procedure, type or compiland in the pinned DC corpus. Names, source ownership and unretained helper boundaries remain provisional retail inferences. Terrain diagonals 0x5b6ba0/0x5b6e00 read and assign the coordinate pair. Header comments document accessor/copy controls on these callers and paintRectangle; no standalone accessor address is asserted. Generic coordinate ownership is a Complete/x86 inference: the unsigned specialization preserves the retained constructor/comparator ABI and restores the tree insertion exception frame without inline or throw specifications.
include/rmg.h	TRmgCoordinatePoint::getY	Coordinate () __attribute__((thiscall)) const	Complete-only RMG; no corresponding procedure, type or compiland in the pinned DC corpus. Names, source ownership and unretained helper boundaries remain provisional retail inferences. Terrain diagonals 0x5b6ba0/0x5b6e00 read and assign the coordinate pair. Header comments document accessor/copy controls on these callers and paintRectangle; no standalone accessor address is asserted. Generic coordinate ownership is a Complete/x86 inference: the unsigned specialization preserves the retained constructor/comparator ABI and restores the tree insertion exception frame without inline or throw specifications.
include/rmg.h	TRmgCoordinatePoint::operator+=	TRmgCoordinatePoint<Coordinate> &(const TPoint &) __attribute__((thiscall))	Complete-only RMG; no corresponding procedure, type or compiland in the pinned DC corpus. Names, source ownership and unretained helper boundaries remain provisional retail inferences. paintTransitions steps the grid pair by a signed tile direction. The retained 0x4fa540 belongs to TPoint; this header grid operation has no standalone claim. See TRmgGridPoint in rmg.h and paintTransitions in rmg_terrain.cpp. Generic coordinate ownership is a Complete/x86 inference: the unsigned specialization preserves the retained constructor/comparator ABI and restores the tree insertion exception frame without inline or throw specifications.
include/rmg.h	TRmgCoordinatePoint::setX	void (Coordinate) __attribute__((thiscall))	Complete-only RMG; no corresponding procedure, type or compiland in the pinned DC corpus. Names, source ownership and unretained helper boundaries remain provisional retail inferences. Terrain diagonals 0x5b6ba0/0x5b6e00 read and assign the coordinate pair. Header comments document accessor/copy controls on these callers and paintRectangle; no standalone accessor address is asserted. Generic coordinate ownership is a Complete/x86 inference: the unsigned specialization preserves the retained constructor/comparator ABI and restores the tree insertion exception frame without inline or throw specifications.
include/rmg.h	TRmgCoordinatePoint::setY	void (Coordinate) __attribute__((thiscall))	Complete-only RMG; no corresponding procedure, type or compiland in the pinned DC corpus. Names, source ownership and unretained helper boundaries remain provisional retail inferences. Terrain diagonals 0x5b6ba0/0x5b6e00 read and assign the coordinate pair. Header comments document accessor/copy controls on these callers and paintRectangle; no standalone accessor address is asserted. Generic coordinate ownership is a Complete/x86 inference: the unsigned specialization preserves the retained constructor/comparator ABI and restores the tree insertion exception frame without inline or throw specifications.
include/rmg.h	TRmgMapItem::getLandType	int () __attribute__((thiscall)) const	Complete-only RMG; absent from the pinned DC corpus. The inferred ordinary accessor preserves the signed land-kind field as an integer. The exact connection flood compares it with Water using six-bit masks; narrowing the accessor or snapshots to a byte adds non-retail sign extension. No standalone retail claim.
include/rmg.h	TRmgMapItem::isConnectionVisited	unsigned char () __attribute__((thiscall)) const	Complete-only RMG; no corresponding procedure, type or compiland in the pinned DC corpus. Names, source ownership and unretained helper boundaries remain provisional retail inferences. The connection flood in rmg.cpp reads/writes the same packed visited flag and extracts the tile land kind through byte boundaries. Layout and loop evidence are documented beside flood and TRmgMapItem; these accessors have no standalone claim.
include/rmg.h	TRmgMapItem::setConnectionVisited	void () __attribute__((thiscall))	Complete-only RMG; no corresponding procedure, type or compiland in the pinned DC corpus. Names, source ownership and unretained helper boundaries remain provisional retail inferences. The connection flood in rmg.cpp reads/writes the same packed visited flag and extracts the tile land kind through byte boundaries. Layout and loop evidence are documented beside flood and TRmgMapItem; these accessors have no standalone claim.
include/rmg.h	TRmgZone::getBounds	const TRmgZoneBounds &() __attribute__((thiscall)) const	Complete-only RMG; no corresponding procedure, type or compiland in the pinned DC corpus. Names, source ownership and unretained helper boundaries remain provisional retail inferences. Candidate-position filtering reads the template slot radius; zone terrain painting snapshots the bounds and reads the configured terrain. These canonical accessors model the repeated loads documented in rmg.cpp and the TRmgZone layout, with no separate retained address.
include/rmg.h	TRmgZone::getSize	int () __attribute__((thiscall)) const	Complete-only RMG; no corresponding procedure, type or compiland in the pinned DC corpus. Names, source ownership and unretained helper boundaries remain provisional retail inferences. Candidate-position filtering reads the template slot radius; zone terrain painting snapshots the bounds and reads the configured terrain. These canonical accessors model the repeated loads documented in rmg.cpp and the TRmgZone layout, with no separate retained address.
include/rmg.h	TRmgZone::getTerrain	int () __attribute__((thiscall)) const	Complete-only RMG; no corresponding procedure, type or compiland in the pinned DC corpus. Names, source ownership and unretained helper boundaries remain provisional retail inferences. Candidate-position filtering reads the template slot radius; zone terrain painting snapshots the bounds and reads the configured terrain. These canonical accessors model the repeated loads documented in rmg.cpp and the TRmgZone layout, with no separate retained address.
include/rmg_terrain.h	operator+	TPoint (const TPoint &, const TPoint &) __attribute__((fastcall))	Complete-only RMG; no corresponding procedure, type or compiland in the pinned DC corpus. Names, source ownership and unretained helper boundaries remain provisional retail inferences. Refresh 0x4f9f51..0x4f9f86 copies the grid pair into a signed point, calls compound addition 0x4fa540, copies the returned pair, and converts back through 0x4fa520. Shared arithmetic lives with its painting callers in rmg_terrain.h; no standalone sum/conversion-operator claim is asserted.
src/rmg.cpp	computeRmgCircumcenter	TPoint (TPoint, TPoint, TPoint) __attribute__((fastcall))	Complete-only RMG; no corresponding procedure, type or compiland in the pinned DC corpus. Names, source ownership and the unretained helper boundary remain provisional retail inferences. buildVertices 0x5fdb40 computes the circumcenter from three by-value sites through retained vector operations. The caller materializes the opposite site; rmg.cpp documents the matching 0x78 frame, exact calls/CFG/tail, 98.2254% residual and source-family controls. The helper has no separately retained claim.
include/rmg.h	TRmgVector::dot	int (TRmgVector) __attribute__((thiscall)) const	Complete-only RMG; no corresponding procedure, type or compiland in the pinned DC corpus. The analogous pinned Graphics Gems vector dot is a tiny header inline. Retail buildVertices expands both y-before-x scalar products and retains no separate body. The by-value member and left-operand receivers recover retail's arithmetic allocation; ordinary/in-class and value/reference controls are documented beside buildVertices and in docs/reference/rmg-voronoi-provenance.md.
src/rmg_support.cpp	TRmgBoundaryVertex::initialize	void () __attribute__((thiscall))	Complete-only RMG; no corresponding procedure, type or compiland in the pinned DC corpus. Names, source ownership and unretained helper boundaries remain provisional retail inferences. Paired constructor 0x5fcef0 initializes each half-edge ring to itself, clears computed and stores (-1,-1). The common ordinary initializer expands in both constructors. rmg_support.cpp records the 14-constructor negative control and createEdge caller evidence.
src/rmg_support.cpp	TRmgVoronoi::connectEdges	TRmgBoundaryVertex *(TRmgBoundaryVertex *, TRmgBoundaryVertex *) __attribute__((thiscall))	Complete-only RMG; no corresponding procedure, type or compiland in the pinned DC corpus. Names, source ownership and unretained helper boundaries remain provisional retail inferences. Expanded Connect operation at constructor 0x5fd2c3 and addSite 0x5fd72a creates an edge between endpoint sites/zones and splices it into both rings. rmg_support.cpp owns the ordinary shared helper and caller controls.
src/rmg_support.cpp	flipRmgEdge	void (TRmgBoundaryVertex *) __attribute__((fastcall))	Complete-only RMG; no corresponding procedure, type or compiland in the pinned DC corpus. Names, source ownership and unretained helper boundaries remain provisional retail inferences. addSite 0x5fd790 snapshots both predecessors, detaches, transfers opposite site/zone pairs and splices into the new rings. Its ordinary edge-flip helper preserves the retained detach and splice calls; source documents the retail sequence and inline controls.
src/rmg_support.cpp	isRmgCounterClockwise	int (TPoint, TPoint, TPoint) __attribute__((fastcall))	Complete-only RMG; no corresponding procedure, type or compiland in the pinned DC corpus. Names, source ownership and unretained helper boundaries remain provisional retail inferences. locate 0x5fd6b0 and addSite 0x5fd790 share an orientation-positive edge-side predicate. addSite retains orientation at 0x5fdfa7 while locate expands it. rmg_support.cpp documents the named intermediate predicate and flattening control (91.0460%).
src/rmg_support.cpp	isRmgPointInsideCircle	unsigned char (TPoint, TPoint, TPoint, TPoint) __attribute__((fastcall))	Complete-only RMG; no corresponding procedure, type or compiland in the pinned DC corpus. Names, source ownership and unretained helper boundaries remain provisional retail inferences. addSite 0x5fd790 snapshots three points, calls four orientations and evaluates a signed 64-bit circumcircle determinant. The ordinary by-value helper preserves these boundaries; source records determinant and call-expansion controls without claiming an original helper name.
src/rmg_support.cpp	isRmgPointOnSegment	unsigned char (TPoint, TRmgBoundaryVertex *) __attribute__((fastcall))	Complete-only RMG; no corresponding procedure, type or compiland in the pinned DC corpus. Names, source ownership and unretained helper boundaries remain provisional retail inferences. addSite 0x5fd790 calls three squared distances, rejects points beyond endpoints, then evaluates the integer implicit line equation and returns a byte zero test. Source records the origin-reference evidence and by-value/orientation negative controls; no standalone helper claim.
src/rmg_terrain.cpp	TPoint::operator+=	TPoint &(const TPoint &) __attribute__((thiscall))	Complete-only RMG; no corresponding procedure, type or compiland in the pinned DC corpus. Names, source ownership and unretained helper boundaries remain provisional retail inferences. Retained 0x4fa540/0x21 adds the referenced direction pair to the signed TPoint receiver and returns that receiver, ret 4. Refresh 0x4f9f60 and line paintPoint retain it. rmg_terrain.cpp records the grid-versus-signed identity and placement controls.
src/rmg_terrain.cpp	TRmgCoordinatePoint::TRmgCoordinatePoint<Coordinate>	void (const TPoint &) __attribute__((thiscall))	Complete-only RMG; no corresponding procedure, type or compiland in the pinned DC corpus. Names, source ownership and unretained helper boundaries remain provisional retail inferences. Retained 0x4fa520/0x16 converts a const signed TPoint reference to the two unsigned grid fields, ret 4. Refresh calls it at 0x4f9f77 after signed addition; at() and getSize instead copy grid values implicitly. The owning rmg_terrain.cpp body reproduces all 22 raw bytes. Generic coordinate ownership is a Complete/x86 inference: the unsigned specialization preserves the retained constructor/comparator ABI and restores the tree insertion exception frame without inline or throw specifications.
src/rmg_terrain.cpp	rmgTerrainPainter::paintBaseTile	void (const TRmgGridPoint &) __attribute__((thiscall))	Complete-only RMG; no corresponding procedure, type or compiland in the pinned DC corpus. Names, source ownership and unretained helper boundaries remain provisional retail inferences. paintRectangle and paintPoint share base-frame selection, terrain-tile construction and setTile. The ordinary shared operation is inferred from these retail expansions; rmg_terrain.cpp records the caller controls. No separately retained address or DC helper name is asserted.
include/rmg.h	TRmgCoordinatePoint::operator TPoint	TPoint () __attribute__((thiscall)) const	Complete-only RMG with no DC type/procedure counterpart. Refresh 0x4f9f51..0x4f9f86 copies the grid pair into a signed TPoint before retained compound addition 0x4fa540, then converts the result back through 0x4fa520. The header conversion models that signed arithmetic boundary; its name/ownership remain provisional and no standalone conversion-operator claim is asserted. Generic coordinate ownership is a Complete/x86 inference: the unsigned specialization preserves the retained constructor/comparator ABI and restores the tree insertion exception frame without inline or throw specifications.
include/rmg_terrain.h	rmgTerrainTile::getFrame	int () __attribute__((thiscall)) const	Complete-only RMG; no Dreamcast counterpart. Retains the target branch interface and field forwarding used by the retail terrain painter in src/rmg_terrain.cpp.
include/rmg_terrain.h	rmgTerrainTile::getFlipX	unsigned char () __attribute__((thiscall)) const	Complete-only RMG; no Dreamcast counterpart. Retains the target branch interface and field forwarding used by the retail terrain painter in src/rmg_terrain.cpp.
include/rmg_terrain.h	rmgTerrainTile::getFlipY	unsigned char () __attribute__((thiscall)) const	Complete-only RMG; no Dreamcast counterpart. Retains the target branch interface and field forwarding used by the retail terrain painter in src/rmg_terrain.cpp.
src/rmg_terrain.cpp	TRmgGridRectangle::TRmgGridRectangle	void (const TRmgGridPoint &, const TRmgGridPoint &) __attribute__((thiscall))	Complete-only RMG; no Dreamcast counterpart. Retains the target branch interface and field forwarding used by the retail terrain painter in src/rmg_terrain.cpp.
src/rmg_terrain.cpp	TRmgLinePainterInterface::getNeighbourLand	int (const TRmgGridPoint &, unsigned int) __attribute__((thiscall))	Complete-only RMG; no Dreamcast counterpart. Retains the target branch interface and field forwarding used by the retail terrain painter in src/rmg_terrain.cpp.
src/rmg_terrain.cpp	rmgTerrainPainter::getFrame	int (const TRmgGridPoint &) __attribute__((thiscall))	Complete-only RMG; no Dreamcast counterpart. Retains the target branch interface and field forwarding used by the retail terrain painter in src/rmg_terrain.cpp.
src/rmg.cpp	TRmgZone::decrementObjectCount	void (TAdventureObjectType) __attribute__((thiscall))	Complete-only RMG provisional ordinary count helper; removal 0x54bc50 expands the indexed decrement. Source documents flattened and reference-argument controls; no Dreamcast counterpart.
src/rmg.cpp	TRmgMapItem::isPassableLand	unsigned char () __attribute__((thiscall)) const	Complete-only RMG; no Dreamcast RMG compiland or procedure counterpart. Provisional ordinary predicate for road-passable, non-rock land, shared by nine placement/decoration sites. Its expansion restores all 409 bytes of decorateMap (0x537970), including the progress/placement branch layout, and the initial scan of traceOutline (0x535ee0; 399 bytes exact with direct map bounds). Member/free and positive/negative controls reproduce that caller; original name and member ownership remain inferred. No separate retained body is claimed.
src/rmg.cpp	type_random_map_generator::getMineGuardValue	int (int, const TRmgZone *) __attribute__((thiscall)) const	Complete-only RMG; no corresponding RMG types/procedures/compiland in the full DC corpus. Provisional ordinary helper boundary/name for the mine-specific resource price and zone/global difficulty calculation within retail 0x545990. Expansion retains the shared scalar getRmgGuardValue call at 0x545b76; this is not a claim of a separate retained retail body.
include/rmg.h	type_random_map::getWidth	int () __attribute__((thiscall)) const	Complete-only map dimension query: signed width at map +0xc, read by mine resource-strip clipping in retail 0x545990. Original name and expanded source boundary are provisional; no separate retained body is claimed.
include/rmg.h	type_random_map::getHeight	int () __attribute__((thiscall)) const	Complete-only map dimension query: signed height at map +0x10, read by mine resource-strip clipping in retail 0x545990. Original name and expanded source boundary are provisional; no separate retained body is claimed.
src/rmg.cpp	type_random_map_generator::contains	bool (const TPoint &) __attribute__((thiscall)) const	Complete-only RMG map-domain predicate, absent from the full DC corpus. Both checks in carveBranchingPaths 0x543e20 compare signed X/Y with zero and live width/height, using half-open bounds. Generator ownership reproduces the deferred receiver load and map-address formation at the openPathPatch call; map ownership forms the receiver early. This ordinary shared boundary/name is inferred; no separate retained body is claimed.
src/rmg.cpp	encodePackedBits	void (const std::bitset<N> &, unsigned char *) __attribute__((fastcall))	Complete-only packed-bit encoder inferred from six expansions in writeMapHeader 0x549cb0. It zeroes ceil(N/8) bytes and serializes checked bit tests least-significant-bit first; caller owns the scratch buffer. No DC counterpart or retained standalone address is claimed.
src/rmg.cpp	writePackedBits	int (TAbstractFile *, const std::bitset<N> &) __attribute__((fastcall))	Complete-only packed-bit stream writer inferred from writeMapHeader 0x549cb0. It owns the temporary bytes, delegates encoding and returns the virtual write count. Together with typed scalar writes and the hero transform it recovers retained retail bitset/exception calls without an inline-depth pin. No DC counterpart or retained standalone address is claimed.
src/rmg.cpp	writeString	int (TAbstractFile *, const std::string &) __attribute__((fastcall))	Complete-only length-prefixed text output inferred from map-name serialization in writeMapHeader 0x549cb0: native int length, then string bytes, preserving the caller-owned string lifetime. Shared string writers restore all 164 retail branch destinations. No DC counterpart or retained standalone address is claimed.
src/rmg.cpp	writeString	int (TAbstractFile *, const char *) __attribute__((fastcall))	Complete-only length-prefixed byte-string output inferred from map-description serialization in writeMapHeader 0x549cb0. The length is recomputed after the prefix write, and the caller owns the 500-byte buffer. No DC counterpart or retained standalone address is claimed.
include/rmg.h	type_random_map::getNumberLevels	int () __attribute__((thiscall)) const	Complete-only map dimension query: signed level count at map +0x14. Alongside getWidth, its writeMapHeader 0x549cb0 expansion recovers the dimension loads before the nullable template-name test. Original name and source boundary remain provisional; no DC counterpart or separately retained body is claimed.
src/rmg.cpp	findRmgShipyardWater	bool (type_random_map *, TRmgMapPosition, TRmgMapPosition &) __attribute__((fastcall))	Complete-only four-offset water search used by createShipyardConnection 0x541ad0. It owns the origin snapshot, tests map bounds and water terrain, and writes the successful coordinate. The shared coordinate query also expands in connectZones 0x543240, whose caller owns its loop. Source boundary/name are inferred; no DC counterpart or standalone retail address is claimed.
src/rmg.cpp	getRmgShipyardWaterPosition	TRmgMapPosition (const TRmgMapPosition &, int) __attribute__((fastcall))	Complete-only shipyard offset translation shared by the full water search and connectZones 0x543240. It delegates to canonical position addition; the caller-owned origin and returned coordinate restore the retained constructor at 0x54378a. Source boundary/name are inferred; no DC counterpart or standalone retail address is claimed.
src/rmg.cpp	TRmgZoneConnection::isConnected	unsigned char () __attribute__((thiscall)) const	Complete-only connection-record byte query, expanded at connectZones 0x543240. The three connected-state tests read the byte at record +0xa; together with canonical map queries this interface restores the initial constructor and vector insert call boundaries. No DC counterpart or standalone retail address is claimed; source name/boundary remain inferred.
src/rmg.cpp	TRmgZoneConnection::setConnected	void () __attribute__((thiscall))	Complete-only connection-record byte mark, expanded at connectZones 0x543240 after successful ground, shipyard, gate or monolith placement. Writes one to record +0xa, preserving which reverse records each path marks. No DC counterpart or standalone retail address is claimed; source name/boundary remain inferred.
src/rmg.cpp	type_object::unknownOperation	void () __attribute__((thiscall))	Complete-only RMG; no Dreamcast counterpart. Vtable 0x640a74 slot 1 retains the shared empty 0x5bc690 body. Source placement inferred; shared ICF body is already enrolled.
src/rmg.cpp	type_object::isWritable	unsigned char () __attribute__((thiscall))	Complete-only RMG; no Dreamcast counterpart. Vtable 0x640a74 slot 2 retains the shared true 0x484620 body. Source placement inferred; shared ICF body is already enrolled.
src/rmg.cpp	type_treasure_def::isTerrainDependent	unsigned char () __attribute__((thiscall))	Complete-only RMG; no Dreamcast counterpart. Vtable 0x640b64 slot 2 retains the shared false 0x484d50 body. Source placement inferred; shared ICF body is already enrolled.
src/rmg.cpp	type_quest_creature_def::isTerrainDependent	unsigned char () __attribute__((thiscall))	Complete-only RMG; no Dreamcast counterpart. Vtable 0x640c00 slot 2 retains the shared true 0x484620 body. Source placement inferred; shared ICF body is already enrolled.
src/rmg.cpp	type_quest_experience_def::isTerrainDependent	unsigned char () __attribute__((thiscall))	Complete-only RMG; no Dreamcast counterpart. Vtable 0x640c0c slot 2 retains the shared true 0x484620 body. Source placement inferred; shared ICF body is already enrolled.
src/rmg.cpp	type_quest_gold_def::isTerrainDependent	unsigned char () __attribute__((thiscall))	Complete-only RMG; no Dreamcast counterpart. Vtable 0x640c18 slot 2 retains the shared true 0x484620 body. Source placement inferred; shared ICF body is already enrolled.
src/rmg.cpp	type_key_tent_def::isTerrainDependent	unsigned char () __attribute__((thiscall))	Complete-only RMG; no Dreamcast counterpart. Vtable 0x640c30 slot 2 retains the shared true 0x484620 body. Source placement inferred; shared ICF body is already enrolled.
src/rmg_terrain.cpp	TRmgTableTerrainRule::isSpecialFrame	unsigned char (int) __attribute__((thiscall))	Complete-only RMG; no Dreamcast counterpart. Vtable 0x642cb0 slot 2 retains the shared false 0x5543f0 body (xor al,al; ret 4). Source placement inferred; shared ICF body is already enrolled.
