# GENERATED (ONE-SHOT): python3 scripts/archive/ghidra_recover_structs/recover_structs.py (ONE-SHOT, not a pipeline stage)
# ANALYSIS OUTPUT, NOT RETAIL EVIDENCE - Ghidra decompiler inference.
# Standing: lead-generator only. Same grade as the Dreamcast dump - a
# recovered offset still needs retail-byte proof before it is a claim.
# exe: HEROES3.EXE sha256=057c9d88e7206f6669a4615de2c6e02ab6c4e2d570a9e2badf07fe0bd6247274 size=2732032
# contents: every method that fed (or failed to feed) a class union - the audit trail behind struct_layouts.csv; `src` is the naming corpus that attributed the address to the class
class,rva,name,src,outcome
?$CAutoArray@VCDPlayAddressElement,0x99fc0,?$CAutoArray@VCDPlayAddressElement::vslot2,vtable-slot,probed:2
?$CAutoArray@VCDPlayAddressElement,0x99fe0,?$CAutoArray@VCDPlayAddressElement::vslot3,vtable-slot,probed:2
?$CAutoArray@VCDPlayAddressElement,0x9a010,?$CAutoArray@VCDPlayAddressElement::vslot6,vtable-slot,probed:1
?$CAutoArray@VCDPlayAddressElement,0x9a020,?$CAutoArray@VCDPlayAddressElement::vslot0,vtable-slot,probed:4
?$CAutoArray@VCDPlayAddressElement,0x1125d0,?$CAutoArray@VCDPlayAddressElement::vslot4,vtable-slot,probed:2
?$CAutoArray@VCDPlayAddressElement,0x112610,?$CAutoArray@VCDPlayAddressElement::vslot5,vtable-slot,probed:3
?$CAutoArray@VCDPlayAddressElement,0x158410,?$CAutoArray@VCDPlayAddressElement::vslot1,vtable-slot,probed:5
?$money_get@DV?$istreambuf_iterator@DU?$char_traits@D@std,0x214355,?$money_get@DV?$istreambuf_iterator@DU?$char_traits@D@std::vslot2,vtable-slot,probed:2
?$money_get@DV?$istreambuf_iterator@DU?$char_traits@D@std,0x214c0a,?$money_get@DV?$istreambuf_iterator@DU?$char_traits@D@std::vslot0,vtable-slot,probed:0
?$money_get@GV?$istreambuf_iterator@GU?$char_traits@G@std,0x20f609,?$money_get@GV?$istreambuf_iterator@GU?$char_traits@G@std::vslot2,vtable-slot,probed:2
?$money_get@GV?$istreambuf_iterator@GU?$char_traits@G@std,0x20fee1,?$money_get@GV?$istreambuf_iterator@GU?$char_traits@G@std::vslot0,vtable-slot,probed:0
?$money_get@GV?$istreambuf_iterator@GU?$char_traits@G@std,0x214350,?$money_get@GV?$istreambuf_iterator@GU?$char_traits@G@std::vslot1,vtable-slot,decompile-failed
?$money_get@GV?$istreambuf_iterator@GU?$char_traits@G@std,0x2143c6,?$money_get@GV?$istreambuf_iterator@GU?$char_traits@G@std::vslot3,vtable-slot,decompile-failed
?$money_put@DV?$ostreambuf_iterator@DU?$char_traits@D@std,0x2143c9,?do_get@?$money_get@DV?$istreambuf_iterator@DU?$char_traits@D@std@@@std@@@std@@MBE?AV?$istreambuf_iterator@DU?$char_traits@D@std@@@2@V32@0_NAAVios_base@2@AAHAAO@Z,vtable-slot,decompile-failed
?$money_put@DV?$ostreambuf_iterator@DU?$char_traits@D@std,0x2144f7,?$money_put@DV?$ostreambuf_iterator@DU?$char_traits@D@std::vslot1,vtable-slot,decompile-failed
?$money_put@GV?$ostreambuf_iterator@GU?$char_traits@G@std,0x20f67a,?do_get@?$money_get@GV?$istreambuf_iterator@GU?$char_traits@G@std@@@std@@@std@@MBE?AV?$istreambuf_iterator@GU?$char_traits@G@std@@@2@V32@0_NAAVios_base@2@AAHAAO@Z,vtable-slot,decompile-failed
?$money_put@GV?$ostreambuf_iterator@GU?$char_traits@G@std,0x20f7af,?$money_put@GV?$ostreambuf_iterator@GU?$char_traits@G@std::vslot1,vtable-slot,decompile-failed
Bitmap16Bit,0x4dd20,Bitmap16Bit::Bitmap16Bit,function-names,decompile-failed
Bitmap16Bit,0x4df70,Bitmap16Bit::Bitmap16Bit,hd-name-map,probed:12
Bitmap16Bit,0x4e020,Bitmap16Bit::vslot0,vtable-slot,probed:0
Bitmap16Bit,0x4e050,Bitmap16Bit::Bitmap16Bit,hd-name-map,probed:12
Bitmap16Bit,0x4e240,Bitmap16Bit::vslot2,vtable-slot,probed:1
Bitmap16Bit,0x4e2b0,Bitmap16Bit::Draw,dc-name-map,probed:2
Bitmap16Bit,0x4e3f0,Bitmap16Bit::Grab,dc-name-map,probed:4
Bitmap16Bit,0x4e4c0,Bitmap16Bit::FillRect,dc-name-map,probed:4
Bitmap16Bit,0x4e540,Bitmap16Bit::FrameRect,dc-name-map,probed:4
Bitmap16Bit,0x4e5f0,Bitmap16Bit::Darken,hd-name-map,probed:4
Bitmap16Bit,0x4e6a0,Bitmap16Bit::Darken,hd-name-map,probed:4
Bitmap16Bit,0x4e780,Bitmap16Bit::Colorize,hd-name-map,probed:4
Bitmap16Bit,0x4e940,Bitmap16Bit::Colorize,hd-name-map,probed:4
Bitmap16Bit,0x15d0f0,Bitmap16Bit::vslot1,vtable-slot,probed:3
Bitmap24Bit,0x4ed20,Bitmap24Bit::vslot0,vtable-slot,probed:0
Bitmap24Bit,0x4ed50,Bitmap24Bit::Bitmap24Bit,hd-name-map,probed:10
Bitmap24Bit,0x4ee00,Bitmap24Bit::Bitmap24Bit,hd-name-map,probed:10
Bitmap24Bit,0x4efd0,Bitmap24Bit::Draw,hd-name-map,probed:2
Bitmap24Bit,0x4f010,Bitmap24Bit::Draw,hd-name-map,probed:2
Bitmap24Bit,0x4f180,Bitmap24Bit::vslot2,vtable-slot,probed:1
Bitmap816,0x4f7d0,Bitmap816::vslot0,vtable-slot,probed:0
Bitmap816,0x4f800,Bitmap816::?,hd-name-map,probed:11
Bitmap816,0x4f8d0,Bitmap816::?,hd-name-map,probed:11
Bitmap816,0x4f9d0,Bitmap816::~Bitmap816,dc-name-map,probed:2
Bitmap816,0x4fdb0,Bitmap816::?,hd-name-map,decompile-failed
Bitmap816,0x4fdf0,Bitmap816::vslot3,vtable-slot,decompile-failed
Bitmap816,0x4fe30,Bitmap816::vslot2,vtable-slot,probed:1
Bitmap816,0x4fe40,Bitmap816::SetPalette,hd-name-map,probed:1
Bitmap816,0x4fe60,Bitmap816::SetPalette,hd-name-map,probed:0
Bitmap816,0x4fe80,Bitmap816::ResetPalette,dc-name-map,probed:1
CAdvMgrNetMsgHandler,0x5e30,CAdvMgrNetMsgHandler::vslot3,vtable-slot,probed:3
CAdvMgrNetMsgHandler,0x6bf0,CAdvMgrNetMsgHandler::vslot4,vtable-slot,decompile-failed
CAdvMgrNetMsgHandler,0x77b0,CAdvMgrNetMsgHandler::vslot0,vtable-slot,probed:0
CAdvMgrNetMsgHandler,0x157860,CAdvMgrNetMsgHandler::vslot1,vtable-slot,probed:3
CAdvMgrNetMsgHandler,0x157900,CAdvMgrNetMsgHandler::vslot2,vtable-slot,probed:1
CAdvPopup,0x1b040,CAdvPopup::CAdvPopup,dc-name-map,probed:24
CAdvPopup,0x1b0e0,CAdvPopup::vslot0,vtable-slot,probed:0
CAdvPopup,0x1b120,CAdvPopup::~CAdvPopup,hd-name-map,probed:6
CAdvPopup,0x1b1c0,CAdvPopup::vslot9,vtable-slot,probed:1
CAdventurMapChatEdit,0x21d0,CAdventurMapChatEdit::vslot5,vtable-slot,probed:1
CAdventurMapChatEdit,0x21e0,CAdventurMapChatEdit::vslot6,vtable-slot,probed:1
CAdventurMapChatEdit,0x21f0,CAdventurMapChatEdit::vslot15,vtable-slot,probed:2
CAdventurMapChatEdit,0x2240,CAdventurMapChatEdit::vslot21,vtable-slot,probed:3
CAdventurMapChatEdit,0x2280,CAdventurMapChatEdit::vslot25,vtable-slot,probed:3
CAdventurMapChatEdit,0x22b0,CAdventurMapChatEdit::vslot26,vtable-slot,probed:4
CAdventurMapChatEdit,0x22e0,CAdventurMapChatEdit::vslot24,vtable-slot,probed:1
CAdventurMapChatEdit,0x85d80,CAdventurMapChatEdit::vslot12,vtable-slot,decompile-failed
CAdventurMapChatEdit,0x154200,CAdventurMapChatEdit::vslot19,vtable-slot,probed:6
CAdventurMapChatEdit,0x154330,CAdventurMapChatEdit::vslot22,vtable-slot,probed:3
CAdventurMapChatEdit,0x154380,CAdventurMapChatEdit::vslot20,vtable-slot,probed:3
CAdventurMapChatEdit,0x1543e0,CAdventurMapChatEdit::vslot23,vtable-slot,probed:1
CAdventurMapChatEdit,0x1543f0,CAdventurMapChatEdit::vslot16,vtable-slot,decompile-failed
CAdventurMapChatEdit,0x17cd90,CAdventurMapChatEdit::vslot0,vtable-slot,probed:0
CAdventurMapChatEdit,0x1bb150,CAdventurMapChatEdit::vslot2,vtable-slot,probed:13
CAdventurMapChatEdit,0x1bb400,CAdventurMapChatEdit::vslot4,vtable-slot,probed:19
CAdventurMapChatEdit,0x1bb950,CAdventurMapChatEdit::vslot13,vtable-slot,probed:4
CAdventurMapChatEdit,0x1bba50,CAdventurMapChatEdit::vslot10,vtable-slot,probed:1
CAdventurMapChatEdit,0x1bba60,CAdventurMapChatEdit::vslot11,vtable-slot,probed:1
CAdventurMapChatEdit,0x1bba70,CAdventurMapChatEdit::vslot18,vtable-slot,probed:4
CAdventurMapChatEdit,0x1bbac0,CAdventurMapChatEdit::vslot17,vtable-slot,probed:5
CAdventurMapChatEdit,0x1bc690,CAdventurMapChatEdit::vslot8,vtable-slot,decompile-failed
CAdventurMapChatEdit,0x1bc7e0,CAdventurMapChatEdit::vslot3,vtable-slot,decompile-failed
CAutoArray<CDPlaySession>,0x112670,CAutoArray<CDPlaySession>::vslot0,vtable-slot,probed:4
CChatEdit,0x1541a0,CChatEdit::?,hd-name-map,probed:22
CChatEdit,0x154240,CChatEdit::vslot15,vtable-slot,probed:20
CChatEdit,0x1543c0,CChatEdit::vslot21,vtable-slot,probed:1
CChatManager,0x153d00,CChatManager::UpdateWidget,dc-name-map,probed:10
CChatManager,0x153db0,CChatManager::HasOldChat,dc-name-map,probed:3
CChatManager,0x153df0,CChatManager::KillOldChat,dc-name-map,probed:7
CChatManager,0x153ee0,CChatManager::UpdateWidgetText,dc-name-map,probed:6
CChatManager,0x154050,CChatManager::PauseTimeOuts,dc-name-map,probed:1
CChatManager,0x154060,CChatManager::ResumeTimeOuts,dc-name-map,probed:2
CChatManager,0x1540b0,CChatManager::ClearChat,dc-name-map,probed:3
CChatManager,0x1540d0,CChatManager::SetMaxLines,dc-name-map,probed:5
CChatManager,0x154170,CChatManager::SetPosition,dc-name-map,probed:3
CChatManager,0x1544b0,CChatManager::ClearChat,function-names,decompile-failed
CCombatChatEdit,0x72600,CCombatChatEdit::vslot15,vtable-slot,probed:8
CCombatChatEdit,0x726b0,CCombatChatEdit::vslot24,vtable-slot,probed:3
CCombatChatEdit,0x727f0,CCombatChatEdit::vslot21,vtable-slot,probed:3
CCombatChatEdit,0x72850,CCombatChatEdit::vslot19,vtable-slot,probed:7
CDPlay,0x96c70,CDPlay::vslot30,vtable-slot,probed:4
CDPlay,0x96ca0,CDPlay::vslot31,vtable-slot,probed:0
CDPlay,0x96cb0,CDPlay::vslot36,vtable-slot,probed:1
CDPlay,0x96cc0,CDPlay::vslot42,vtable-slot,decompile-failed
CDPlay,0x96cd0,CDPlay::vslot44,vtable-slot,decompile-failed
CDPlay,0x96ce0,CDPlay::vslot0,vtable-slot,probed:2
CDPlay,0x96d30,CDPlay::vslot1,vtable-slot,probed:2
CDPlay,0x96d70,CDPlay::vslot2,vtable-slot,probed:2
CDPlay,0x96db0,CDPlay::vslot3,vtable-slot,probed:8
CDPlay,0x96e60,CDPlay::vslot4,vtable-slot,probed:8
CDPlay,0x96f20,CDPlay::vslot24,vtable-slot,probed:2
CDPlay,0x96f90,CDPlay::vslot23,vtable-slot,probed:2
CDPlay,0x96fc0,CDPlay::vslot7,vtable-slot,probed:3
CDPlay,0x97040,CDPlay::vslot8,vtable-slot,probed:2
CDPlay,0x97070,CDPlay::vslot9,vtable-slot,probed:2
CDPlay,0x970e0,CDPlay::vslot20,vtable-slot,probed:2
CDPlay,0x97150,CDPlay::vslot10,vtable-slot,probed:2
CDPlay,0x97180,CDPlay::vslot11,vtable-slot,probed:2
CDPlay,0x971b0,CDPlay::vslot25,vtable-slot,probed:3
CDPlay,0x97250,CDPlay::vslot5,vtable-slot,probed:2
CDPlay,0x97290,CDPlay::vslot6,vtable-slot,probed:2
CDPlay,0x972c0,CDPlay::vslot27,vtable-slot,probed:3
CDPlay,0x97340,CDPlay::vslot28,vtable-slot,probed:3
CDPlay,0x973c0,CDPlay::vslot29,vtable-slot,probed:3
CDPlay,0x97440,CDPlay::vslot26,vtable-slot,probed:7
CDPlay,0x97500,CDPlay::vslot33,vtable-slot,probed:2
CDPlay,0x97560,CDPlay::vslot32,vtable-slot,probed:2
CDPlay,0x975b0,CDPlay::vslot34,vtable-slot,probed:3
CDPlay,0x976b0,CDPlay::vslot37,vtable-slot,probed:2
CDPlay,0x977c0,CDPlay::vslot60,vtable-slot,probed:1
CDPlay,0x97910,CDPlay::vslot43,vtable-slot,probed:1
CDPlay,0x97a90,CDPlay::vslot58,vtable-slot,probed:1
CDPlay,0x97b00,CDPlay::vslot59,vtable-slot,probed:1
CDPlay,0x97b70,CDPlay::vslot61,vtable-slot,probed:1
CDPlay,0x97c50,CDPlay::vslot35,vtable-slot,decompile-failed
CDPlay,0x981d0,CDPlay::vslot55,vtable-slot,probed:1
CDPlay,0x981e0,CDPlay::vslot56,vtable-slot,decompile-failed
CDPlay,0x981f0,CDPlay::vslot21,vtable-slot,probed:2
CDPlay,0x98220,CDPlay::vslot22,vtable-slot,probed:2
CDPlay,0x98250,CDPlay::vslot14,vtable-slot,probed:2
CDPlay,0x982a0,CDPlay::vslot19,vtable-slot,probed:2
CDPlay,0x983c0,CDPlay::vslot13,vtable-slot,probed:2
CDPlay,0x983f0,CDPlay::vslot16,vtable-slot,probed:2
CDPlay,0x984b0,CDPlay::vslot12,vtable-slot,probed:2
CDPlay,0x98500,CDPlay::vslot17,vtable-slot,probed:2
CDPlay,0x98620,CDPlay::vslot15,vtable-slot,probed:2
CDPlay,0x98650,CDPlay::vslot18,vtable-slot,probed:2
CDPlay,0x98710,CDPlay::vslot38,vtable-slot,probed:2
CDPlay,0x987a0,CDPlay::vslot39,vtable-slot,probed:2
CDPlay,0x987f0,CDPlay::vslot40,vtable-slot,probed:2
CDPlay,0x98830,CDPlay::vslot41,vtable-slot,probed:2
CDPlayLobby,0x98900,CDPlayLobby::vslot0,vtable-slot,probed:0
CDPlayLobby,0x989a0,CDPlayLobby::vslot62,vtable-slot,probed:2
CDPlayLobby,0x98a60,CDPlayLobby::vslot1,vtable-slot,probed:3
CDPlayLobby,0x98c20,CDPlayLobby::vslot64,vtable-slot,probed:2
CDPlayLobby,0x98c50,CDPlayLobby::vslot65,vtable-slot,probed:2
CDPlayLobby,0x99900,CDPlayLobby::vslot63,vtable-slot,probed:3
CDPlayLobby,0x999a0,CDPlayLobby::vslot66,vtable-slot,probed:3
CDPlayLobby,0x99a20,CDPlayLobby::vslot67,vtable-slot,probed:3
CDPlayLobby,0x99aa0,CDPlayLobby::vslot68,vtable-slot,probed:3
CDPlayLobby,0x99b20,CDPlayLobby::vslot69,vtable-slot,probed:3
CDPlayLobby,0x99bb0,CDPlayLobby::vslot72,vtable-slot,probed:1
CDPlayLobby,0x99c60,CDPlayLobby::vslot70,vtable-slot,probed:1
CHeroWindowEx,0x1b110,CHeroWindowEx::~CHeroWindowEx,hd-name-map,probed:5
CHeroWindowEx,0x1ff640,CHeroWindowEx::CHeroWindowEx,dc-name-map,probed:20
CHeroWindowEx,0x1ff6b0,CHeroWindowEx::ProcessHover,dc-name-map,probed:0
CHeroWindowEx,0x1ff6e0,CHeroWindowEx::ProcessRightSelect,dc-name-map,probed:6
CHeroWindowEx,0x1ff790,CHeroWindowEx::WindowHandler,dc-name-map,probed:1
CHeroWindowEx,0x1ff820,CHeroWindowEx::OnWidgetDeselect,dc-name-map,probed:1
CHeroWindowEx,0x1ff8d0,CHeroWindowEx::GetRolloverWidget,dc-name-map,decompile-failed
CHeroWindowEx,0x1ff8e0,CHeroWindowEx::SetHelpText,dc-name-map,probed:1
CHighScoreEdit,0xe9710,CHighScoreEdit::vslot15,vtable-slot,probed:20
CHighScoreEdit,0x110850,CHighScoreEdit::vslot19,vtable-slot,probed:2
CHighScoreEdit,0x110870,CHighScoreEdit::vslot20,vtable-slot,probed:2
CHighScoreEdit,0x110890,CHighScoreEdit::vslot14,vtable-slot,probed:8
CHighScoreEdit,0x1bba20,CHighScoreEdit::vslot16,vtable-slot,decompile-failed
CMCDeadHero,0xe66c0,CMCDeadHero::CMCDeadHero,dc-name-map,probed:1
CNetMsgHandler,0x158490,CNetMsgHandler::vslot0,vtable-slot,probed:4
CNetMsgHandlerPause,0x157810,CNetMsgHandlerPause::vslot0,vtable-slot,probed:1
CObject,0xfec10,CObject::get_object_type_ptr,dc-name-map,probed:1
CObject,0xfec30,CObject::FindTrigger,dc-name-map,probed:3
CSequence,0x7b840,CSequence::CSequence,hd-name-map,probed:3
CSequence,0x7b8a0,CSequence::AddFrame,hd-name-map,probed:3
CSprite,0x7b480,CSprite::AddFrame,function-names,probed:0
CSprite,0x7b820,CSprite::?,function-names,decompile-failed
CSprite,0x7b8f0,CSprite::vslot0,vtable-slot,probed:0
CSprite,0x7b920,CSprite::CSprite,hd-name-map,probed:12
CSprite,0x7ba40,CSprite::?,function-names,probed:6
CSprite,0x7baf0,CSprite::GetNumSeqs,function-names,static
CSprite,0x7bb60,CSprite::AddFrame,hd-name-map,probed:1
CSprite,0x7bb80,CSprite::SetPalette,dc-name-map,probed:1
CSprite,0x7bc00,CSprite::ResetPalette,dc-name-map,probed:2
CSprite,0x7bcf0,CSprite::?,hd-name-map,probed:1
CSprite,0x7bd60,CSprite::?,hd-name-map,probed:2
CSprite,0x7bdc0,CSprite::?,hd-name-map,probed:2
CSprite,0x7be10,CSprite::?,hd-name-map,probed:2
CSprite,0x7be60,CSprite::?,hd-name-map,probed:2
CSprite,0x7beb0,CSprite::?,hd-name-map,probed:2
CSprite,0x7bf00,CSprite::?,hd-name-map,probed:1
CSprite,0x7bff0,CSprite::?,hd-name-map,probed:2
CSprite,0x7c080,CSprite::?,hd-name-map,probed:2
CSprite,0x7c0d0,CSprite::?,hd-name-map,probed:2
CSprite,0x7c120,CSprite::?,hd-name-map,probed:2
CSprite,0x7c170,CSprite::?,hd-name-map,probed:2
CSprite,0x7c1d0,CSprite::GetNumSeqs,dc-name-map,probed:0
CSprite,0x15d1a0,CSprite::vslot1,vtable-slot,probed:7
CSpriteFrame,0x7bd50,CSpriteFrame::~CSpriteFrame,function-names,decompile-failed
CSpriteFrame,0x7c280,CSpriteFrame::vslot0,vtable-slot,probed:0
CSpriteFrame,0x7c2b0,CSpriteFrame::?,hd-name-map,probed:16
CSpriteFrame,0x7c360,CSpriteFrame::?,hd-name-map,probed:16
CSpriteFrame,0x7c430,CSpriteFrame::~CSpriteFrame,dc-name-map,probed:2
CSpriteFrame,0x7c460,CSpriteFrame::SetPixelFormat,dc-name-map,probed:0
CSpriteFrame,0x7c560,CSpriteFrame::vslot2,vtable-slot,probed:1
CSpriteFrame,0x7c9e0,CSpriteFrame::?,hd-name-map,probed:9
CSpriteFrame,0x7d0a0,CSpriteFrame::?,hd-name-map,probed:9
CSpriteFrame,0x7d4f0,CSpriteFrame::?,hd-name-map,probed:6
CSpriteFrame,0x7d930,CSpriteFrame::?,hd-name-map,probed:6
CSpriteFrame,0x7dd40,CSpriteFrame::?,hd-name-map,probed:9
CSpriteFrame,0x7e820,CSpriteFrame::?,hd-name-map,probed:8
CSpriteFrame,0x7ef60,CSpriteFrame::?,hd-name-map,probed:9
CTextDialog,0x90740,CTextDialog::vslot0,vtable-slot,probed:0
CTextDialog,0x907e0,CTextDialog::CTextDialog,hd-name-map,probed:20
CTextDialog,0x90820,CTextDialog::vslot10,vtable-slot,probed:12
CTextDialog,0x90a90,CTextDialog::vslot12,vtable-slot,decompile-failed
CTextDialog,0x90b20,CTextDialog::ExitDialog,dc-name-map,decompile-failed
CTextDialog,0x90b50,CTextDialog::vslot11,vtable-slot,probed:1
CTextEntrySave,0x1bbb70,CTextEntrySave::vslot0,vtable-slot,probed:0
CTextEntrySave,0x1bbe20,CTextEntrySave::vslot2,vtable-slot,probed:2
CTurnDuration,0x157a80,CTurnDuration::IsOn,dc-name-map,probed:1
CTurnDuration,0x157aa0,CTurnDuration::IsExpired,dc-name-map,probed:3
CTurnDuration,0x157af0,CTurnDuration::CheckForWarning,dc-name-map,probed:5
CTurnDuration,0x157d00,CTurnDuration::IsClose,dc-name-map,probed:3
CTurnDuration,0x157d60,CTurnDuration::Clear,dc-name-map,probed:3
CTurnDuration,0x157d70,CTurnDuration::SetDuration,dc-name-map,probed:2
CTurnDuration,0x157d90,CTurnDuration::Start,dc-name-map,probed:4
CTurnDuration,0x157dd0,CTurnDuration::Pause,dc-name-map,probed:2
CTurnDuration,0x157df0,CTurnDuration::Resume,dc-name-map,probed:3
CampaignHeaderStruct,0x886a0,CampaignHeaderStruct::~CampaignHeaderStruct,hd-name-map,probed:12
CampaignHeaderStruct,0x88880,CampaignHeaderStruct::noexcept,hd-name-map,probed:11
ExtraInfoUnion,0x5d80,ExtraInfoUnion::get_creature_bank,function-names,decompile-failed
ExtraInfoUnion,0x5de0,ExtraInfoUnion::get_black_box,dc-name-map,probed:1
ExtraInfoUnion,0x5df0,ExtraInfoUnion::get_creature_bank,dc-name-map,probed:1
ExtraInfoUnion,0x5e10,ExtraInfoUnion::get_university,dc-name-map,probed:1
ExtraInfoUnion,0xfbf90,ExtraInfoUnion::SetCellVisited,dc-name-map,probed:1
ExtraInfoUnion,0x129690,ExtraInfoUnion::PlayerKnowsCell,hd-name-map,probed:1
File,0x1ffb20,??0File@@QAE@XZ,mangled,probed:3
File,0x1ffb40,??1File@@QAE@XZ,mangled,probed:2
File,0x1ffb60,?IsOpen@File@@UAEEXZ,mangled,probed:1
File,0x1ffb70,?Close@File@@UAEEXZ,mangled,probed:1
File,0x1ffbc0,?Open@File@@UAEEPBDW4FileMode@@@Z,mangled,probed:1
File,0x1ffc50,?Write@File@@UAEKPAXK@Z,mangled,probed:1
File,0x1ffc80,?Read@File@@UAEKPAXK@Z,mangled,probed:1
File,0x1ffcb0,?SeekEnd@File@@UAEKXZ,mangled,probed:1
File,0x1ffcd0,?SeekBegin@File@@UAEKXZ,mangled,probed:1
File,0x1ffcf0,?SeekCur@File@@UAEKH@Z,mangled,probed:1
File,0x1ffd20,?Seek@File@@UAEKKK@Z,mangled,probed:1
File,0x1ffd70,?GetPosition@File@@UAEKXZ,mangled,probed:1
File,0x1ffd90,?GetLength@File@@UAEKXZ,mangled,probed:2
LODFile,0xfa610,LODFile::getItemIndex,dc-name-map,probed:4
LODFile,0xfa660,LODFile::Find,dc-name-map,probed:2
LODFile,0xfa800,LODFile::~LODFile,dc-name-map,probed:6
LODFile,0xfa8a0,LODFile::open,dc-name-map,probed:8
LODFile,0xfaa70,LODFile::pointAt,dc-name-map,probed:9
LODFile,0xfab20,LODFile::read,dc-name-map,probed:7
LODFile,0xfaf30,LODFile::open,function-names,decompile-failed
LossConditionStruct,0x5bac0,LossConditionStruct::LossConditionStruct,hd-name-map,probed:3
LossConditionStruct,0x1f2a40,LossConditionStruct::CheckForDefeatedHeroLoss,dc-name-map,probed:2
LossConditionStruct,0x1f2e10,LossConditionStruct::HeroKilled,hd-name-map,probed:3
LossConditionStruct,0x1f2e40,LossConditionStruct::CheckForDefeatedTownLoss,dc-name-map,probed:6
LossConditionStruct,0x1f2f20,LossConditionStruct::CheckForTimeLimitExpired,dc-name-map,probed:4
LossConditionStruct,0x1f31e0,LossConditionStruct::CheckForDefeatedTownLoss,function-names,decompile-failed
NewSMapHeader,0x57990,NewSMapHeader::~NewSMapHeader,function-names,probed:6
NewSMapHeader,0x57cb0,NewSMapHeader::~NewSMapHeader,hd-name-map,probed:35
NewSMapHeader,0x5a990,NewSMapHeader::NewSMapHeader,hd-name-map,probed:15
NewfullMap,0x8770,NewfullMap::cell,hd-name-map,probed:2
NewfullMap,0xfd060,NewfullMap::NewfullMap,dc-name-map,probed:53
NewfullMap,0xfd1e0,NewfullMap::~NewfullMap,dc-name-map,probed:24
NewfullMap,0x105b20,NewfullMap::PlaceObject,dc-name-map,probed:2
NewmapCell,0xfcaa0,NewmapCell::get_trigger_cell,dc-name-map,probed:3
NewmapCell,0xfcbd0,NewmapCell::get_map_object,dc-name-map,probed:2
NewmapCell,0xfcc30,NewmapCell::get_map_extraInfo,dc-name-map,probed:2
NewmapCell,0xfcc80,NewmapCell::cell_is_trigger,dc-name-map,probed:3
NewmapCell,0xfccf0,NewmapCell::is_diggable,dc-name-map,probed:6
NewmapCell,0xfcdc0,NewmapCell::HasTriggerableEvent,dc-name-map,probed:2
NewmapCell,0xfce20,NewmapCell::get_special_terrain,dc-name-map,probed:6
NewmapCell,0xfcf40,NewmapCell::get_magic_terrain_type,hd-name-map,decompile-failed
NewmapCell,0xfd4c0,NewmapCell::~NewmapCell,hd-name-map,probed:3
NewmapCell,0xfd650,NewmapCell::NewmapCell,hd-name-map,probed:11
SCampaign,0x89500,SCampaign::SCampaign,hd-name-map,probed:33
SCampaign,0x897d0,SCampaign::CampaignComplete,hd-name-map,probed:2
SCampaign,0xe6500,SCampaign::GetExpCap,dc-name-map,probed:3
SCampaign,0x17c780,SCampaign::GetCurrentScenario,hd-name-map,probed:2
SavedGameHeader,0xbc0e0,SavedGameHeader::SavedGameHeader,hd-name-map,probed:26
SavedGameHeader,0xbdf80,SavedGameHeader::~SavedGameHeader,hd-name-map,probed:18
TAbstractFile,0x87dd0,TAbstractFile::vslot0,vtable-slot,probed:1
TAdventureMapWindow,0x1400,TAdventureMapWindow::vslot1,vtable-slot,probed:9
TAdventureMapWindow,0x14d0,TAdventureMapWindow::vslot2,vtable-slot,probed:4
TAdventureMapWindow,0x1510,TAdventureMapWindow::TAdventureMapWindow,function-names,probed:26
TAdventureMapWindow,0x2ae0,TAdventureMapWindow::vslot0,vtable-slot,probed:0
TAdventureMapWindow,0x2b10,TAdventureMapWindow::~TAdventureMapWindow,function-names,probed:7
TAdventureMapWindow,0x2b90,TAdventureMapWindow::animate_bottom_view,function-names,probed:2
TAdventureMapWindow,0x2bc0,TAdventureMapWindow::draw_bottom_view,function-names,probed:1
TAdventureMapWindow,0x2c10,TAdventureMapWindow::set_bottom_view,function-names,probed:1
TAdventureMapWindow,0x2c50,TAdventureMapWindow::convertID2HelpID,function-names,decompile-failed
TAdventureMapWindow,0x2e70,TAdventureMapWindow::ProcessRightSelect,function-names,probed:3
TAdventureMapWindow,0x3010,TAdventureMapWindow::ProcessHover,function-names,probed:9
TAdventureMapWindow,0x3220,TAdventureMapWindow::DoHeroKnob,function-names,probed:2
TAdventureMapWindow,0x3280,TAdventureMapWindow::DoTownKnob,function-names,probed:2
TAdventureMapWindow,0x32e0,TAdventureMapWindow::UpdateHeroLocators,function-names,probed:4
TAdventureMapWindow,0x3420,TAdventureMapWindow::UpdateTownLocators,function-names,probed:4
TAdventureMapWindow,0x3560,TAdventureMapWindow::UpdateHeroLocator,function-names,probed:4
TAdventureMapWindow,0x37a0,TAdventureMapWindow::UpdateTownLocator,function-names,probed:4
TAdventureMapWindow,0x38c0,TAdventureMapWindow::HighlightLocators,function-names,probed:6
TAdventureMapWindow,0x39b0,TAdventureMapWindow::UpdateQuestLogButton,function-names,probed:1
TAdventureMapWindow,0x3ba0,TAdventureMapWindow::UpdateSleepButton,function-names,probed:2
TAdventureMapWindow,0x3bf0,TAdventureMapWindow::UpdateSpellButton,function-names,probed:2
TAdventureMapWindow,0x3c40,TAdventureMapWindow::SetElevationToggleImage,function-names,probed:2
TAdventureMapWindow,0x3cc0,TAdventureMapWindow::SetSleepImage,function-names,probed:2
TAdventureMapWindow,0x3ee0,TAdventureMapWindow::ClearBottomView,function-names,probed:1
TAdventureMapWindow,0x3f00,TAdventureMapWindow::UpdateResourceDisplay,function-names,probed:1
TAdventureMapWindow,0x3f20,TAdventureMapWindow::DrawChatText,function-names,probed:2
TAdventureMapWindow,0x3f60,TAdventureMapWindow::UpdateButtons,function-names,probed:1
TAdventureMapWindow,0x40b0,TAdventureMapWindow::vslot8,vtable-slot,probed:3
TAdventureMapWindow,0x1ff460,TAdventureMapWindow::vslot6,vtable-slot,probed:0
TAdventureMapWindow,0x1ff570,TAdventureMapWindow::vslot7,vtable-slot,probed:4
TAdventureOptionsWindow,0x5680,TAdventureOptionsWindow::vslot3,vtable-slot,probed:1
TAdventureOptionsWindow,0x5690,TAdventureOptionsWindow::vslot0,vtable-slot,probed:0
TAdventureOptionsWindow,0x5730,TAdventureOptionsWindow::vslot9,vtable-slot,probed:2
TAdventureOptionsWindow,0x1b190,TAdventureOptionsWindow::vslot14,vtable-slot,probed:3
TAdventureOptionsWindow,0x159140,TAdventureOptionsWindow::vslot12,vtable-slot,decompile-failed
TAdventureOptionsWindow,0x1ff5f0,TAdventureOptionsWindow::vslot8,vtable-slot,probed:2
TCampaignBrief,0x590c0,TCampaignBrief::noexcept,hd-name-map,probed:26
TCampaignBrief,0x5ae40,TCampaignBrief::vslot0,vtable-slot,probed:0
TCampaignBrief,0x5afb0,TCampaignBrief::~TCampaignBrief,dc-name-map,probed:11
TCampaignMenu,0x57200,TCampaignMenu::vslot0,vtable-slot,probed:0
TCampaignMenu,0x574d0,TCampaignMenu::vslot3,vtable-slot,probed:2
TCampaignWindow,0x5f0e0,TCampaignWindow::vslot0,vtable-slot,probed:0
TCombatResultsWindow,0x71a40,TCombatResultsWindow::vslot0,vtable-slot,probed:0
TCombatResultsWindow,0x71af0,TCombatResultsWindow::vslot1,vtable-slot,probed:8
TCombatResultsWindow,0x71b50,TCombatResultsWindow::vslot2,vtable-slot,probed:3
TDialogBox,0x8f940,TDialogBox::TDialogBox,function-names,probed:76
TDialogBox,0x8fdc0,TDialogBox::TDialogBox,hd-name-map,probed:20
TDialogBox,0x8fe30,TDialogBox::vslot0,vtable-slot,probed:0
TDialogBox,0x8fe60,TDialogBox::TDialogBox,hd-name-map,probed:19
TDialogBox,0x8ff00,TDialogBox::vslot9,vtable-slot,probed:8
TGzFile,0xd6c50,TGzFile::TGzFile,hd-name-map,probed:2
TGzFile,0xd6cd0,TGzFile::vslot0,vtable-slot,probed:0
TGzFile,0xd6d60,TGzFile::~TGzFile,hd-name-map,probed:1
TGzFile,0xd6d80,TGzFile::vslot1,vtable-slot,decompile-failed
TGzFile,0xd6da0,TGzFile::vslot2,vtable-slot,decompile-failed
TGzInflateBuf,0x54050,TGzInflateBuf::vslot1,vtable-slot,decompile-failed
TGzInflateBuf,0x54060,TGzInflateBuf::vslot3,vtable-slot,decompile-failed
TGzInflateBuf,0x54080,TGzInflateBuf::vslot5,vtable-slot,probed:3
TGzInflateBuf,0x540b0,TGzInflateBuf::vslot6,vtable-slot,probed:3
TGzInflateBuf,0x54150,TGzInflateBuf::vslot7,vtable-slot,probed:3
TGzInflateBuf,0x54200,TGzInflateBuf::vslot8,vtable-slot,decompile-failed
TGzInflateBuf,0x54230,TGzInflateBuf::vslot9,vtable-slot,decompile-failed
TGzInflateBuf,0x54260,TGzInflateBuf::vslot10,vtable-slot,probed:0
TGzInflateBuf,0x54270,TGzInflateBuf::vslot12,vtable-slot,decompile-failed
TGzInflateBuf,0xd6050,TGzInflateBuf::noexcept,hd-name-map,probed:21
TGzInflateBuf,0xd67f0,TGzInflateBuf::vslot0,vtable-slot,probed:0
TGzInflateBuf,0xd6920,TGzInflateBuf::vslot4,vtable-slot,probed:14
THeroScreenWindow,0xdd2a0,THeroScreenWindow::vslot14,vtable-slot,decompile-failed
THeroScreenWindow,0xdd2d0,THeroScreenWindow::vslot9,vtable-slot,probed:2
THeroScreenWindow,0xe1520,THeroScreenWindow::vslot0,vtable-slot,probed:0
THeroScreenWindow,0xe6750,THeroScreenWindow::`scalar deleting destructor',dc-name-map,probed:1
THighScoreWindow,0xe9d90,THighScoreWindow::vslot0,vtable-slot,probed:0
TPalette16,0x122650,TPalette16::TPalette16,hd-name-map,probed:5
TPalette16,0x1226a0,TPalette16::TPalette16,hd-name-map,probed:6
TPalette16,0x1226d0,TPalette16::?,hd-name-map,probed:6
TPalette16,0x122770,TPalette16::?,hd-name-map,probed:6
TPalette16,0x122810,TPalette16::TPalette16,hd-name-map,probed:6
TPalette16,0x1228e0,TPalette16::TPalette16,hd-name-map,probed:6
TPalette16,0x122910,TPalette16::TPalette16,hd-name-map,probed:1
TPalette16,0x122940,TPalette16::~TPalette16,dc-name-map,probed:1
TPalette16,0x122950,TPalette16::Cycle,dc-name-map,probed:0
TPalette16,0x122a10,TPalette16::AdjustSaturation,dc-name-map,probed:1
TPalette16,0x122b40,TPalette16::TPalette16,function-names,decompile-failed
TPalette16,0x122b50,TPalette16::AdjustHSV,dc-name-map,probed:1
TPalette16,0x122d50,TPalette16::Gray,dc-name-map,probed:1
TPalette16,0x122e30,TPalette16::~TPalette16,function-names,probed:5
TPalette16,0x122e50,TPalette16::vslot0,vtable-slot,probed:0
TPalette16,0x122f00,TPalette16::AdjustSaturation,function-names,probed:6
TPalette16,0x122f70,TPalette16::vslot2,vtable-slot,decompile-failed
TPalette24,0x122e80,TPalette24::TPalette24,hd-name-map,probed:6
TPalette24,0x122eb0,TPalette24::TPalette24,hd-name-map,probed:8
TPalette24,0x122f30,TPalette24::?,hd-name-map,probed:1
TPalette24,0x122f60,TPalette24::~TPalette24,dc-name-map,probed:1
TPalette24,0x122f80,TPalette24::AdjustHSV,dc-name-map,probed:3
TPickANumber,0x10c6e0,??0TPickANumber@@QAE@HH@Z,mangled,probed:6
TPickANumber,0x10c740,?Pick@TPickANumber@@QAEHXZ,mangled,probed:3
TPlayerSlotAttributes,0x5a950,TPlayerSlotAttributes::TPlayerSlotAttributes,hd-name-map,probed:15
TPlayerSlotAttributes,0x5ab80,TPlayerSlotAttributes::~TPlayerSlotAttributes,hd-name-map,probed:3
TQuestGuard,0x172d60,TQuestGuard::result,hd-name-map,probed:1
TQuestGuard,0x173480,TQuestGuard::load,hd-name-map,probed:2
TQuestGuard,0x1734e0,TQuestGuard::read,hd-name-map,probed:1
TQuestGuard,0x173520,TQuestGuard::save,hd-name-map,probed:2
TQuestGuard,0x173580,TQuestGuard::TQuestGuard,hd-name-map,probed:5
TResourceDisplay,0x158ba0,TResourceDisplay::TResourceDisplay,dc-name-map,probed:13
TResourceDisplay,0x158e80,TResourceDisplay::~TResourceDisplay,dc-name-map,probed:9
TResourceDisplay,0x158f20,TResourceDisplay::Update,dc-name-map,probed:10
TResourceDisplay,0x159020,TResourceDisplay::Clear,dc-name-map,probed:10
TResourceDisplay,0x1590d0,TResourceDisplay::~TResourceDisplay,function-names,decompile-failed
TSeerReward,0x173a70,TSeerReward::getValue,hd-name-map,probed:3
TSeerReward,0x173c80,TSeerReward::giveReward,hd-name-map,probed:3
TSeerReward,0x173f10,TSeerReward::getRewardExtra,hd-name-map,probed:3
TSkuttleBoatWindow,0x91c60,TSkuttleBoatWindow::vslot0,vtable-slot,probed:0
TSkuttleBoatWindow,0x91d00,TSkuttleBoatWindow::vslot9,vtable-slot,probed:1
TSkuttleBoatWindow,0x91eb0,TSkuttleBoatWindow::vslot14,vtable-slot,decompile-failed
TSplitWindow,0x496c0,TSplitWindow::UpdateSplitArmy,dc-name-map,probed:0
TSplitWindow,0x49df0,TSplitWindow::TSplitWindow,dc-name-map,probed:0
TSplitWindow,0x49e20,TSplitWindow::~TSplitWindow,dc-name-map,probed:4
TSplitWindow,0x4a180,TSplitWindow::SetRolloverText,dc-name-map,probed:12
TSplitWindow,0x4a460,TSplitWindow::WindowHandler,dc-name-map,decompile-failed
TSpreadsheetResource,0x17c6d0,TSpreadsheetResource::vslot13,vtable-slot,probed:3
TSpreadsheetResource,0x1bbe70,TSpreadsheetResource::TSpreadsheetResource,hd-name-map,probed:11
TSpreadsheetResource,0x1bc170,TSpreadsheetResource::~TSpreadsheetResource,dc-name-map,probed:5
TSpreadsheetResource,0x1bc250,TSpreadsheetResource::vslot0,vtable-slot,probed:0
TSpreadsheetResource,0x1bc440,TSpreadsheetResource::vslot2,vtable-slot,probed:11
TSpreadsheetResource,0x1bc5f0,TSpreadsheetResource::vslot4,vtable-slot,probed:11
TStreamBufFile,0x83f10,TStreamBufFile::vslot1,vtable-slot,probed:1
TStreamBufFile,0x83f30,TStreamBufFile::vslot2,vtable-slot,probed:1
TStreamBufFile,0x15a7d0,TStreamBufFile::vslot0,vtable-slot,probed:0
TSubWindow,0x17d100,TSubWindow::vslot0,vtable-slot,probed:0
TSubWindow,0x1aa340,TSubWindow::TSubWindow,hd-name-map,probed:13
TSubWindow,0x1aa3c0,TSubWindow::TSubWindow,hd-name-map,probed:13
TSubWindow,0x1aa410,TSubWindow::~TSubWindow,dc-name-map,probed:5
TSubWindow,0x1aa470,TSubWindow::initialize,dc-name-map,probed:5
TSubWindow,0x1aa4a0,TSubWindow::AddWidget,dc-name-map,probed:5
TSubWindow,0x1aa4f0,TSubWindow::Draw,dc-name-map,probed:7
TSubWindow,0x1aa560,TSubWindow::SaveBackground,dc-name-map,probed:6
TSubWindow,0x1aa610,TSubWindow::RestoreBackground,dc-name-map,probed:6
TSubWindow,0x1ae370,TSubWindow::vslot24,vtable-slot,probed:1
TTextResource,0x1bbba0,TTextResource::TTextResource,hd-name-map,probed:10
TTextResource,0x1bbdd0,TTextResource::~TTextResource,dc-name-map,probed:5
TTextResource,0x1bbe40,TTextResource::vslot0,vtable-slot,probed:0
TTextResource,0x1bc160,TTextResource::vslot2,vtable-slot,probed:1
VictoryConditionStruct,0xbc340,VictoryConditionStruct::VictoryConditionStruct,hd-name-map,probed:3
VictoryConditionStruct,0x1f15a0,VictoryConditionStruct::applies_to_player,dc-name-map,probed:1
VictoryConditionStruct,0x1f1610,VictoryConditionStruct::CheckForArtifactWin,dc-name-map,probed:5
VictoryConditionStruct,0x1f1b10,VictoryConditionStruct::CheckForTotalCreatures,dc-name-map,probed:6
VictoryConditionStruct,0x1f1c80,VictoryConditionStruct::CheckForTotalResources,dc-name-map,probed:6
VictoryConditionStruct,0x1f1d40,VictoryConditionStruct::CheckForUpgradedTown,dc-name-map,probed:8
VictoryConditionStruct,0x1f1ef0,VictoryConditionStruct::CheckForGrailBuildingWin,dc-name-map,probed:6
VictoryConditionStruct,0x1f2100,VictoryConditionStruct::CheckForHeroDefeatWin,dc-name-map,probed:4
VictoryConditionStruct,0x1f2160,VictoryConditionStruct::IsGrailTarget,dc-name-map,probed:3
VictoryConditionStruct,0x1f2260,VictoryConditionStruct::IsTownCaptureTarget,dc-name-map,probed:4
VictoryConditionStruct,0x1f22a0,VictoryConditionStruct::CheckForTownCaptureWin,dc-name-map,probed:7
VictoryConditionStruct,0x1f2390,VictoryConditionStruct::CheckForDefeatedMonsterWin,dc-name-map,probed:6
VictoryConditionStruct,0x1f2600,VictoryConditionStruct::IsTownCaptureTarget,function-names,probed:4
VictoryConditionStruct,0x1f2720,VictoryConditionStruct::CheckForFlaggedMineWin,dc-name-map,probed:4
VictoryConditionStruct,0x1f2810,VictoryConditionStruct::CheckForTimeSurvival,hd-name-map,probed:3
VictoryConditionStruct,0x1f2860,VictoryConditionStruct::CheckForArtifactTransportWin,dc-name-map,probed:8
_Locimp@locale@std,0x8ebd0,_Locimp@locale@std::vslot1,vtable-slot,decompile-failed
_Locimp@locale@std,0x8ebe0,_Locimp@locale@std::vslot2,vtable-slot,decompile-failed
_Locimp@locale@std,0x8ebf0,_Locimp@locale@std::vslot4,vtable-slot,decompile-failed
_Locimp@locale@std,0x8ec10,_Locimp@locale@std::vslot6,vtable-slot,decompile-failed
_Locimp@locale@std,0x8ec30,_Locimp@locale@std::vslot0,vtable-slot,probed:0
_ResourceManager,0x15b8d0,_ResourceManager::GetFont,ida,probed:1
advManager,0x6df0,advManager::advManager,dc-name-map,probed:54
advManager,0x6fd0,advManager::vslot0,vtable-slot,probed:50
advManager,0x77e0,advManager::vslot1,vtable-slot,probed:26
advManager,0x7ac0,advManager::InMapArea,dc-name-map,probed:1
advManager,0x7b10,advManager::result,hd-name-map,probed:4
advManager,0x7b80,advManager::DoAdvCommand,dc-name-map,probed:32
advManager,0x87b0,advManager::vslot2,vtable-slot,probed:16
advManager,0xb0e0,advManager::DrawRolloverText,dc-name-map,probed:1
advManager,0xb150,advManager::SetRolloverText,dc-name-map,probed:1
advManager,0xe280,advManager::get_normal_cursor,dc-name-map,probed:2
advManager,0xf270,advManager::UpdateScreen,dc-name-map,probed:2
advManager,0xf2f0,advManager::DrawAdventureMapGems,dc-name-map,probed:4
advManager,0xf3f0,advManager::CompleteDraw,dc-name-map,probed:11
advManager,0xf870,advManager::CompleteDraw,dc-name-map,probed:7
advManager,0xf8c0,advManager::GetCloudLookup,dc-name-map,decompile-failed
advManager,0xfb30,advManager::ScanForHeroOrBoat,dc-name-map,probed:0
advManager,0x12bd0,advManager::GetCell,hd-name-map,probed:1
advManager,0x12c40,advManager::UpdateRadar,hd-name-map,probed:4
advManager,0x13790,advManager::UpdateRadar,hd-name-map,probed:5
advManager,0x15d60,advManager::OverrideBottomView,dc-name-map,probed:2
advManager,0x15de0,advManager::UpdBottomView,dc-name-map,probed:6
advManager,0x15f20,advManager::UpdBottomViewEnemyTurn,dc-name-map,probed:2
advManager,0x15fb0,advManager::UpdBottomViewNewTurn,dc-name-map,probed:2
advManager,0x16060,advManager::BVResMsg,dc-name-map,probed:8
advManager,0x16160,advManager::UpdBottomViewResMsg,dc-name-map,probed:4
advManager,0x16210,advManager::BVMessage,dc-name-map,probed:5
advManager,0x17420,advManager::RedrawAdvScreen,dc-name-map,probed:12
advManager,0x17570,?DeactivateCurrTown@advManager@@QAEXE@Z,mangled,decompile-failed
advManager,0x175a0,?DeactivateCurrHero@advManager@@QAEXE@Z,mangled,probed:7
advManager,0x175e0,advManager::DemobilizeCurrHero,function-names,probed:16
advManager,0x17680,advManager::DemobilizeCurrHero,dc-name-map,probed:11
advManager,0x17830,advManager::SetTownContext,dc-name-map,probed:15
advManager,0x17b20,advManager::SetHeroContext,dc-name-map,probed:29
advManager,0x183d0,advManager::SetEnvironmentOrigin,dc-name-map,probed:3
advManager,0x18620,advManager::GetSoundId,dc-name-map,probed:1
advManager,0x18c10,advManager::InsertSound,dc-name-map,probed:4
advManager,0x18dd0,advManager::ShowRoute,dc-name-map,probed:13
advManager,0x192b0,advManager::HideRoute,dc-name-map,probed:2
advManager,0x19300,advManager::CheckDimHero,dc-name-map,probed:9
advManager,0x19450,?CheckDimNextHeroBut@advManager@@QAEXXZ,mangled,probed:1
advManager,0x194a0,advManager::SeedTo,dc-name-map,probed:3
advManager,0x19570,advManager::ForceNewHover,dc-name-map,probed:1
advManager,0x1a1e0,advManager::TrimLoopingSounds,dc-name-map,probed:0
advManager,0x1a2e0,advManager::DisableButtons,dc-name-map,probed:1
advManager,0x1a3a0,advManager::EnableButtons,dc-name-map,probed:1
advManager,0x1a460,advManager::FindAdjacentMonster,dc-name-map,probed:1
advManager,0x9e170,advManager::EraseAndFizzle,dc-name-map,probed:5
advManager,0x9f040,advManager::get_treasure_data,dc-name-map,probed:1
advManager,0xa0c20,advManager::get_black_box,dc-name-map,probed:1
advManager,0xa75c0,advManager::get_like_modifier,dc-name-map,probed:2
advManager,0xa76c0,advManager::get_force_modifier,dc-name-map,decompile-failed
advManager,0xa7740,advManager::DoWanderingMonsterResult,dc-name-map,probed:1
advManager,0xa79c0,advManager::DoEventWanderingMonster,dc-name-map,probed:8
advManager,0xa7a40,advManager::DoEventWarSchool,dc-name-map,probed:3
advManager,0xa7c30,advManager::do_event_warrior_tomb,dc-name-map,decompile-failed
advManager,0xa7de0,advManager::do_event_water_wheel,dc-name-map,decompile-failed
advManager,0xa7ea0,advManager::do_event_watering_hole,dc-name-map,probed:1
advManager,0xa7fc0,advManager::do_event_windmill,dc-name-map,decompile-failed
advManager,0xa8080,advManager::do_event_witch_hut,dc-name-map,decompile-failed
advManager,0xa8230,advManager::do_event_lith_one_way,dc-name-map,decompile-failed
advManager,0xa8390,advManager::do_event_lith_two_way,dc-name-map,decompile-failed
advManager,0xa84f0,advManager::do_event_whirlpool,dc-name-map,probed:13
advManager,0xaaa40,advManager::DispatchEvent,dc-name-map,probed:8
advManager,0xaaaa0,advManager::DoEvent,dc-name-map,probed:9
advManager,0xaabb0,advManager::EraseObj,dc-name-map,probed:6
advManager,0xaadf0,advManager::HeroSwap,dc-name-map,decompile-failed
advManager,0xaafd0,advManager::TownEvent,dc-name-map,probed:8
advManager,0xab410,advManager::EventSound,dc-name-map,decompile-failed
advManager,0xacbb0,advManager::FizzleCenter,dc-name-map,probed:2
advManager,0xf39f0,advManager::~advManager,hd-name-map,probed:6
army,0x1f380,?IsIncapacitated@army@@QAEEXZ,mangled,probed:3
army,0x37a00,army::army,hd-name-map,probed:131
army,0x3d250,army::army,hd-name-map,probed:44
army,0x3d400,army::~army,hd-name-map,probed:17
army,0x3d540,army::play_sample,dc-name-map,probed:0
army,0x3d580,army::stop_sample,dc-name-map,probed:0
army,0x3df20,army::SetLuck,dc-name-map,probed:7
army,0x3e000,army::?,hd-name-map,probed:8
army,0x3e140,army::DrawToBuffer,dc-name-map,probed:20
army,0x3ea70,army::add_aura,dc-name-map,probed:10
army,0x3ec50,army::remove_aura,dc-name-map,probed:4
army,0x3ee10,army::remove_binding,dc-name-map,probed:4
army,0x3efe0,army::animate_missile,function-names,probed:6
army,0x3f0b0,army::Walk,dc-name-map,probed:13
army,0x3f2c0,army::animate_missile,dc-name-map,probed:13
army,0x3f900,army::range_attack,hd-name-map,probed:28
army,0x40100,army::GetName,hd-name-map,static
army,0x40160,army::range_attack,hd-name-map,probed:41
army,0x40310,army::do_multi_head_attack,dc-name-map,probed:16
army,0x40500,army::check_special_attack,dc-name-map,probed:5
army,0x409c0,army::do_fire_shield,dc-name-map,probed:9
army,0x40bc0,army::do_post_attack,dc-name-map,probed:11
army,0x41610,army::do_attack,dc-name-map,probed:30
army,0x41cb0,army::do_attack,dc-name-map,probed:43
army,0x41f70,army::check_obstacle_attacks,dc-name-map,probed:3
army,0x41fa0,army::WalkTo,dc-name-map,probed:30
army,0x42410,army::get_average_damage,function-names,probed:15
army,0x42550,army::get_attack_modifier,dc-name-map,probed:12
army,0x42590,army::get_adjusted_defense,dc-name-map,probed:5
army,0x426f0,army::get_average_damage,hd-name-map,probed:6
army,0x42780,army::get_average_damage,hd-name-map,probed:7
army,0x428f0,army::can_shoot,dc-name-map,probed:9
army,0x429f0,army::enemy_is_adjacent,dc-name-map,probed:3
army,0x42a50,army::get_unit_combat_value,dc-name-map,probed:33
army,0x42e60,army::get_total_combat_value,dc-name-map,probed:23
army,0x42fd0,army::get_loss_combat_value,dc-name-map,probed:21
army,0x43080,army::get_total_hit_points,dc-name-map,probed:5
army,0x430d0,army::set_AI_expected_damage,dc-name-map,probed:5
army,0x43130,army::get_fire_shield_strength,dc-name-map,probed:3
army,0x43160,army::ComputeBaseDamage,dc-name-map,probed:12
army,0x43840,army::ComputeAttackerDamageBonuses,dc-name-map,probed:4
army,0x43b90,army::ComputeAttackerDamageReduction,dc-name-map,probed:18
army,0x43d90,army::ComputeDefenderDamageReduction,dc-name-map,probed:7
army,0x43f40,army::adjust_damage,dc-name-map,probed:10
army,0x44090,army::Damage,dc-name-map,probed:29
army,0x444d0,army::CancelSpellType,dc-name-map,probed:25
army,0x44510,army::CancelIndividualSpell,dc-name-map,probed:31
army,0x448f0,army::SetSpellInfluence,dc-name-map,probed:63
army,0x45490,army::get_berserk_targets,dc-name-map,probed:10
army,0x456d0,army::GoBerserk,dc-name-map,probed:11
army,0x45840,army::get_attack_direction,dc-name-map,probed:2
army,0x458b0,army::get_attack_direction,dc-name-map,probed:2
army,0x45950,army::simple_move,dc-name-map,probed:20
army,0x45a60,army::attack_hex,dc-name-map,probed:20
army,0x45cd0,army::move_to,dc-name-map,probed:1
army,0x45d30,army::AttackWall,dc-name-map,probed:3
army,0x46660,army::PlayAnimation,function-names,probed:3
army,0x466c0,army::is_adjacent,hd-name-map,probed:3
army,0x46720,army::Turn,dc-name-map,probed:6
army,0x46830,army::SetupAnimation,dc-name-map,probed:21
army,0x46940,army::PlayAnimation,dc-name-map,probed:20
army,0x46c40,army::CanFit,dc-name-map,probed:4
army,0x46e30,army::new_turn,dc-name-map,probed:35
army,0x47120,army::ResetRound,dc-name-map,probed:37
army,0x47330,army::get_resurrection_size,dc-name-map,probed:2
army,0x473d0,army::can_cast_resurrect,dc-name-map,probed:5
army,0x47510,army::FaerieDragonSpell,hd-name-map,probed:6
army,0x476c0,army::can_cast_spell,dc-name-map,probed:6
army,0x47eb0,army::get_valid_caliph_spells,dc-name-map,probed:0
army,0x48260,army::cast_spell,dc-name-map,probed:17
army,0x487f0,army::get_mirror_effect,hd-name-map,probed:3
army,0x48ab0,army::get_multi_head_directions,dc-name-map,probed:3
army,0x48bd0,army::get_AI_target_time,dc-name-map,probed:10
army,0x48cd0,army::GetSpeed,dc-name-map,probed:3
army,0x6a4a0,army::WaitSample,hd-name-map,probed:0
army,0x6a570,army::check_obstacle_attacks,hd-name-map,probed:0
army,0xb4420,army::ValidFlight,function-names,decompile-failed
army,0xb46c0,army::ValidFlight,hd-name-map,probed:9
army,0x1239d0,?FindPath@army@@QAEHHHEE@Z,mangled,probed:10
army,0x123a70,?ValidPath@army@@QAEEHE@Z,mangled,probed:11
army,0x123b20,?GetAttackMask@army@@QAEIHHH@Z,mangled,probed:4
army,0x123bb0,?ValidAttack@army@@QAEHHHHHPAH@Z,mangled,probed:4
army,0x123d90,?GetAdjacentCellIndex@army@@QAEHHH@Z,mangled,probed:1
army,0x123df0,?get_adjacent_hex@army@@QAEJJJ@Z,mangled,probed:2
army,0x123ec0,army::FindPath,function-names,probed:0
army,0x123f60,army::ValidPath,function-names,decompile-failed
army,0x199ec0,army::WaitSample,hd-name-map,decompile-failed
armyGroup,0x496a0,?HasCreatures@armyGroup@@QAEEXZ,mangled,probed:1
armyGroup,0x49e90,armyGroup::SplitArmy,dc-name-map,probed:1
armyGroup,0x4aa00,?save@armyGroup@@QAEHPAVTAbstractFile@@@Z,mangled,probed:0
armyGroup,0x4aa40,?load@armyGroup@@QAEHPAVTAbstractFile@@@Z,mangled,probed:0
armyGroup,0x4aa80,??0armyGroup@@QAE@XZ,mangled,probed:2
armyGroup,0x4aaa0,??0armyGroup@@QAE@W4TCreatureType@@H@Z,mangled,probed:2
armyGroup,0x4ab00,?Initialize@armyGroup@@QAEXXZ,mangled,probed:2
armyGroup,0x4ab20,?HasAllUndead@armyGroup@@QAEEXZ,mangled,probed:1
armyGroup,0x4ab60,?Dismiss@armyGroup@@QAEXH@Z,mangled,probed:0
armyGroup,0x4ab80,?IsMember@armyGroup@@QAEEW4TCreatureType@@@Z,mangled,probed:1
armyGroup,0x4abb0,?GetAlignments@armyGroup@@QAEHPAE@Z,mangled,probed:1
armyGroup,0x4ac50,?CanJoin@armyGroup@@QAEHH@Z,mangled,probed:1
armyGroup,0x4ac80,?get_AI_value@armyGroup@@QAEJXZ,mangled,probed:2
armyGroup,0x4acc0,?GetNumArmies@armyGroup@@QAEHXZ,mangled,probed:1
armyGroup,0x4ace0,?Add@armyGroup@@QAEHHHH@Z,mangled,probed:1
armyGroup,0x4ad60,?Swap@armyGroup@@QAEXHPAV1@H@Z,mangled,probed:0
armyGroup,0x4ada0,armyGroup::get_creature_total,hd-name-map,probed:2
armyGroup,0x4ade0,armyGroup::GetArmySizeName,dc-name-map,probed:0
armyGroup,0x4ae60,armyGroup::?,hd-name-map,probed:1
armyGroup,0x4b100,?GetArmyMorale@armyGroup@@QAEHHPBVhero@@PBVtown@@HEE@Z,mangled,probed:0
armyGroup,0x4b2d0,?GetLuck@armyGroup@@QAEHPBVhero@@PBVtown@@0PBV1@EE@Z,mangled,decompile-failed
armyGroup,0x4b3c0,?GetArmyLuck@armyGroup@@QAEHHPBVhero@@PBVtown@@HE@Z,mangled,probed:0
armyGroup,0x4b620,?Merge@armyGroup@@QAEEPAV1@@Z,mangled,probed:0
armyGroup,0x4b820,?merge_armies@armyGroup@@QAEXPAV1@@Z,mangled,probed:2
armyGroup,0x4b960,armyGroup::result,hd-name-map,probed:0
armyGroup,0x4c1c0,armyGroup::result,hd-name-map,probed:0
armyGroup,0x4c590,?GetNativeTerrain@armyGroup@@QAE?AW4TTerrainType@@XZ,mangled,probed:1
bad_alloc@std,0x20e5da,bad_alloc@std::vslot1,vtable-slot,decompile-failed
bad_alloc@std,0x20e5dd,bad_alloc@std::vslot2,vtable-slot,decompile-failed
bad_alloc@std,0x20e5e1,bad_alloc@std::vslot3,vtable-slot,decompile-failed
bad_alloc@std,0x20e5e4,bad_alloc@std::vslot0,vtable-slot,probed:0
baseManager,0x4d530,??0baseManager@@QAE@XZ,mangled,probed:7
bitmapBackedTextWidget,0x1bc6d0,??1bitmapBackedTextWidget@@UAE@XZ,mangled,probed:8
bitmapBackedTextWidget,0x1bc760,bitmapBackedTextWidget::?,hd-name-map,probed:10
bitmapBackedTextWidget,0x1bc7f0,bitmapBackedTextWidget::vslot4,vtable-slot,probed:12
bitmapBorder,0x501d0,bitmapBorder::SetPlayerPaletteColors,function-names,probed:1
bitmapBorder,0x502d0,bitmapBorder::?,hd-name-map,probed:13
bitmapBorder,0x50360,bitmapBorder::vslot0,vtable-slot,probed:0
bitmapBorder,0x50390,??1bitmapBorder@@UAE@XZ,mangled,probed:5
bitmapBorder,0x503f0,bitmapBorder::vslot3,vtable-slot,probed:6
bitmapBorder,0x50450,bitmapBorder::vslot4,vtable-slot,probed:6
bitmapBorder,0x504a0,bitmapBorder::vslot6,vtable-slot,probed:1
bitmapBorder,0x504b0,bitmapBorder::vslot5,vtable-slot,probed:1
bitmapBorder,0x504c0,?SetImage@bitmapBorder@@QAEXPBD@Z,mangled,probed:1
bitmapBorder,0x50520,?SetPlayerPaletteColors@bitmapBorder@@QAEXH@Z,mangled,decompile-failed
bitmapBorder,0x50550,bitmapBorder::vslot2,vtable-slot,probed:10
bitmapBorder16,0x50690,bitmapBorder16::?,hd-name-map,probed:13
bitmapBorder16,0x50720,bitmapBorder16::vslot0,vtable-slot,probed:0
bitmapBorder16,0x50750,??1bitmapBorder16@@UAE@XZ,mangled,probed:5
bitmapBorder16,0x507b0,bitmapBorder16::vslot4,vtable-slot,probed:6
bitmapBorder16,0x50810,?Draw2@bitmapBorder16@@QAEXXZ,mangled,probed:5
bitmapBorder16,0x50860,bitmapBorder16::vslot2,vtable-slot,probed:10
boat,0xd9160,boat::GetStandSequence,dc-name-map,probed:1
border,0x4df0,border::vslot10,vtable-slot,decompile-failed
border,0x4fee0,border::vslot0,vtable-slot,probed:0
border,0x4ff10,border::?,hd-name-map,probed:16
border,0x4ff50,??1border@@UAE@XZ,mangled,probed:1
border,0x4ff60,border::vslot2,vtable-slot,probed:10
border,0xeab10,border::vslot13,vtable-slot,decompile-failed
border,0x1fe410,border::border,hd-name-map,probed:6
border,0x1fe9d0,border::border,function-names,decompile-failed
button,0x4200,button::set_hotkey,dc-name-map,probed:3
button,0x55ec0,button::vslot0,vtable-slot,probed:0
button,0x55ef0,??0button@@QAE@HHHHHPBDHHEHH@Z,mangled,probed:30
button,0x560f0,??1button@@UAE@XZ,mangled,probed:11
button,0x56190,?Main@button@@UAEHPAVmessage@@@Z,mangled,probed:17
button,0x56860,?Select@button@@QAEHPAVmessage@@@Z,mangled,probed:8
button,0x56940,?Draw@button@@UAEXXZ,mangled,probed:9
button,0x569e0,?SetPlayerPaletteColors@button@@QAEXH@Z,mangled,decompile-failed
button,0xeab20,button::vslot6,vtable-slot,probed:1
button,0xeab30,button::vslot5,vtable-slot,probed:1
coloredBorderFrame,0x50130,coloredBorderFrame::?,hd-name-map,probed:14
coloredBorderFrame,0x501a0,coloredBorderFrame::vslot0,vtable-slot,probed:0
coloredBorderFrame,0x501e0,coloredBorderFrame::vslot4,vtable-slot,probed:7
coloredBorderFrame,0x50240,coloredBorderFrame::vslot2,vtable-slot,probed:11
combatManager,0x1eac0,?get_total_combat_value@combatManager@@QBEJJJJE@Z,mangled,probed:0
combatManager,0x1f140,combatManager::find_move_order,dc-name-map,probed:0
combatManager,0x1f3b0,?get_attack_change@combatManager@@QAEJPBVarmy@@0PBUtype_AI_combat_parameters@@@Z,mangled,probed:0
combatManager,0x1f580,combatManager::move_toward,dc-name-map,probed:1
combatManager,0x1f890,?can_cast_spells@combatManager@@QAEEJE@Z,mangled,probed:0
combatManager,0x22440,?compute_fire_shield_damage@combatManager@@QAEJJPBVarmy@@0J@Z,mangled,decompile-failed
combatManager,0x62760,combatManager::combatManager,dc-name-map,probed:2
combatManager,0x62a20,combatManager::vslot0,vtable-slot,probed:13
combatManager,0x63260,combatManager::vslot1,vtable-slot,probed:2
combatManager,0x647a0,combatManager::GetGridIndex,dc-name-map,decompile-failed
combatManager,0x65830,combatManager::CombatIsOver,dc-name-map,probed:0
combatManager,0x658b0,combatManager::IsWinner,dc-name-map,probed:0
combatManager,0x65970,combatManager::GetTargetWallIndex,dc-name-map,probed:0
combatManager,0x65fe0,?ResetHitByCreature@combatManager@@QAEXXZ,mangled,probed:0
combatManager,0x669b0,combatManager::PlaceObstacle,dc-name-map,probed:0
combatManager,0x66a70,combatManager::PlaceAllObstacles,dc-name-map,probed:0
combatManager,0x66b30,combatManager::RemoveObstacle,dc-name-map,probed:0
combatManager,0x66c50,combatManager::InitializeArchers,dc-name-map,probed:0
combatManager,0x66e00,combatManager::MakeCreaturesVanish,dc-name-map,probed:4
combatManager,0x67130,combatManager::should_lower_door,dc-name-map,probed:0
combatManager,0x671c0,combatManager::LowerDoor,dc-name-map,probed:4
combatManager,0x672e0,combatManager::RaiseDoor,dc-name-map,probed:4
combatManager,0x67460,combatManager::InCastle,dc-name-map,probed:0
combatManager,0x67490,combatManager::LeftOfMoat,dc-name-map,probed:0
combatManager,0x674c0,combatManager::is_adjacent,dc-name-map,probed:0
combatManager,0x67510,combatManager::ShotIsThroughWall,dc-name-map,probed:0
combatManager,0x67600,combatManager::ShotIsNotOptimal,dc-name-map,probed:0
combatManager,0x67840,combatManager::InLineOfSight,dc-name-map,probed:0
combatManager,0x67a00,combatManager::ShootBallisticMissile,dc-name-map,probed:0
combatManager,0x67db0,combatManager::?,hd-name-map,probed:0
combatManager,0x68220,combatManager::ShootMissile,dc-name-map,probed:0
combatManager,0x686b0,combatManager::CombatSystemOptions,dc-name-map,probed:13
combatManager,0x68730,combatManager::RemoveArmyFromGrid,dc-name-map,probed:0
combatManager,0x687c0,combatManager::PlaceArmyInGrid,dc-name-map,probed:0
combatManager,0x68860,combatManager::ViewArmy,dc-name-map,probed:1
combatManager,0x68990,combatManager::PowEffect,dc-name-map,probed:4
combatManager,0x69600,combatManager::enemy_is_adjacent,dc-name-map,probed:0
combatManager,0x69670,combatManager::damage_message,function-names,probed:0
combatManager,0x69a10,combatManager::HexIsBlocked,dc-name-map,probed:0
combatManager,0x69a90,combatManager::damage_message,dc-name-map,probed:0
combatManager,0x69dc0,combatManager::IsInMoat,dc-name-map,probed:0
combatManager,0x6a350,combatManager::CalculateGainedExperience,dc-name-map,probed:0
combatManager,0x740d0,combatManager::vslot2,vtable-slot,probed:4
combatManager,0x74bf0,combatManager::is_computer_action,dc-name-map,probed:0
combatManager,0x763f0,combatManager::is_outside_placement_boundry,dc-name-map,probed:0
combatManager,0x76440,combatManager::valid_wall_target,dc-name-map,probed:0
combatManager,0x76490,combatManager::GetCommand,dc-name-map,probed:0
combatManager,0x769c0,combatManager::RightClick,dc-name-map,probed:1
combatManager,0x76bd0,combatManager::DoCommand,dc-name-map,probed:3
combatManager,0x76fe0,combatManager::show_eagle_eye,dc-name-map,probed:0
combatManager,0x772b0,combatManager::show_looted_artifacts,dc-name-map,decompile-failed
combatManager,0x77470,combatManager::DoVictory,dc-name-map,probed:0
combatManager,0x77a00,combatManager::get_surrender_cost,dc-name-map,probed:0
combatManager,0x7a100,combatManager::AddArmy,dc-name-map,probed:4
combatManager,0x93710,combatManager::ResetLimitCreature,dc-name-map,probed:0
combatManager,0x93780,combatManager::UpdateCombatArea,hd-name-map,probed:0
combatManager,0x93930,combatManager::UpdateGrid,dc-name-map,probed:9
combatManager,0x94390,combatManager::UpdateMouseGrid,hd-name-map,decompile-failed
combatManager,0x94440,combatManager::DrawFrame,dc-name-map,probed:4
combatManager,0x95bf0,combatManager::ComputeMaxExtent,dc-name-map,probed:0
combatManager,0x95f50,combatManager::?,hd-name-map,probed:0
combatManager,0x960d0,combatManager::CycleCombatScreen,dc-name-map,probed:4
combatManager,0xf3940,combatManager::~combatManager,hd-name-map,probed:0
exception,0x217470,??0exception@@QAE@XZ,mangled,probed:3
exception,0x21749d,??0exception@@QAE@ABQBD@Z,mangled,probed:3
exception,0x2174da,??0exception@@QAE@ABV0@@Z,mangled,probed:3
exception,0x217524,??1exception@@UAE@XZ,mangled,probed:3
exe_filebuf,0x8b4e0,exe_filebuf::vslot1,vtable-slot,probed:5
exe_filebuf,0x8b6d0,exe_filebuf::vslot2,vtable-slot,probed:8
exe_filebuf,0x8b880,exe_filebuf::vslot4,vtable-slot,probed:3
exe_filebuf,0x8b8b0,exe_filebuf::vslot5,vtable-slot,probed:7
exe_filebuf,0x8baa0,exe_filebuf::vslot8,vtable-slot,probed:2
exe_filebuf,0x8bb30,exe_filebuf::vslot9,vtable-slot,probed:3
exe_filebuf,0x8bcc0,exe_filebuf::vslot10,vtable-slot,probed:1
exe_filebuf,0x8bd00,exe_filebuf::vslot11,vtable-slot,probed:1
exe_filebuf,0x8bd20,exe_filebuf::vslot0,vtable-slot,probed:0
exe_filebuf,0x8d4b0,exe_filebuf::open,hd-name-map,probed:14
exe_filebuf,0x8d5a0,exe_filebuf::open,hd-name-map,probed:2
exe_filebuf,0x20c4ce,exe_filebuf::open,hd-name-map,static
exe_filebuf,0x221cf3,exe_filebuf::native_handle,hd-name-map,static
exe_scoped_lock,0x20b634,exe_scoped_lock::~exe_scoped_lock,hd-name-map,decompile-failed
exe_streambuf,0x54070,exe_streambuf::vslot4,vtable-slot,decompile-failed
exe_streambuf,0x542f0,exe_streambuf::vslot0,vtable-slot,probed:0
exe_strstreambuf,0x51600,exe_strstreambuf::exe_strstreambuf,hd-name-map,probed:15
exe_strstreambuf,0x1165f0,exe_strstreambuf::exe_strstreambuf,hd-name-map,probed:15
executive,0xb0660,executive::executive,function-names,decompile-failed
executive,0xb0900,executive::executive,hd-name-map,probed:4
executive,0xb0a10,?DoDialog@executive@@QAEHPAVbaseManager@@@Z,mangled,probed:2
executive,0xb0b20,?AddManager@executive@@QAEHPAVbaseManager@@H@Z,mangled,probed:2
executive,0xb0bf0,?RemoveManager@executive@@QAEXPAVbaseManager@@@Z,mangled,probed:2
executive,0xb0c70,?CallManager@executive@@QAEXPAVbaseManager@@@Z,mangled,probed:4
executive,0xb0e40,?MainLoop@executive@@QAEXXZ,mangled,probed:4
font,0xb5070,font::font,hd-name-map,probed:6
font,0xb5110,??1font@@UAE@XZ,mangled,probed:1
font,0xb5180,?SetPalette@font@@QAEXPBVTPalette16@@@Z,mangled,probed:0
font,0xb51a0,?DrawCharacter@font@@QAEXHPAVBitmap16Bit@@HHH@Z,mangled,probed:1
font,0xb5490,?DrawBoundedString@font@@QAEXPBDPAVBitmap16Bit@@HHHHHIH@Z,mangled,probed:4
font,0xb57a0,?GetCharacterWidth@font@@QAEHE@Z,mangled,probed:0
font,0xb57d0,?get_string_width@font@@QAEJPBD@Z,mangled,probed:0
font,0xb5820,?LineLength@font@@QAEHPBDH@Z,mangled,probed:0
font,0xb5920,?LineWidth@font@@QAEHPBD@Z,mangled,probed:0
font,0xb5990,?LongestLineWidth@font@@QAEHPBD@Z,mangled,probed:0
font,0xb5a10,?longest_word_length@font@@QAEHPBD@Z,mangled,probed:0
font,0xb5a80,?LongestWrappedLineWidth@font@@QAEHPBDH@Z,mangled,probed:3
font,0xb5b90,font::FillLinesVector,hd-name-map,decompile-failed
game,0x2b9e0,game::is_human_ally,function-names,probed:0
game,0x2ba30,game::GetTown,function-names,probed:0
game,0x2ed80,?get_cell@game@@QAEPAVNewmapCell@@Utype_point@@@Z,mangled,probed:0
game,0x317d0,game::GetHero,function-names,probed:0
game,0x9d160,game::SetVisibility,dc-name-map,probed:0
game,0x9d3d0,game::ResetVisibility,dc-name-map,probed:0
game,0x9d630,game::clear_event_records,hd-name-map,probed:0
game,0x9d6c0,game::clear_event_records,hd-name-map,probed:0
game,0xa5960,game::GetTeam,hd-name-map,probed:0
game,0xbae70,game::MineTypesOwned,dc-name-map,probed:0
game,0xbaf00,game::SetupPuzzlePieces,dc-name-map,probed:0
game,0xbb160,?GetWorldMapData@game@@QAEPAVNewfullMap@@XZ,mangled,probed:0
game,0xbb170,game::get_new_boat_id,dc-name-map,probed:0
game,0xbb250,game::CreateBoat,dc-name-map,probed:0
game,0xbb400,game::GetStartingHeroId,dc-name-map,probed:0
game,0xbb5e0,game::GetNewHeroId,dc-name-map,probed:0
game,0xbb870,game::GetTownId,dc-name-map,probed:0
game,0xbb900,game::GetGeneratorId,dc-name-map,probed:0
game,0xc61e0,game::ClaimTown,dc-name-map,probed:0
game,0xc66e0,game::ClaimMine,dc-name-map,probed:0
game,0xc67b0,game::ClaimGenerator,dc-name-map,probed:0
game,0xc6960,game::ClaimGarrison,dc-name-map,probed:0
game,0xc6a30,game::ClaimShipyard,dc-name-map,probed:0
game,0xc92c0,game::GetRandomMonster,dc-name-map,probed:0
game,0xc94d0,game::GetRandomArtifactId,dc-name-map,probed:0
game,0xc95a0,game::GetRandomSpell,dc-name-map,probed:0
game,0xc9890,game::InsertObject,dc-name-map,probed:0
game,0xc9990,game::ConvertObject,dc-name-map,probed:0
game,0xc9dd0,game::ProcessRandomObjects,dc-name-map,probed:0
game,0xca040,game::CreateTownHeroes,dc-name-map,probed:0
game,0xca240,game::MakeTerrainVisible,dc-name-map,probed:0
game,0xcdb80,game::get_random_lith,dc-name-map,probed:0
game,0xcddc0,game::get_random_lith_exit,dc-name-map,probed:0
game,0xcddf0,game::get_random_lith,dc-name-map,probed:0
game,0xcde20,game::get_random_whirlpool,dc-name-map,probed:0
game,0xcde40,game::get_underground_gate_exit,dc-name-map,probed:0
game,0xcdf20,game::game,dc-name-map,probed:5
game,0xce5b0,game::~game,dc-name-map,probed:0
game,0xce900,game::GetHeroBoat,dc-name-map,probed:0
game,0xce940,game::IsHuman,dc-name-map,probed:0
game,0xce970,game::IsLocalHuman,dc-name-map,probed:0
game,0xce9b0,game::GetLocalPlayer,dc-name-map,probed:0
game,0xcea20,game::GetLocalPlayerGamePos,dc-name-map,probed:0
game,0xcea70,game::get_puzzle_origin,dc-name-map,probed:0
game,0xceb60,game::GetPlayerName,dc-name-map,probed:0
game,0xcec20,game::GetGamePosFromDPID,dc-name-map,probed:0
game,0xcec50,game::IsLastHuman,dc-name-map,probed:0
game,0xcec90,game::IsMultiplayer,dc-name-map,decompile-failed
game,0x1296d0,game::OnSameTeam,hd-name-map,probed:0
game,0x129710,game::UpgradedCreatureType,hd-name-map,probed:0
generator,0xb8550,generator::generator,dc-name-map,probed:9
generator,0xb85a0,generator::load,dc-name-map,probed:1
generator,0xb86e0,generator::save,dc-name-map,probed:1
generator,0xb87a0,generator::update_bonus,dc-name-map,probed:2
generator,0xb8860,generator::Initialize,dc-name-map,probed:6
generator,0xb8a60,generator::Grow,dc-name-map,probed:2
hero,0x6480,hero::hero,hd-name-map,probed:76
hero,0x5fc90,hero::~hero,hd-name-map,probed:3
hero,0xd7890,hero::hire,dc-name-map,probed:7
hero,0xd7900,hero::PlaceInMap,dc-name-map,probed:12
hero,0xd7a20,hero::load,dc-name-map,probed:52
hero,0xd80c0,hero::save,dc-name-map,probed:50
hero,0xd85f0,hero::hero,dc-name-map,probed:24
hero,0xd9070,hero::get_equipped_artifacts,dc-name-map,probed:1
hero,0xd90c0,hero::get_number_in_backpack,dc-name-map,probed:2
hero,0xd9110,hero::GetStandSequence,dc-name-map,probed:1
hero,0xd91b0,?HasArtifact@hero@@QAEEH@Z,mangled,probed:2
hero,0xd91f0,hero::IsWieldingArtifact,dc-name-map,probed:2
hero,0xd9330,hero::get_number_in_backpack,function-names,probed:0
hero,0xd9ec0,hero::Deallocate,dc-name-map,probed:21
hero,0xda3a0,hero::GetExperience,dc-name-map,probed:0
hero,0xda420,hero::GetExperienceIncrement,dc-name-map,probed:0
hero,0xdc320,hero::result,hd-name-map,probed:5
hero,0xdcac0,hero::result,hd-name-map,probed:5
hero,0xe2210,hero::in_enum_range,hd-name-map,probed:2
hero,0xe2250,hero::in_enum_range,hd-name-map,probed:2
hero,0xe22d0,hero::in_enum_range,hd-name-map,probed:1
hero,0xe2340,?CreatureTypeCount@hero@@QAEHH@Z,mangled,probed:2
hero,0xe2370,hero::in_enum_range,hd-name-map,probed:1
hero,0xe23a0,?GetNthSS@hero@@QAEHH@Z,mangled,probed:0
hero,0xe23d0,hero::TransferArtifacts,dc-name-map,probed:3
hero,0xe2550,hero::in_enum_range,hd-name-map,probed:2
hero,0xe2840,hero::in_enum_range,hd-name-map,probed:4
hero,0xe2a00,hero::in_enum_range,hd-name-map,probed:4
hero,0xe2bd0,hero::remove_artifact,dc-name-map,probed:1
hero,0xe2d50,hero::remove_backpack_artifact,dc-name-map,probed:2
hero,0xe2dd0,hero::remove_artifact,dc-name-map,probed:3
hero,0xe2ed0,hero::result,hd-name-map,probed:1
hero,0xe2f90,hero::add_to_backpack,dc-name-map,probed:3
hero,0xe3070,hero::GiveArtifact,dc-name-map,probed:6
hero,0xe33b0,hero::GiveExperience,dc-name-map,probed:3
hero,0xe3600,hero::GiveResource,dc-name-map,probed:1
hero,0xe36c0,hero::GetLuck,dc-name-map,probed:8
hero,0xe39b0,hero::GetMorale,dc-name-map,probed:8
hero,0xe3c60,hero::GetNecromancyCreature,hd-name-map,probed:3
hero,0xe3cd0,hero::GetNecromancyFactor,dc-name-map,probed:6
hero,0xe3f40,hero::GetNecromancyFactor,function-names,probed:4
hero,0xe4070,hero::GetVisibility,dc-name-map,probed:4
hero,0xe4160,hero::GetArcheryFactor,dc-name-map,probed:5
hero,0xe42b0,hero::GetOffenseFactor,dc-name-map,probed:3
hero,0xe4310,hero::GetDefenseFactor,dc-name-map,probed:3
hero,0xe4390,hero::GetEstatesBonus,dc-name-map,probed:2
hero,0xe4420,hero::GetEagleEyeChance,dc-name-map,probed:5
hero,0xe4580,hero::GetDefenseFactor,function-names,probed:5
hero,0xe46e0,hero::GetMagicResistanceFactor,dc-name-map,probed:5
hero,0xe4840,hero::GetExperienceBonusFactor,dc-name-map,probed:3
hero,0xe48b0,hero::GetIntelligenceFactor,dc-name-map,probed:3
hero,0xe4920,hero::GetFirstAidFactor,dc-name-map,probed:3
hero,0xe4990,hero::GetMobility,dc-name-map,probed:8
hero,0xe4d90,hero::GetMobility,dc-name-map,probed:7
hero,0xe4db0,hero::GetSpellDurationBonus,dc-name-map,probed:2
hero,0xe4ec0,hero::GetGroundModifier,hd-name-map,probed:3
hero,0xe4fa0,hero::get_special_terrain,dc-name-map,probed:3
hero,0xe5080,hero::get_spell_level,dc-name-map,probed:6
hero,0xe5100,hero::GetSpellSchoolLevel,dc-name-map,probed:4
hero,0xe51c0,hero::GetHighestSchool,dc-name-map,probed:4
hero,0xe5240,hero::GetManaCost,dc-name-map,probed:6
hero,0xe5330,hero::GetMobilityFrame,dc-name-map,probed:1
hero,0xe5380,hero::GetManaFrame,dc-name-map,probed:1
hero,0xe53c0,hero::VisitedArena,dc-name-map,probed:1
hero,0xe53e0,hero::SetVisitedArena,dc-name-map,probed:1
hero,0xe5400,hero::get_combat_value_modifier,dc-name-map,probed:2
hero,0xe54a0,hero::find_summonable_boat,dc-name-map,probed:3
hero,0xe5550,hero::can_summon_boat,dc-name-map,probed:10
hero,0xe56b0,hero::get_player,dc-name-map,probed:1
hero,0xe56e0,hero::is_in_patrol_radius,dc-name-map,probed:4
hero,0xe5760,hero::modify_spell_damage,dc-name-map,probed:4
hero,0xe5960,hero::get_primary_skill_total,dc-name-map,probed:0
hero,0xe59a0,hero::Fly,dc-name-map,probed:6
hero,0xe5aa0,hero::get_combat_speed_bonus,dc-name-map,probed:3
hero,0xe5b80,hero::get_hit_point_bonus,dc-name-map,probed:2
hero,0xe5de0,hero::GetRoguePower,hd-name-map,probed:1
hero,0xe5e10,hero::IsInIdentifyRange,dc-name-map,probed:5
hero,0xe5f30,hero::IsMobile,dc-name-map,probed:8
hero,0xe5ff0,hero::GetHeroSpellBonus,dc-name-map,probed:2
hero,0xe6120,hero::reset_artifacts,dc-name-map,probed:6
hero,0xe64e0,hero::HasArmy,dc-name-map,probed:1
hero,0xe64f0,hero::GetSpellSchoolLevel,dc-name-map,probed:1
heroWindow,0x1fe9f0,??0heroWindow@@QAE@HHHHI@Z,mangled,probed:19
heroWindow,0x1fea50,heroWindow::vslot0,vtable-slot,probed:0
heroWindow,0x1fea80,??1heroWindow@@UAE@XZ,mangled,probed:5
heroWindow,0x1feae0,?Open@heroWindow@@UAEHHE@Z,mangled,probed:9
heroWindow,0x1fec60,?Close@heroWindow@@UAEXE@Z,mangled,probed:7
heroWindow,0x1fecb0,?AddWidget@heroWindow@@QAEXPAVwidget@@H@Z,mangled,probed:2
heroWindow,0x1fed60,?RemoveWidget@heroWindow@@QAEXPAVwidget@@@Z,mangled,probed:2
heroWindow,0x1fede0,?BroadcastMessage@heroWindow@@QAEHPAVmessage@@@Z,mangled,probed:2
heroWindow,0x1fee40,?BroadcastMessage@heroWindow@@QAEHHHHH@Z,mangled,probed:2
heroWindow,0x1feed0,?WidgetSetStatus@heroWindow@@QAEHHH@Z,mangled,probed:2
heroWindow,0x1fef60,?WidgetClearStatus@heroWindow@@QAEHHH@Z,mangled,probed:2
heroWindow,0x1feff0,?GetWidget@heroWindow@@QAEPAVwidget@@H@Z,mangled,probed:1
heroWindow,0x1ff020,?DrawWindow@heroWindow@@UAEXEHH@Z,mangled,probed:6
heroWindow,0x1ff100,?SaveBackground@heroWindow@@QAEHXZ,mangled,probed:6
heroWindow,0x1ff1c0,?RestoreBackground@heroWindow@@QAEXE@Z,mangled,probed:3
heroWindow,0x1ff240,?CenterWindow@heroWindow@@QAEXHH@Z,mangled,probed:6
heroWindow,0x1ff3b0,?findWidget@heroWindow@@QAEHHH@Z,mangled,probed:4
heroWindow,0x1ff3e0,?findWidgetPtr@heroWindow@@QAEPAVwidget@@HH@Z,mangled,probed:4
heroWindow,0x1ff490,?SetFocus@heroWindow@@QAEXH@Z,mangled,probed:2
heroWindow,0x1ff510,?delete_widgets@heroWindow@@QAEXXZ,mangled,probed:2
heroWindow,0x1ff5b0,?SleepAllWidgets@heroWindow@@QAEXE@Z,mangled,probed:2
heroWindowManager,0x202370,?BroadcastMessage@heroWindowManager@@QAEHHHHH@Z,mangled,probed:1
heroWindowManager,0x2024a0,?RemoveWindow@heroWindowManager@@QAEXPAVheroWindow@@@Z,mangled,probed:4
heroWindowManager,0x202520,?DoDialog@heroWindowManager@@QAEHPAVheroWindow@@P6IHAAVmessage@@@ZH@Z,mangled,probed:3
heroWindowManager,0x2027a0,?DoDialogDraw@heroWindowManager@@QAEHPAVheroWindow@@P6IHAAVmessage@@@Z2H@Z,mangled,probed:3
heroWindowManager,0x202a40,?DoQuickView@heroWindowManager@@QAEXPAVheroWindow@@@Z,mangled,probed:1
heroWindowManager,0x202bd0,heroWindowManager::UpdateScreen,hd-name-map,probed:1
heroWindowManager,0x202c50,?FadeScreen@heroWindowManager@@QAEXHHE@Z,mangled,probed:1
hexcell,0xe7150,??0hexcell@@QAE@XZ,mangled,probed:8
hexcell,0xe7170,?get_army@hexcell@@QAEPAVarmy@@XZ,mangled,probed:2
hexcell,0xe71b0,?get_dead_army@hexcell@@QAEPAVarmy@@H@Z,mangled,probed:0
highScoreManager,0xe90a0,highScoreManager::vslot0,vtable-slot,probed:0
iconWidget,0xea6f0,iconWidget::vslot0,vtable-slot,probed:0
iconWidget,0xea7b0,??1iconWidget@@UAE@XZ,mangled,probed:5
iconWidget,0xea810,iconWidget::vslot2,vtable-slot,probed:14
iconWidget,0xeab40,iconWidget::vslot4,vtable-slot,probed:10
iconWidget,0xeaff0,?SetIconFrame@iconWidget@@QAEXH@Z,mangled,probed:3
iconWidget,0xeb030,?SetSprite@iconWidget@@QAEXPBD@Z,mangled,probed:1
iconWidget,0xeb060,?NextRandomFrame@iconWidget@@QAEXXZ,mangled,probed:4
iconWidget,0xeb250,?NextRandomSiegeEngineFrame@iconWidget@@QAEXXZ,mangled,probed:3
inputManager,0xec460,??0inputManager@@QAE@XZ,mangled,probed:17
inputManager,0xec4d0,?Open@inputManager@@UAEHH@Z,mangled,probed:97
inputManager,0xec540,?Close@inputManager@@UAEXXZ,mangled,probed:4
inputManager,0xec560,?Main@inputManager@@UAEHPAVmessage@@@Z,mangled,decompile-failed
inputManager,0xec570,?Flush@inputManager@@QAEXXZ,mangled,probed:2
inputManager,0xec590,inputManager::result,hd-name-map,probed:4
inputManager,0xec640,inputManager::Flush,function-names,probed:4
inputManager,0xec6f0,?AsciiConvert@inputManager@@QAEXPAVmessage@@@Z,mangled,probed:0
inputManager,0xec8c0,?MakeScanCodeTable@inputManager@@QAEXXZ,mangled,probed:89
inputManager,0xecc00,?ForceMouseMove@inputManager@@QAEXXZ,mangled,probed:3
inputManager,0xeccd0,inputManager::ForceMouseMove,function-names,decompile-failed
istrstream@std,0x516f0,istrstream@std::vslot0,vtable-slot,probed:0
logic_error@std,0x4660,logic_error@std::vslot0,vtable-slot,probed:0
logic_error@std,0x46e0,logic_error@std::vslot2,vtable-slot,probed:4
logic_error@std,0x1bc00,logic_error@std::vslot1,vtable-slot,probed:1
mouseManager,0x10cb50,??0mouseManager@@QAE@XZ,mangled,probed:9
mouseManager,0x10cc80,?Reset@mouseManager@@QAEXXZ,mangled,probed:8
mouseManager,0x10cca0,?SetPointer@mouseManager@@QAEXHW4EPointerSet@1@@Z,mangled,probed:16
mouseManager,0x10cd90,mouseManager::Update,dc-name-map,probed:14
mouseManager,0x10d500,?MouseCoords@mouseManager@@QAEXPAH0@Z,mangled,decompile-failed
mouseManager,0x10d540,?HidePointer@mouseManager@@QAEXXZ,mangled,probed:14
mouseManager,0x10d5b0,?ShowPointer@mouseManager@@QAEX_N@Z,mangled,probed:14
mouseManager,0x10d680,?CheckUpdate@mouseManager@@QAEXXZ,mangled,probed:15
mouseManager,0x10d8b0,mouseManager::LoadFrame,dc-name-map,probed:2
mouseManager,0x10da20,?ShowSystemCursor@mouseManager@@QAEXE@Z,mangled,probed:4
mouseManager,0x10ede0,mouseManager::vslot0,vtable-slot,probed:0
playerData,0xb9df0,playerData::SetName,function-names,probed:5
playerData,0xb9e20,playerData::Init,dc-name-map,probed:28
playerData,0xb9f40,playerData::HasCapitol,dc-name-map,probed:1
playerData,0xb9fc0,playerData::add_garrison_hero,dc-name-map,probed:3
playerData,0xba130,playerData::SetName,dc-name-map,probed:3
playerData,0xba170,playerData::ClearNetInfo,dc-name-map,probed:4
playerData,0xba260,playerData::load,dc-name-map,probed:18
playerData,0xba670,playerData::save,dc-name-map,probed:18
playerData,0xba9e0,playerData::FindHero,dc-name-map,probed:2
playerData,0xbaa10,playerData::FindTown,dc-name-map,probed:1
playerData,0xbaa40,playerData::IsLocalHuman,function-names,probed:3
playerData,0xbab40,playerData::NextTown,dc-name-map,probed:2
playerData,0xbab90,?HasMobileHero@playerData@@QAEEXZ,mangled,decompile-failed
playerData,0xbabd0,playerData::NumOfGivenArtifact,dc-name-map,probed:3
playerData,0xbacb0,playerData::hasGivenArtifact,hd-name-map,probed:3
playerData,0xbad80,playerData::IsLocalHuman,dc-name-map,probed:2
playerData,0xbada0,playerData::IsHuman,dc-name-map,probed:1
playerData,0xbadb0,playerData::GetName,dc-name-map,probed:3
playerData,0xbae50,playerData::guess_grail_location,dc-name-map,probed:1
playerData,0xce570,playerData::~playerData,hd-name-map,probed:3
playerData,0x18f750,playerData::playerData,hd-name-map,probed:29
recruitUnit,0x1503a0,recruitUnit::Update,dc-name-map,probed:12
recruitUnit,0x151350,recruitUnit::?,hd-name-map,probed:21
recruitUnit,0x151460,recruitUnit::?,hd-name-map,probed:21
recruitUnit,0x151560,recruitUnit::recruitUnit,hd-name-map,probed:21
recruitUnit,0x1516b0,recruitUnit::vslot0,vtable-slot,probed:0
recruitUnit,0x151750,recruitUnit::?,function-names,decompile-failed
resource,0x158720,??0resource@@QAE@PBDW4EResourceType@@@Z,mangled,probed:5
resource,0x158770,??_Gresource@@UAEPAXI@Z,mangled,probed:1
resource,0x1587a0,??1resource@@UAE@XZ,mangled,probed:1
sample,0x4140,sample::vslot3,vtable-slot,decompile-failed
sample,0x166da0,??0sample@@QAE@PBDPBXJJJJ@Z,mangled,probed:11
sample,0x166e30,??_Gsample@@UAEPAXI@Z,mangled,probed:0
sample,0x166e60,??1sample@@UAE@XZ,mangled,probed:4
sample,0x167050,sample::?,function-names,decompile-failed
sample,0x167110,sample::~sample,function-names,decompile-failed
sample,0x1693a0,sample::vslot4,vtable-slot,probed:13
sample,0x169740,sample::vslot0,vtable-slot,probed:0
sample,0x175a10,sample::vslot2,vtable-slot,probed:10
searchArray,0x2ecc0,searchArray::get_cell,function-names,probed:1
searchArray,0x2ed30,?get_danger_value@searchArray@@QBEJUtype_point@@@Z,mangled,probed:1
searchArray,0xb1370,??0searchArray@@QAE@XZ,mangled,probed:25
searchArray,0xb13e0,??1searchArray@@QAE@XZ,mangled,probed:11
searchArray,0xb2da0,searchArray::SeedCombatPosition,dc-name-map,probed:5
searchArray,0xb3400,searchArray::FindCombatPath,dc-name-map,probed:5
searchArray,0xb3b90,searchArray::getCellData,hd-name-map,probed:1
searchArray,0xb3f20,?get_travel_time@searchArray@@QAEJPBVarmy@@J@Z,mangled,probed:1
searchArray,0x16a0d0,searchArray::BuildPath,dc-name-map,probed:2
searchArray,0x16b440,searchArray::?,hd-name-map,probed:14
slider,0x196020,slider::vslot0,vtable-slot,probed:0
slider,0x1960d0,slider::?,hd-name-map,probed:20
slider,0x196180,slider::~slider,dc-name-map,probed:6
slider,0x1961e0,slider::vslot14,vtable-slot,probed:6
slider,0x1964e0,slider::vslot2,vtable-slot,probed:17
slider,0x196c40,slider::vslot4,vtable-slot,probed:13
slider,0x1970b0,slider::vslot15,vtable-slot,probed:3
slider,0x1970f0,slider::vslot13,vtable-slot,probed:5
slider,0x197120,slider::vslot10,vtable-slot,probed:1
slider,0x197130,slider::vslot11,vtable-slot,probed:1
slider,0x197140,slider::vslot9,vtable-slot,probed:3
soundManager,0xf9700,soundManager::vslot0,vtable-slot,probed:0
soundManager,0xf9780,soundManager::vslot9,vtable-slot,probed:1
soundManager,0x199760,??0soundManager@@QAE@XZ,mangled,probed:7
soundManager,0x199d90,soundManager::StopAllSamples,dc-name-map,probed:4
soundManager,0x199e80,?StopSample@soundManager@@QAEXPAVds_memsample@@@Z,mangled,probed:1
soundManager,0x199f40,soundManager::ModifySample,dc-name-map,probed:5
soundManager,0x19a0c0,soundManager::AdjustSoundVolumes,dc-name-map,probed:6
soundManager,0x19a1b0,soundManager::AdjustMusicVolumes,dc-name-map,probed:1
soundManager,0x19a1e0,soundManager::SwitchAmbientMusic,dc-name-map,probed:4
soundManager,0x19a210,soundManager::MemorySample,dc-name-map,probed:3
soundManager,0x19a3f0,?MusicPlaying@soundManager@@QAEHXZ,mangled,probed:1
soundManager,0x19a7d0,soundManager::service_sounds,hd-name-map,probed:0
soundManager,0x19ac00,soundManager::ResumeStream,dc-name-map,probed:0
soundManager,0x19acb0,soundManager::StartMP3,dc-name-map,probed:4
soundManager,0x19b010,soundManager::StopMP3,dc-name-map,probed:0
std::D::?$_Mpunct,0x215dfd,?_Init@?$_Mpunct@D@std@@IAEXABV_Locinfo@2@@Z,mangled,probed:8
std::D::?$collate,0x214222,?do_compare@?$collate@D@std@@MBEHPBD000@Z,mangled,decompile-failed
std::D::?$collate,0x214260,?do_transform@?$collate@D@std@@MBE?AV?$basic_string@DU?$char_traits@D@std@@V?$allocator@D@2@@2@PBD0@Z,mangled,decompile-failed
std::D::?$collate,0x21432f,?do_hash@?$collate@D@std@@MBEJPBD0@Z,mangled,decompile-failed
std::D::?$ctype,0x20bc97,?_Init@?$ctype@D@std@@IAEXABV_Locinfo@2@@Z,mangled,probed:4
std::D::?$numpunct,0x20bfed,?_Init@?$numpunct@D@std@@IAEXABV_Locinfo@2@@Z,mangled,probed:5
std::D::DU?$char_traits::?$basic_string,0x215d50,?insert@?$basic_string@DU?$char_traits@D@std@@V?$allocator@D@2@@std@@QAEAAV12@IID@Z,mangled,probed:2
std::G::?$_Mpunct,0x21243f,?_Init@?$_Mpunct@G@std@@IAEXABV_Locinfo@2@@Z,mangled,probed:8
std::G::?$collate,0x20f4cd,?do_compare@?$collate@G@std@@MBEHPBG000@Z,mangled,decompile-failed
std::G::?$collate,0x20f510,?do_transform@?$collate@G@std@@MBE?AV?$basic_string@GU?$char_traits@G@std@@V?$allocator@G@2@@2@PBG0@Z,mangled,decompile-failed
std::G::?$collate,0x20f5e7,?do_hash@?$collate@G@std@@MBEJPBG0@Z,mangled,decompile-failed
std::G::?$ctype,0x20e600,?do_is@?$ctype@G@std@@MBE_NFG@Z,mangled,probed:2
std::G::?$ctype,0x20e627,?do_is@?$ctype@G@std@@MBEPBGPBG0PAF@Z,mangled,probed:2
std::G::?$ctype,0x20e666,?do_scan_is@?$ctype@G@std@@MBEPBGFPBG0@Z,mangled,probed:1
std::G::?$ctype,0x20e692,?do_scan_not@?$ctype@G@std@@MBEPBGFPBG0@Z,mangled,probed:1
std::G::?$ctype,0x20e77a,?do_widen@?$ctype@G@std@@MBEGD@Z,mangled,decompile-failed
std::G::?$ctype,0x20e789,?do_widen@?$ctype@G@std@@MBEPBDPBD0PAG@Z,mangled,decompile-failed
std::G::?$ctype,0x20e7c3,?do_narrow@?$ctype@G@std@@MBEPBGPBG0DPAD@Z,mangled,decompile-failed
std::G::?$ctype,0x2133e7,??0?$ctype@G@std@@QAE@I@Z,mangled,decompile-failed
std::G::?$numpunct,0x210db7,?_Init@?$numpunct@G@std@@IAEXABV_Locinfo@2@@Z,mangled,probed:5
std::G::GU?$char_traits::?$basic_string,0x211cc0,?append@?$basic_string@GU?$char_traits@G@std@@V?$allocator@G@2@@std@@QAEAAV12@IG@Z,mangled,probed:3
std::G::GU?$char_traits::?$basic_string,0x21204a,?assign@?$basic_string@GU?$char_traits@G@std@@V?$allocator@G@2@@std@@QAEAAV12@ABV12@II@Z,mangled,probed:3
std::G::GU?$char_traits::?$basic_string,0x212128,?assign@?$basic_string@GU?$char_traits@G@std@@V?$allocator@G@2@@std@@QAEAAV12@PBGI@Z,mangled,probed:3
std::G::GU?$char_traits::?$basic_string,0x21216a,?assign@?$basic_string@GU?$char_traits@G@std@@V?$allocator@G@2@@std@@QAEAAV12@IG@Z,mangled,probed:3
std::G::GU?$char_traits::?$basic_string,0x2121c2,?insert@?$basic_string@GU?$char_traits@G@std@@V?$allocator@G@2@@std@@QAEAAV12@IIG@Z,mangled,probed:3
std::G::GU?$char_traits::?$basic_string,0x21229c,?erase@?$basic_string@GU?$char_traits@G@std@@V?$allocator@G@2@@std@@QAEAAV12@II@Z,mangled,probed:3
std::G::GU?$char_traits::?$basic_string,0x212334,?_Grow@?$basic_string@GU?$char_traits@G@std@@V?$allocator@G@2@@std@@AAE_NI_N@Z,mangled,probed:3
std::G::GU?$char_traits::?$basic_string,0x2123bd,?_Tidy@?$basic_string@GU?$char_traits@G@std@@V?$allocator@G@2@@std@@AAEX_N@Z,mangled,probed:3
std::G::GU?$char_traits::?$basic_string,0x21252a,?append@?$basic_string@GU?$char_traits@G@std@@V?$allocator@G@2@@std@@QAEAAV12@ABV12@II@Z,mangled,probed:3
std::G::GU?$char_traits::?$basic_string,0x2125bc,?_Copy@?$basic_string@GU?$char_traits@G@std@@V?$allocator@G@2@@std@@AAEXI@Z,mangled,decompile-failed
std::GDH::?$codecvt,0x20e436,?do_in@?$codecvt@GDH@std@@MBEHAAHPBD1AAPBDPAG3AAPAG@Z,mangled,probed:0
std::GDH::?$codecvt,0x20e4b8,?do_out@?$codecvt@GDH@std@@MBEHAAHPBG1AAPBGPAD3AAPAD@Z,mangled,probed:0
std::GDH::?$codecvt,0x20e58b,?do_length@?$codecvt@GDH@std@@MBEHAAHPBG1I@Z,mangled,probed:0
std::_Locinfo,0x20b96a,?_Getname@_Locinfo@std@@QBE?AV?$basic_string@DU?$char_traits@D@std@@V?$allocator@D@2@@2@XZ,mangled,probed:1
std::_Locinfo,0x20bebf,??0_Locinfo@std@@QAE@PBD@Z,mangled,decompile-failed
std::_Locinfo,0x20bf78,??1_Locinfo@std@@QAE@XZ,mangled,decompile-failed
std::_Locinfo,0x20ffd0,?_Gettnames@_Locinfo@std@@QBE?AV_Timevec@2@XZ,mangled,decompile-failed
std::_Locinfo,0x211dc2,?_Getdays@_Locinfo@std@@QBEPBDXZ,mangled,probed:2
std::_Locinfo,0x211e08,?_Getmonths@_Locinfo@std@@QBEPBDXZ,mangled,probed:2
std::_Lockit,0x20b598,??0_Lockit@std@@QAE@XZ,mangled,probed:0
std::_Winit,0x20d114,??0_Winit@std@@QAE@XZ,mangled,decompile-failed
std::ios_base,0x20acc0,?clear@ios_base@std@@QAEXH_N@Z,mangled,decompile-failed
std::ios_base,0x20adea,??1ios_base@std@@UAE@XZ,mangled,decompile-failed
std::ios_base,0x20ae3a,?_Callfns@ios_base@std@@AAEXW4event@12@@Z,mangled,probed:1
std::ios_base,0x20ae5c,?_Addstd@ios_base@std@@IAEXXZ,mangled,probed:1
std::ios_base,0x20aeaa,?_Init@ios_base@std@@IAEXXZ,mangled,probed:6
std::ios_base,0x20aee2,?_Tidy@ios_base@std@@AAEXXZ,mangled,probed:2
std::ios_base::Init,0x20cb8f,??0Init@ios_base@std@@QAE@XZ,mangled,decompile-failed
std::istrstream,0x20af24,??1istrstream@std@@UAE@XZ,mangled,decompile-failed
std::locale,0x20b66a,?_Getfacet@locale@std@@QBEPBVfacet@12@I_N@Z,mangled,probed:1
std::locale,0x20b6c0,?_Iscloc@locale@std@@QBE_NXZ,mangled,probed:1
std::locale,0x20b9a0,?_Addfac@locale@std@@QAEAAV12@PAVfacet@12@II@Z,mangled,decompile-failed
std::locale::_Locimp,0x20b80f,??0_Locimp@locale@std@@AAE@_N@Z,mangled,decompile-failed
std::locale::_Locimp,0x20b89d,??1_Locimp@locale@std@@UAE@XZ,mangled,decompile-failed
std::locale::_Locimp,0x20bcec,??0_Locimp@locale@std@@AAE@ABV012@@Z,mangled,decompile-failed
std::locale::_Locimp,0x20be0c,?_Addfac@_Locimp@locale@std@@AAEXPAVfacet@23@I@Z,mangled,decompile-failed
std::ostrstream,0x20af6a,??1ostrstream@std@@UAE@XZ,mangled,decompile-failed
std::strstreambuf,0x20afb0,??1strstreambuf@std@@UAE@XZ,mangled,decompile-failed
std::strstreambuf,0x20afeb,?freeze@strstreambuf@std@@QAEX_N@Z,mangled,probed:5
std::strstreambuf,0x20b033,?overflow@strstreambuf@std@@MAEHH@Z,mangled,probed:11
std::strstreambuf,0x20b19c,?pbackfail@strstreambuf@std@@MAEHH@Z,mangled,probed:4
std::strstreambuf,0x20b1e5,?underflow@strstreambuf@std@@MAEHXZ,mangled,probed:4
std::strstreambuf,0x20b230,?seekoff@strstreambuf@std@@MAE?AV?$fpos@H@2@JW4seekdir@ios_base@2@H@Z,mangled,probed:6
std::strstreambuf,0x20b36e,?seekpos@strstreambuf@std@@MAE?AV?$fpos@H@2@V32@H@Z,mangled,probed:6
std::strstreambuf,0x20b43a,?_Init@strstreambuf@std@@IAEXHPAD0H@Z,mangled,probed:12
std::strstreambuf,0x20b4ea,?_Tidy@strstreambuf@std@@IAEXXZ,mangled,probed:4
strip,0x1a9d20,??0strip@@QAE@HHHHHJPAVhero@@PAVarmyGroup@@HEPAVheroWindow@@@Z,mangled,probed:10
strip,0x1a9d80,?Draw@strip@@QAEXW4TCreatureType@@@Z,mangled,probed:7
strip,0x1a9db0,?DrawIcons@strip@@QAEXEW4TCreatureType@@@Z,mangled,probed:6
strip,0x1aa060,?DrawOwner@strip@@IAEXH@Z,mangled,probed:4
strip,0x1aa230,?DrawMonster@strip@@IAEXHH@Z,mangled,probed:2
t_abstract_random_generator,0x14faf0,t_abstract_random_generator::vslot0,vtable-slot,probed:0
t_lod_file_adapter,0x1590f0,t_lod_file_adapter::vslot1,vtable-slot,probed:1
t_lod_file_adapter,0x15a7a0,t_lod_file_adapter::vslot0,vtable-slot,probed:0
textButton,0x56a20,textButton::vslot0,vtable-slot,probed:0
textButton,0x56a50,??0textButton@@QAE@HHHHHPBD00HHEHHH@Z,mangled,probed:32
textButton,0x56bf0,??1textButton@@UAE@XZ,mangled,probed:12
textButton,0x56ca0,?Draw@textButton@@UAEXXZ,mangled,probed:9
textEntryWidget,0x1ba8f0,textEntryWidget::vslot0,vtable-slot,probed:0
textEntryWidget,0x1ba920,textEntryWidget::?,hd-name-map,probed:26
textEntryWidget,0x1baae0,??1textEntryWidget@@UAE@XZ,mangled,probed:7
textEntryWidget,0x1bab50,?SetFocus@textEntryWidget@@QAEXE@Z,mangled,probed:8
textEntryWidget,0x1baba0,?GetCharPressed@textEntryWidget@@QAEDPAVmessage@@@Z,mangled,decompile-failed
textEntryWidget,0x1bac50,textEntryWidget::vslot15,vtable-slot,probed:20
textWidget,0x1bc280,textWidget::?,hd-name-map,probed:24
textWidget,0x1bc3b0,??1textWidget@@UAE@XZ,mangled,probed:8
textWidget,0x1bc6a0,textWidget::?,function-names,probed:0
town,0x305a0,town::HasBuilding,function-names,probed:4
town,0xad0e0,town::~town,hd-name-map,probed:3
town,0x1bde80,town::town,dc-name-map,probed:24
town,0x1bdf60,town::initialize_hordes,dc-name-map,decompile-failed
town,0x1bdfe0,town::HasGarrison,dc-name-map,probed:2
town,0x1be030,town::GiveSpells,dc-name-map,probed:8
town,0x1be210,town::View,dc-name-map,probed:0
town,0x1be2d0,town::Deallocate,dc-name-map,probed:2
town,0x1be390,town::remove_garrison_hero,dc-name-map,probed:6
town,0x1be450,town::SwapHeroes,dc-name-map,probed:6
town,0x1bede0,town::BuildBuilding,dc-name-map,probed:16
town,0x1bf210,town::update_shipyard,dc-name-map,probed:8
town,0x1bf3c0,town::buy_building,dc-name-map,probed:19
town,0x1bf4e0,?CanBuildDock@town@@QAEEXZ,mangled,probed:1
town,0x1bf4f0,?CalcNumLevelArchers@town@@QAEXPAH0@Z,mangled,probed:4
town,0x1bf570,town::get_castle_growth_bonus,dc-name-map,probed:2
town,0x1bf600,town::get_gold_income,dc-name-map,probed:5
town,0x1c0d20,town::can_build,dc-name-map,probed:8
town,0x1c0e60,town::can_ever_build,dc-name-map,probed:7
town,0x1c0f20,town::get_buildable_mask,dc-name-map,probed:7
town,0x1c1080,town::get_build_cost_array,dc-name-map,probed:1
town,0x1c10f0,town::get_build_cost,dc-name-map,probed:1
town,0x1c1180,town::get_build_cost,dc-name-map,probed:1
town,0x1c1230,town::get_horde_effect,dc-name-map,probed:1
town,0x1c1280,town::get_silo_income,dc-name-map,probed:1
town,0x1c12a0,town::is_legal_building,dc-name-map,probed:2
town,0x1c1460,town::get_army,hd-name-map,probed:1
town,0x1c14a0,town::UpgradedDwellingID,dc-name-map,probed:0
type_AI_attack_hex_chooser,0x360c0,??0type_AI_attack_hex_chooser@@QAE@PBVarmy@@0PBJPAVsearchArray@@PBUtype_AI_combat_parameters@@@Z,mangled,probed:11
type_AI_attack_hex_chooser,0x36180,?get_hex_attack_value@type_AI_attack_hex_chooser@@QAEJJPAJ@Z,mangled,probed:2
type_AI_attack_hex_chooser,0x36300,type_AI_attack_hex_chooser::check_adjacent_hexes,dc-name-map,probed:11
type_AI_attack_hex_chooser,0x36840,?find_attack_hex@type_AI_attack_hex_chooser@@QAEEXZ,mangled,probed:11
type_AI_combat_data,0x23ee0,type_AI_combat_data::type_AI_combat_data,function-names,probed:12
type_AI_combat_data,0x24790,?check_wall_archery_penalty@type_AI_combat_data@@QAEXPBVtown@@@Z,mangled,probed:3
type_AI_combat_data,0x24880,?adjust_army@type_AI_combat_data@@QAEXE@Z,mangled,probed:5
type_AI_combat_data,0x24960,?get_fastest_speed@type_AI_combat_data@@QBEJXZ,mangled,probed:2
type_AI_combat_data,0x249d0,?get_next_chain_lightning_target@type_AI_combat_data@@QBEJJABV1@JJ@Z,mangled,probed:1
type_AI_combat_data,0x24bf0,?get_area_value@type_AI_combat_data@@QBEXAAUtype_spell_choice@@ABV1@JJ@Z,mangled,probed:1
type_AI_combat_data,0x24d20,?get_damage_spell_value@type_AI_combat_data@@QBEXAAUtype_spell_choice@@ABV1@@Z,mangled,probed:1
type_AI_combat_data,0x24fb0,?cast_chain_lightning@type_AI_combat_data@@QBEXAAUtype_spell_choice@@AAV1@J@Z,mangled,probed:1
type_AI_combat_data,0x25100,?cast_area_effect@type_AI_combat_data@@QBEXAAUtype_spell_choice@@AAV1@JJ@Z,mangled,probed:1
type_AI_combat_data,0x25260,?cast_damage_spell@type_AI_combat_data@@QBEXAAUtype_spell_choice@@AAV1@@Z,mangled,probed:1
type_AI_combat_data,0x253e0,?get_mass_damage_value@type_AI_combat_data@@QBEJAAUtype_spell_choice@@PBVhero@@@Z,mangled,probed:3
type_AI_combat_data,0x25510,?get_enchantment_value@type_AI_combat_data@@QAEXAAUtype_spell_choice@@AAV1@@Z,mangled,probed:3
type_AI_combat_data,0x258a0,?cast_enchantment@type_AI_combat_data@@QAEXAAUtype_spell_choice@@PBVhero@@E@Z,mangled,probed:3
type_AI_combat_data,0x25b10,?cast_enchantment@type_AI_combat_data@@QAEXAAUtype_spell_choice@@AAV1@@Z,mangled,probed:3
type_AI_combat_data,0x25bd0,type_AI_combat_data::cast_spell,function-names,probed:8
type_AI_combat_data,0x26170,?inflict_melee_damage@type_AI_combat_data@@QAEJJJJ@Z,mangled,probed:2
type_AI_combat_data,0x262b0,?kill@type_AI_combat_data@@QAEXXZ,mangled,probed:3
type_AI_combat_data,0x26300,?inflict_damage@type_AI_combat_data@@QAEXJJ@Z,mangled,probed:3
type_AI_combat_data,0x26390,?get_attack@type_AI_combat_data@@QBEJW4type_speed_catagory@@E@Z,mangled,probed:2
type_AI_combat_data,0x26450,?get_final_melee_value@type_AI_combat_data@@QBEJXZ,mangled,probed:2
type_AI_combat_data,0x264d0,?do_general_melee@type_AI_combat_data@@QAEXAAV1@@Z,mangled,probed:3
type_AI_combat_data,0x267c0,type_AI_combat_data::choose_melee,function-names,probed:13
type_AI_combat_data,0x26bc0,?simulate_combat@type_AI_combat_data@@QAEXAAV1@@Z,mangled,probed:12
type_AI_combat_data,0x26ee0,type_AI_combat_data::do_aftermath,function-names,probed:6
type_AI_combat_data,0x276c0,type_AI_combat_data::type_AI_combat_data,function-names,probed:4
type_AI_combat_data,0x27750,?get_total@type_AI_combat_data@@QBEJXZ,mangled,probed:2
type_AI_combat_parameters,0x359b0,?simulate_attack@type_AI_combat_parameters@@QAEXPBVarmy@@PAJ01EJ@Z,mangled,probed:1
type_AI_combat_parameters,0x35b90,?get_simple_attack_effect@type_AI_combat_parameters@@QAEJPBVarmy@@J0JEJ@Z,mangled,probed:5
type_AI_combat_parameters,0x35c70,?get_simple_attack_effect@type_AI_combat_parameters@@QAEJPBVarmy@@0EJ@Z,mangled,probed:4
type_AI_combat_parameters,0x35cb0,?get_ranged_attack_value@type_AI_combat_parameters@@QAEJPBVarmy@@0@Z,mangled,probed:5
type_AI_combat_parameters,0x35dc0,?get_exchange_effect@type_AI_combat_parameters@@QAEJPBVarmy@@0J@Z,mangled,probed:5
type_AI_combat_parameters,0x35ec0,type_AI_combat_parameters::type_AI_combat_parameters,dc-name-map,probed:11
type_AI_player,0x28710,type_AI_player::get_attack_bonus,function-names,static
type_AI_player,0x28740,type_AI_player::calculate_demand,dc-name-map,probed:3
type_AI_player,0x28dd0,type_AI_player::end_turn,dc-name-map,probed:4
type_AI_player,0x29110,type_AI_player::make_gift,dc-name-map,probed:1
type_AI_player,0x29910,type_AI_player::start_turn,dc-name-map,decompile-failed
type_AI_player,0x29ab0,?reset_magus_hut_value@type_AI_player@@QAEXXZ,mangled,probed:2
type_AI_player,0x2a150,type_AI_player::get_total_value,function-names,probed:1
type_AI_spellcaster,0x369c0,type_AI_spellcaster::type_AI_spellcaster,hd-name-map,probed:23
type_AI_spellcaster,0x36bf0,??_Gtype_AI_spellcaster@@UAEPAXI@Z,mangled,probed:3
type_AI_spellcaster,0x36c30,??1type_AI_spellcaster@@UAE@XZ,mangled,probed:3
type_AI_spellcaster,0x36c60,?should_attack_now@type_AI_spellcaster@@QAEEPBVarmy@@@Z,mangled,probed:3
type_AI_spellcaster,0x36e30,?get_damage_value@type_AI_spellcaster@@QAEJHJPBVhero@@PBVarmy@@@Z,mangled,probed:6
type_AI_spellcaster,0x36f60,?get_damage_spell_value@type_AI_spellcaster@@QAEJPBVarmy@@Utype_enchant_data@@@Z,mangled,probed:7
type_AI_spellcaster,0x36fb0,?get_mass_damage_effect@type_AI_spellcaster@@QAEJJJ@Z,mangled,probed:2
type_AI_spellcaster,0x37040,type_AI_spellcaster::get_area_effect_value,dc-name-map,probed:9
type_AI_spellcaster,0x37190,type_AI_spellcaster::get_chain_lightning_value,dc-name-map,probed:9
type_AI_spellcaster,0x37800,?get_attack_skill_value@type_AI_spellcaster@@QAEJPBVarmy@@0JJ@Z,mangled,probed:1
type_AI_spellcaster,0x387c0,?get_defense_boost_value@type_AI_spellcaster@@QAEJPBVarmy@@0JN@Z,mangled,probed:4
type_AI_spellcaster,0x38910,?get_defense_skill_value@type_AI_spellcaster@@QAEJPBVarmy@@JJ@Z,mangled,probed:0
type_AI_spellcaster,0x39550,?get_speed_value@type_AI_spellcaster@@QAEJPBVarmy@@JJ@Z,mangled,probed:4
type_AI_spellcaster,0x396b0,?get_haste_value@type_AI_spellcaster@@QAEJPBVarmy@@Utype_enchant_data@@@Z,mangled,probed:4
type_AI_spellcaster,0x396e0,type_AI_spellcaster::get_protection_value,dc-name-map,probed:6
type_AI_spellcaster,0x39a80,type_AI_spellcaster::get_cancel_value,dc-name-map,probed:0
type_AI_spellcaster,0x39bc0,?get_dispel_value@type_AI_spellcaster@@QAEJPBVarmy@@Utype_enchant_data@@@Z,mangled,probed:0
type_AI_spellcaster,0x39c30,?get_cure_value@type_AI_spellcaster@@QAEJPBVarmy@@Utype_enchant_data@@@Z,mangled,probed:3
type_AI_spellcaster,0x39d40,?get_antimagic_value@type_AI_spellcaster@@QAEJPBVarmy@@Utype_enchant_data@@@Z,mangled,probed:6
type_AI_spellcaster,0x39de0,?get_backlash_value@type_AI_spellcaster@@QAEJPBVarmy@@Utype_enchant_data@@@Z,mangled,probed:6
type_AI_spellcaster,0x39e80,type_AI_spellcaster::get_counterstroke_value,dc-name-map,probed:4
type_AI_spellcaster,0x3a110,type_AI_spellcaster::get_fire_shield_value,dc-name-map,probed:4
type_AI_spellcaster,0x3a340,?get_traitor_value@type_AI_spellcaster@@QAEJPBVarmy@@0@Z,mangled,probed:4
type_AI_spellcaster,0x3a400,type_AI_spellcaster::get_berserk_value,dc-name-map,probed:1
type_AI_spellcaster,0x3a500,?get_hypnotize_value@type_AI_spellcaster@@QAEJPBVarmy@@Utype_enchant_data@@@Z,mangled,probed:7
type_AI_spellcaster,0x3a670,type_AI_spellcaster::consider_single_enchantment,dc-name-map,probed:4
type_AI_spellcaster,0x3a910,type_AI_spellcaster::consider_enchantment,dc-name-map,probed:2
type_AI_spellcaster,0x3bb20,type_AI_spellcaster::consider_spell,dc-name-map,probed:11
type_AI_spellcaster,0x3bf20,?set_melee_enemies@type_AI_spellcaster@@QAEXXZ,mangled,probed:5
type_AI_spellcaster,0x3c040,type_AI_spellcaster::find_enemy_attacks,dc-name-map,probed:16
type_AI_spellcaster,0x3c800,type_AI_spellcaster::cast_spell,dc-name-map,probed:6
type_angelic_alliance_artifact,0x33130,type_angelic_alliance_artifact::vslot1,vtable-slot,probed:1
type_antiluck_artifact,0x32ba0,type_antiluck_artifact::vslot1,vtable-slot,decompile-failed
type_antimagic_artifact,0x32a50,type_antimagic_artifact::vslot1,vtable-slot,probed:1
type_antimorale_artifact,0x32b20,type_antimorale_artifact::vslot1,vtable-slot,decompile-failed
type_artifact,0xdb350,type_artifact::get_rollover_text,dc-name-map,probed:1
type_artifact,0xdb3e0,type_artifact::result,hd-name-map,probed:1
type_artifact,0xe66f0,type_artifact::`default constructor closure',dc-name-map,probed:0
type_artifact_effect,0x324d0,type_artifact_effect::vslot0,vtable-slot,probed:1
type_artifact_effect,0x32500,type_artifact_effect::~type_artifact_effect,function-names,probed:1
type_artifact_effect,0x217d9a,type_artifact_effect::vslot1,vtable-slot,decompile-failed
type_artifact_quest,0x16f4a0,type_artifact_quest::vslot0,vtable-slot,probed:0
type_artifact_quest,0x16f5a0,type_artifact_quest::vslot1,vtable-slot,probed:2
type_artifact_quest,0x16f5f0,type_artifact_quest::vslot6,vtable-slot,probed:2
type_artifact_quest,0x16f730,type_artifact_quest::vslot7,vtable-slot,probed:3
type_artifact_quest,0x16f800,type_artifact_quest::vslot2,vtable-slot,probed:2
type_artifact_quest,0x16f860,type_artifact_quest::vslot3,vtable-slot,probed:2
type_artifact_quest,0x16f8a0,type_artifact_quest::vslot4,vtable-slot,probed:6
type_artifact_quest,0x16fbc0,type_artifact_quest::vslot5,vtable-slot,probed:2
type_artifact_quest,0x16fcb0,type_artifact_quest::vslot11,vtable-slot,probed:6
type_artifact_quest,0x16fea0,type_artifact_quest::vslot12,vtable-slot,probed:4
type_artifact_quest,0x1700a0,type_artifact_quest::vslot13,vtable-slot,probed:11
type_artifact_quest,0x1701d0,type_artifact_quest::vslot14,vtable-slot,probed:5
type_be_hero_quest,0x171f00,type_be_hero_quest::vslot2,vtable-slot,probed:1
type_be_hero_quest,0x171f20,type_be_hero_quest::vslot4,vtable-slot,decompile-failed
type_be_hero_quest,0x171fc0,type_be_hero_quest::vslot5,vtable-slot,decompile-failed
type_be_hero_quest,0x172060,type_be_hero_quest::vslot6,vtable-slot,probed:1
type_be_hero_quest,0x172160,type_be_hero_quest::vslot7,vtable-slot,probed:4
type_be_hero_quest,0x172200,type_be_hero_quest::vslot11,vtable-slot,probed:4
type_be_hero_quest,0x172230,type_be_hero_quest::vslot12,vtable-slot,probed:2
type_be_hero_quest,0x172270,type_be_hero_quest::vslot14,vtable-slot,probed:9
type_belong_to_player_quest,0x1724f0,type_belong_to_player_quest::vslot2,vtable-slot,probed:1
type_belong_to_player_quest,0x172510,type_belong_to_player_quest::vslot4,vtable-slot,decompile-failed
type_belong_to_player_quest,0x1725b0,type_belong_to_player_quest::vslot5,vtable-slot,decompile-failed
type_belong_to_player_quest,0x172650,type_belong_to_player_quest::vslot6,vtable-slot,decompile-failed
type_belong_to_player_quest,0x172670,type_belong_to_player_quest::vslot7,vtable-slot,probed:4
type_belong_to_player_quest,0x172820,type_belong_to_player_quest::vslot11,vtable-slot,probed:4
type_belong_to_player_quest,0x172860,type_belong_to_player_quest::vslot13,vtable-slot,probed:9
type_belong_to_player_quest,0x172940,type_belong_to_player_quest::vslot14,vtable-slot,probed:5
type_bottom_view_window,0x50d20,type_bottom_view_window::vslot0,vtable-slot,probed:0
type_bottom_view_window,0x521f0,type_bottom_view_window::type_bottom_view_window,dc-name-map,probed:9
type_combat_artifact,0x32560,type_combat_artifact::vslot1,vtable-slot,probed:1
type_creature_growth_artifact,0x32d70,type_creature_growth_artifact::vslot1,vtable-slot,probed:2
type_creature_quest,0x170370,type_creature_quest::vslot0,vtable-slot,probed:0
type_creature_quest,0x170480,type_creature_quest::vslot1,vtable-slot,probed:3
type_creature_quest,0x1704e0,type_creature_quest::vslot6,vtable-slot,probed:3
type_creature_quest,0x170690,type_creature_quest::vslot7,vtable-slot,probed:3
type_creature_quest,0x170760,type_creature_quest::vslot2,vtable-slot,probed:3
type_creature_quest,0x1707c0,type_creature_quest::vslot3,vtable-slot,probed:3
type_creature_quest,0x170880,type_creature_quest::vslot4,vtable-slot,probed:7
type_creature_quest,0x170b80,type_creature_quest::vslot5,vtable-slot,probed:6
type_creature_quest,0x170e60,type_creature_quest::vslot11,vtable-slot,probed:7
type_creature_quest,0x171070,type_creature_quest::vslot12,vtable-slot,probed:5
type_creature_quest,0x171280,type_creature_quest::vslot13,vtable-slot,probed:12
type_creature_quest,0x1713c0,type_creature_quest::vslot14,vtable-slot,probed:4
type_defeat_hero_quest,0x16e240,type_defeat_hero_quest::vslot6,vtable-slot,probed:1
type_defeat_hero_quest,0x16e340,type_defeat_hero_quest::vslot7,vtable-slot,probed:4
type_defeat_hero_quest,0x16e3e0,type_defeat_hero_quest::vslot2,vtable-slot,probed:1
type_defeat_hero_quest,0x16e410,type_defeat_hero_quest::vslot4,vtable-slot,decompile-failed
type_defeat_hero_quest,0x16e4b0,type_defeat_hero_quest::vslot5,vtable-slot,decompile-failed
type_defeat_hero_quest,0x16e550,type_defeat_hero_quest::vslot9,vtable-slot,probed:2
type_defeat_hero_quest,0x16e580,type_defeat_hero_quest::vslot11,vtable-slot,probed:5
type_defeat_hero_quest,0x16e5f0,type_defeat_hero_quest::vslot13,vtable-slot,probed:11
type_defeat_hero_quest,0x16e6f0,type_defeat_hero_quest::vslot14,vtable-slot,probed:10
type_duration_artifact,0x32860,type_duration_artifact::vslot1,vtable-slot,probed:1
type_elixir_of_life_artifact,0x33520,type_elixir_of_life_artifact::vslot1,vtable-slot,decompile-failed
type_enchant_data,0x36930,?get_mastery_value@type_enchant_data@@QAEJXZ,mangled,probed:2
type_event_record,0x9a5b0,type_event_record::vslot0,vtable-slot,probed:1
type_event_record,0x9a5e0,type_event_record::vslot2,vtable-slot,probed:0
type_event_record,0x9a600,type_event_record::vslot3,vtable-slot,probed:0
type_experience_quest,0x16d3e0,type_experience_quest::vslot6,vtable-slot,probed:1
type_experience_quest,0x16d410,type_experience_quest::vslot7,vtable-slot,probed:4
type_experience_quest,0x16d490,type_experience_quest::vslot2,vtable-slot,probed:1
type_experience_quest,0x16d4b0,type_experience_quest::vslot4,vtable-slot,probed:1
type_experience_quest,0x16d550,type_experience_quest::vslot5,vtable-slot,probed:1
type_experience_quest,0x16d5f0,type_experience_quest::vslot11,vtable-slot,probed:4
type_experience_quest,0x16d630,type_experience_quest::vslot13,vtable-slot,probed:10
type_experience_quest,0x16d720,type_experience_quest::vslot14,vtable-slot,probed:9
type_experience_quest,0x16edf0,type_experience_quest::vslot12,vtable-slot,probed:2
type_experience_quest,0x171530,type_experience_quest::vslot0,vtable-slot,probed:0
type_func_button,0x56a10,type_func_button::int32_t,function-names,probed:0
type_func_button,0x56d30,??0type_func_button@@QAE@JJJJJPBDP6IHPAVmessage@@@ZHH@Z,mangled,probed:16
type_func_button,0x56d80,type_func_button::vslot0,vtable-slot,probed:0
type_func_button,0x56db0,??1type_func_button@@UAE@XZ,mangled,probed:11
type_func_button,0x56e50,?Main@type_func_button@@UAEHPAVmessage@@@Z,mangled,probed:17
type_garrison_purchaser,0x28580,type_garrison_purchaser::vslot2,vtable-slot,probed:1
type_income_artifact,0x32d20,type_income_artifact::vslot1,vtable-slot,probed:2
type_info,0x216e8d,??1type_info@@UAE@XZ,mangled,probed:2
type_knowledge_artifact,0x32610,type_knowledge_artifact::vslot1,vtable-slot,probed:1
type_luck_artifact,0x327f0,type_luck_artifact::vslot1,vtable-slot,decompile-failed
type_might_artifact,0x325a0,type_might_artifact::vslot1,vtable-slot,probed:1
type_monster,0x1332f0,type_monster::vslot3,vtable-slot,probed:7
type_monster_data,0x23c80,?get_enchantment_value@type_monster_data@@QBEJAAUtype_spell_choice@@PBVhero@@1@Z,mangled,probed:1
type_monster_data,0x23d00,?get_resurrection_value@type_monster_data@@QBEJAAUtype_spell_choice@@PBVhero@@@Z,mangled,probed:4
type_monster_data,0x23de0,?get_spell_damage@type_monster_data@@QBEJHPBVhero@@0J@Z,mangled,probed:2
type_monster_data,0x23ea0,?take_damage@type_monster_data@@QAEJJ@Z,mangled,probed:3
type_monster_quest,0x16ea30,type_monster_quest::vslot6,vtable-slot,probed:1
type_monster_quest,0x16eb30,type_monster_quest::vslot7,vtable-slot,probed:4
type_monster_quest,0x16ebd0,type_monster_quest::vslot2,vtable-slot,probed:1
type_monster_quest,0x16ec00,type_monster_quest::vslot4,vtable-slot,probed:1
type_monster_quest,0x16eca0,type_monster_quest::vslot5,vtable-slot,probed:1
type_monster_quest,0x16ed40,type_monster_quest::vslot10,vtable-slot,probed:3
type_monster_quest,0x16ed90,type_monster_quest::vslot11,vtable-slot,probed:5
type_monster_quest,0x16ee20,type_monster_quest::vslot13,vtable-slot,probed:11
type_monster_quest,0x16ef20,type_monster_quest::vslot14,vtable-slot,probed:10
type_morale_artifact,0x32780,type_morale_artifact::vslot1,vtable-slot,decompile-failed
type_movement_artifact,0x326e0,type_movement_artifact::vslot1,vtable-slot,probed:1
type_necromancy_artifact,0x32640,type_necromancy_artifact::vslot1,vtable-slot,probed:1
type_object,0x84620,type_object::vslot2,vtable-slot,decompile-failed
type_object,0x1331f0,type_object::vslot3,vtable-slot,probed:7
type_object,0x133590,type_object::vslot0,vtable-slot,probed:0
type_obscuring_object,0xd7470,type_obscuring_object::type_obscuring_object,dc-name-map,probed:7
type_obscuring_object,0xd7490,type_obscuring_object::get_obscured_town,dc-name-map,probed:4
type_obscuring_object,0xd74d0,type_obscuring_object::initialize,dc-name-map,probed:7
type_obscuring_object,0xd74f0,type_obscuring_object::load,dc-name-map,probed:0
type_obscuring_object,0xd75d0,type_obscuring_object::obscure_cell,dc-name-map,probed:8
type_obscuring_object,0xd76e0,type_obscuring_object::type_obscuring_object,function-names,probed:5
type_obscuring_object,0xd77b0,type_obscuring_object::save,dc-name-map,probed:0
type_obscuring_object,0xe64c0,type_obscuring_object::obscures_town,dc-name-map,probed:1
type_point,0xb1090,type_point::is_valid,function-names,decompile-failed
type_point,0xb1330,type_point::is_valid,hd-name-map,probed:2
type_power_artifact,0x325e0,type_power_artifact::vslot1,vtable-slot,probed:1
type_quest,0x16cbe0,type_quest::vslot0,vtable-slot,probed:0
type_quest,0x16cd00,type_quest::vslot11,vtable-slot,probed:3
type_quest,0x16ce50,type_quest::vslot12,vtable-slot,probed:1
type_quest,0x16cf70,type_quest::vslot13,vtable-slot,probed:8
type_record_claim_mine,0x9aa70,type_record_claim_mine::vslot2,vtable-slot,probed:0
type_record_claim_mine,0x9aaf0,type_record_claim_mine::vslot3,vtable-slot,probed:0
type_record_claim_mine,0x9ab40,type_record_claim_mine::vslot4,vtable-slot,probed:2
type_record_claim_mine,0x9abc0,type_record_claim_mine::vslot5,vtable-slot,probed:2
type_record_claim_mine,0x16e3d0,type_record_claim_mine::vslot1,vtable-slot,decompile-failed
type_record_claim_town,0x9ac20,type_record_claim_town::vslot4,vtable-slot,probed:2
type_record_claim_town,0x9aca0,type_record_claim_town::vslot5,vtable-slot,probed:2
type_record_claim_town,0x16ebc0,type_record_claim_town::vslot1,vtable-slot,decompile-failed
type_record_erase,0x9b180,type_record_erase::vslot1,vtable-slot,decompile-failed
type_record_erase,0x9b190,type_record_erase::vslot2,vtable-slot,probed:0
type_record_erase,0x9b220,type_record_erase::vslot3,vtable-slot,probed:0
type_record_erase,0x9b280,type_record_erase::vslot4,vtable-slot,probed:2
type_record_erase,0x9b370,type_record_erase::vslot5,vtable-slot,probed:4
type_record_hide_boat,0x9acf0,type_record_hide_boat::vslot1,vtable-slot,decompile-failed
type_record_hide_boat,0x9ad00,type_record_hide_boat::vslot2,vtable-slot,probed:5
type_record_hide_boat,0x9adf0,type_record_hide_boat::vslot3,vtable-slot,probed:5
type_record_hide_boat,0x9ae80,type_record_hide_boat::vslot4,vtable-slot,probed:3
type_record_hide_boat,0x9aed0,type_record_hide_boat::vslot5,vtable-slot,probed:3
type_record_hide_hero,0x9b430,type_record_hide_hero::vslot2,vtable-slot,probed:3
type_record_hide_hero,0x9b500,type_record_hide_hero::vslot3,vtable-slot,probed:3
type_record_hide_hero,0x9b570,type_record_hide_hero::vslot4,vtable-slot,probed:5
type_record_hide_hero,0x9b680,type_record_hide_hero::vslot5,vtable-slot,probed:3
type_record_hide_hero,0x1721f0,type_record_hide_hero::vslot1,vtable-slot,decompile-failed
type_record_move_hero,0x9a620,type_record_move_hero::vslot0,vtable-slot,probed:0
type_record_move_hero,0x9a680,type_record_move_hero::vslot1,vtable-slot,decompile-failed
type_record_move_hero,0x9a690,type_record_move_hero::vslot2,vtable-slot,probed:1
type_record_move_hero,0x9a750,type_record_move_hero::vslot3,vtable-slot,probed:1
type_record_move_hero,0x9a7c0,type_record_move_hero::vslot4,vtable-slot,probed:7
type_record_move_hero,0x9a910,type_record_move_hero::vslot5,vtable-slot,probed:4
type_record_player_death,0x9ba30,type_record_player_death::vslot1,vtable-slot,decompile-failed
type_record_player_death,0x9ba40,type_record_player_death::vslot2,vtable-slot,probed:0
type_record_player_death,0x9ba80,type_record_player_death::vslot3,vtable-slot,probed:0
type_record_player_death,0x9bab0,type_record_player_death::vslot4,vtable-slot,probed:1
type_record_show_boat,0x9af30,type_record_show_boat::vslot1,vtable-slot,decompile-failed
type_record_show_boat,0x9af40,type_record_show_boat::vslot2,vtable-slot,probed:5
type_record_show_boat,0x9afa0,type_record_show_boat::vslot3,vtable-slot,probed:5
type_record_show_boat,0x9b040,type_record_show_boat::vslot4,vtable-slot,probed:4
type_record_show_boat,0x9b100,type_record_show_boat::vslot5,vtable-slot,probed:4
type_record_show_hero,0x9b6d0,type_record_show_hero::vslot2,vtable-slot,probed:3
type_record_show_hero,0x9b760,type_record_show_hero::vslot3,vtable-slot,probed:3
type_record_show_hero,0x9b800,type_record_show_hero::vslot4,vtable-slot,probed:6
type_record_show_hero,0x9b960,type_record_show_hero::vslot5,vtable-slot,probed:6
type_record_show_hero,0x172810,type_record_show_hero::vslot1,vtable-slot,decompile-failed
type_record_shroud,0x9bbd0,type_record_shroud::vslot0,vtable-slot,probed:0
type_record_shroud,0x9bc80,type_record_shroud::vslot1,vtable-slot,decompile-failed
type_record_shroud,0x9bc90,type_record_shroud::vslot2,vtable-slot,probed:3
type_record_shroud,0x9bdf0,type_record_shroud::vslot3,vtable-slot,probed:2
type_record_shroud,0x9be60,type_record_shroud::vslot4,vtable-slot,probed:2
type_record_shroud,0x9bf20,type_record_shroud::vslot5,vtable-slot,probed:2
type_record_teleport,0x9a9b0,type_record_teleport::vslot1,vtable-slot,decompile-failed
type_record_teleport,0x9a9c0,type_record_teleport::vslot4,vtable-slot,probed:3
type_resource_quest,0x171560,type_resource_quest::vslot1,vtable-slot,decompile-failed
type_resource_quest,0x171580,type_resource_quest::vslot6,vtable-slot,probed:1
type_resource_quest,0x1716e0,type_resource_quest::vslot7,vtable-slot,probed:3
type_resource_quest,0x1717b0,type_resource_quest::vslot2,vtable-slot,probed:1
type_resource_quest,0x171800,type_resource_quest::vslot3,vtable-slot,probed:1
type_resource_quest,0x171840,type_resource_quest::vslot4,vtable-slot,probed:5
type_resource_quest,0x171ae0,type_resource_quest::vslot5,vtable-slot,probed:1
type_resource_quest,0x171b80,type_resource_quest::vslot11,vtable-slot,probed:3
type_resource_quest,0x171bb0,type_resource_quest::vslot12,vtable-slot,probed:1
type_resource_quest,0x171be0,type_resource_quest::vslot13,vtable-slot,probed:9
type_resource_quest,0x171cc0,type_resource_quest::vslot14,vtable-slot,probed:4
type_school_artifact,0x32890,type_school_artifact::vslot1,vtable-slot,probed:2
type_scouting_artifact,0x32510,type_scouting_artifact::vslot1,vtable-slot,probed:1
type_scouting_artifact,0x33080,type_scouting_artifact::vslot0,vtable-slot,probed:0
type_shooter_bonus_artifact,0x330b0,type_shooter_bonus_artifact::vslot1,vtable-slot,probed:1
type_skill_quest,0x16d960,type_skill_quest::vslot6,vtable-slot,probed:0
type_skill_quest,0x16d990,type_skill_quest::vslot7,vtable-slot,probed:3
type_skill_quest,0x16da70,type_skill_quest::vslot2,vtable-slot,probed:1
type_skill_quest,0x16dad0,type_skill_quest::vslot4,vtable-slot,probed:5
type_skill_quest,0x16dd60,type_skill_quest::vslot5,vtable-slot,probed:1
type_skill_quest,0x16de60,type_skill_quest::vslot11,vtable-slot,probed:3
type_skill_quest,0x16de90,type_skill_quest::vslot12,vtable-slot,probed:1
type_skill_quest,0x16dec0,type_skill_quest::vslot13,vtable-slot,probed:9
type_skill_quest,0x16e0d0,type_skill_quest::vslot14,vtable-slot,probed:5
type_spell_artifact,0x32f90,type_spell_artifact::vslot1,vtable-slot,probed:1
type_spell_choice,0x36950,??0type_spell_choice@@QAE@XZ,mangled,probed:9
type_spell_choice,0x36980,??0type_spell_choice@@QAE@HHJJ@Z,mangled,probed:9
type_spellcaster_artifact,0x32720,type_spellcaster_artifact::vslot1,vtable-slot,probed:1
type_spellvalue,0x126d40,type_spellvalue::type_spellvalue,dc-name-map,probed:9
type_spellvalue,0x1270e0,type_spellvalue::get_damage_spell_value,dc-name-map,probed:2
type_spellvalue,0x1271c0,type_spellvalue::get_mass_damage_spell_value,dc-name-map,probed:3
type_spellvalue,0x127290,type_spellvalue::get_enchantment_value,dc-name-map,probed:4
type_spellvalue,0x1273d0,type_spellvalue::get_raw_spell_value,dc-name-map,probed:7
type_spellvalue,0x1275b0,type_spellvalue::get_best_spell_value,dc-name-map,probed:4
type_statue_of_legion_artifact,0x33580,type_statue_of_legion_artifact::vslot1,vtable-slot,decompile-failed
type_text_scroller,0x1b9fb0,type_text_scroller::?,hd-name-map,probed:27
type_text_scroller,0x1ba2b0,type_text_scroller::vslot0,vtable-slot,probed:0
type_text_scroller,0x1ba2e0,type_text_scroller::vslot1,vtable-slot,probed:7
type_text_scroller,0x1ba3b0,type_text_scroller::~type_text_scroller,hd-name-map,probed:12
type_text_scroller,0x1ba4c0,type_text_scroller::vslot2,vtable-slot,probed:16
type_text_slider,0x17ca50,type_text_slider::vslot0,vtable-slot,probed:0
type_text_slider,0x1b9fa0,type_text_slider::vslot16,vtable-slot,probed:1
type_tome_artifact,0x32c20,type_tome_artifact::vslot1,vtable-slot,decompile-failed
type_town_threat_checker,0x28260,type_town_threat_checker::vslot0,vtable-slot,decompile-failed
type_town_threat_checker,0x28570,type_town_threat_checker::vslot2,vtable-slot,decompile-failed
type_undead_king_cloak_artifact,0x333a0,type_undead_king_cloak_artifact::vslot1,vtable-slot,probed:1
widget,0x1629b0,widget::set_visible,hd-name-map,probed:3
widget,0x1fe340,??0widget@@QAE@FFFFFF@Z,mangled,probed:16
widget,0x1fe3b0,widget::vslot0,vtable-slot,probed:4
widget,0x1fe430,??1widget@@UAE@XZ,mangled,probed:4
widget,0x1fe480,?initialize@widget@@QAEXHHHHHH@Z,mangled,probed:11
widget,0x1fe4d0,?Open@widget@@UAEHHPAVheroWindow@@@Z,mangled,probed:2
widget,0x1fe4f0,?Main@widget@@UAEHPAVmessage@@@Z,mangled,probed:10
widget,0x1fe7c0,?send_message@widget@@QAEHW4ECommands@1@H@Z,mangled,probed:3
widget,0x1fe800,?Dim@widget@@UAEXXZ,mangled,probed:5
widget,0x1fe840,?set_help_text@widget@@QAEXPBD0E@Z,mangled,probed:3
widget,0x1fe930,?process_hover@widget@@UAEXXZ,mangled,probed:1
widget,0x1fe940,?enable@widget@@UAEXE@Z,mangled,probed:3
